COMP_REF_NO,COMP_VOUCHER_DATE,STOCKITEM_NAME,GODOWNS_NAME,BILL_QUANTITY,BILL_RATE,BILL_UOM,BILL_AMOUNT,BILL_NET_AMOUNT,VAT_AMOUNT
SI0001SI#001865,2026-10-02 00:00:00.000,Pova Curve 2,Main Location,1.0000,37740.0000,pcs,37740.0000,37173.9000,.0000
SI0001SI#001863,2026-09-30 00:00:00.000,Spark 50 (6+128),Main Location,1.0000,20754.0000,pcs,20754.0000,20442.6900,.0000
SI0001SI#001864,2026-09-30 00:00:00.000,Go 3 (4+64),Main Location,100.0000,14300.0000,pcs,1430000.0000,1430000.0000,.0000
PI0001PI#000221,2026-09-30 00:00:00.000,Go 3 (4+64),Main Location,580.0000,15640.7400,pcs,9071629.2000,9071629.2000,.0000
PI0001PI#000220,2026-09-29 00:00:00.000,Go 3 (4+64),Main Location,45.0000,15640.7400,pcs,703833.3000,703833.3000,.0000
SI0001SI#001861,2026-09-29 00:00:00.000,Go 3 (4+64),Main Location,2.0000,16030.0000,pcs,32060.0000,31579.1000,.0000
SI0001SI#001862,2026-09-29 00:00:00.000,Camon 50 (8+128),Main Location,10.0000,32195.0000,pcs,321950.0000,321950.0000,.0000
PI0001PI#000219,2026-09-28 00:00:00.000,Spark 50 Pro (6-128),Main Location,5.0000,24838.0000,pcs,124190.0000,124190.0000,.0000
PI0001PI#000218,2026-09-27 00:00:00.000,Go 3 (4+64),Main Location,80.0000,15640.7400,pcs,1251259.2000,1251259.2000,.0000
PI0001PI#000218,2026-09-27 00:00:00.000,Spark 50c (4+128),Main Location,10.0000,22087.7000,pcs,220877.0000,220877.0000,.0000
PI0001PI#000218,2026-09-27 00:00:00.000,Spark 50c (4+64),Main Location,10.0000,20260.3300,pcs,202603.3000,202603.3000,.0000
SI0001SI#001860,2026-09-27 00:00:00.000,Go 3 (4+64),Main Location,100.0000,14300.0000,pcs,1430000.0000,1430000.0000,.0000
SI0001SI#001850,2026-09-24 00:00:00.000,Go 3 (4+64),Main Location,50.0000,15200.0000,pcs,760000.0000,760000.0000,.0000
SI0001SI#001849,2026-09-23 00:00:00.000,Spark 40(8+256),Main Location,1.0000,18880.0000,pcs,18880.0000,18502.4000,.0000
SI0001SI#001849,2026-09-23 00:00:00.000,Spark 40 5G,Main Location,1.0000,16040.0000,pcs,16040.0000,15719.2000,.0000
PI0001PI#000216,2026-09-23 00:00:00.000,Go 3 (4+64),Main Location,44.0000,15640.7400,pcs,688192.5600,688192.5600,.0000
PI0001PI#000216,2026-09-23 00:00:00.000,Camon Slim (8-256),Main Location,3.0000,55211.0000,pcs,165633.0000,165633.0000,.0000
PI0001PI#000217,2026-09-23 00:00:00.000,Go 3 (4+64),Main Location,80.0000,15640.7400,pcs,1251259.2000,1251259.2000,.0000
SI0001SI#001846,2026-09-22 00:00:00.000,Pova Curve 2,Main Location,1.0000,36785.0000,pcs,36785.0000,36785.0000,.0000
SI0001SI#001843,2026-09-21 00:00:00.000,Go 3 (4+64),Main Location,2.0000,16030.0000,pcs,32060.0000,32060.0000,.0000
SI0001SI#001844,2026-09-21 00:00:00.000,Camon 50 (8+128),Main Location,1.0000,33020.0000,pcs,33020.0000,32524.7000,.0000
SI0001SI#001845,2026-09-21 00:00:00.000,Pova Curve 2 (8+128),Main Location,1.0000,34910.0000,pcs,34910.0000,34386.3500,.0000
SI0001SI#001845,2026-09-21 00:00:00.000,Pova Curve 2,Main Location,1.0000,37740.0000,pcs,37740.0000,37173.9000,.0000
SI0001SI#001845,2026-09-21 00:00:00.000,Camon 50 (8+256),Main Location,1.0000,36800.0000,pcs,36800.0000,36248.0000,.0000
PI0001PI#000215,2026-09-21 00:00:00.000,Go 3 (4+64),Main Location,50.0000,15640.7400,pcs,782037.0000,782037.0000,.0000
PI0001PI#000215,2026-09-21 00:00:00.000,Camon 50 (8+128),Main Location,20.0000,32195.0000,pcs,643900.0000,643900.0000,.0000
SI0001SI#001858,2026-09-20 00:00:00.000,Camon Air (8-128),Main Location,1.0000,41413.0000,pcs,41413.0000,41413.0000,.0000
SI0001SI#001858,2026-09-20 00:00:00.000,Camon Air (8-256),Main Location,1.0000,46011.0000,pcs,46011.0000,46011.0000,.0000
SI0001SI#001858,2026-09-20 00:00:00.000,Go 3 (4+128),Main Location,1.0000,15185.0000,pcs,15185.0000,15185.0000,.0000
SI0001SI#001858,2026-09-20 00:00:00.000,Pova Curve 2,Main Location,1.0000,36785.0000,pcs,36785.0000,36785.0000,.0000
SI0001SI#001858,2026-09-20 00:00:00.000,Spark 50c (4+128),Main Location,1.0000,22087.0000,pcs,22087.0000,22087.0000,.0000
SI0001SI#001858,2026-09-20 00:00:00.000,Spark 50c (4+64),Main Location,1.0000,20260.0000,pcs,20260.0000,20260.0000,.0000
SI0001SI#001858,2026-09-20 00:00:00.000,Spark50 Pro (4-128),Main Location,1.0000,23019.0000,pcs,23019.0000,23019.0000,.0000
SI0001SI#001842,2026-09-20 00:00:00.000,Pova Curve 2,Main Location,1.0000,36800.0000,pcs,36800.0000,36248.0000,.0000
SI0001SI#001840,2026-09-18 00:00:00.000,Camon 50 (8+128),Main Location,1.0000,33020.0000,pcs,33020.0000,32524.7000,.0000
SI0001SI#001841,2026-09-18 00:00:00.000,Pova Curve 2,Main Location,5.0000,36785.3400,pcs,183926.7000,183926.7000,.0000
SI0001SI#001847,2026-09-18 00:00:00.000,Go 3 (4+128),Main Location,10.0000,15570.0000,pcs,155700.0000,154143.0000,.0000
SI0001SI#001847,2026-09-18 00:00:00.000,Spark 50c (4+64),Main Location,2.0000,20760.0000,pcs,41520.0000,41104.8000,.0000
SI0001SI#001847,2026-09-18 00:00:00.000,Spark 50c (4+128),Main Location,2.0000,22640.0000,pcs,45280.0000,44827.2000,.0000
SI0001SI#001830,2026-09-17 00:00:00.000,Go 3 (4+128),Main Location,30.0000,15570.0000,pcs,467100.0000,460093.5000,.0000
SI0001SI#001831,2026-09-17 00:00:00.000,Camon 50 (8+128),Main Location,1.0000,33020.0000,pcs,33020.0000,32524.7000,.0000
SI0001SI#001832,2026-09-16 00:00:00.000,Camon 50 (8+256),Main Location,2.0000,35883.0000,pcs,71766.0000,71766.0000,.0000
SI0001SI#001832,2026-09-16 00:00:00.000,Camon 50 (8+128),Main Location,5.0000,32194.0000,pcs,160970.0000,160970.0000,.0000
PI0001PI#000213,2026-09-16 00:00:00.000,Go 3 (4+64),Main Location,22.0000,15640.7400,pcs,344096.2800,344096.2800,.0000
PI0001PI#000214,2026-09-15 00:00:00.000,Spark 50c (4+64),Main Location,5.0000,20260.3300,pcs,101301.6500,101301.6500,.0000
PI0001PI#000214,2026-09-15 00:00:00.000,Spark 50c (4+128),Main Location,5.0000,22087.7000,pcs,110438.5000,110438.5000,.0000
SI0001SI#001833,2026-09-15 00:00:00.000,Camon Slim (8-256),Main Location,1.0000,56600.0000,pcs,56600.0000,56034.0000,.0000
SI0001SI#001853,2026-09-15 00:00:00.000,Camon 50 (8+256),Main Location,30.0000,33000.0000,pcs,990000.0000,990000.0000,.0000
SR0001SR#000030,2026-09-14 00:00:00.000,Camon 50 (8+256),Main Location,6.0000,36800.0000,pcs,220800.0000,220800.0000,.0000
SI0001SI#001834,2026-09-14 00:00:00.000,Camon 50 (8+256),Main Location,1.0000,36800.0000,pcs,36800.0000,36248.0000,.0000
SI0001SI#001835,2026-09-14 00:00:00.000,Go 3 (4+128),Main Location,5.0000,15570.0000,pcs,77850.0000,76682.2500,.0000
PI0001PI#000212,2026-09-14 00:00:00.000,Go 3 (4+64),Main Location,5.0000,15640.7400,pcs,78203.7000,78203.7000,.0000
PI0001PI#000212,2026-09-14 00:00:00.000,Camon Slim (8-256),Main Location,1.0000,55211.0000,pcs,55211.0000,55211.0000,.0000
PI0001PI#000211,2026-09-13 00:00:00.000,Go 3 (4+64),Main Location,250.0000,15640.7400,pcs,3910185.0000,3910185.0000,.0000
SI0001SI#001852,2026-09-13 00:00:00.000,Go 3 (4+64),Main Location,60.0000,15200.0000,pcs,912000.0000,912000.0000,.0000
SI0001SI#001852,2026-09-13 00:00:00.000,Spark 50 (6+128),Main Location,60.0000,20246.0000,pcs,1214760.0000,1214760.0000,.0000
SI0001SI#001837,2026-09-12 00:00:00.000,Spark 50 (6+128),Main Location,20.0000,20754.0000,pcs,415080.0000,406778.4000,.0000
SI0001SI#001838,2026-09-12 00:00:00.000,Spark 50 (6+128),Main Location,2.0000,20754.0000,pcs,41508.0000,40885.3800,.0000
SI0001SI#001838,2026-09-12 00:00:00.000,Go 3 (4+128),Main Location,2.0000,15570.0000,pcs,31140.0000,30672.9000,.0000
SI0001SI#001839,2026-09-12 00:00:00.000,Camon 50 (8+128),Main Location,2.0000,33020.0000,pcs,66040.0000,65049.4000,.0000
SI0001SI#001822,2026-09-11 00:00:00.000,Spark 50 (6+128),Main Location,3.0000,20754.0000,pcs,62262.0000,61328.0700,.0000
SI0001SI#001822,2026-09-11 00:00:00.000,Go 3 (4+128),Main Location,3.0000,15570.0000,pcs,46710.0000,46009.3500,.0000
SI0001SI#001823,2026-09-11 00:00:00.000,Spark 50 (6+128),Main Location,4.0000,20754.0000,pcs,83016.0000,81770.7600,.0000
SI0001SI#001823,2026-09-11 00:00:00.000,Camon 50 (8+256),Main Location,1.0000,36800.0000,pcs,36800.0000,36248.0000,.0000
SI0001SI#001824,2026-09-11 00:00:00.000,Spark 50 (6+128),Main Location,1.0000,20754.0000,pcs,20754.0000,20442.6900,.0000
SI0001SI#001825,2026-09-11 00:00:00.000,Spark 50 (6+128),Main Location,20.0000,20246.0000,pcs,404920.0000,404920.0000,.0000
SI0001SI#001826,2026-09-11 00:00:00.000,Spark 50 (6+128),Main Location,10.0000,20754.0000,pcs,207540.0000,204426.9000,.0000
SI0001SI#001827,2026-09-11 00:00:00.000,Spark 50 (6+128),Main Location,5.0000,20754.0000,pcs,103770.0000,102213.4500,.0000
SI0001SI#001828,2026-09-11 00:00:00.000,Go 3 (4+128),Main Location,5.0000,15570.0000,pcs,77850.0000,76682.2500,.0000
SI0001SI#001851,2026-09-11 00:00:00.000,Go 3 (4+64),Main Location,20.0000,15200.0000,pcs,304000.0000,304000.0000,.0000
SI0001SI#001851,2026-09-11 00:00:00.000,Spark 50 (6+128),Main Location,10.0000,20246.0000,pcs,202460.0000,202460.0000,.0000
SI0001SI#001851,2026-09-11 00:00:00.000,Camon 50 (8+128),Main Location,10.0000,31500.0000,pcs,315000.0000,315000.0000,.0000
SI0001SI#001851,2026-09-11 00:00:00.000,Camon 50 (8+256),Main Location,2.0000,35500.0000,pcs,71000.0000,71000.0000,.0000
SI0001SI#001813,2026-09-10 00:00:00.000,Camon Slim (8-256),Main Location,1.0000,55220.0000,pcs,55220.0000,55220.0000,.0000
SI0001SI#001814,2026-09-10 00:00:00.000,Spark 50 (6+128),Main Location,1.0000,20754.0000,pcs,20754.0000,20442.6900,.0000
SI0001SI#001814,2026-09-10 00:00:00.000,Camon 50 (8+256),Main Location,1.0000,36800.0000,pcs,36800.0000,36248.0000,.0000
SI0001SI#001814,2026-09-10 00:00:00.000,Go 3 (4+128),Main Location,3.0000,15570.0000,pcs,46710.0000,46009.3500,.0000
SI0001SI#001815,2026-09-10 00:00:00.000,Camon 50 (8+256),Main Location,8.0000,36800.0000,pcs,294400.0000,289984.0000,.0000
SI0001SI#001815,2026-09-10 00:00:00.000,Camon 50 (8+128),Main Location,5.0000,33020.0000,pcs,165100.0000,162623.5000,.0000
SI0001SI#001816,2026-09-10 00:00:00.000,Go 3 (4+64),Main Location,25.0000,15640.7400,pcs,391018.5000,391018.5000,.0000
SI0001SI#001817,2026-09-10 00:00:00.000,Spark 50 (6+128),Main Location,20.0000,20246.9800,pcs,404939.6000,404939.6000,.0000
SI0001SI#001818,2026-09-10 00:00:00.000,Spark 50 (6+128),Main Location,3.0000,20754.0000,pcs,62262.0000,61328.0700,.0000
SI0001SI#001819,2026-09-10 00:00:00.000,Spark 50 (6+128),Main Location,3.0000,20754.0000,pcs,62262.0000,61328.0700,.0000
SI0001SI#001820,2026-09-10 00:00:00.000,Camon 50 (8+128),Main Location,2.0000,33020.0000,pcs,66040.0000,65049.4000,.0000
SI0001SI#001820,2026-09-10 00:00:00.000,Pova Curve 2 (8+128),Main Location,1.0000,34910.0000,pcs,34910.0000,34386.3500,.0000
SI0001SI#001820,2026-09-10 00:00:00.000,Spark 50 (6+128),Main Location,3.0000,20754.0000,pcs,62262.0000,61328.0700,.0000
SI0001SI#001820,2026-09-10 00:00:00.000,Go 3 (4+64),Main Location,3.0000,16030.0000,pcs,48090.0000,47368.6500,.0000
SI0001SI#001821,2026-09-10 00:00:00.000,Spark 50 (6+128),Main Location,2.0000,20754.0000,pcs,41508.0000,40885.3800,.0000
SI0001SI#001809,2026-09-09 00:00:00.000,Go 3 (4+128),Main Location,3.0000,15570.0000,pcs,46710.0000,46009.3500,.0000
SI0001SI#001810,2026-09-09 00:00:00.000,Spark 50 (4+128),Main Location,2.0000,17920.0000,pcs,35840.0000,35302.4000,.0000
SI0001SI#001810,2026-09-09 00:00:00.000,Pova Curve 2 (8+128),Main Location,1.0000,34910.0000,pcs,34910.0000,34386.3500,.0000
SI0001SI#001811,2026-09-09 00:00:00.000,Pova Curve 2,Main Location,1.0000,37740.0000,pcs,37740.0000,37173.9000,.0000
SI0001SI#001811,2026-09-09 00:00:00.000,Pova Curve 2 (8+128),Main Location,1.0000,34910.0000,pcs,34910.0000,34386.3500,.0000
SI0001SI#001812,2026-09-09 00:00:00.000,Go 3 (4+128),Main Location,30.0000,15185.0000,pcs,455550.0000,455550.0000,.0000
SI0001SI#001812,2026-09-09 00:00:00.000,Spark 50 (6+128),Main Location,50.0000,20246.0000,pcs,1012300.0000,1012300.0000,.0000
SI0001SI#001802,2026-09-08 00:00:00.000,Spark 50 (4+128),Main Location,20.0000,17492.0000,pcs,349840.0000,349840.0000,.0000
SI0001SI#001803,2026-09-08 00:00:00.000,Spark 40 5G,Main Location,8.0000,15300.0000,pcs,122400.0000,122400.0000,.0000
SI0001SI#001804,2026-09-08 00:00:00.000,Go 3 (4+128),Main Location,3.0000,15570.0000,pcs,46710.0000,46009.3500,.0000
SI0001SI#001805,2026-09-08 00:00:00.000,Spark 50 (4+128),Main Location,3.0000,17920.0000,pcs,53760.0000,52953.6000,.0000
SI0001SI#001806,2026-09-08 00:00:00.000,Spark50 Pro (4-128),Main Location,1.0000,23590.0000,pcs,23590.0000,23236.1500,.0000
SI0001SI#001806,2026-09-08 00:00:00.000,Spark 50 (4+128),Main Location,3.0000,17920.0000,pcs,53760.0000,52953.6000,.0000
SI0001SI#001806,2026-09-08 00:00:00.000,Pova Curve 2 (8+128),Main Location,1.0000,37740.0000,pcs,37740.0000,37173.9000,.0000
SI0001SI#001807,2026-09-08 00:00:00.000,Spark 50 (4+128),Main Location,20.0000,17920.0000,pcs,358400.0000,353024.0000,.0000
SI0001SI#001808,2026-09-08 00:00:00.000,Camon 50 Ultra (12+256),Main Location,1.0000,44350.0000,pcs,44350.0000,43906.5000,.0000
PI0001PI#000210,2026-09-08 00:00:00.000,Pova Curve 2 (8+128),Main Location,10.0000,34038.9800,pcs,340389.8000,340389.8000,.0000
PI0001PI#000210,2026-09-08 00:00:00.000,Camon Slim (8-256),Main Location,1.0000,55211.0000,pcs,55211.0000,55211.0000,.0000
SI0001SI#001801,2026-09-07 00:00:00.000,Camon 50 (8+256),Main Location,5.0000,36800.0000,pcs,184000.0000,182160.0000,.0000
SI0001SI#001801,2026-09-07 00:00:00.000,Camon 50 (8+128),Main Location,15.0000,33020.0000,pcs,495300.0000,490347.0000,.0000
SI0001SI#001801,2026-09-07 00:00:00.000,Camon Air (8-256),Main Location,1.0000,47170.0000,pcs,47170.0000,46698.3000,.0000
SI0001SI#001801,2026-09-07 00:00:00.000,Pova Curve 2,Main Location,8.0000,37740.0000,pcs,301920.0000,298900.8000,.0000
SI0001SI#001801,2026-09-07 00:00:00.000,Spark 50 (6+128),Main Location,10.0000,20754.0000,pcs,207540.0000,205464.6000,.0000
SI0001SI#001801,2026-09-07 00:00:00.000,Spark 50 (4+128),Main Location,5.0000,17920.0000,pcs,89600.0000,88704.0000,.0000
SI0001SI#001801,2026-09-07 00:00:00.000,Go 3 (4+128),Main Location,30.0000,15570.0000,pcs,467100.0000,462429.0000,.0000
SI0001SI#001799,2026-09-05 00:00:00.000,Spark 50 Pro (6-128),Main Location,1.0000,25470.0000,pcs,25470.0000,25087.9500,.0000
SI0001SI#001796,2026-09-04 00:00:00.000,Spark 50 (4+128),Main Location,10.0000,17920.0000,pcs,179200.0000,176512.0000,.0000
SI0001SI#001796,2026-09-04 00:00:00.000,Spark 50 (6+128),Main Location,10.0000,20754.0000,pcs,207540.0000,204426.9000,.0000
SI0001SI#001796,2026-09-04 00:00:00.000,Spark 50 Pro (6-128),Main Location,5.0000,25470.0000,pcs,127350.0000,125439.7500,.0000
SI0001SI#001796,2026-09-04 00:00:00.000,Camon 50 (8+256),Main Location,5.0000,36800.0000,pcs,184000.0000,181240.0000,.0000
SI0001SI#001796,2026-09-04 00:00:00.000,Camon 50 (8+128),Main Location,10.0000,33020.0000,pcs,330200.0000,325247.0000,.0000
SI0001SI#001796,2026-09-04 00:00:00.000,Go 3 (4+64),Main Location,10.0000,16030.0000,pcs,160300.0000,157895.5000,.0000
SI0001SI#001796,2026-09-04 00:00:00.000,Go 3 (4+128),Main Location,10.0000,15570.0000,pcs,155700.0000,153364.5000,.0000
SI0001SI#001797,2026-09-04 00:00:00.000,Spark 50 (4+128),Main Location,1.0000,17920.0000,pcs,17920.0000,17651.2000,.0000
SI0001SI#001798,2026-09-04 00:00:00.000,Spark 50 (4+128),Main Location,2.0000,17920.0000,pcs,35840.0000,35840.0000,.0000
SI0001SI#001798,2026-09-04 00:00:00.000,Spark 50 (6+128),Main Location,1.0000,20754.0000,pcs,20754.0000,20754.0000,.0000
SI0001SI#001798,2026-09-04 00:00:00.000,Go 3 (4+64),Main Location,2.0000,16030.0000,pcs,32060.0000,32060.0000,.0000
SI0001SI#001792,2026-09-03 00:00:00.000,Spark 50 (4+128),Main Location,2.0000,17920.0000,pcs,35840.0000,35481.6000,.0000
SI0001SI#001793,2026-09-03 00:00:00.000,Pova Curve 2,Main Location,1.0000,37740.0000,pcs,37740.0000,37173.9000,.0000
SI0001SI#001793,2026-09-03 00:00:00.000,Go 3 (4+128),Main Location,5.0000,15570.0000,pcs,77850.0000,76682.2500,.0000
SI0001SI#001794,2026-09-03 00:00:00.000,Pova Curve 2 (8+128),Main Location,1.0000,34910.0000,pcs,34910.0000,34386.3500,.0000
SI0001SI#001794,2026-09-03 00:00:00.000,Pova Curve 2,Main Location,1.0000,37740.0000,pcs,37740.0000,37173.9000,.0000
SI0001SI#001795,2026-09-03 00:00:00.000,Go 3 (4+64),Main Location,10.0000,15185.0000,pcs,151850.0000,151850.0000,.0000
SI0001SI#001791,2026-09-02 00:00:00.000,Camon 50 (8+128),Main Location,1.0000,33020.0000,pcs,33020.0000,32491.6800,.0000
SI0001SI#001854,2026-09-01 00:00:00.000,Camon 50 (8+128),Main Location,11.0000,32195.0000,pcs,354145.0000,354145.0000,.0000
SI0001SI#001854,2026-09-01 00:00:00.000,Camon 50 (8+256),Main Location,5.0000,32195.0000,pcs,160975.0000,160975.0000,.0000
SI0001SI#001854,2026-09-01 00:00:00.000,Go 3 (4+128),Main Location,1.0000,15185.0000,pcs,15185.0000,15185.0000,.0000
SI0001SI#001854,2026-09-01 00:00:00.000,Pova Curve 2 (8+128),Main Location,4.0000,34038.0000,pcs,136152.0000,136152.0000,.0000
SI0001SI#001854,2026-09-01 00:00:00.000,Pova Slim,Main Location,1.0000,27594.0000,pcs,27594.0000,27594.0000,.0000
SI0001SI#001854,2026-09-01 00:00:00.000,Spark40 (6+128),Main Location,1.0000,15620.0000,pcs,15620.0000,15620.0000,.0000
SI0001SI#001854,2026-09-01 00:00:00.000,Spark 40(8+256),Main Location,5.0000,18350.0000,pcs,91750.0000,91750.0000,.0000
SI0001SI#001854,2026-09-01 00:00:00.000,Spark 50 (4+128),Main Location,10.0000,17351.0000,pcs,173510.0000,173510.0000,.0000
SI0001SI#001854,2026-09-01 00:00:00.000,Tablet Megapad 4+128,Main Location,1.0000,19315.0000,pcs,19315.0000,19315.0000,.0000
SI0001SI#001854,2026-09-01 00:00:00.000,Spark50 Pro (4-128),Main Location,1.0000,28516.0000,pcs,28516.0000,28516.0000,.0000
SI0001SI#001859,2026-08-31 00:00:00.000,Camon Air (8-128),Main Location,3.0000,42450.0000,pcs,127350.0000,125439.7500,.0000
PI0001PI#000209,2026-08-30 00:00:00.000,Go 3 (4+64),Main Location,90.0000,15640.7400,pcs,1407666.6000,1407666.6000,.0000
SI0001SI#001787,2026-08-29 00:00:00.000,Camon 50 (8+128),Main Location,5.0000,33020.0000,pcs,165100.0000,162623.5000,.0000
SI0001SI#001787,2026-08-29 00:00:00.000,Spark 50 (6+128),Main Location,5.0000,20754.0000,pcs,103770.0000,102213.4500,.0000
SI0001SI#001785,2026-08-28 00:00:00.000,Camon 50 (8+128),Main Location,1.0000,33020.0000,pcs,33020.0000,32689.8000,.0000
SI0001SI#001785,2026-08-28 00:00:00.000,Spark 50 (6+128),Main Location,1.0000,20754.0000,pcs,20754.0000,20546.4600,.0000
SI0001SI#001786,2026-08-28 00:00:00.000,Spark 50 Pro (6-128),Main Location,1.0000,25470.0000,pcs,25470.0000,25087.9500,.0000
SI0001SI#001780,2026-08-27 00:00:00.000,Go 3 (4+64),Main Location,100.0000,14050.0000,pcs,1405000.0000,1405000.0000,.0000
SI0001SI#001781,2026-08-27 00:00:00.000,Go 3 (4+64),Main Location,50.0000,14050.0000,pcs,702500.0000,702500.0000,.0000
SI0001SI#001782,2026-08-27 00:00:00.000,Go 3 (4+128),Main Location,5.0000,15570.0000,pcs,77850.0000,76682.2500,.0000
SI0001SI#001783,2026-08-27 00:00:00.000,Spark 40 5G,Main Location,1.0000,16020.0000,pcs,16020.0000,16020.0000,.0000
SI0001SI#001784,2026-08-27 00:00:00.000,Tablet Megapad 4+128,Main Location,1.0000,19810.0000,pcs,19810.0000,19413.8000,.0000
PI0001PI#000206,2026-08-27 00:00:00.000,Go 3 (4+64),Main Location,91.0000,15640.7500,pcs,1423308.2500,1423308.2500,.0000
PI0001PI#000208,2026-08-27 00:00:00.000,Camon Air (8-128),Main Location,8.0000,41413.0000,pcs,331304.0000,331304.0000,.0000
PI0001PI#000208,2026-08-27 00:00:00.000,Camon Air (8-256),Main Location,2.0000,46011.0000,pcs,92022.0000,92022.0000,.0000
PI0001PI#000205,2026-08-26 00:00:00.000,Spark 50 (6+128),Main Location,100.0000,20247.0000,pcs,2024700.0000,2024700.0000,.0000
SI0001SI#001778,2026-08-26 00:00:00.000,Camon 50 (8+128),Main Location,2.0000,32194.0000,pcs,64388.0000,64388.0000,.0000
SI0001SI#001779,2026-08-26 00:00:00.000,Spark 50 (6+128),Main Location,2.0000,20754.0000,pcs,41508.0000,40885.3800,.0000
SI0001SI#001777,2026-08-25 00:00:00.000,Pova Curve 2,Main Location,1.0000,37740.0000,pcs,37740.0000,37173.9000,.0000
SI0001SI#001777,2026-08-25 00:00:00.000,Pova Curve 2 (8+128),Main Location,1.0000,34910.0000,pcs,34910.0000,34386.3500,.0000
SI0001SI#001775,2026-08-24 00:00:00.000,Camon 50 (8+256),Main Location,1.0000,36800.0000,pcs,36800.0000,36064.0000,.0000
SI0001SI#001776,2026-08-24 00:00:00.000,Camon 50 (8+128),Main Location,1.0000,33020.0000,pcs,33020.0000,32524.7000,.0000
SI0001SI#001776,2026-08-24 00:00:00.000,Spark 50 Pro (6-128),Main Location,1.0000,25470.0000,pcs,25470.0000,25087.9500,.0000
SI0001SI#001776,2026-08-24 00:00:00.000,Pova Curve 2 (8+128),Main Location,1.0000,34910.0000,pcs,34910.0000,34386.3500,.0000
PI0001PI#000204,2026-08-24 00:00:00.000,Spark 50 (4+128),Main Location,100.0000,17491.0000,pcs,1749100.0000,1749100.0000,.0000
PI0001PI#000203,2026-08-23 00:00:00.000,Go 3 (4+64),Main Location,70.0000,15640.7500,pcs,1094852.5000,1094852.5000,.0000
SI0001SI#001771,2026-08-23 00:00:00.000,Go 3 (4+128),Main Location,8.0000,15570.0000,pcs,124560.0000,122636.4000,.0000
SI0001SI#001771,2026-08-23 00:00:00.000,Spark 50 (6+128),Main Location,2.0000,20754.0000,pcs,41508.0000,40885.3800,.0000
SI0001SI#001772,2026-08-23 00:00:00.000,Pova Curve 2,Main Location,1.0000,37740.0000,pcs,37740.0000,36985.2000,.0000
SI0001SI#001773,2026-08-23 00:00:00.000,Camon 50 (8+128),Main Location,3.0000,33020.0000,pcs,99060.0000,97574.1000,.0000
SI0001SI#001773,2026-08-23 00:00:00.000,Camon 50 (8+256),Main Location,1.0000,36800.0000,pcs,36800.0000,36248.0000,.0000
SI0001SI#001773,2026-08-23 00:00:00.000,Pova Curve 2 (8+128),Main Location,1.0000,34190.0000,pcs,34190.0000,33677.1500,.0000
SI0001SI#001773,2026-08-23 00:00:00.000,Go 3 (4+128),Main Location,4.0000,15570.0000,pcs,62280.0000,61345.8000,.0000
SI0001SI#001774,2026-08-23 00:00:00.000,Go 3 (4+64),Main Location,50.0000,14050.0000,pcs,702500.0000,702500.0000,.0000
SI0001SI#001857,2026-08-22 00:00:00.000,Go 3 (4+128),Main Location,40.0000,14600.0000,pcs,584000.0000,584000.0000,.0000
SI0001SI#001768,2026-08-21 00:00:00.000,Spark 50 (6+128),Main Location,5.0000,20754.0000,pcs,103770.0000,101694.6000,.0000
SI0001SI#001769,2026-08-21 00:00:00.000,Spark 50 5G (6+128),Main Location,2.0000,22890.0000,pcs,45780.0000,45093.3000,.0000
PI0001PI#000202,2026-08-20 00:00:00.000,Spark 50 (6+128),Main Location,52.0000,20247.0000,pcs,1052844.0000,1052844.0000,.0000
SI0001SI#001766,2026-08-19 00:00:00.000,Go 3 (4+128),Main Location,3.0000,16030.0000,pcs,48090.0000,47368.6500,.0000
SI0001SI#001766,2026-08-19 00:00:00.000,Spark 50 (6+128),Main Location,2.0000,20754.0000,pcs,41508.0000,40885.3800,.0000
SI0001SI#001766,2026-08-19 00:00:00.000,Spark 50 Pro (6-128),Main Location,2.0000,25470.0000,pcs,50940.0000,50175.9000,.0000
SI0001SI#001766,2026-08-19 00:00:00.000,Camon 50 (8+128),Main Location,2.0000,33020.0000,pcs,66040.0000,65049.4000,.0000
SI0001SI#001766,2026-08-19 00:00:00.000,Camon 50 (8+256),Main Location,1.0000,36800.0000,pcs,36800.0000,36248.0000,.0000
SI0001SI#001767,2026-08-19 00:00:00.000,Go 3 (4+64),Main Location,50.0000,14900.0000,pcs,745000.0000,745000.0000,.0000
SI0001SI#001764,2026-08-18 00:00:00.000,Spark 50 (6+128),Main Location,2.0000,20754.0000,pcs,41508.0000,40885.3800,.0000
SI0001SI#001765,2026-08-18 00:00:00.000,Pova Curve 2,Main Location,1.0000,37740.0000,pcs,37740.0000,37173.9000,.0000
PI0001PI#000201,2026-08-18 00:00:00.000,Spark 50 (6+128),Main Location,50.0000,20247.0000,pcs,1012350.0000,1012350.0000,.0000
PI0001PI#000200,2026-08-17 00:00:00.000,Go 3 (4+64),Main Location,491.0000,15640.7500,pcs,7679608.2500,7679608.2500,.0000
PI0001PI#000200,2026-08-17 00:00:00.000,Camon 50 (8+128),Main Location,80.0000,32195.0000,pcs,2575600.0000,2575600.0000,.0000
SI0001SI#001759,2026-08-17 00:00:00.000,Spark 50 (6+128),Main Location,15.0000,20200.0000,pcs,303000.0000,303000.0000,.0000
SI0001SI#001759,2026-08-17 00:00:00.000,Go 3 (4+128),Main Location,15.0000,15150.0000,pcs,227250.0000,227250.0000,.0000
SI0001SI#001760,2026-08-17 00:00:00.000,Pova Curve 2 (8+128),Main Location,1.0000,34910.0000,pcs,34910.0000,34386.3500,.0000
SI0001SI#001761,2026-08-17 00:00:00.000,Spark 50 (4+128),Main Location,2.0000,16510.0000,pcs,33020.0000,32524.7000,.0000
SI0001SI#001761,2026-08-17 00:00:00.000,Spark 50 (6+128),Main Location,10.0000,20754.0000,pcs,207540.0000,204426.9000,.0000
SI0001SI#001761,2026-08-17 00:00:00.000,Camon 50 Ultra (8+256),Main Location,4.0000,44350.0000,pcs,177400.0000,174739.0000,.0000
SI0001SI#001762,2026-08-17 00:00:00.000,Spark 40 5G,Main Location,1.0000,16040.0000,pcs,16040.0000,16040.0000,.0000
SI0001SI#001754,2026-08-16 00:00:00.000,Go 3 (4+128),Main Location,23.0000,15570.0000,pcs,358110.0000,352738.3500,.0000
SI0001SI#001755,2026-08-16 00:00:00.000,Camon 50 (8+128),Main Location,20.0000,31000.0000,pcs,620000.0000,620000.0000,.0000
SI0001SI#001756,2026-08-16 00:00:00.000,Camon 50 (8+128),Main Location,3.0000,32195.0000,pcs,96585.0000,96585.0000,.0000
SI0001SI#001757,2026-08-16 00:00:00.000,Camon 50 Ultra (8+256),Main Location,1.0000,44350.0000,pcs,44350.0000,43684.7500,.0000
SI0001SI#001758,2026-08-16 00:00:00.000,Spark 40 5G,Main Location,3.0000,16020.0000,pcs,48060.0000,48060.0000,.0000
SI0001SI#001750,2026-08-14 00:00:00.000,Camon 50 (8+128),Main Location,3.0000,33020.0000,pcs,99060.0000,98069.4000,.0000
SI0001SI#001750,2026-08-14 00:00:00.000,Spark 50 (4+128),Main Location,4.0000,16510.0000,pcs,66040.0000,65379.6000,.0000
SI0001SI#001750,2026-08-14 00:00:00.000,Go 3 (4+128),Main Location,2.0000,15570.0000,pcs,31140.0000,30828.6000,.0000
SI0001SI#001751,2026-08-14 00:00:00.000,Go 3 (4+64),Main Location,3.0000,15640.0000,pcs,46920.0000,46920.0000,.0000
SI0001SI#001751,2026-08-14 00:00:00.000,Camon 50 (8+128),Main Location,2.0000,32194.0000,pcs,64388.0000,64388.0000,.0000
SI0001SI#001752,2026-08-14 00:00:00.000,Spark 40(8+256),Main Location,2.0000,18870.0000,pcs,37740.0000,37173.9000,.0000
SI0001SI#001753,2026-08-14 00:00:00.000,Go 3 (4+64),Main Location,5.0000,15640.0000,pcs,78200.0000,78200.0000,.0000
SI0001SI#001753,2026-08-14 00:00:00.000,Spark 40 5G,Main Location,5.0000,15636.0000,pcs,78180.0000,78180.0000,.0000
SI0001SI#001742,2026-08-13 00:00:00.000,Spark 50 (6+128),Main Location,2.0000,20754.0000,pcs,41508.0000,40885.3800,.0000
SI0001SI#001742,2026-08-13 00:00:00.000,Camon 50 (8+128),Main Location,1.0000,33020.0000,pcs,33020.0000,32524.7000,.0000
SI0001SI#001743,2026-08-13 00:00:00.000,Spark 50 (6+128),Main Location,1.0000,20754.0000,pcs,20754.0000,20442.6900,.0000
SI0001SI#001744,2026-08-13 00:00:00.000,Go 3 (4+64),Main Location,4.0000,16030.0000,pcs,64120.0000,63158.2000,.0000
SI0001SI#001744,2026-08-13 00:00:00.000,Spark 40 5G,Main Location,1.0000,16040.0000,pcs,16040.0000,15799.4000,.0000
SI0001SI#001744,2026-08-13 00:00:00.000,Camon 50 (8+128),Main Location,3.0000,33020.0000,pcs,99060.0000,97574.1000,.0000
SI0001SI#001744,2026-08-13 00:00:00.000,Spark 50 Pro (6-128),Main Location,1.0000,25470.0000,pcs,25470.0000,25087.9500,.0000
SI0001SI#001745,2026-08-13 00:00:00.000,Go 3 (4+64),Main Location,2.0000,16020.0000,pcs,32040.0000,31719.6000,.0000
SI0001SI#001746,2026-08-13 00:00:00.000,Spark 40 5G,Main Location,10.0000,15000.0000,pcs,150000.0000,150000.0000,.0000
SI0001SI#001747,2026-08-13 00:00:00.000,Go 3 (4+128),Main Location,10.0000,15570.0000,pcs,155700.0000,153297.0000,.0000
SI0001SI#001747,2026-08-13 00:00:00.000,Spark 50 (4+128),Main Location,5.0000,16510.0000,pcs,82550.0000,81064.1000,.0000
SI0001SI#001737,2026-08-12 00:00:00.000,Go 3 (4+128),Main Location,10.0000,15570.0000,pcs,155700.0000,153364.5000,.0000
SI0001SI#001737,2026-08-12 00:00:00.000,Spark 50 (4+128),Main Location,5.0000,16510.0000,pcs,82550.0000,81311.7500,.0000
SI0001SI#001737,2026-08-12 00:00:00.000,Spark 50 (6+128),Main Location,3.0000,20754.0000,pcs,62262.0000,61328.0700,.0000
SI0001SI#001738,2026-08-12 00:00:00.000,Pova Slim,Main Location,1.0000,28300.0000,pcs,28300.0000,27875.5000,.0000
SI0001SI#001739,2026-08-12 00:00:00.000,Spark 40 5G,Main Location,1.0000,16040.0000,pcs,16040.0000,16040.0000,.0000
SI0001SI#001739,2026-08-12 00:00:00.000,Spark 50 Pro (6-128),Main Location,1.0000,25470.0000,pcs,25470.0000,25470.0000,.0000
SI0001SI#001740,2026-08-12 00:00:00.000,Camon 50 Ultra (8+256),Main Location,1.0000,44350.0000,pcs,44350.0000,43685.5000,.0000
SI0001SI#001741,2026-08-12 00:00:00.000,Go 3 (4+64),Main Location,4.0000,16030.0000,pcs,64120.0000,64120.0000,.0000
SI0001SI#001741,2026-08-12 00:00:00.000,Spark 50 Pro (6-128),Main Location,1.0000,25470.0000,pcs,25470.0000,25470.0000,.0000
SI0001SI#001741,2026-08-12 00:00:00.000,Pova Curve 2 (8+128),Main Location,1.0000,34910.0000,pcs,34910.0000,34910.0000,.0000
SI0001SI#001741,2026-08-12 00:00:00.000,Camon 50 (8+128),Main Location,1.0000,33020.0000,pcs,33020.0000,33020.0000,.0000
SI0001SI#001741,2026-08-12 00:00:00.000,Camon 50 Ultra (8+256),Main Location,1.0000,37740.0000,pcs,37740.0000,37740.0000,.0000
PI0001PI#000199,2026-08-12 00:00:00.000,Spark 50 (6+128),Main Location,130.0000,20200.0000,pcs,2626000.0000,2626000.0000,.0000
SI0001SI#001733,2026-08-11 00:00:00.000,Spark 50 (6+128),Main Location,2.0000,20754.0000,pcs,41508.0000,40885.3800,.0000
SI0001SI#001734,2026-08-11 00:00:00.000,Camon 50 (8+128),Main Location,2.0000,33020.0000,pcs,66040.0000,64719.2000,.0000
SI0001SI#001735,2026-08-11 00:00:00.000,Go 3 (4+128),Main Location,2.0000,15570.0000,pcs,31140.0000,30672.9000,.0000
SI0001SI#001735,2026-08-11 00:00:00.000,Go 3 (4+64),Main Location,2.0000,16030.0000,pcs,32060.0000,31635.5000,.0000
SI0001SI#001735,2026-08-11 00:00:00.000,Spark 50 (6+128),Main Location,2.0000,20754.0000,pcs,41508.0000,40885.3800,.0000
SI0001SI#001731,2026-08-10 00:00:00.000,Camon 50 (8+128),Main Location,2.0000,33020.0000,pcs,66040.0000,65049.4000,.0000
SI0001SI#001731,2026-08-10 00:00:00.000,Camon 50 Ultra (8+256),Main Location,1.0000,44350.0000,pcs,44350.0000,43684.7500,.0000
SI0001SI#001732,2026-08-10 00:00:00.000,Pova Curve 2 (8+128),Main Location,1.0000,34910.0000,pcs,34910.0000,34386.3500,.0000
SI0001SI#001732,2026-08-10 00:00:00.000,Spark 50 (4+128),Main Location,3.0000,16510.0000,pcs,49530.0000,48787.0500,.0000
PI0001PI#000198,2026-08-10 00:00:00.000,Spark 50 (4+128),Main Location,5.0000,16097.3400,pcs,80486.7000,80486.7000,.0000
PI0001PI#000198,2026-08-10 00:00:00.000,Spark 50 (6+128),Main Location,40.0000,20247.0000,pcs,809880.0000,809880.0000,.0000
PI0001PI#000198,2026-08-10 00:00:00.000,Camon 50 (8+128),Main Location,16.0000,32195.0000,pcs,515120.0000,515120.0000,.0000
SI0001SI#001729,2026-08-09 00:00:00.000,Spark 50 (6+128),Main Location,2.0000,20754.0000,pcs,41508.0000,40885.3800,.0000
SI0001SI#001730,2026-08-09 00:00:00.000,Camon 50 (8+128),Main Location,3.0000,33020.0000,pcs,99060.0000,97574.1000,.0000
SI0001SI#001728,2026-08-08 00:00:00.000,Camon 50 (8+128),Main Location,3.0000,33020.0000,pcs,99060.0000,97574.1000,.0000
SI0001SI#001719,2026-08-07 00:00:00.000,Go 3 (4+64),Main Location,30.0000,13792.0000,pcs,413760.0000,413760.0000,.0000
SI0001SI#001720,2026-08-07 00:00:00.000,Spark 40 5G,Main Location,2.0000,16020.0000,pcs,32040.0000,31719.6000,.0000
SI0001SI#001721,2026-08-07 00:00:00.000,Spark 50 (6+128),Main Location,20.0000,20240.0000,pcs,404800.0000,404800.0000,.0000
SI0001SI#001722,2026-08-07 00:00:00.000,Go 3 (4+128),Main Location,1.0000,15570.0000,pcs,15570.0000,15336.4500,.0000
SI0001SI#001723,2026-08-07 00:00:00.000,Camon 50 (8+128),Main Location,1.0000,33020.0000,pcs,33020.0000,32524.7000,.0000
SI0001SI#001724,2026-08-07 00:00:00.000,Spark 50 (6+128),Main Location,1.0000,20754.0000,pcs,20754.0000,20442.6900,.0000
SI0001SI#001724,2026-08-07 00:00:00.000,Go 3 (4+64),Main Location,5.0000,14150.0000,pcs,70750.0000,69688.7500,.0000
SI0001SI#001724,2026-08-07 00:00:00.000,Go 3 (4+128),Main Location,1.0000,15570.0000,pcs,15570.0000,15336.4500,.0000
SI0001SI#001725,2026-08-07 00:00:00.000,Go 3 (4+64),Main Location,8.0000,14150.0000,pcs,113200.0000,111502.0000,.0000
SI0001SI#001726,2026-08-07 00:00:00.000,Go 3 (4+64),Main Location,50.0000,13300.0000,pcs,665000.0000,665000.0000,.0000
SI0001SI#001709,2026-08-06 00:00:00.000,Spark 50 (4+128),Main Location,20.0000,16510.0000,pcs,330200.0000,330200.0000,.0000
SI0001SI#001710,2026-08-06 00:00:00.000,Go 3 (4+64),Main Location,9.0000,14150.0000,pcs,127350.0000,125439.7500,.0000
SI0001SI#001710,2026-08-06 00:00:00.000,Spark 50 5G (6+128),Main Location,2.0000,22640.0000,pcs,45280.0000,44600.8000,.0000
SI0001SI#001710,2026-08-06 00:00:00.000,Camon 50 Ultra (8+256),Main Location,1.0000,44350.0000,pcs,44350.0000,43684.7500,.0000
SI0001SI#001710,2026-08-06 00:00:00.000,Pova Curve 2,Main Location,1.0000,37740.0000,pcs,37740.0000,37173.9000,.0000
SI0001SI#001711,2026-08-06 00:00:00.000,Spark 50 (6+128),Main Location,3.0000,20754.0000,pcs,62262.0000,61328.0700,.0000
SI0001SI#001712,2026-08-06 00:00:00.000,Go 3 (4+64),Main Location,5.0000,14150.0000,pcs,70750.0000,69688.7500,.0000
SI0001SI#001712,2026-08-06 00:00:00.000,Spark 50 Pro (6-128),Main Location,2.0000,25470.0000,pcs,50940.0000,50175.9000,.0000
SI0001SI#001713,2026-08-06 00:00:00.000,Camon 50 (8+256),Main Location,1.0000,34900.0000,pcs,34900.0000,34376.5000,.0000
SI0001SI#001714,2026-08-06 00:00:00.000,Spark 50 (6+128),Main Location,2.0000,20754.0000,pcs,41508.0000,40885.3800,.0000
SI0001SI#001716,2026-08-06 00:00:00.000,Go 3 (4+64),Main Location,60.0000,13760.0000,pcs,825600.0000,825600.0000,.0000
SI0001SI#001717,2026-08-06 00:00:00.000,Go 3 (4+64),Main Location,50.0000,13300.0000,pcs,665000.0000,665000.0000,.0000
SI0001SI#001698,2026-08-05 00:00:00.000,Go 3 (4+64),Main Location,3.0000,14150.0000,pcs,42450.0000,41813.2500,.0000
SI0001SI#001699,2026-08-05 00:00:00.000,Go 3 (4+64),Main Location,5.0000,14150.0000,pcs,70750.0000,69688.7500,.0000
SI0001SI#001699,2026-08-05 00:00:00.000,Spark 50 Pro (6-128),Main Location,2.0000,25470.0000,pcs,50940.0000,50175.9000,.0000
SI0001SI#001700,2026-08-05 00:00:00.000,Go 3 (4+64),Main Location,2.0000,14150.0000,pcs,28300.0000,27875.5000,.0000
SI0001SI#001701,2026-08-05 00:00:00.000,Spark 50 (6+128),Main Location,1.0000,20754.0000,pcs,20754.0000,20442.6900,.0000
SI0001SI#001702,2026-08-05 00:00:00.000,Go 3 (4+64),Main Location,20.0000,14150.0000,pcs,283000.0000,283000.0000,.0000
SI0001SI#001703,2026-08-05 00:00:00.000,Spark 50 5G (6+128),Main Location,5.0000,22640.0000,pcs,113200.0000,112068.0000,.0000
SI0001SI#001703,2026-08-05 00:00:00.000,Spark50 Pro (4-128),Main Location,3.0000,23590.0000,pcs,70770.0000,70062.3000,.0000
SI0001SI#001703,2026-08-05 00:00:00.000,Go 3 (4+64),Main Location,5.0000,14150.0000,pcs,70750.0000,70042.5000,.0000
SI0001SI#001704,2026-08-05 00:00:00.000,Pova Slim,Main Location,1.0000,28300.0000,pcs,28300.0000,28300.0000,.0000
SI0001SI#001704,2026-08-05 00:00:00.000,Pova Curve 2,Main Location,1.0000,37740.0000,pcs,37740.0000,37740.0000,.0000
SI0001SI#001704,2026-08-05 00:00:00.000,Spark 50 (6+128),Main Location,3.0000,20754.0000,pcs,62262.0000,62262.0000,.0000
SI0001SI#001704,2026-08-05 00:00:00.000,Camon 50 (8+128),Main Location,1.0000,33020.0000,pcs,33020.0000,33020.0000,.0000
SI0001SI#001704,2026-08-05 00:00:00.000,Camon 50 (8+256),Main Location,2.0000,36800.0000,pcs,73600.0000,73600.0000,.0000
SI0001SI#001704,2026-08-05 00:00:00.000,Pova 7 Pro,Main Location,1.0000,33020.0000,pcs,33020.0000,33020.0000,.0000
SI0001SI#001705,2026-08-05 00:00:00.000,Go 3 (4+128),Main Location,2.0000,15570.0000,pcs,31140.0000,31140.0000,.0000
SI0001SI#001705,2026-08-05 00:00:00.000,Spark 50 (6+128),Main Location,2.0000,20754.0000,pcs,41508.0000,41508.0000,.0000
SI0001SI#001705,2026-08-05 00:00:00.000,Camon 50 (8+128),Main Location,1.0000,33020.0000,pcs,33020.0000,33020.0000,.0000
SI0001SI#001706,2026-08-05 00:00:00.000,Spark 50 (4+128),Main Location,1.0000,16510.0000,pcs,16510.0000,16510.0000,.0000
SI0001SI#001707,2026-08-05 00:00:00.000,Go 3 (4+64),Main Location,27.0000,13792.0000,pcs,372384.0000,372384.0000,.0000
SI0001SI#001691,2026-08-04 00:00:00.000,Go2,Main Location,2.0000,10390.0000,pcs,20780.0000,20572.2000,.0000
SI0001SI#001692,2026-08-04 00:00:00.000,Go 3 (4+64),Main Location,5.0000,14150.0000,pcs,70750.0000,69688.7500,.0000
SI0001SI#001692,2026-08-04 00:00:00.000,Go 3 (4+128),Main Location,2.0000,15570.0000,pcs,31140.0000,30672.9000,.0000
SI0001SI#001693,2026-08-04 00:00:00.000,Go 3 (4+64),Main Location,20.0000,14150.0000,pcs,283000.0000,278755.0000,.0000
SI0001SI#001694,2026-08-04 00:00:00.000,Go 3 (4+64),Main Location,5.0000,14150.0000,pcs,70750.0000,69688.7500,.0000
SI0001SI#001695,2026-08-04 00:00:00.000,Spark 50 5G (6+128),Main Location,1.0000,22640.0000,pcs,22640.0000,22300.4000,.0000
SI0001SI#001695,2026-08-04 00:00:00.000,Camon 50 (8+128),Main Location,1.0000,33020.0000,pcs,33020.0000,32524.7000,.0000
SI0001SI#001695,2026-08-04 00:00:00.000,Camon 50 (8+256),Main Location,1.0000,36800.0000,pcs,36800.0000,36248.0000,.0000
SI0001SI#001695,2026-08-04 00:00:00.000,Pova Curve 2 (8+128),Main Location,1.0000,34910.0000,pcs,34910.0000,34386.3500,.0000
SI0001SI#001695,2026-08-04 00:00:00.000,Pova Curve 2,Main Location,1.0000,37740.0000,pcs,37740.0000,37173.9000,.0000
SI0001SI#001696,2026-08-04 00:00:00.000,Go 3 (4+64),Main Location,6.0000,14150.0000,pcs,84900.0000,83626.5000,.0000
SI0001SI#001696,2026-08-04 00:00:00.000,Spark 50 5G (6+128),Main Location,1.0000,22640.0000,pcs,22640.0000,22300.4000,.0000
SI0001SI#001696,2026-08-04 00:00:00.000,Go 3 (4+128),Main Location,1.0000,15570.0000,pcs,15570.0000,15336.4500,.0000
SI0001SI#001696,2026-08-04 00:00:00.000,Spark 50 Pro (6-128),Main Location,1.0000,25470.0000,pcs,25470.0000,25087.9500,.0000
SI0001SI#001696,2026-08-04 00:00:00.000,Spark 50 (4+128),Main Location,1.0000,16510.0000,pcs,16510.0000,16262.3500,.0000
SI0001SI#001696,2026-08-04 00:00:00.000,Camon 50 (8+128),Main Location,1.0000,33020.0000,pcs,33020.0000,32524.7000,.0000
SI0001SI#001697,2026-08-04 00:00:00.000,Spark 50 (6+128),Main Location,30.0000,20246.0000,pcs,607380.0000,607380.0000,.0000
SI0001SI#001697,2026-08-04 00:00:00.000,Go 3 (4+64),Main Location,90.0000,13792.0000,pcs,1241280.0000,1241280.0000,.0000
SR0001SR#000028,2026-08-04 00:00:00.000,Pova Slim,Main Location,1.0000,28300.0000,pcs,28300.0000,28300.0000,.0000
SR0001SR#000028,2026-08-04 00:00:00.000,Pova 7 Pro,Main Location,1.0000,33020.0000,pcs,33020.0000,33020.0000,.0000
SR0001SR#000028,2026-08-04 00:00:00.000,Camon 50 (8+128),Main Location,1.0000,33020.0000,pcs,33020.0000,33020.0000,.0000
SR0001SR#000028,2026-08-04 00:00:00.000,Camon 50 (8+256),Main Location,2.0000,36800.0000,pcs,73600.0000,73600.0000,.0000
SR0001SR#000028,2026-08-04 00:00:00.000,Pova Curve 2,Main Location,1.0000,37740.0000,pcs,37740.0000,37740.0000,.0000
SR0001SR#000028,2026-08-04 00:00:00.000,Spark 50 (6+128),Main Location,3.0000,20754.0000,pcs,62262.0000,62262.0000,.0000
SR0001SR#000029,2026-08-04 00:00:00.000,Go 3 (4+128),Main Location,2.0000,15570.0000,pcs,31140.0000,31140.0000,.0000
SR0001SR#000029,2026-08-04 00:00:00.000,Camon 50 (8+128),Main Location,1.0000,33020.0000,pcs,33020.0000,33020.0000,.0000
SR0001SR#000029,2026-08-04 00:00:00.000,Spark 50 (6+128),Main Location,2.0000,20754.0000,pcs,41508.0000,41508.0000,.0000
SI0001SI#001690,2026-08-02 00:00:00.000,Spark 50 5G (6+128),Main Location,1.0000,22640.0000,pcs,22640.0000,22413.6000,.0000
SR0001SR#000025,2026-07-31 00:00:00.000,Spark 50 (6+128),Main Location,2.0000,18680.0000,pcs,37360.0000,37360.0000,.0000
SR0001SR#000025,2026-07-31 00:00:00.000,Spark 40 5G,Main Location,2.0000,16040.0000,pcs,32080.0000,32080.0000,.0000
SR0001SR#000025,2026-07-31 00:00:00.000,Pova Slim,Main Location,1.0000,28300.0000,pcs,28300.0000,28300.0000,.0000
SR0001SR#000027,2026-07-31 00:00:00.000,Go 3 (4+64),Main Location,74.0000,14150.0000,pcs,1047100.0000,1047100.0000,.0000
SR0001SR#000027,2026-07-31 00:00:00.000,Camon 50 (8+256),Main Location,2.0000,36800.0000,pcs,73600.0000,73600.0000,.0000
SR0001SR#000027,2026-07-31 00:00:00.000,Camon 50 (8+128),Main Location,1.0000,33020.0000,pcs,33020.0000,33020.0000,.0000
SR0001SR#000027,2026-07-31 00:00:00.000,Pova Slim,Main Location,1.0000,28300.0000,pcs,28300.0000,28300.0000,.0000
SR0001SR#000027,2026-07-31 00:00:00.000,Spark 40(8+256),Main Location,8.0000,18870.0000,pcs,150960.0000,150960.0000,.0000
SR0001SR#000027,2026-07-31 00:00:00.000,Spark40 (6+128),Main Location,1.0000,16050.0000,pcs,16050.0000,16050.0000,.0000
SR0001SR#000027,2026-07-31 00:00:00.000,Spark 40 5G,Main Location,1.0000,16040.0000,pcs,16040.0000,16040.0000,.0000
SR0001SR#000027,2026-07-31 00:00:00.000,Go2,Main Location,3.0000,10390.0000,pcs,31170.0000,31170.0000,.0000
SR0001SR#000027,2026-07-31 00:00:00.000,Spark 50 (6+128),Main Location,7.0000,20754.0000,pcs,145278.0000,145278.0000,.0000
SR0001SR#000027,2026-07-31 00:00:00.000,Spark 50 Pro (6-128),Main Location,2.0000,25470.0000,pcs,50940.0000,50940.0000,.0000
SR0001SR#000027,2026-07-31 00:00:00.000,Spark 50 5G (6+128),Main Location,2.0000,22640.0000,pcs,45280.0000,45280.0000,.0000
SR0001SR#000027,2026-07-31 00:00:00.000,Go 3 (4+128),Main Location,2.0000,15570.0000,pcs,31140.0000,31140.0000,.0000
SR0001SR#000027,2026-07-31 00:00:00.000,Spark 50 (4+128),Main Location,1.0000,16510.0000,pcs,16510.0000,16510.0000,.0000
SI0001SI#001708,2026-07-31 00:00:00.000,Go2,Main Location,1.0000,10300.0000,pcs,10300.0000,10094.0000,.0000
SI0001SI#001646,2026-07-31 00:00:00.000,Go 3 (4+128),Main Location,8.0000,15570.0000,pcs,124560.0000,122691.6000,.0000
SI0001SI#001647,2026-07-31 00:00:00.000,Go 3 (4+64),Main Location,2.0000,14150.0000,pcs,28300.0000,27875.5000,.0000
SI0001SI#001648,2026-07-31 00:00:00.000,Spark 50 (6+128),Main Location,2.0000,20246.0000,pcs,40492.0000,40492.0000,.0000
SI0001SI#001649,2026-07-31 00:00:00.000,Spark 50 (4+128),Main Location,2.0000,16510.0000,pcs,33020.0000,32689.8000,.0000
PI0001PI#000197,2026-07-31 00:00:00.000,Go 3 (4+128),Main Location,200.0000,15186.0000,pcs,3037200.0000,3037200.0000,.0000
PI0001PI#000197,2026-07-31 00:00:00.000,Spark 50 5G (6+128),Main Location,10.0000,22071.0000,pcs,220710.0000,220710.0000,.0000
PI0001PI#000197,2026-07-31 00:00:00.000,Camon 50 Ultra (8+256),Main Location,10.0000,39551.7700,pcs,395517.7000,395517.7000,.0000
SI0001SI#001650,2026-07-30 00:00:00.000,Camon 50 Ultra (12+256),Main Location,1.0000,50610.0000,pcs,50610.0000,50610.0000,.0000
SI0001SI#001651,2026-07-30 00:00:00.000,Go 3 (4+128),Main Location,4.0000,15570.0000,pcs,62280.0000,61345.8000,.0000
SI0001SI#001652,2026-07-30 00:00:00.000,Spark 50 (4+128),Main Location,3.0000,16510.0000,pcs,49530.0000,48787.0500,.0000
SI0001SI#001653,2026-07-29 00:00:00.000,Camon 50 (8+128),Main Location,1.0000,32195.0000,pcs,32195.0000,32195.0000,.0000
SI0001SI#001654,2026-07-29 00:00:00.000,Go 3 (4+64),Main Location,2.0000,14150.0000,pcs,28300.0000,27875.5000,.0000
SI0001SI#001655,2026-07-29 00:00:00.000,Go 3 (4+64),Main Location,8.0000,14150.0000,pcs,113200.0000,111502.0000,.0000
SI0001SI#001656,2026-07-29 00:00:00.000,Spark 50 (6+128),Main Location,3.0000,20754.0000,pcs,62262.0000,61328.0700,.0000
SI0001SI#001688,2026-07-29 00:00:00.000,Go 3 (4+128),Main Location,100.0000,15185.0000,pcs,1518500.0000,1488130.0000,.0000
SI0001SI#001687,2026-07-28 00:00:00.000,Spark 50 (6+128),Main Location,50.0000,20246.0000,pcs,1012300.0000,1012300.0000,.0000
SI0001SI#001687,2026-07-28 00:00:00.000,Go 3 (4+64),Main Location,20.0000,13792.0000,pcs,275840.0000,275840.0000,.0000
SI0001SI#001657,2026-07-28 00:00:00.000,Spark 50 (6+128),Main Location,1.0000,20754.0000,pcs,20754.0000,20546.4600,.0000
SI0001SI#001658,2026-07-28 00:00:00.000,Go 3 (4+64),Main Location,3.0000,14150.0000,pcs,42450.0000,41813.2500,.0000
SI0001SI#001659,2026-07-28 00:00:00.000,Go 3 (4+64),Main Location,6.0000,14150.0000,pcs,84900.0000,83626.5000,.0000
SI0001SI#001660,2026-07-28 00:00:00.000,Go 3 (4+64),Main Location,2.0000,14150.0000,pcs,28300.0000,28300.0000,.0000
SI0001SI#001661,2026-07-27 00:00:00.000,Pova Curve 2,Main Location,1.0000,33020.0000,pcs,33020.0000,32689.8000,.0000
SI0001SI#001662,2026-07-27 00:00:00.000,Spark 50 (4+128),Main Location,1.0000,16510.0000,pcs,16510.0000,16262.3500,.0000
SI0001SI#001663,2026-07-26 00:00:00.000,Spark 50 (4+128),Main Location,2.0000,16510.0000,pcs,33020.0000,32524.7000,.0000
SI0001SI#001663,2026-07-26 00:00:00.000,Camon 50 (8+128),Main Location,1.0000,33020.0000,pcs,33020.0000,32524.7000,.0000
SI0001SI#001686,2026-07-26 00:00:00.000,Go 3 (4+64),Main Location,100.0000,13792.0000,pcs,1379200.0000,1379200.0000,.0000
SI0001SI#001686,2026-07-26 00:00:00.000,Camon 50 (8+128),Main Location,20.0000,32194.0000,pcs,643880.0000,634221.8000,.0000
SI0001SI#001689,2026-07-25 00:00:00.000,Go 3 (4+64),Main Location,25.0000,13792.0000,pcs,344800.0000,344800.0000,.0000
SI0001SI#001685,2026-07-24 00:00:00.000,Go 3 (4+64),Main Location,20.0000,13792.0000,pcs,275840.0000,275840.0000,.0000
SI0001SI#001665,2026-07-24 00:00:00.000,Spark 50 (6+128),Main Location,5.0000,20754.0000,pcs,103770.0000,102732.3000,.0000
SI0001SI#001665,2026-07-24 00:00:00.000,Spark 50 Pro (6-128),Main Location,5.0000,25470.0000,pcs,127350.0000,126076.5000,.0000
SI0001SI#001666,2026-07-24 00:00:00.000,Go 3 (4+64),Main Location,5.0000,14150.0000,pcs,70750.0000,69688.7500,.0000
SI0001SI#001667,2026-07-24 00:00:00.000,Camon 50 (8+256),Main Location,1.0000,36800.0000,pcs,36800.0000,36248.0000,.0000
SI0001SI#001667,2026-07-24 00:00:00.000,Go 3 (4+64),Main Location,2.0000,14150.0000,pcs,28300.0000,27875.5000,.0000
SI0001SI#001668,2026-07-23 00:00:00.000,Go 3 (4+64),Main Location,3.0000,14150.0000,pcs,42450.0000,41813.2500,.0000
SI0001SI#001668,2026-07-23 00:00:00.000,Go 3 (4+128),Main Location,5.0000,15570.0000,pcs,77850.0000,76682.2500,.0000
SI0001SI#001668,2026-07-23 00:00:00.000,Spark 50 (6+128),Main Location,4.0000,20754.0000,pcs,83016.0000,81770.7600,.0000
SI0001SI#001669,2026-07-23 00:00:00.000,Spark 50 (4+128),Main Location,2.0000,16510.0000,pcs,33020.0000,32524.7000,.0000
PI0001PI#000196,2026-07-23 00:00:00.000,Spark 50 (6+128),Main Location,150.0000,20247.0000,pcs,3037050.0000,3037050.0000,.0000
PI0001PI#000196,2026-07-23 00:00:00.000,Spark 50 Pro (6-128),Main Location,20.0000,24780.0000,pcs,495600.0000,495600.0000,.0000
PI0001PI#000195,2026-07-22 00:00:00.000,Spark 50 (6+128),Main Location,100.0000,20247.0000,pcs,2024700.0000,2024700.0000,.0000
PI0001PI#000195,2026-07-22 00:00:00.000,Spark50 Pro (4-128),Main Location,10.0000,22950.0000,pcs,229500.0000,229500.0000,.0000
SI0001SI#001670,2026-07-22 00:00:00.000,Camon 50 (8+128),Main Location,1.0000,33020.0000,pcs,33020.0000,32524.7000,.0000
SI0001SI#001670,2026-07-22 00:00:00.000,Spark 50 (4+128),Main Location,2.0000,16510.0000,pcs,33020.0000,32524.7000,.0000
SI0001SI#001671,2026-07-22 00:00:00.000,Spark 50 (6+128),Main Location,10.0000,20754.0000,pcs,207540.0000,203389.2000,.0000
SI0001SI#001684,2026-07-22 00:00:00.000,Camon 50 (8+128),Main Location,50.0000,32194.0000,pcs,1609700.0000,1609700.0000,.0000
SI0001SI#001683,2026-07-21 00:00:00.000,Go 3 (4+128),Main Location,30.0000,15185.0000,pcs,455550.0000,446439.0000,.0000
SI0001SI#001683,2026-07-21 00:00:00.000,Camon 50 (8+256),Main Location,2.0000,35883.0000,pcs,71766.0000,71766.0000,.0000
SI0001SI#001672,2026-07-21 00:00:00.000,Camon 50 (8+128),Main Location,5.0000,33020.0000,pcs,165100.0000,163449.0000,.0000
SI0001SI#001673,2026-07-21 00:00:00.000,Spark 50 (6+128),Main Location,1.0000,20754.0000,pcs,20754.0000,20442.6900,.0000
SI0001SI#001682,2026-07-20 00:00:00.000,Spark 50 (6+128),Main Location,40.0000,20246.0000,pcs,809840.0000,793643.2000,.0000
SI0001SI#001682,2026-07-20 00:00:00.000,Go 3 (4+128),Main Location,20.0000,15185.0000,pcs,303700.0000,297626.0000,.0000
SI0001SI#001682,2026-07-20 00:00:00.000,Go 3 (4+64),Main Location,40.0000,13792.0000,pcs,551680.0000,551680.0000,.0000
PI0001PI#000194,2026-07-20 00:00:00.000,Spark 50 (6+128),Main Location,50.0000,20247.0000,pcs,1012350.0000,1012350.0000,.0000
PI0001PI#000193,2026-07-19 00:00:00.000,Spark 50 (6+128),Main Location,50.0000,20247.0000,pcs,1012350.0000,1012350.0000,.0000
SI0001SI#001674,2026-07-19 00:00:00.000,Spark 50 (4+128),Main Location,1.0000,16510.0000,pcs,16510.0000,16262.3500,.0000
SI0001SI#001675,2026-07-19 00:00:00.000,Spark 50 (6+128),Main Location,20.0000,18650.0000,pcs,373000.0000,373000.0000,.0000
SI0001SI#001676,2026-07-19 00:00:00.000,Spark 50 (6+128),Main Location,1.0000,20754.0000,pcs,20754.0000,20442.6900,.0000
SI0001SI#001677,2026-07-17 00:00:00.000,Spark 50 (6+128),Main Location,1.0000,20754.0000,pcs,20754.0000,20442.6900,.0000
SR0001SR#000026,2026-07-17 00:00:00.000,Camon 50 (8+128),Main Location,1.0000,33020.0000,pcs,33020.0000,33020.0000,.0000
SI0001SI#001678,2026-07-16 00:00:00.000,Spark 50 (4+128),Main Location,5.0000,16097.0000,pcs,80485.0000,80485.0000,.0000
SI0001SI#001679,2026-07-16 00:00:00.000,Camon 50 (8+128),Main Location,2.0000,33020.0000,pcs,66040.0000,65049.4000,.0000
SI0001SI#001679,2026-07-16 00:00:00.000,Go 3 (4+64),Main Location,5.0000,14150.0000,pcs,70750.0000,69688.7500,.0000
SI0001SI#001679,2026-07-16 00:00:00.000,Spark 50 (6+128),Main Location,2.0000,20754.0000,pcs,41508.0000,40885.3800,.0000
SI0001SI#001679,2026-07-16 00:00:00.000,Pova Curve 2 (8+128),Main Location,1.0000,34910.0000,pcs,34910.0000,34386.3500,.0000
SI0001SI#001680,2026-07-16 00:00:00.000,Camon 50 (8+256),Main Location,1.0000,36800.0000,pcs,36800.0000,36248.0000,.0000
SI0001SI#001681,2026-07-16 00:00:00.000,Camon 50 (8+128),Main Location,1.0000,33020.0000,pcs,33020.0000,32524.7000,.0000
SI0001SI#001643,2026-07-15 00:00:00.000,Spark 50 (4+128),Main Location,3.0000,16510.0000,pcs,49530.0000,48787.0500,.0000
SI0001SI#001643,2026-07-15 00:00:00.000,Pova Slim,Main Location,1.0000,28300.0000,pcs,28300.0000,27875.5000,.0000
SI0001SI#001644,2026-07-15 00:00:00.000,Spark 50 (6+128),Main Location,2.0000,20754.0000,pcs,41508.0000,40677.8400,.0000
SI0001SI#001644,2026-07-15 00:00:00.000,Tablet Megapad 4+128,Main Location,1.0000,19810.0000,pcs,19810.0000,19413.8000,.0000
SI0001SI#001645,2026-07-15 00:00:00.000,Camon 50 (8+128),Main Location,1.0000,33020.0000,pcs,33020.0000,32524.7000,.0000
SI0001SI#001635,2026-07-14 00:00:00.000,Spark 50 (4+128),Main Location,1.0000,16510.0000,pcs,16510.0000,16510.0000,.0000
SI0001SI#001636,2026-07-14 00:00:00.000,Camon 50 (8+128),Main Location,10.0000,32194.0000,pcs,321940.0000,321940.0000,.0000
SI0001SI#001637,2026-07-14 00:00:00.000,Spark 40 5G,Main Location,4.0000,15636.0000,pcs,62544.0000,62544.0000,.0000
SI0001SI#001638,2026-07-14 00:00:00.000,Go 3 (4+64),Main Location,5.0000,14150.0000,pcs,70750.0000,69688.7500,.0000
SI0001SI#001638,2026-07-14 00:00:00.000,Spark 50 (6+128),Main Location,2.0000,20754.0000,pcs,41508.0000,40885.3800,.0000
SI0001SI#001638,2026-07-14 00:00:00.000,Camon 50 (8+128),Main Location,1.0000,33020.0000,pcs,33020.0000,32524.7000,.0000
SI0001SI#001639,2026-07-14 00:00:00.000,Pova Slim,Main Location,10.0000,28300.0000,pcs,283000.0000,278755.0000,.0000
SI0001SI#001640,2026-07-14 00:00:00.000,Spark 50 (6+128),Main Location,13.0000,20246.0000,pcs,263198.0000,263198.0000,.0000
SI0001SI#001640,2026-07-14 00:00:00.000,Pova Slim,Main Location,17.0000,27594.0000,pcs,469098.0000,469098.0000,.0000
SI0001SI#001641,2026-07-14 00:00:00.000,Spark 50 (6+128),Main Location,20.0000,20246.0000,pcs,404920.0000,404920.0000,.0000
SI0001SI#001642,2026-07-14 00:00:00.000,Spark 50 (4+128),Main Location,2.0000,16510.0000,pcs,33020.0000,32524.7000,.0000
SI0001SI#001627,2026-07-13 00:00:00.000,Camon 50 (8+128),Main Location,2.0000,33020.0000,pcs,66040.0000,65379.6000,.0000
SI0001SI#001627,2026-07-13 00:00:00.000,Spark 50 (4+128),Main Location,3.0000,16510.0000,pcs,49530.0000,49034.7000,.0000
SI0001SI#001628,2026-07-13 00:00:00.000,Spark 50 (4+128),Main Location,5.0000,16510.0000,pcs,82550.0000,81311.7500,.0000
SI0001SI#001629,2026-07-13 00:00:00.000,Go 3 (4+64),Main Location,1.0000,14150.0000,pcs,14150.0000,13937.7500,.0000
SI0001SI#001630,2026-07-13 00:00:00.000,Camon 50 (8+256),Main Location,1.0000,36800.0000,pcs,36800.0000,36248.0000,.0000
SI0001SI#001630,2026-07-13 00:00:00.000,Pova Slim,Main Location,1.0000,28300.0000,pcs,28300.0000,27875.5000,.0000
SI0001SI#001631,2026-07-13 00:00:00.000,Camon 50 (8+128),Main Location,1.0000,33020.0000,pcs,33020.0000,32524.7000,.0000
SI0001SI#001632,2026-07-13 00:00:00.000,Spark 50 (6+128),Main Location,1.0000,20754.0000,pcs,20754.0000,20442.6900,.0000
SI0001SI#001632,2026-07-13 00:00:00.000,Pova Slim,Main Location,1.0000,28300.0000,pcs,28300.0000,27875.5000,.0000
SI0001SI#001633,2026-07-13 00:00:00.000,Camon 50 (8+128),Main Location,10.0000,32194.0000,pcs,321940.0000,321940.0000,.0000
SI0001SI#001634,2026-07-13 00:00:00.000,Camon 50 (8+256),Main Location,1.0000,32195.0000,pcs,32195.0000,32195.0000,.0000
SI0001SI#001634,2026-07-13 00:00:00.000,Pova Slim,Main Location,1.0000,27594.0000,pcs,27594.0000,27594.0000,.0000
SI0001SI#001620,2026-07-12 00:00:00.000,Pova Curve 2,Main Location,1.0000,37740.0000,pcs,37740.0000,37362.6000,.0000
SI0001SI#001620,2026-07-12 00:00:00.000,Pova Slim,Main Location,1.0000,28300.0000,pcs,28300.0000,28017.0000,.0000
SI0001SI#001620,2026-07-12 00:00:00.000,Go 3 (4+64),Main Location,2.0000,14150.0000,pcs,28300.0000,28017.0000,.0000
SI0001SI#001620,2026-07-12 00:00:00.000,Spark 50 Pro (6-128),Main Location,1.0000,25470.0000,pcs,25470.0000,25215.3000,.0000
SI0001SI#001620,2026-07-12 00:00:00.000,Pova Curve 2 (8+128),Main Location,1.0000,34910.0000,pcs,34910.0000,34560.9000,.0000
SI0001SI#001620,2026-07-12 00:00:00.000,Spark 40 5G,Main Location,2.0000,16040.0000,pcs,32080.0000,31759.2000,.0000
SI0001SI#001621,2026-07-12 00:00:00.000,Spark 50 (4+128),Main Location,10.0000,16097.0000,pcs,160970.0000,160970.0000,.0000
SI0001SI#001621,2026-07-12 00:00:00.000,Spark 50 (6+128),Main Location,10.0000,20246.0000,pcs,202460.0000,202460.0000,.0000
SI0001SI#001622,2026-07-12 00:00:00.000,Spark 50 (6+128),Main Location,4.0000,20754.0000,pcs,83016.0000,81770.7600,.0000
SI0001SI#001622,2026-07-12 00:00:00.000,Go 3 (4+64),Main Location,3.0000,14150.0000,pcs,42450.0000,41813.2500,.0000
SI0001SI#001622,2026-07-12 00:00:00.000,Pova Slim,Main Location,1.0000,28300.0000,pcs,28300.0000,27875.5000,.0000
SI0001SI#001623,2026-07-12 00:00:00.000,Pova Slim,Main Location,1.0000,28300.0000,pcs,28300.0000,28300.0000,.0000
SI0001SI#001623,2026-07-12 00:00:00.000,Go 3 (4+64),Main Location,1.0000,14150.0000,pcs,14150.0000,14150.0000,.0000
SI0001SI#001623,2026-07-12 00:00:00.000,Spark 50 (6+128),Main Location,1.0000,20754.0000,pcs,20754.0000,20754.0000,.0000
SI0001SI#001624,2026-07-12 00:00:00.000,Go 3 (4+64),Main Location,3.0000,14150.0000,pcs,42450.0000,41813.2500,.0000
SI0001SI#001624,2026-07-12 00:00:00.000,Spark 50 (4+128),Main Location,2.0000,16510.0000,pcs,33020.0000,32524.7000,.0000
SI0001SI#001625,2026-07-12 00:00:00.000,Go 3 (4+64),Main Location,50.0000,13585.0000,pcs,679250.0000,679250.0000,.0000
SI0001SI#001618,2026-07-11 00:00:00.000,Go 3 (4+64),Main Location,4.0000,14150.0000,pcs,56600.0000,56034.0000,.0000
SI0001SI#001619,2026-07-11 00:00:00.000,Spark 50 (4+128),Main Location,20.0000,16097.0000,pcs,321940.0000,321940.0000,.0000
SI0001SI#001604,2026-07-10 00:00:00.000,Spark 50 (6+128),Main Location,30.0000,20246.0000,pcs,607380.0000,607380.0000,.0000
SI0001SI#001604,2026-07-10 00:00:00.000,Camon 50 (8+128),Main Location,5.0000,32194.0000,pcs,160970.0000,160970.0000,.0000
SI0001SI#001605,2026-07-10 00:00:00.000,Spark 50 (4+128),Main Location,3.0000,16510.0000,pcs,49530.0000,48787.0500,.0000
SI0001SI#001606,2026-07-10 00:00:00.000,Camon 50 (8+128),Main Location,1.0000,33020.0000,pcs,33020.0000,32524.7000,.0000
SI0001SI#001606,2026-07-10 00:00:00.000,Spark 50 (6+128),Main Location,2.0000,20754.0000,pcs,41508.0000,40885.3800,.0000
SI0001SI#001606,2026-07-10 00:00:00.000,Go 3 (4+128),Main Location,1.0000,15570.0000,pcs,15570.0000,15336.4500,.0000
SI0001SI#001606,2026-07-10 00:00:00.000,Go 3 (4+64),Main Location,2.0000,14150.0000,pcs,28300.0000,27875.5000,.0000
SI0001SI#001606,2026-07-10 00:00:00.000,Pova Slim,Main Location,1.0000,28300.0000,pcs,28300.0000,28017.0000,.0000
SI0001SI#001606,2026-07-10 00:00:00.000,Camon 50 Ultra (12+256),Main Location,1.0000,51900.0000,pcs,51900.0000,51121.5000,.0000
SI0001SI#001606,2026-07-10 00:00:00.000,Spark 50 Pro (6-128),Main Location,1.0000,25470.0000,pcs,25470.0000,25087.9500,.0000
SI0001SI#001607,2026-07-10 00:00:00.000,Go 3 (4+64),Main Location,80.0000,13792.0000,pcs,1103360.0000,1103360.0000,.0000
SI0001SI#001608,2026-07-10 00:00:00.000,Spark 50 (6+128),Main Location,20.0000,20246.0000,pcs,404920.0000,404920.0000,.0000
SI0001SI#001609,2026-07-10 00:00:00.000,Go 3 (4+64),Main Location,2.0000,14150.0000,pcs,28300.0000,27875.5000,.0000
SI0001SI#001610,2026-07-10 00:00:00.000,Spark 50 (6+128),Main Location,2.0000,20754.0000,pcs,41508.0000,40885.3800,.0000
SI0001SI#001611,2026-07-10 00:00:00.000,Go 3 (4+64),Main Location,1.0000,14150.0000,pcs,14150.0000,13937.7500,.0000
SI0001SI#001611,2026-07-10 00:00:00.000,Pova Curve 2,Main Location,1.0000,37740.0000,pcs,37740.0000,37173.9000,.0000
SI0001SI#001611,2026-07-10 00:00:00.000,Spark 50 (4+128),Main Location,2.0000,16510.0000,pcs,33020.0000,32524.7000,.0000
SI0001SI#001611,2026-07-10 00:00:00.000,Spark 50 (6+128),Main Location,1.0000,20754.0000,pcs,20754.0000,20442.6900,.0000
SI0001SI#001612,2026-07-10 00:00:00.000,Spark 50 (6+128),Main Location,10.0000,20754.0000,pcs,207540.0000,203389.2000,.0000
SI0001SI#001613,2026-07-10 00:00:00.000,Go 3 (4+64),Main Location,2.0000,14150.0000,pcs,28300.0000,28300.0000,.0000
SI0001SI#001614,2026-07-10 00:00:00.000,Spark 50 (4+128),Main Location,1.0000,16510.0000,pcs,16510.0000,16262.3500,.0000
SI0001SI#001615,2026-07-10 00:00:00.000,Spark 50 (4+128),Main Location,1.0000,16510.0000,pcs,16510.0000,16262.3500,.0000
SI0001SI#001616,2026-07-10 00:00:00.000,Go 3 (4+64),Main Location,4.0000,14150.0000,pcs,56600.0000,55751.0000,.0000
SI0001SI#001617,2026-07-10 00:00:00.000,Pova Slim,Main Location,10.0000,27594.0000,pcs,275940.0000,275940.0000,.0000
SI0001SI#001598,2026-07-09 00:00:00.000,Go 3 (4+128),Main Location,6.0000,15570.0000,pcs,93420.0000,92018.7000,.0000
SI0001SI#001598,2026-07-09 00:00:00.000,Spark 50 (6+128),Main Location,20.0000,20754.0000,pcs,415080.0000,408853.8000,.0000
SI0001SI#001598,2026-07-09 00:00:00.000,Pova Slim,Main Location,5.0000,28300.0000,pcs,141500.0000,139377.5000,.0000
SI0001SI#001598,2026-07-09 00:00:00.000,Spark 40 5G,Main Location,9.0000,16040.0000,pcs,144360.0000,142194.6000,.0000
SI0001SI#001599,2026-07-09 00:00:00.000,Camon 50 (8+128),Main Location,1.0000,32195.0000,pcs,32195.0000,32195.0000,.0000
SI0001SI#001600,2026-07-09 00:00:00.000,Spark 50 (4+128),Main Location,2.0000,16510.0000,pcs,33020.0000,32524.7000,.0000
SI0001SI#001601,2026-07-09 00:00:00.000,Pova Curve 2 (8+128),Main Location,1.0000,34910.0000,pcs,34910.0000,34386.3500,.0000
SI0001SI#001601,2026-07-09 00:00:00.000,Pova Slim,Main Location,1.0000,28300.0000,pcs,28300.0000,27875.5000,.0000
SI0001SI#001602,2026-07-09 00:00:00.000,Camon 50 (8+128),Main Location,5.0000,32194.0000,pcs,160970.0000,160970.0000,.0000
SI0001SI#001602,2026-07-09 00:00:00.000,Camon 50 (8+256),Main Location,5.0000,35883.0000,pcs,179415.0000,179415.0000,.0000
SI0001SI#001602,2026-07-09 00:00:00.000,Pova Slim,Main Location,5.0000,27594.0000,pcs,137970.0000,137970.0000,.0000
SI0001SI#001603,2026-07-09 00:00:00.000,Spark 50 (6+128),Main Location,100.0000,19500.0000,pcs,1950000.0000,1950000.0000,.0000
SI0001SI#001603,2026-07-09 00:00:00.000,Pova Slim,Main Location,60.0000,27594.0000,pcs,1655640.0000,1655640.0000,.0000
SI0001SI#001591,2026-07-08 00:00:00.000,Spark 50 (4+128),Main Location,10.0000,16097.0000,pcs,160970.0000,160970.0000,.0000
SI0001SI#001592,2026-07-08 00:00:00.000,Pova Curve 2,Main Location,1.0000,37740.0000,pcs,37740.0000,37173.9000,.0000
SI0001SI#001593,2026-07-08 00:00:00.000,Pova Slim,Main Location,1.0000,28300.0000,pcs,28300.0000,27875.5000,.0000
SI0001SI#001593,2026-07-08 00:00:00.000,Go 3 (4+64),Main Location,5.0000,14150.0000,pcs,70750.0000,69688.7500,.0000
SI0001SI#001593,2026-07-08 00:00:00.000,Spark 50 (6+128),Main Location,3.0000,20754.0000,pcs,62262.0000,61519.0500,.0000
SI0001SI#001593,2026-07-08 00:00:00.000,Spark 50 Pro (6-128),Main Location,1.0000,25470.0000,pcs,25470.0000,25158.6900,.0000
SI0001SI#001594,2026-07-08 00:00:00.000,Spark 50 (6+128),Main Location,1.0000,20754.0000,pcs,20754.0000,20414.4000,.0000
SI0001SI#001594,2026-07-08 00:00:00.000,Spark 50 (4+128),Main Location,1.0000,16510.0000,pcs,16510.0000,16262.3500,.0000
SI0001SI#001595,2026-07-08 00:00:00.000,Spark 50 (4+128),Main Location,1.0000,16510.0000,pcs,16510.0000,16262.3500,.0000
SI0001SI#001595,2026-07-08 00:00:00.000,Spark 50 Pro (6-128),Main Location,1.0000,25470.0000,pcs,25470.0000,25087.9500,.0000
SI0001SI#001596,2026-07-08 00:00:00.000,Go 3 (4+64),Main Location,2.0000,14150.0000,pcs,28300.0000,27875.5000,.0000
SI0001SI#001597,2026-07-08 00:00:00.000,Spark 50 Pro (6-128),Main Location,1.0000,25470.0000,pcs,25470.0000,25087.9500,.0000
SI0001SI#001588,2026-07-07 00:00:00.000,Pova Curve 2 (8+128),Main Location,5.0000,34910.0000,pcs,174550.0000,172804.5000,.0000
SI0001SI#001588,2026-07-07 00:00:00.000,Go 3 (4+64),Main Location,6.0000,14150.0000,pcs,84900.0000,84051.0000,.0000
SI0001SI#001588,2026-07-07 00:00:00.000,Spark 40 5G,Main Location,14.0000,16040.0000,pcs,224560.0000,222314.4000,.0000
SI0001SI#001589,2026-07-07 00:00:00.000,Spark 50 (4+128),Main Location,1.0000,16510.0000,pcs,16510.0000,16262.3500,.0000
SI0001SI#001590,2026-07-07 00:00:00.000,Go 3 (4+64),Main Location,2.0000,14150.0000,pcs,28300.0000,27875.5000,.0000
SI0001SI#001582,2026-07-06 00:00:00.000,Go 3 (4+64),Main Location,2.0000,14150.0000,pcs,28300.0000,27875.5000,.0000
SI0001SI#001582,2026-07-06 00:00:00.000,Go 3 (4+128),Main Location,2.0000,15570.0000,pcs,31140.0000,30672.9000,.0000
SI0001SI#001582,2026-07-06 00:00:00.000,Camon 50 (8+128),Main Location,1.0000,33020.0000,pcs,33020.0000,32524.7000,.0000
SI0001SI#001583,2026-07-06 00:00:00.000,Camon 50 (8+128),Main Location,1.0000,33020.0000,pcs,33020.0000,32524.7000,.0000
SI0001SI#001584,2026-07-06 00:00:00.000,Spark 40 5G,Main Location,1.0000,16020.0000,pcs,16020.0000,15779.7000,.0000
SI0001SI#001585,2026-07-06 00:00:00.000,Spark 40 5G,Main Location,50.0000,15636.0000,pcs,781800.0000,781800.0000,.0000
SI0001SI#001586,2026-07-06 00:00:00.000,Tablet Megapad 4+128,Main Location,2.0000,19314.0000,pcs,38628.0000,38628.0000,.0000
SI0001SI#001586,2026-07-06 00:00:00.000,Camon 50 (8+128),Main Location,2.0000,32194.0000,pcs,64388.0000,64388.0000,.0000
SI0001SI#001586,2026-07-06 00:00:00.000,Camon 50 (8+256),Main Location,2.0000,35883.0000,pcs,71766.0000,71766.0000,.0000
SI0001SI#001586,2026-07-06 00:00:00.000,Spark 40 5G,Main Location,2.0000,15636.0000,pcs,31272.0000,31272.0000,.0000
SI0001SI#001586,2026-07-06 00:00:00.000,Pova Slim,Main Location,2.0000,27594.0000,pcs,55188.0000,55188.0000,.0000
SI0001SI#001586,2026-07-06 00:00:00.000,Spark 50 Pro (6-128),Main Location,2.0000,24837.0000,pcs,49674.0000,49674.0000,.0000
SI0001SI#001586,2026-07-06 00:00:00.000,Spark 50 (6+128),Main Location,2.0000,20246.0000,pcs,40492.0000,40492.0000,.0000
SI0001SI#001586,2026-07-06 00:00:00.000,Spark 50 (4+128),Main Location,2.0000,16097.0000,pcs,32194.0000,32194.0000,.0000
SI0001SI#001586,2026-07-06 00:00:00.000,Go 3 (4+64),Main Location,2.0000,13792.0000,pcs,27584.0000,27584.0000,.0000
SI0001SI#001586,2026-07-06 00:00:00.000,Go 3 (4+128),Main Location,2.0000,15185.0000,pcs,30370.0000,30370.0000,.0000
SI0001SI#001577,2026-07-05 00:00:00.000,Go 3 (4+64),Main Location,70.0000,13790.0000,pcs,965300.0000,965300.0000,.0000
SI0001SI#001578,2026-07-05 00:00:00.000,Camon 50 (8+128),Main Location,1.0000,33020.0000,pcs,33020.0000,32524.7000,.0000
SI0001SI#001579,2026-07-05 00:00:00.000,Camon 50 (8+128),Main Location,1.0000,33020.0000,pcs,33020.0000,32524.7000,.0000
SI0001SI#001579,2026-07-05 00:00:00.000,Camon 50 Ultra (12+256),Main Location,2.0000,51900.0000,pcs,103800.0000,102243.0000,.0000
SI0001SI#001579,2026-07-05 00:00:00.000,Go 3 (4+128),Main Location,1.0000,15570.0000,pcs,15570.0000,15336.4500,.0000
SI0001SI#001580,2026-07-05 00:00:00.000,Spark 40 5G,Main Location,50.0000,15636.0000,pcs,781800.0000,781800.0000,.0000
SI0001SI#001581,2026-07-05 00:00:00.000,Spark 50 (4+128),Main Location,1.0000,16510.0000,pcs,16510.0000,16262.3500,.0000
SI0001SI#001574,2026-07-03 00:00:00.000,Spark 50 (6+128),Main Location,10.0000,20247.0000,pcs,202470.0000,202470.0000,.0000
SI0001SI#001575,2026-07-03 00:00:00.000,Spark 50 (6+128),Main Location,1.0000,20754.0000,pcs,20754.0000,20442.6900,.0000
SI0001SI#001575,2026-07-03 00:00:00.000,Spark 50 (4+128),Main Location,1.0000,16510.0000,pcs,16510.0000,16262.3500,.0000
SI0001SI#001575,2026-07-03 00:00:00.000,Go 3 (4+64),Main Location,1.0000,14150.0000,pcs,14150.0000,13937.7500,.0000
SI0001SI#001576,2026-07-03 00:00:00.000,Spark 50 (4+128),Main Location,3.0000,16510.0000,pcs,49530.0000,48787.0500,.0000
SI0001SI#001571,2026-07-02 00:00:00.000,Go 3 (4+64),Main Location,1.0000,14150.0000,pcs,14150.0000,14150.0000,.0000
SI0001SI#001572,2026-07-02 00:00:00.000,Camon 50 (8+128),Main Location,2.0000,33020.0000,pcs,66040.0000,65049.4000,.0000
SI0001SI#001572,2026-07-02 00:00:00.000,Spark 50 (4+128),Main Location,5.0000,16510.0000,pcs,82550.0000,81311.7500,.0000
SI0001SI#001572,2026-07-02 00:00:00.000,Go 3 (4+64),Main Location,5.0000,14150.0000,pcs,70750.0000,69688.7500,.0000
SI0001SI#001572,2026-07-02 00:00:00.000,Camon 50 (8+256),Main Location,1.0000,36800.0000,pcs,36800.0000,36248.0000,.0000
SI0001SI#001573,2026-07-02 00:00:00.000,Go 3 (4+64),Main Location,2.0000,14150.0000,pcs,28300.0000,27875.5000,.0000
SI0001SI#001573,2026-07-02 00:00:00.000,Spark 50 (4+128),Main Location,5.0000,16510.0000,pcs,82550.0000,81311.7500,.0000
SI0001SI#001569,2026-06-30 00:00:00.000,Go 3 (4+64),Main Location,1.0000,14150.0000,pcs,14150.0000,13867.0000,.0000
SI0001SI#001570,2026-06-30 00:00:00.000,Spark 50 (6+128),Main Location,50.0000,16097.0000,pcs,804850.0000,804850.0000,.0000
PI0001PI#000191,2026-06-30 00:00:00.000,Pova Slim,Main Location,10.0000,27594.0200,pcs,275940.2000,275940.2000,.0000
PI0001PI#000191,2026-06-30 00:00:00.000,Spark 50 (4+128),Main Location,40.0000,16097.3400,pcs,643893.6000,643893.6000,.0000
PI0001PI#000191,2026-06-30 00:00:00.000,Go 3 (4+64),Main Location,70.0000,13792.0000,pcs,965440.0000,965440.0000,.0000
PI0001PI#000192,2026-06-30 00:00:00.000,Go 3 (4+64),Main Location,300.0000,13792.0000,pcs,4137600.0000,4137600.0000,.0000
PI0001PI#000192,2026-06-30 00:00:00.000,Pova Curve 2 (8+128),Main Location,20.0000,34038.9800,pcs,680779.6000,680779.6000,.0000
PI0001PI#000192,2026-06-30 00:00:00.000,Pova Curve 2,Main Location,25.0000,36785.3400,pcs,919633.5000,919633.5000,.0000
SI0001SI#001567,2026-06-29 00:00:00.000,Spark 50 (4+128),Main Location,10.0000,16510.0000,pcs,165100.0000,162623.5000,.0000
SI0001SI#001568,2026-06-29 00:00:00.000,Go 3 (4+64),Main Location,30.0000,13792.0000,pcs,413760.0000,413760.0000,.0000
SI0001SI#001568,2026-06-29 00:00:00.000,Spark 50 (4+128),Main Location,10.0000,16097.0000,pcs,160970.0000,160970.0000,.0000
SI0001SI#001563,2026-06-28 00:00:00.000,Go 3 (4+64),Main Location,8.0000,13792.0000,pcs,110336.0000,110336.0000,.0000
SI0001SI#001563,2026-06-28 00:00:00.000,Spark 50 (4+128),Main Location,10.0000,16097.0000,pcs,160970.0000,160970.0000,.0000
SI0001SI#001563,2026-06-28 00:00:00.000,Spark 50 (6+128),Main Location,4.0000,18392.0000,pcs,73568.0000,73568.0000,.0000
SI0001SI#001564,2026-06-28 00:00:00.000,Spark 50 (6+128),Main Location,10.0000,18500.0000,pcs,185000.0000,185000.0000,.0000
SI0001SI#001565,2026-06-28 00:00:00.000,Pova Curve 2,Main Location,2.0000,37740.0000,pcs,75480.0000,75480.0000,.0000
PI0001PI#000190,2026-06-28 00:00:00.000,Go 3 (4+64),Main Location,160.0000,13792.0000,pcs,2206720.0000,2206720.0000,.0000
PI0001PI#000190,2026-06-28 00:00:00.000,Spark 50 (4+128),Main Location,60.0000,16097.3400,pcs,965840.4000,965840.4000,.0000
SI0001SI#001560,2026-06-26 00:00:00.000,Go 3 (4+64),Main Location,5.0000,14150.0000,pcs,70750.0000,69688.7500,.0000
SI0001SI#001560,2026-06-26 00:00:00.000,Spark 50 (4+128),Main Location,5.0000,16510.0000,pcs,82550.0000,81311.7500,.0000
SI0001SI#001561,2026-06-26 00:00:00.000,Camon 50 (8+256),Main Location,1.0000,36800.0000,pcs,36800.0000,36064.0000,.0000
SI0001SI#001562,2026-06-26 00:00:00.000,Go 3 (4+64),Main Location,1.0000,14150.0000,pcs,14150.0000,13937.7500,.0000
SI0001SI#001562,2026-06-26 00:00:00.000,Spark 40 5G,Main Location,1.0000,16040.0000,pcs,16040.0000,15799.4000,.0000
SI0001SI#001557,2026-06-25 00:00:00.000,Pova Curve 2,Main Location,1.0000,37740.0000,pcs,37740.0000,37173.9000,.0000
SI0001SI#001557,2026-06-25 00:00:00.000,Tablet Megapad 4+128,Main Location,1.0000,19810.0000,pcs,19810.0000,19512.8500,.0000
SI0001SI#001558,2026-06-25 00:00:00.000,Go 3 (4+64),Main Location,100.0000,13792.0000,pcs,1379200.0000,1379200.0000,.0000
SI0001SI#001559,2026-06-25 00:00:00.000,Pova Slim,Main Location,1.0000,28300.0000,pcs,28300.0000,28017.0000,.0000
SI0001SI#001559,2026-06-25 00:00:00.000,Go 3 (4+128),Main Location,2.0000,15570.0000,pcs,31140.0000,30828.6000,.0000
SI0001SI#001559,2026-06-25 00:00:00.000,Spark 40 5G,Main Location,4.0000,16040.0000,pcs,64160.0000,63518.4000,.0000
SI0001SI#001559,2026-06-25 00:00:00.000,Spark 50 (4+128),Main Location,3.0000,16510.0000,pcs,49530.0000,49034.7000,.0000
SI0001SI#001559,2026-06-25 00:00:00.000,Go 3 (4+64),Main Location,5.0000,14150.0000,pcs,70750.0000,70042.5000,.0000
SI0001SI#001559,2026-06-25 00:00:00.000,Spark 50 (6+128),Main Location,2.0000,20754.0000,pcs,41508.0000,41092.9200,.0000
PI0001PI#000189,2026-06-25 00:00:00.000,Go 3 (4+64),Main Location,60.0000,13792.0000,pcs,827520.0000,827520.0000,.0000
PI0001PI#000189,2026-06-25 00:00:00.000,Go 3 (4+128),Main Location,39.0000,15186.0000,pcs,592254.0000,592254.0000,.0000
PI0001PI#000189,2026-06-25 00:00:00.000,Spark 50 (4+128),Main Location,20.0000,16097.3400,pcs,321946.8000,321946.8000,.0000
SI0001SI#001555,2026-06-24 00:00:00.000,Go 3 (4+64),Main Location,1.0000,14150.0000,pcs,14150.0000,13937.7500,.0000
SI0001SI#001555,2026-06-24 00:00:00.000,Spark 50 Pro (6-128),Main Location,1.0000,25470.0000,pcs,25470.0000,25087.9500,.0000
SI0001SI#001555,2026-06-24 00:00:00.000,Spark 50 (4+128),Main Location,2.0000,16510.0000,pcs,33020.0000,32524.7000,.0000
SI0001SI#001556,2026-06-24 00:00:00.000,Go 3 (4+64),Main Location,5.0000,14150.0000,pcs,70750.0000,69688.7500,.0000
SI0001SI#001556,2026-06-24 00:00:00.000,Spark 50 (4+128),Main Location,5.0000,16510.0000,pcs,82550.0000,81311.7500,.0000
SI0001SI#001554,2026-06-23 00:00:00.000,Pova Slim,Main Location,1.0000,28300.0000,pcs,28300.0000,27875.5000,.0000
PI0001PI#000188,2026-06-23 00:00:00.000,Spark 50 (4+128),Main Location,19.0000,16097.3400,pcs,305849.4600,305849.4600,.0000
SI0001SI#001551,2026-06-22 00:00:00.000,Spark 50 (4+128),Main Location,2.0000,16510.0000,pcs,33020.0000,32524.7000,.0000
SI0001SI#001552,2026-06-22 00:00:00.000,Go 3 (4+64),Main Location,1.0000,14150.0000,pcs,14150.0000,13937.7500,.0000
SI0001SI#001552,2026-06-22 00:00:00.000,Go 3 (4+128),Main Location,2.0000,15570.0000,pcs,31140.0000,30672.9000,.0000
SI0001SI#001553,2026-06-22 00:00:00.000,Spark 50 Pro (6-128),Main Location,2.0000,25470.0000,pcs,50940.0000,50940.0000,.0000
SI0001SI#001549,2026-06-21 00:00:00.000,Camon 50 (8+256),Main Location,1.0000,36800.0000,pcs,36800.0000,36248.0000,.0000
SI0001SI#001549,2026-06-21 00:00:00.000,Pova Slim,Main Location,1.0000,28300.0000,pcs,28300.0000,27875.5000,.0000
SI0001SI#001549,2026-06-21 00:00:00.000,Go 3 (4+64),Main Location,1.0000,14150.0000,pcs,14150.0000,13937.7500,.0000
SI0001SI#001550,2026-06-21 00:00:00.000,Camon 50 (8+128),Main Location,1.0000,33020.0000,pcs,33020.0000,32524.7000,.0000
SI0001SI#001550,2026-06-21 00:00:00.000,Go 3 (4+64),Main Location,2.0000,14150.0000,pcs,28300.0000,27875.5000,.0000
SI0001SI#001550,2026-06-21 00:00:00.000,Spark 50 Pro (6-128),Main Location,1.0000,25470.0000,pcs,25470.0000,25087.9500,.0000
PI0001PI#000187,2026-06-21 00:00:00.000,Go 3 (4+64),Main Location,100.0000,13792.0000,pcs,1379200.0000,1379200.0000,.0000
SI0001SI#001545,2026-06-19 00:00:00.000,Pova Slim,Main Location,10.0000,28300.0000,pcs,283000.0000,278755.0000,.0000
SI0001SI#001546,2026-06-19 00:00:00.000,Go 3 (4+64),Main Location,3.0000,14150.0000,pcs,42450.0000,41813.2500,.0000
SI0001SI#001546,2026-06-19 00:00:00.000,Go 3 (4+128),Main Location,2.0000,15570.0000,pcs,31140.0000,30672.9000,.0000
SI0001SI#001546,2026-06-19 00:00:00.000,Spark 40 5G,Main Location,5.0000,16040.0000,pcs,80200.0000,78997.0000,.0000
SI0001SI#001547,2026-06-19 00:00:00.000,Pova Slim,Main Location,10.0000,28300.0000,pcs,283000.0000,283000.0000,.0000
SI0001SI#001547,2026-06-19 00:00:00.000,Spark 50 (4+128),Main Location,10.0000,16510.0000,pcs,165100.0000,165100.0000,.0000
SI0001SI#001547,2026-06-19 00:00:00.000,Spark 50 (6+128),Main Location,5.0000,20754.0000,pcs,103770.0000,103770.0000,.0000
SI0001SI#001548,2026-06-19 00:00:00.000,Camon 50 (8+128),Main Location,1.0000,33020.0000,pcs,33020.0000,32524.7000,.0000
SI0001SI#001548,2026-06-19 00:00:00.000,Spark 50 Pro (6-128),Main Location,1.0000,25470.0000,pcs,25470.0000,25087.9500,.0000
SI0001SI#001548,2026-06-19 00:00:00.000,Go 3 (4+64),Main Location,2.0000,14150.0000,pcs,28300.0000,27875.5000,.0000
SI0001SI#001548,2026-06-19 00:00:00.000,Spark 50 (6+128),Main Location,3.0000,18870.0000,pcs,56610.0000,55676.0700,.0000
SI0001SI#001548,2026-06-19 00:00:00.000,Spark 50 (4+128),Main Location,2.0000,16510.0000,pcs,33020.0000,32538.8000,.0000
SI0001SI#001540,2026-06-18 00:00:00.000,Spark 50 Pro (6-128),Main Location,2.0000,25470.0000,pcs,50940.0000,50175.9000,.0000
SI0001SI#001541,2026-06-18 00:00:00.000,Spark 50 (4+128),Main Location,2.0000,16510.0000,pcs,33020.0000,32524.7000,.0000
SI0001SI#001541,2026-06-18 00:00:00.000,Spark 50 (6+128),Main Location,2.0000,18870.0000,pcs,37740.0000,37173.9000,.0000
SI0001SI#001541,2026-06-18 00:00:00.000,Spark 50 Pro (6-128),Main Location,2.0000,25470.0000,pcs,50940.0000,50175.9000,.0000
SI0001SI#001541,2026-06-18 00:00:00.000,Go 3 (4+64),Main Location,1.0000,14150.0000,pcs,14150.0000,13937.7500,.0000
SI0001SI#001542,2026-06-18 00:00:00.000,Pova Slim,Main Location,2.0000,28300.0000,pcs,56600.0000,55751.0000,.0000
SI0001SI#001543,2026-06-18 00:00:00.000,Camon30 12+256,Main Location,1.0000,27700.0000,pcs,27700.0000,27700.0000,.0000
SI0001SI#001544,2026-06-18 00:00:00.000,Spark50 Pro Luiv Demo,Main Location,1.0000,18960.0000,pcs,18960.0000,18960.0000,.0000
SI0001SI#001536,2026-06-17 00:00:00.000,Pova Slim,Main Location,1.0000,28300.0000,pcs,28300.0000,27875.5000,.0000
SI0001SI#001536,2026-06-17 00:00:00.000,Spark 40 5G,Main Location,2.0000,16040.0000,pcs,32080.0000,31598.8000,.0000
SI0001SI#001537,2026-06-17 00:00:00.000,Pova Slim,Main Location,1.0000,28300.0000,pcs,28300.0000,27875.5000,.0000
SI0001SI#001538,2026-06-17 00:00:00.000,Go 3 (4+64),Main Location,5.0000,14150.0000,pcs,70750.0000,70750.0000,.0000
SI0001SI#001539,2026-06-17 00:00:00.000,Spark 50 Pro (6-128),Main Location,3.0000,25470.0000,pcs,76410.0000,76410.0000,.0000
PI0001PI#000185,2026-06-17 00:00:00.000,Spark 50 Pro (6-128),Main Location,20.0000,24780.0000,pcs,495600.0000,495600.0000,.0000
PI0001PI#000186,2026-06-16 00:00:00.000,Spark50 Pro Luiv Demo,Main Location,2.0000,18500.0000,pcs,37000.0000,37000.0000,.0000
SI0001SI#001533,2026-06-16 00:00:00.000,Camon 50 (8+128),Main Location,1.0000,33020.0000,pcs,33020.0000,32524.7000,.0000
SI0001SI#001534,2026-06-16 00:00:00.000,Spark 50 (6+128),Main Location,5.0000,18870.0000,pcs,94350.0000,92934.7500,.0000
SI0001SI#001534,2026-06-16 00:00:00.000,Spark 50 (4+128),Main Location,5.0000,16510.0000,pcs,82550.0000,81311.7500,.0000
SI0001SI#001535,2026-06-16 00:00:00.000,Go 3 (4+128),Main Location,1.0000,15570.0000,pcs,15570.0000,15258.6000,.0000
SI0001SI#001529,2026-06-15 00:00:00.000,Go 3 (4+64),Main Location,1.0000,14150.0000,pcs,14150.0000,13937.7500,.0000
SI0001SI#001531,2026-06-15 00:00:00.000,Spark 40 5G,Main Location,80.0000,15640.0000,pcs,1251200.0000,1251200.0000,.0000
SI0001SI#001532,2026-06-15 00:00:00.000,Spark 50 (6+128),Main Location,10.0000,18870.0000,pcs,188700.0000,186813.0000,.0000
SI0001SI#001532,2026-06-15 00:00:00.000,Spark 40 5G,Main Location,4.0000,16040.0000,pcs,64160.0000,62556.0000,.0000
SI0001SI#001566,2026-06-15 00:00:00.000,Spark 40 5G,Main Location,50.0000,15636.0000,pcs,781800.0000,781800.0000,.0000
SI0001SI#001566,2026-06-15 00:00:00.000,Spark 50 (6+128),Main Location,50.0000,18393.0000,pcs,919650.0000,919650.0000,.0000
SI0001SI#001587,2026-06-15 00:00:00.000,Go 3 (4+64),Main Location,60.0000,1392.0000,pcs,83520.0000,83520.0000,.0000
PI0001PI#000184,2026-06-15 00:00:00.000,Pova Slim,Main Location,100.0000,27594.0200,pcs,2759402.0000,2759402.0000,.0000
PI0001PI#000183,2026-06-14 00:00:00.000,Pova Slim,Main Location,30.0000,27594.0200,pcs,827820.6000,827820.6000,.0000
PI0001PI#000183,2026-06-14 00:00:00.000,Spark 50 (4+128),Main Location,70.0000,16097.3400,pcs,1126813.8000,1126813.8000,.0000
SI0001SI#001524,2026-06-14 00:00:00.000,Spark 50 (6+128),Main Location,3.0000,18870.0000,pcs,56610.0000,55760.8500,.0000
SI0001SI#001525,2026-06-14 00:00:00.000,Spark 40 5G,Main Location,1.0000,16040.0000,pcs,16040.0000,15799.4000,.0000
SI0001SI#001525,2026-06-14 00:00:00.000,Camon 50 (8+128),Main Location,1.0000,33020.0000,pcs,33020.0000,32524.7000,.0000
SI0001SI#001525,2026-06-14 00:00:00.000,Spark 50 (6+128),Main Location,2.0000,18870.0000,pcs,37740.0000,37173.9000,.0000
SI0001SI#001525,2026-06-14 00:00:00.000,Go 3 (4+64),Main Location,3.0000,14150.0000,pcs,42450.0000,41813.2500,.0000
SI0001SI#001525,2026-06-14 00:00:00.000,Pova Slim,Main Location,1.0000,28300.0000,pcs,28300.0000,27875.5000,.0000
SI0001SI#001526,2026-06-14 00:00:00.000,Go 3 (4+64),Main Location,10.0000,14150.0000,pcs,141500.0000,138670.0000,.0000
SI0001SI#001527,2026-06-14 00:00:00.000,Spark 50 (6+128),Main Location,1.0000,18870.0000,pcs,18870.0000,18586.9500,.0000
SI0001SI#001528,2026-06-14 00:00:00.000,Go 3 (4+64),Main Location,4.0000,14150.0000,pcs,56600.0000,55751.0000,.0000
SI0001SI#001528,2026-06-14 00:00:00.000,Spark 50 (6+128),Main Location,1.0000,18870.0000,pcs,18870.0000,18586.9500,.0000
SI0001SI#001519,2026-06-12 00:00:00.000,Pova Slim,Main Location,2.0000,28300.0000,pcs,56600.0000,55751.0000,.0000
SI0001SI#001520,2026-06-12 00:00:00.000,Spark 50 (6+128),Main Location,10.0000,18870.0000,pcs,188700.0000,185869.5000,.0000
SI0001SI#001520,2026-06-12 00:00:00.000,Pova Slim,Main Location,1.0000,28300.0000,pcs,28300.0000,27875.5000,.0000
SI0001SI#001521,2026-06-12 00:00:00.000,Go 3 (4+64),Main Location,3.0000,14150.0000,pcs,42450.0000,41813.2500,.0000
SI0001SI#001522,2026-06-12 00:00:00.000,Spark 50 (6+128),Main Location,1.0000,18870.0000,pcs,18870.0000,18586.9500,.0000
SI0001SI#001523,2026-06-12 00:00:00.000,Spark 50 (6+128),Main Location,4.0000,18870.0000,pcs,75480.0000,75480.0000,.0000
SI0001SI#001514,2026-06-11 00:00:00.000,Pova Slim,Main Location,1.0000,28300.0000,pcs,28300.0000,27875.5000,.0000
SI0001SI#001514,2026-06-11 00:00:00.000,Spark 50 (6+128),Main Location,1.0000,18870.0000,pcs,18870.0000,18586.9500,.0000
SI0001SI#001514,2026-06-11 00:00:00.000,Go 3 (4+64),Main Location,1.0000,14150.0000,pcs,14150.0000,13937.7500,.0000
SI0001SI#001515,2026-06-11 00:00:00.000,Spark 50 (6+128),Main Location,1.0000,18870.0000,pcs,18870.0000,18586.9500,.0000
SI0001SI#001516,2026-06-11 00:00:00.000,Spark 50 (6+128),Main Location,8.0000,18870.0000,pcs,150960.0000,149450.4000,.0000
SI0001SI#001516,2026-06-11 00:00:00.000,Camon 50 (8+128),Main Location,4.0000,33020.0000,pcs,132080.0000,130759.2000,.0000
SI0001SI#001516,2026-06-11 00:00:00.000,Camon 50 (8+256),Main Location,1.0000,36800.0000,pcs,36800.0000,36432.0000,.0000
SI0001SI#001516,2026-06-11 00:00:00.000,Go 3 (4+64),Main Location,12.0000,14150.0000,pcs,169800.0000,168102.0000,.0000
SI0001SI#001516,2026-06-11 00:00:00.000,Spark 40 5G,Main Location,12.0000,16040.0000,pcs,192480.0000,190555.2000,.0000
SI0001SI#001516,2026-06-11 00:00:00.000,Go 3 (4+128),Main Location,12.0000,15570.0000,pcs,186840.0000,184971.6000,.0000
SI0001SI#001517,2026-06-11 00:00:00.000,Spark 50 (6+128),Main Location,3.0000,18870.0000,pcs,56610.0000,55760.8500,.0000
SI0001SI#001518,2026-06-11 00:00:00.000,Go 3 (4+64),Main Location,1.0000,14150.0000,pcs,14150.0000,14150.0000,.0000
SI0001SI#001508,2026-06-10 00:00:00.000,Spark 50 (6+128),Main Location,4.0000,18870.0000,pcs,75480.0000,74347.8000,.0000
SI0001SI#001509,2026-06-10 00:00:00.000,Spark 50 (6+128),Main Location,2.0000,18870.0000,pcs,37740.0000,37173.9000,.0000
SI0001SI#001509,2026-06-10 00:00:00.000,Go 3 (4+64),Main Location,1.0000,14150.0000,pcs,14150.0000,13937.7500,.0000
SI0001SI#001510,2026-06-10 00:00:00.000,Spark 50 (6+128),Main Location,15.0000,18393.0000,pcs,275895.0000,275895.0000,.0000
SI0001SI#001511,2026-06-10 00:00:00.000,Pova Slim,Main Location,1.0000,28300.0000,pcs,28300.0000,27875.5000,.0000
SI0001SI#001512,2026-06-10 00:00:00.000,Spark 50 (6+128),Main Location,5.0000,18870.0000,pcs,94350.0000,92934.7500,.0000
SI0001SI#001512,2026-06-10 00:00:00.000,Go 3 (4+64),Main Location,5.0000,14150.0000,pcs,70750.0000,69688.7500,.0000
SI0001SI#001513,2026-06-10 00:00:00.000,Spark 50 (6+128),Main Location,6.0000,18870.0000,pcs,113220.0000,111521.7000,.0000
SI0001SI#001506,2026-06-09 00:00:00.000,Go 3 (4+64),Main Location,3.0000,14150.0000,pcs,42450.0000,41813.2500,.0000
SI0001SI#001506,2026-06-09 00:00:00.000,Spark 50 (6+128),Main Location,1.0000,18870.0000,pcs,18870.0000,18586.9500,.0000
SI0001SI#001507,2026-06-09 00:00:00.000,Spark 50 (6+128),Main Location,1.0000,18870.0000,pcs,18870.0000,18870.0000,.0000
PI0001PI#000182,2026-06-09 00:00:00.000,Pova Slim,Main Location,10.0000,27594.0200,pcs,275940.2000,275940.2000,.0000
SI0001SI#001502,2026-06-08 00:00:00.000,Go 3 (4+64),Main Location,50.0000,13792.0000,pcs,689600.0000,689600.0000,.0000
SI0001SI#001503,2026-06-08 00:00:00.000,Spark 40 5G,Main Location,2.0000,16040.0000,pcs,32080.0000,32080.0000,.0000
SI0001SI#001503,2026-06-08 00:00:00.000,Spark 50 (6+128),Main Location,1.0000,18870.0000,pcs,18870.0000,18870.0000,.0000
SI0001SI#001503,2026-06-08 00:00:00.000,Go 3 (4+64),Main Location,2.0000,14150.0000,pcs,28300.0000,28300.0000,.0000
SI0001SI#001504,2026-06-08 00:00:00.000,Pova Slim,Main Location,1.0000,28300.0000,pcs,28300.0000,27875.5000,.0000
SI0001SI#001505,2026-06-08 00:00:00.000,Camon 50 Ultra (12+256),Main Location,1.0000,51900.0000,pcs,51900.0000,51121.5000,.0000
SI0001SI#001505,2026-06-08 00:00:00.000,Spark 50 (4+128),Main Location,2.0000,16510.0000,pcs,33020.0000,32524.7000,.0000
SI0001SI#001505,2026-06-08 00:00:00.000,Spark 50 (6+128),Main Location,1.0000,18870.0000,pcs,18870.0000,18586.9500,.0000
SI0001SI#001499,2026-06-07 00:00:00.000,Spark 50 (4+128),Main Location,1.0000,16510.0000,pcs,16510.0000,16262.3500,.0000
SI0001SI#001499,2026-06-07 00:00:00.000,Spark 50 (6+128),Main Location,3.0000,18870.0000,pcs,56610.0000,55760.8500,.0000
SI0001SI#001500,2026-06-07 00:00:00.000,Spark 50 (6+128),Main Location,1.0000,18870.0000,pcs,18870.0000,18586.9500,.0000
SI0001SI#001500,2026-06-07 00:00:00.000,Spark 50 (4+128),Main Location,3.0000,16510.0000,pcs,49530.0000,48787.0500,.0000
SI0001SI#001501,2026-06-07 00:00:00.000,Spark 50 (6+128),Main Location,120.0000,18393.0000,pcs,2207160.0000,2207160.0000,.0000
SI0001SI#001501,2026-06-07 00:00:00.000,Go 3 (4+64),Main Location,60.0000,13792.0000,pcs,827520.0000,827520.0000,.0000
SI0001SI#001501,2026-06-07 00:00:00.000,Go 3 (4+128),Main Location,40.0000,15185.0000,pcs,607400.0000,607400.0000,.0000
SI0001SI#001501,2026-06-07 00:00:00.000,Pova Slim,Main Location,10.0000,27594.0000,pcs,275940.0000,275940.0000,.0000
SI0001SI#001493,2026-06-06 00:00:00.000,Spark 50 (6+128),Main Location,3.0000,18870.0000,pcs,56610.0000,55760.8500,.0000
SI0001SI#001493,2026-06-06 00:00:00.000,Go 3 (4+64),Main Location,3.0000,14150.0000,pcs,42450.0000,41813.2500,.0000
SI0001SI#001493,2026-06-06 00:00:00.000,Spark 40 5G,Main Location,2.0000,16040.0000,pcs,32080.0000,31598.8000,.0000
SI0001SI#001494,2026-06-06 00:00:00.000,Go 3 (4+64),Main Location,5.0000,14150.0000,pcs,70750.0000,69688.7500,.0000
SI0001SI#001494,2026-06-06 00:00:00.000,Pova Slim,Main Location,5.0000,28300.0000,pcs,141500.0000,139377.5000,.0000
SI0001SI#001495,2026-06-06 00:00:00.000,Camon 50 Ultra (12+256),Main Location,1.0000,51900.0000,pcs,51900.0000,51121.5000,.0000
SI0001SI#001495,2026-06-06 00:00:00.000,Pova Slim,Main Location,1.0000,28300.0000,pcs,28300.0000,27875.5000,.0000
SI0001SI#001496,2026-06-06 00:00:00.000,Spark 50 (6+128),Main Location,2.0000,18870.0000,pcs,37740.0000,37173.9000,.0000
SI0001SI#001497,2026-06-06 00:00:00.000,Go 3 (4+64),Main Location,5.0000,14150.0000,pcs,70750.0000,69688.7500,.0000
SI0001SI#001497,2026-06-06 00:00:00.000,Go 3 (4+128),Main Location,2.0000,15570.0000,pcs,31140.0000,30672.9000,.0000
SI0001SI#001497,2026-06-06 00:00:00.000,Spark 50 (6+128),Main Location,5.0000,18870.0000,pcs,94350.0000,92934.7500,.0000
SI0001SI#001498,2026-06-06 00:00:00.000,Spark 50 (6+128),Main Location,2.0000,18870.0000,pcs,37740.0000,37740.0000,.0000
SI0001SI#001492,2026-06-05 00:00:00.000,Pova Slim,Main Location,5.0000,28300.0000,pcs,141500.0000,139377.5000,.0000
SI0001SI#001492,2026-06-05 00:00:00.000,Spark 50 (6+128),Main Location,3.0000,18870.0000,pcs,56610.0000,55760.8500,.0000
SI0001SI#001492,2026-06-05 00:00:00.000,Spark 50 (4+128),Main Location,3.0000,16510.0000,pcs,49530.0000,48787.0500,.0000
SI0001SI#001490,2026-05-26 00:00:00.000,Go 3 (4+64),Main Location,1.0000,14150.0000,pcs,14150.0000,14150.0000,.0000
SI0001SI#001491,2026-05-26 00:00:00.000,Go 3 (4+64),Main Location,5.0000,14150.0000,pcs,70750.0000,69688.7500,.0000
SI0001SI#001477,2026-05-26 00:00:00.000,Go 3 (4+64),Main Location,2.0000,14510.0000,pcs,29020.0000,28584.7000,.0000
SI0001SI#001474,2026-05-25 00:00:00.000,Spark 50 (6+128),Main Location,2.0000,18870.0000,pcs,37740.0000,37173.9000,.0000
SI0001SI#001475,2026-05-25 00:00:00.000,Go 3 (4+64),Main Location,2.0000,14150.0000,pcs,28300.0000,27875.5000,.0000
SI0001SI#001475,2026-05-25 00:00:00.000,Go 3 (4+128),Main Location,1.0000,15570.0000,pcs,15570.0000,15336.4500,.0000
SI0001SI#001475,2026-05-25 00:00:00.000,Spark 50 (6+128),Main Location,6.0000,18870.0000,pcs,113220.0000,111521.7000,.0000
SI0001SI#001475,2026-05-25 00:00:00.000,Camon 50 (8+128),Main Location,1.0000,33020.0000,pcs,33020.0000,32524.7000,.0000
SI0001SI#001476,2026-05-25 00:00:00.000,Camon 50 (8+128),Main Location,1.0000,33020.0000,pcs,33020.0000,32524.7000,.0000
SI0001SI#001476,2026-05-25 00:00:00.000,Pova Slim,Main Location,2.0000,28300.0000,pcs,56600.0000,55751.0000,.0000
SI0001SI#001476,2026-05-25 00:00:00.000,Spark 50 5G (6+128),Main Location,5.0000,22640.0000,pcs,113200.0000,111502.0000,.0000
SI0001SI#001476,2026-05-25 00:00:00.000,Spark 50 (4+128),Main Location,2.0000,16510.0000,pcs,33020.0000,32524.7000,.0000
SI0001SI#001476,2026-05-25 00:00:00.000,Spark 50 (6+128),Main Location,2.0000,18870.0000,pcs,37740.0000,37173.9000,.0000
PI0001PI#000181,2026-05-25 00:00:00.000,Go 3 (4+64),Main Location,601.0000,13792.0000,pcs,8288992.0000,8288992.0000,.0000
PI0001PI#000181,2026-05-25 00:00:00.000,Spark 50 (6+128),Main Location,342.0000,18392.6700,pcs,6290293.1400,6290293.1400,.0000
PI0001PI#000180,2026-05-24 00:00:00.000,Spark 50 (4+128),Main Location,10.0000,16097.3400,pcs,160973.4000,160973.4000,.0000
PI0001PI#000180,2026-05-24 00:00:00.000,Spark 50 (6+128),Main Location,100.0000,18392.6700,pcs,1839267.0000,1839267.0000,.0000
SI0001SI#001473,2026-05-24 00:00:00.000,Pova Curve 2,Main Location,1.0000,34910.0000,pcs,34910.0000,34386.3500,.0000
SI0001SI#001473,2026-05-24 00:00:00.000,Spark 50 (6+128),Main Location,2.0000,18870.0000,pcs,37740.0000,37173.9000,.0000
SI0001SI#001473,2026-05-24 00:00:00.000,Spark 50 (4+128),Main Location,1.0000,16510.0000,pcs,16510.0000,16262.3500,.0000
SI0001SI#001473,2026-05-24 00:00:00.000,Camon 50 (8+128),Main Location,1.0000,33020.0000,pcs,33020.0000,32524.7000,.0000
SI0001SI#001473,2026-05-24 00:00:00.000,Pova Slim,Main Location,1.0000,28300.0000,pcs,28300.0000,27875.5000,.0000
SI0001SI#001488,2026-05-24 00:00:00.000,Go 3 (4+128),Main Location,60.0000,14400.0000,pcs,864000.0000,864000.0000,.0000
SI0001SI#001488,2026-05-24 00:00:00.000,Camon 50 (8+128),Main Location,30.0000,29400.0000,pcs,882000.0000,882000.0000,.0000
SI0001SI#001489,2026-05-23 00:00:00.000,Spark 50 (6+128),Main Location,50.0000,18392.0000,pcs,919600.0000,919600.0000,.0000
SI0001SI#001486,2026-05-23 00:00:00.000,Spark 50 (6+128),Main Location,26.0000,18393.0000,pcs,478218.0000,478218.0000,.0000
SI0001SI#001486,2026-05-23 00:00:00.000,Spark 50 5G (6+128),Main Location,4.0000,22071.0000,pcs,88284.0000,88284.0000,.0000
SI0001SI#001470,2026-05-23 00:00:00.000,Spark 50 (6+128),Main Location,2.0000,18870.0000,pcs,37740.0000,37173.9000,.0000
SI0001SI#001470,2026-05-23 00:00:00.000,Spark 50 5G (6+128),Main Location,2.0000,22640.0000,pcs,45280.0000,44600.8000,.0000
SI0001SI#001471,2026-05-23 00:00:00.000,Pova Curve 2,Main Location,1.0000,34910.0000,pcs,34910.0000,34910.0000,.0000
SI0001SI#001471,2026-05-23 00:00:00.000,Spark 50 (6+128),Main Location,2.0000,18870.0000,pcs,37740.0000,37740.0000,.0000
SI0001SI#001471,2026-05-23 00:00:00.000,Spark 50 5G (6+128),Main Location,1.0000,22640.0000,pcs,22640.0000,22640.0000,.0000
SI0001SI#001461,2026-05-22 00:00:00.000,Pova Slim,Main Location,2.0000,28300.0000,pcs,56600.0000,55751.0000,.0000
SI0001SI#001461,2026-05-22 00:00:00.000,Camon 50 (8+128),Main Location,2.0000,33020.0000,pcs,66040.0000,65049.4000,.0000
SI0001SI#001461,2026-05-22 00:00:00.000,Spark 50 (6+128),Main Location,2.0000,18870.0000,pcs,37740.0000,37173.9000,.0000
SI0001SI#001461,2026-05-22 00:00:00.000,Go 3 (4+64),Main Location,2.0000,14150.0000,pcs,28300.0000,27875.5000,.0000
SI0001SI#001462,2026-05-22 00:00:00.000,Spark 50 (4+128),Main Location,2.0000,16510.0000,pcs,33020.0000,32524.7000,.0000
SI0001SI#001462,2026-05-22 00:00:00.000,Spark 50 (6+128),Main Location,2.0000,18870.0000,pcs,37740.0000,37173.9000,.0000
SI0001SI#001463,2026-05-22 00:00:00.000,Spark 50 5G (6+128),Main Location,2.0000,22640.0000,pcs,45280.0000,44600.8000,.0000
SI0001SI#001463,2026-05-22 00:00:00.000,Pova Slim,Main Location,3.0000,28300.0000,pcs,84900.0000,83626.5000,.0000
SI0001SI#001464,2026-05-22 00:00:00.000,Spark 50 (6+128),Main Location,10.0000,18393.0000,pcs,183930.0000,183930.0000,.0000
SI0001SI#001465,2026-05-22 00:00:00.000,Camon 50 Ultra (12+256),Main Location,1.0000,52900.0000,pcs,52900.0000,52106.5000,.0000
SI0001SI#001466,2026-05-22 00:00:00.000,Spark 40(8+256),Main Location,4.0000,18880.0000,pcs,75520.0000,74387.2000,.0000
SI0001SI#001467,2026-05-22 00:00:00.000,Spark 40(8+256),Main Location,10.0000,18880.0000,pcs,188800.0000,185968.0000,.0000
SI0001SI#001468,2026-05-22 00:00:00.000,Spark 50 (6+128),Main Location,2.0000,18870.0000,pcs,37740.0000,37173.9000,.0000
SI0001SI#001469,2026-05-22 00:00:00.000,Spark 50 (6+128),Main Location,2.0000,18393.0000,pcs,36786.0000,36786.0000,.0000
SI0001SI#001460,2026-05-21 00:00:00.000,Pova Curve 2,Main Location,1.0000,37740.0000,pcs,37740.0000,37173.9000,.0000
SI0001SI#001487,2026-05-21 00:00:00.000,Go 3 (4+64),Main Location,100.0000,12400.0000,pcs,1240000.0000,1240000.0000,.0000
SI0001SI#001487,2026-05-21 00:00:00.000,Camon 50 (8+128),Main Location,10.0000,29400.0000,pcs,294000.0000,294000.0000,.0000
PI0001PI#000179,2026-05-21 00:00:00.000,Spark 50 (6+128),Main Location,54.0000,18392.6700,pcs,993204.1800,993204.1800,.0000
PI0001PI#000178,2026-05-20 00:00:00.000,Spark 50 (6+128),Main Location,50.0000,18392.6700,pcs,919633.5000,919633.5000,.0000
SI0001SI#001456,2026-05-20 00:00:00.000,Spark 40 5G,Main Location,2.0000,16040.0000,pcs,32080.0000,31598.8000,.0000
SI0001SI#001456,2026-05-20 00:00:00.000,Spark 50 5G (6+128),Main Location,1.0000,22640.0000,pcs,22640.0000,22300.4000,.0000
SI0001SI#001456,2026-05-20 00:00:00.000,Spark 50 (6+128),Main Location,2.0000,18870.0000,pcs,37740.0000,37173.9000,.0000
SI0001SI#001456,2026-05-20 00:00:00.000,Spark 50 (4+128),Main Location,2.0000,16510.0000,pcs,33020.0000,32524.7000,.0000
SI0001SI#001456,2026-05-20 00:00:00.000,Camon 50 (8+128),Main Location,1.0000,33020.0000,pcs,33020.0000,32524.7000,.0000
SI0001SI#001457,2026-05-20 00:00:00.000,Spark 50 (6+128),Main Location,1.0000,18870.0000,pcs,18870.0000,18586.9500,.0000
SI0001SI#001457,2026-05-20 00:00:00.000,Camon 50 Ultra (8+256),Main Location,1.0000,43250.0000,pcs,43250.0000,42601.2500,.0000
SI0001SI#001457,2026-05-20 00:00:00.000,Camon 50 (8+128),Main Location,1.0000,33020.0000,pcs,33020.0000,32524.7000,.0000
SI0001SI#001457,2026-05-20 00:00:00.000,Pova Curve 2,Main Location,1.0000,34910.0000,pcs,34910.0000,34386.3500,.0000
SI0001SI#001457,2026-05-20 00:00:00.000,Pova Slim,Main Location,1.0000,28300.0000,pcs,28300.0000,27875.5000,.0000
SI0001SI#001458,2026-05-20 00:00:00.000,Go 3 (4+64),Main Location,5.0000,14150.0000,pcs,70750.0000,69688.7500,.0000
SI0001SI#001458,2026-05-20 00:00:00.000,Spark 50 (6+128),Main Location,2.0000,18870.0000,pcs,37740.0000,37173.9000,.0000
SI0001SI#001459,2026-05-20 00:00:00.000,Camon 50 Ultra (8+256),Main Location,1.0000,44350.0000,pcs,44350.0000,43684.7500,.0000
SI0001SI#001449,2026-05-19 00:00:00.000,Pova Slim,Main Location,2.0000,28300.0000,pcs,56600.0000,55751.0000,.0000
SI0001SI#001450,2026-05-19 00:00:00.000,Spark 50 (6+128),Main Location,2.0000,18393.0000,pcs,36786.0000,36786.0000,.0000
SI0001SI#001451,2026-05-19 00:00:00.000,Go 3 (4+128),Main Location,2.0000,15570.0000,pcs,31140.0000,30672.9000,.0000
SI0001SI#001451,2026-05-19 00:00:00.000,Spark 50 (6+128),Main Location,1.0000,18870.0000,pcs,18870.0000,18586.9500,.0000
SI0001SI#001452,2026-05-19 00:00:00.000,Go 3 (4+64),Main Location,3.0000,14150.0000,pcs,42450.0000,41813.2500,.0000
SI0001SI#001453,2026-05-19 00:00:00.000,Go 3 (4+64),Main Location,3.0000,14150.0000,pcs,42450.0000,41813.2500,.0000
SI0001SI#001454,2026-05-19 00:00:00.000,Spark 50 (6+128),Main Location,2.0000,18870.0000,pcs,37740.0000,37173.9000,.0000
SI0001SI#001454,2026-05-19 00:00:00.000,Spark 50 (4+128),Main Location,2.0000,16510.0000,pcs,33020.0000,32524.7000,.0000
SI0001SI#001454,2026-05-19 00:00:00.000,Pova Curve 2 (8+128),Main Location,1.0000,34910.0000,pcs,34910.0000,34386.3500,.0000
SI0001SI#001455,2026-05-19 00:00:00.000,Pova Slim,Main Location,6.0000,28300.0000,pcs,169800.0000,167253.0000,.0000
SI0001SI#001455,2026-05-19 00:00:00.000,GO1 4+128,Main Location,1.0000,12500.0000,pcs,12500.0000,12312.5000,.0000
PI0001PI#000176,2026-05-19 00:00:00.000,Pova Slim,Main Location,10.0000,27594.0200,pcs,275940.2000,275940.2000,.0000
PI0001PI#000177,2026-05-19 00:00:00.000,Pova Slim,Main Location,30.0000,27594.0200,pcs,827820.6000,827820.6000,.0000
SI0001SI#001448,2026-05-18 00:00:00.000,Spark 50 (6+128),Main Location,12.0000,18393.0000,pcs,220716.0000,220716.0000,.0000
SI0001SI#001440,2026-05-17 00:00:00.000,Go 3 (4+64),Main Location,1.0000,14150.0000,pcs,14150.0000,13937.7500,.0000
SI0001SI#001442,2026-05-17 00:00:00.000,Camon 50 (8+128),Main Location,2.0000,33020.0000,pcs,66040.0000,65049.4000,.0000
SI0001SI#001442,2026-05-17 00:00:00.000,Spark 50 (4+128),Main Location,2.0000,16510.0000,pcs,33020.0000,32524.7000,.0000
SI0001SI#001443,2026-05-17 00:00:00.000,Camon 50 (8+128),Main Location,1.0000,33020.0000,pcs,33020.0000,32524.7000,.0000
SI0001SI#001444,2026-05-17 00:00:00.000,Spark 50 (6+128),Main Location,1.0000,18870.0000,pcs,18870.0000,18586.9500,.0000
SI0001SI#001445,2026-05-17 00:00:00.000,Camon 50 (8+256),Main Location,2.0000,35883.0000,pcs,71766.0000,71766.0000,.0000
SI0001SI#001445,2026-05-17 00:00:00.000,Spark 50 5G (6+128),Main Location,5.0000,22071.0000,pcs,110355.0000,110355.0000,.0000
SI0001SI#001445,2026-05-17 00:00:00.000,Spark 50 (4+128),Main Location,5.0000,16097.0000,pcs,80485.0000,80485.0000,.0000
SR0001SR#000024,2026-05-17 00:00:00.000,GO1 4+128,Main Location,1.0000,11845.0000,pcs,11845.0000,11845.0000,.0000
PI0001PI#000175,2026-05-17 00:00:00.000,Go 3 (4+64),Main Location,100.0000,13792.0000,pcs,1379200.0000,1379200.0000,.0000
PI0001PI#000175,2026-05-17 00:00:00.000,Spark 50 (6+128),Main Location,100.0000,18392.6700,pcs,1839267.0000,1839267.0000,.0000
SI0001SI#001441,2026-05-16 00:00:00.000,Camon 50 Ultra (8+256),Main Location,1.0000,44350.0000,pcs,44350.0000,43684.7500,.0000
SI0001SI#001441,2026-05-16 00:00:00.000,Spark 50 (6+128),Main Location,3.0000,18870.0000,pcs,56610.0000,55760.8500,.0000
SI0001SI#001441,2026-05-16 00:00:00.000,Spark 50 (4+128),Main Location,2.0000,16510.0000,pcs,33020.0000,32524.7000,.0000
SI0001SI#001441,2026-05-16 00:00:00.000,Spark40 (6+128),Main Location,1.0000,16050.0000,pcs,16050.0000,15809.2500,.0000
SI0001SI#001441,2026-05-16 00:00:00.000,Spark 40(8+256),Main Location,1.0000,16050.0000,pcs,16050.0000,15809.2500,.0000
SI0001SI#001441,2026-05-16 00:00:00.000,Camon 50 (8+128),Main Location,2.0000,33020.0000,pcs,66040.0000,65049.4000,.0000
SI0001SI#001439,2026-05-16 00:00:00.000,Camon 50 (8+128),Main Location,1.0000,33020.0000,pcs,33020.0000,32524.7000,.0000
SI0001SI#001439,2026-05-16 00:00:00.000,Spark 50 (6+128),Main Location,2.0000,18870.0000,pcs,37740.0000,37173.9000,.0000
SI0001SI#001439,2026-05-16 00:00:00.000,Spark 50 (4+128),Main Location,1.0000,16510.0000,pcs,16510.0000,16262.3500,.0000
SI0001SI#001437,2026-05-15 00:00:00.000,Go 3 (4+64),Main Location,2.0000,13792.0000,pcs,27584.0000,27584.0000,.0000
SI0001SI#001438,2026-05-15 00:00:00.000,Spark 50 (6+128),Main Location,1.0000,18870.0000,pcs,18870.0000,18586.9500,.0000
SI0001SI#001485,2026-05-15 00:00:00.000,Spark 50 (6+128),Main Location,50.0000,18393.0000,pcs,919650.0000,919650.0000,.0000
SI0001SI#001435,2026-05-14 00:00:00.000,Spark 50 5G (6+128),Main Location,1.0000,22640.0000,pcs,22640.0000,22300.4000,.0000
SI0001SI#001436,2026-05-14 00:00:00.000,Go 3 (4+64),Main Location,20.0000,13792.0000,pcs,275840.0000,275840.0000,.0000
SI0001SI#001446,2026-05-14 00:00:00.000,Spark 50 5G (6+128),Main Location,2.0000,22640.0000,pcs,45280.0000,44600.8000,.0000
SI0001SI#001446,2026-05-14 00:00:00.000,Spark 50 (6+128),Main Location,2.0000,18870.0000,pcs,37740.0000,37173.9000,.0000
SI0001SI#001446,2026-05-14 00:00:00.000,Spark 50 (4+128),Main Location,1.0000,16510.0000,pcs,16510.0000,16262.3500,.0000
SI0001SI#001447,2026-05-14 00:00:00.000,Camon 50 (8+128),Main Location,2.0000,33020.0000,pcs,66040.0000,65049.4000,.0000
SI0001SI#001447,2026-05-14 00:00:00.000,Camon 50 Ultra (8+256),Main Location,1.0000,43250.0000,pcs,43250.0000,42601.2500,.0000
PI0001PI#000174,2026-05-14 00:00:00.000,Camon 50 Ultra (8+256),Main Location,2.0000,39551.7700,pcs,79103.5400,79103.5400,.0000
PI0001PI#000174,2026-05-14 00:00:00.000,Camon 50 Ultra (12+256),Main Location,8.0000,45986.7000,pcs,367893.6000,367893.6000,.0000
PI0001PI#000173,2026-05-13 00:00:00.000,Spark 50 (4+128),Main Location,10.0000,16097.3400,pcs,160973.4000,160973.4000,.0000
PI0001PI#000173,2026-05-13 00:00:00.000,Spark 50 (6+128),Main Location,100.0000,18392.6700,pcs,1839267.0000,1839267.0000,.0000
SI0001SI#001483,2026-05-13 00:00:00.000,Pova Carve,Main Location,8.0000,31150.0000,pcs,249200.0000,245462.0000,.0000
SI0001SI#001484,2026-05-13 00:00:00.000,Spark 40 5G,Main Location,4.0000,16040.0000,pcs,64160.0000,63197.6000,.0000
SI0001SI#001428,2026-05-13 00:00:00.000,Pova Carve,Main Location,1.0000,31150.0000,pcs,31150.0000,30682.7500,.0000
SI0001SI#001428,2026-05-13 00:00:00.000,Camon 50 Ultra (8+256),Main Location,1.0000,44350.0000,pcs,44350.0000,43684.7500,.0000
SI0001SI#001428,2026-05-13 00:00:00.000,Camon 50 Ultra (12+256),Main Location,1.0000,51900.0000,pcs,51900.0000,51121.5000,.0000
SI0001SI#001428,2026-05-13 00:00:00.000,Spark 50 (6+128),Main Location,2.0000,18870.0000,pcs,37740.0000,37173.9000,.0000
SI0001SI#001428,2026-05-13 00:00:00.000,Spark 50 5G (6+128),Main Location,2.0000,22640.0000,pcs,45280.0000,44600.8000,.0000
SI0001SI#001428,2026-05-13 00:00:00.000,Camon 50 (8+128),Main Location,2.0000,33020.0000,pcs,66040.0000,65049.4000,.0000
SI0001SI#001428,2026-05-13 00:00:00.000,Spark 50 (4+128),Main Location,2.0000,16510.0000,pcs,33020.0000,32524.7000,.0000
SI0001SI#001429,2026-05-13 00:00:00.000,Spark 50 (6+128),Main Location,1.0000,18870.0000,pcs,18870.0000,18586.9500,.0000
SI0001SI#001429,2026-05-13 00:00:00.000,Spark 50 5G (6+128),Main Location,2.0000,22640.0000,pcs,45280.0000,44600.8000,.0000
SI0001SI#001430,2026-05-13 00:00:00.000,GO1 4+128,Main Location,3.0000,11845.0000,pcs,35535.0000,34824.3000,.0000
SI0001SI#001431,2026-05-13 00:00:00.000,Spark 50 (6+128),Main Location,1.0000,18870.0000,pcs,18870.0000,18586.9500,.0000
SI0001SI#001431,2026-05-13 00:00:00.000,Spark 50 (4+128),Main Location,1.0000,16510.0000,pcs,16510.0000,16262.3500,.0000
SI0001SI#001431,2026-05-13 00:00:00.000,Go 3 (4+128),Main Location,2.0000,15570.0000,pcs,31140.0000,30672.9000,.0000
SI0001SI#001432,2026-05-13 00:00:00.000,Spark 50 (6+128),Main Location,3.0000,18870.0000,pcs,56610.0000,55760.8500,.0000
SI0001SI#001432,2026-05-13 00:00:00.000,Go 3 (4+64),Main Location,2.0000,14150.0000,pcs,28300.0000,27875.5000,.0000
SI0001SI#001433,2026-05-13 00:00:00.000,Pova Curve 2,Main Location,1.0000,34910.0000,pcs,34910.0000,34386.3500,.0000
SI0001SI#001433,2026-05-13 00:00:00.000,Spark 50 5G (6+128),Main Location,2.0000,22640.0000,pcs,45280.0000,44600.8000,.0000
SI0001SI#001434,2026-05-13 00:00:00.000,Spark 40(8+256),Main Location,2.0000,18880.0000,pcs,37760.0000,37193.6000,.0000
SI0001SI#001434,2026-05-13 00:00:00.000,Spark 50 (6+128),Main Location,1.0000,18870.0000,pcs,18870.0000,18586.9500,.0000
SI0001SI#001434,2026-05-13 00:00:00.000,Spark 40 5G,Main Location,4.0000,16040.0000,pcs,64160.0000,63197.6000,.0000
SI0001SI#001425,2026-05-12 00:00:00.000,Camon 50 Ultra (8+256),Main Location,1.0000,44350.0000,pcs,44350.0000,43684.7500,.0000
SI0001SI#001426,2026-05-12 00:00:00.000,Spark 50 (4+128),Main Location,2.0000,16510.0000,pcs,33020.0000,32524.7000,.0000
SI0001SI#001427,2026-05-12 00:00:00.000,Pova Carve,Main Location,4.0000,33020.0000,pcs,132080.0000,130098.8000,.0000
SI0001SI#001427,2026-05-12 00:00:00.000,Camon40 Pro,Main Location,2.0000,26410.0000,pcs,52820.0000,52027.7000,.0000
SI0001SI#001427,2026-05-12 00:00:00.000,Camon 50 Ultra (12+256),Main Location,2.0000,51900.0000,pcs,103800.0000,102243.0000,.0000
SI0001SI#001427,2026-05-12 00:00:00.000,Camon 50 Ultra (8+256),Main Location,3.0000,44350.0000,pcs,133050.0000,131054.2500,.0000
SI0001SI#001482,2026-05-12 00:00:00.000,Camon 50 (8+128),Main Location,50.0000,29450.0000,pcs,1472500.0000,1472500.0000,.0000
SI0001SI#001482,2026-05-12 00:00:00.000,Go 3 (4+128),Main Location,50.0000,14300.0000,pcs,715000.0000,715000.0000,.0000
SI0001SI#001421,2026-05-11 00:00:00.000,Spark 50 (6+128),Main Location,1.0000,18870.0000,pcs,18870.0000,18586.9500,.0000
SI0001SI#001421,2026-05-11 00:00:00.000,Spark 50 (4+128),Main Location,1.0000,16510.0000,pcs,16510.0000,16262.3500,.0000
SI0001SI#001422,2026-05-11 00:00:00.000,Camon 50 (8+256),Main Location,1.0000,36800.0000,pcs,36800.0000,36304.7000,.0000
SI0001SI#001422,2026-05-11 00:00:00.000,Camon 50 (8+128),Main Location,2.0000,33020.0000,pcs,66040.0000,65049.4000,.0000
SI0001SI#001422,2026-05-11 00:00:00.000,Pova Carve,Main Location,1.0000,31150.0000,pcs,31150.0000,30682.7500,.0000
SI0001SI#001422,2026-05-11 00:00:00.000,Spark40 (6+128),Main Location,2.0000,16050.0000,pcs,32100.0000,31618.5000,.0000
SI0001SI#001422,2026-05-11 00:00:00.000,Spark 50 (6+128),Main Location,2.0000,18870.0000,pcs,37740.0000,37173.9000,.0000
SI0001SI#001423,2026-05-11 00:00:00.000,GO1 4+128,Main Location,4.0000,11845.0000,pcs,47380.0000,46432.4000,.0000
SI0001SI#001424,2026-05-11 00:00:00.000,GO1 3+64,Main Location,1.0000,9480.0000,pcs,9480.0000,9294.5600,.0000
SI0001SI#001424,2026-05-11 00:00:00.000,GO1 4+64,Main Location,4.0000,10425.0000,pcs,41700.0000,40866.0000,.0000
SI0001SI#001424,2026-05-11 00:00:00.000,GO1 4+128,Main Location,10.0000,11845.0000,pcs,118450.0000,116081.0000,.0000
PI0001PI#000172,2026-05-11 00:00:00.000,Spark 50 (4+128),Main Location,5.0000,16097.3400,pcs,80486.7000,80486.7000,.0000
PI0001PI#000172,2026-05-11 00:00:00.000,Spark 50 (6+128),Main Location,76.0000,18392.6700,pcs,1397842.9200,1397842.9200,.0000
PI0001PI#000172,2026-05-11 00:00:00.000,Camon 50 Ultra (8+256),Main Location,7.0000,39551.7700,pcs,276862.3900,276862.3900,.0000
PI0001PI#000172,2026-05-11 00:00:00.000,Camon 50 Ultra (12+256),Main Location,3.0000,45986.7000,pcs,137960.1000,137960.1000,.0000
SI0001SI#001419,2026-05-10 00:00:00.000,Go 3 (4+64),Main Location,2.0000,14150.0000,pcs,28300.0000,27875.5000,.0000
SI0001SI#001419,2026-05-10 00:00:00.000,Go 3 (4+128),Main Location,1.0000,15570.0000,pcs,15570.0000,15336.4500,.0000
SI0001SI#001419,2026-05-10 00:00:00.000,Spark 50 (6+128),Main Location,2.0000,18870.0000,pcs,37740.0000,37173.9000,.0000
SI0001SI#001419,2026-05-10 00:00:00.000,Pova Carve,Main Location,1.0000,31150.0000,pcs,31150.0000,30682.7500,.0000
SI0001SI#001420,2026-05-10 00:00:00.000,Go 3 (4+64),Main Location,1.0000,14150.0000,pcs,14150.0000,13937.7500,.0000
SI0001SI#001420,2026-05-10 00:00:00.000,Spark 50 (4+128),Main Location,1.0000,16510.0000,pcs,16510.0000,16262.3500,.0000
SI0001SI#001420,2026-05-10 00:00:00.000,Pova Carve,Main Location,1.0000,31150.0000,pcs,31150.0000,30682.7500,.0000
SI0001SI#001481,2026-05-10 00:00:00.000,Go 3 (4+64),Main Location,60.0000,12440.0000,pcs,746400.0000,746400.0000,.0000
SI0001SI#001480,2026-05-09 00:00:00.000,Go 3 (4+64),Main Location,40.0000,12440.0000,pcs,497600.0000,497600.0000,.0000
SI0001SI#001480,2026-05-09 00:00:00.000,Camon 50 (8+128),Main Location,30.0000,29050.0000,pcs,871500.0000,871500.0000,.0000
SI0001SI#001415,2026-05-09 00:00:00.000,Pova Carve,Main Location,2.0000,31150.0000,pcs,62300.0000,61365.5000,.0000
SI0001SI#001415,2026-05-09 00:00:00.000,Spark 50 (4+128),Main Location,3.0000,16510.0000,pcs,49530.0000,48787.0500,.0000
SI0001SI#001416,2026-05-09 00:00:00.000,Spark 50 (4+128),Main Location,1.0000,16510.0000,pcs,16510.0000,16262.3500,.0000
SI0001SI#001417,2026-05-09 00:00:00.000,Spark 50 (4+128),Main Location,1.0000,16510.0000,pcs,16510.0000,16262.3500,.0000
SI0001SI#001417,2026-05-09 00:00:00.000,Spark 50 5G (6+128),Main Location,2.0000,22640.0000,pcs,45280.0000,44600.8000,.0000
SI0001SI#001417,2026-05-09 00:00:00.000,Pova Carve,Main Location,1.0000,31150.0000,pcs,31150.0000,30682.7500,.0000
SI0001SI#001418,2026-05-08 00:00:00.000,GO1 4+128,Main Location,5.0000,11845.0000,pcs,59225.0000,58336.6200,.0000
SI0001SI#001407,2026-05-08 00:00:00.000,Pova Carve,Main Location,1.0000,31150.0000,pcs,31150.0000,30682.7500,.0000
SI0001SI#001407,2026-05-08 00:00:00.000,Go 3 (4+64),Main Location,2.0000,14150.0000,pcs,28300.0000,27875.5000,.0000
SI0001SI#001407,2026-05-08 00:00:00.000,Spark 50 (6+128),Main Location,2.0000,18870.0000,pcs,37740.0000,37173.9000,.0000
SI0001SI#001407,2026-05-08 00:00:00.000,Spark 50 5G (6+128),Main Location,1.0000,22640.0000,pcs,22640.0000,22300.4000,.0000
SI0001SI#001408,2026-05-08 00:00:00.000,Pova Carve,Main Location,1.0000,31150.0000,pcs,31150.0000,30682.7500,.0000
SI0001SI#001408,2026-05-08 00:00:00.000,Spark 50 (6+128),Main Location,1.0000,18870.0000,pcs,18870.0000,18586.9500,.0000
SI0001SI#001409,2026-05-08 00:00:00.000,Spark 40(8+256),Main Location,1.0000,18880.0000,pcs,18880.0000,18596.8000,.0000
SI0001SI#001409,2026-05-08 00:00:00.000,Spark40 (6+128),Main Location,1.0000,16050.0000,pcs,16050.0000,15809.2500,.0000
SI0001SI#001409,2026-05-08 00:00:00.000,Spark 50 5G (6+128),Main Location,1.0000,22640.0000,pcs,22640.0000,22300.4000,.0000
SI0001SI#001409,2026-05-08 00:00:00.000,Camon 50 (8+128),Main Location,2.0000,33020.0000,pcs,66040.0000,65049.4000,.0000
SI0001SI#001409,2026-05-08 00:00:00.000,Pova Curve 2,Main Location,1.0000,34910.0000,pcs,34910.0000,34386.3500,.0000
SI0001SI#001409,2026-05-08 00:00:00.000,Spark 50 (6+128),Main Location,1.0000,19999.0000,pcs,19999.0000,19699.0200,.0000
SI0001SI#001409,2026-05-08 00:00:00.000,Go 3 (4+128),Main Location,1.0000,16499.0000,pcs,16499.0000,16251.5200,.0000
SI0001SI#001410,2026-05-08 00:00:00.000,Go 3 (4+64),Main Location,8.0000,13792.0000,pcs,110336.0000,110336.0000,.0000
SI0001SI#001410,2026-05-08 00:00:00.000,Go 3 (4+128),Main Location,10.0000,15185.0000,pcs,151850.0000,151850.0000,.0000
SI0001SI#001410,2026-05-08 00:00:00.000,Camon 50 (8+128),Main Location,2.0000,32195.0000,pcs,64390.0000,64390.0000,.0000
SI0001SI#001410,2026-05-08 00:00:00.000,Camon 50 (8+256),Main Location,2.0000,35883.0000,pcs,71766.0000,71766.0000,.0000
SI0001SI#001410,2026-05-08 00:00:00.000,Spark 50 (6+128),Main Location,10.0000,18393.0000,pcs,183930.0000,183930.0000,.0000
SI0001SI#001411,2026-05-08 00:00:00.000,Go 3 (4+64),Main Location,1.0000,14150.0000,pcs,14150.0000,13937.7500,.0000
SI0001SI#001411,2026-05-08 00:00:00.000,Spark 50 (6+128),Main Location,1.0000,18870.0000,pcs,18870.0000,18586.9500,.0000
SI0001SI#001411,2026-05-08 00:00:00.000,Pova Carve,Main Location,1.0000,31150.0000,pcs,31150.0000,30682.7500,.0000
SI0001SI#001411,2026-05-08 00:00:00.000,Camon 50 (8+128),Main Location,1.0000,33020.0000,pcs,33020.0000,32524.7000,.0000
SI0001SI#001412,2026-05-08 00:00:00.000,Spark40 (6+128),Main Location,10.0000,16050.0000,pcs,160500.0000,158092.5000,.0000
SI0001SI#001413,2026-05-08 00:00:00.000,Spark40 (6+128),Main Location,2.0000,16050.0000,pcs,32100.0000,32100.0000,.0000
SI0001SI#001413,2026-05-08 00:00:00.000,Spark 40(8+256),Main Location,2.0000,18880.0000,pcs,37760.0000,37760.0000,.0000
SI0001SI#001413,2026-05-08 00:00:00.000,Spark 50 (6+128),Main Location,1.0000,18870.0000,pcs,18870.0000,18870.0000,.0000
SI0001SI#001414,2026-05-08 00:00:00.000,Spark 40(8+256),Main Location,10.0000,18880.0000,pcs,188800.0000,185968.0000,.0000
SI0001SI#001479,2026-05-08 00:00:00.000,Go 3 (4+64),Main Location,20.0000,12440.0000,pcs,248800.0000,248800.0000,.0000
SI0001SI#001478,2026-05-07 00:00:00.000,Go 3 (4+64),Main Location,80.0000,12440.0000,pcs,995200.0000,995200.0000,.0000
SI0001SI#001403,2026-05-07 00:00:00.000,Spark 50 (6+128),Main Location,1.0000,18870.0000,pcs,18870.0000,18586.9500,.0000
SI0001SI#001404,2026-05-07 00:00:00.000,Pova Carve,Main Location,2.0000,31150.0000,pcs,62300.0000,61252.7000,.0000
SI0001SI#001404,2026-05-07 00:00:00.000,Camon 50 (8+128),Main Location,1.0000,33020.0000,pcs,33020.0000,32524.7000,.0000
SI0001SI#001405,2026-05-07 00:00:00.000,Spark40 (6+128),Main Location,2.0000,16050.0000,pcs,32100.0000,31618.5000,.0000
SI0001SI#001405,2026-05-07 00:00:00.000,Spark 50 (6+128),Main Location,3.0000,18870.0000,pcs,56610.0000,55760.8500,.0000
SI0001SI#001406,2026-05-07 00:00:00.000,Pova Carve,Main Location,3.0000,31150.0000,pcs,93450.0000,92048.2500,.0000
PI0001PI#000171,2026-05-07 00:00:00.000,Spark 50 (4+128),Main Location,15.0000,16097.3400,pcs,241460.1000,241460.1000,.0000
SI0001SI#001397,2026-05-06 00:00:00.000,Spark 50 (6+128),Main Location,30.0000,18870.0000,pcs,566100.0000,557608.5000,.0000
SI0001SI#001397,2026-05-06 00:00:00.000,Spark 40 5G,Main Location,30.0000,16040.0000,pcs,481200.0000,473982.0000,.0000
SI0001SI#001398,2026-05-06 00:00:00.000,Spark40 (6+128),Main Location,5.0000,16050.0000,pcs,80250.0000,79046.2500,.0000
SI0001SI#001399,2026-05-06 00:00:00.000,Spark40 (6+128),Main Location,2.0000,16050.0000,pcs,32100.0000,31618.5000,.0000
SI0001SI#001399,2026-05-06 00:00:00.000,Pova Carve,Main Location,2.0000,31150.0000,pcs,62300.0000,61365.5000,.0000
SI0001SI#001399,2026-05-06 00:00:00.000,Spark 50 (6+128),Main Location,2.0000,18870.0000,pcs,37740.0000,37173.9000,.0000
SI0001SI#001399,2026-05-06 00:00:00.000,Pova Curve 2 (8+128),Main Location,1.0000,34910.0000,pcs,34910.0000,34386.3500,.0000
SI0001SI#001399,2026-05-06 00:00:00.000,Spark 40(8+256),Main Location,1.0000,18880.0000,pcs,18880.0000,18596.8000,.0000
SI0001SI#001400,2026-05-06 00:00:00.000,Spark 50 (6+128),Main Location,1.0000,18870.0000,pcs,18870.0000,18586.9500,.0000
SI0001SI#001400,2026-05-06 00:00:00.000,Pova Carve,Main Location,1.0000,31150.0000,pcs,31150.0000,30682.7500,.0000
SI0001SI#001400,2026-05-06 00:00:00.000,Pova Curve 2,Main Location,1.0000,37740.0000,pcs,37740.0000,37173.9000,.0000
SI0001SI#001401,2026-05-06 00:00:00.000,Go 3 (4+64),Main Location,1.0000,14150.0000,pcs,14150.0000,13937.7500,.0000
SI0001SI#001401,2026-05-06 00:00:00.000,Spark 50 (6+128),Main Location,1.0000,18870.0000,pcs,18870.0000,18586.9500,.0000
SI0001SI#001401,2026-05-06 00:00:00.000,Spark40 (6+128),Main Location,1.0000,16050.0000,pcs,16050.0000,15809.2500,.0000
SI0001SI#001401,2026-05-06 00:00:00.000,Spark 40(8+256),Main Location,1.0000,18880.0000,pcs,18880.0000,18596.8000,.0000
SI0001SI#001393,2026-05-05 00:00:00.000,Go 3 (4+64),Main Location,4.0000,14150.0000,pcs,56600.0000,55751.0000,.0000
SI0001SI#001393,2026-05-05 00:00:00.000,Spark 50 (6+128),Main Location,4.0000,18870.0000,pcs,75480.0000,74352.0000,.0000
SI0001SI#001394,2026-05-05 00:00:00.000,Pova Slim,Main Location,1.0000,28300.0000,pcs,28300.0000,27875.5000,.0000
SI0001SI#001395,2026-05-05 00:00:00.000,Spark 50 (6+128),Main Location,1.0000,18870.0000,pcs,18870.0000,18586.9500,.0000
SI0001SI#001395,2026-05-05 00:00:00.000,Spark 50 (4+128),Main Location,1.0000,16510.0000,pcs,16510.0000,16262.3500,.0000
SI0001SI#001395,2026-05-05 00:00:00.000,Spark 50 5G (6+128),Main Location,1.0000,22640.0000,pcs,22640.0000,22300.4000,.0000
SI0001SI#001395,2026-05-05 00:00:00.000,Go 3 (4+128),Main Location,1.0000,15570.0000,pcs,15570.0000,15336.4500,.0000
SI0001SI#001395,2026-05-05 00:00:00.000,Go 3 (4+64),Main Location,1.0000,14150.0000,pcs,14150.0000,13937.7500,.0000
SI0001SI#001396,2026-05-05 00:00:00.000,Spark40 (6+128),Main Location,2.0000,16050.0000,pcs,32100.0000,31618.5000,.0000
SI0001SI#001396,2026-05-05 00:00:00.000,Spark 40(8+256),Main Location,2.0000,18880.0000,pcs,37760.0000,37193.6000,.0000
SI0001SI#001396,2026-05-05 00:00:00.000,Pova Curve 2 (8+128),Main Location,1.0000,34910.0000,pcs,34910.0000,34386.3500,.0000
SI0001SI#001396,2026-05-05 00:00:00.000,Go 3 (4+64),Main Location,3.0000,14150.0000,pcs,42450.0000,41813.2500,.0000
SI0001SI#001396,2026-05-05 00:00:00.000,Go 3 (4+128),Main Location,2.0000,15570.0000,pcs,31140.0000,30672.9000,.0000
SI0001SI#001396,2026-05-05 00:00:00.000,Camon 50 (8+128),Main Location,2.0000,33020.0000,pcs,66040.0000,65049.4000,.0000
SI0001SI#001396,2026-05-05 00:00:00.000,Spark 50 (4+128),Main Location,3.0000,16510.0000,pcs,49530.0000,48787.0500,.0000
SI0001SI#001396,2026-05-05 00:00:00.000,Spark 50 (6+128),Main Location,1.0000,18870.0000,pcs,18870.0000,18586.9500,.0000
SI0001SI#001388,2026-05-04 00:00:00.000,Spark 50 (6+128),Main Location,1.0000,18870.0000,pcs,18870.0000,18586.9500,.0000
SI0001SI#001389,2026-05-04 00:00:00.000,Spark 50 (4+128),Main Location,1.0000,16510.0000,pcs,16510.0000,16262.3500,.0000
SI0001SI#001389,2026-05-04 00:00:00.000,Spark 40 5G,Main Location,1.0000,16040.0000,pcs,16040.0000,15799.4000,.0000
SI0001SI#001390,2026-05-04 00:00:00.000,Go 3 (4+128),Main Location,1.0000,15570.0000,pcs,15570.0000,15336.4500,.0000
SI0001SI#001391,2026-05-04 00:00:00.000,Spark 50 (6+128),Main Location,1.0000,18393.0000,pcs,18393.0000,18393.0000,.0000
SI0001SI#001392,2026-05-04 00:00:00.000,Go 3 (4+64),Main Location,4.0000,14150.0000,pcs,56600.0000,55751.0000,.0000
SI0001SI#001402,2026-05-03 00:00:00.000,Pova Carve,Main Location,2.0000,31150.0000,pcs,62300.0000,61365.5000,.0000
SI0001SI#001387,2026-05-03 00:00:00.000,Go 3 (4+128),Main Location,1.0000,15570.0000,pcs,15570.0000,15336.4500,.0000
SI0001SI#001386,2026-05-02 00:00:00.000,Camon40 Pro,Main Location,2.0000,26410.0000,pcs,52820.0000,52027.7000,.0000
SI0001SI#001385,2026-05-01 00:00:00.000,Camon40 Pro,Main Location,15.0000,26410.0000,pcs,396150.0000,390207.7500,.0000
SI0001SI#001384,2026-04-30 00:00:00.000,Pova Carve,Main Location,1.0000,31150.0000,pcs,31150.0000,30682.7500,.0000
PI0001PI#000169,2026-04-30 00:00:00.000,Go 3 (4+64),Main Location,150.0000,13792.0000,pcs,2068800.0000,2068800.0000,.0000
PI0001PI#000169,2026-04-30 00:00:00.000,Go 3 (4+128),Main Location,20.0000,15186.0000,pcs,303720.0000,303720.0000,.0000
PI0001PI#000169,2026-04-30 00:00:00.000,Spark 50 (6+128),Main Location,120.0000,18392.6700,pcs,2207120.4000,2207120.4000,.0000
PI0001PI#000169,2026-04-30 00:00:00.000,Spark 50 5G (6+128),Main Location,25.0000,22071.0000,pcs,551775.0000,551775.0000,.0000
PI0001PI#000170,2026-04-30 00:00:00.000,Camon40 Pro,Main Location,19.0000,25704.9800,pcs,488394.6200,488394.6200,.0000
PI0001PI#000170,2026-04-30 00:00:00.000,Go 3 (4+64),Main Location,145.0000,13792.0000,pcs,1999840.0000,1999840.0000,.0000
SI0001SI#001380,2026-04-29 00:00:00.000,Spark 40(8+256),Main Location,1.0000,18870.0000,pcs,18870.0000,18586.9500,.0000
SI0001SI#001381,2026-04-29 00:00:00.000,GO1 4+128,Main Location,5.0000,11845.0000,pcs,59225.0000,58040.5000,.0000
SI0001SI#001382,2026-04-29 00:00:00.000,Go 3 (4+64),Main Location,5.0000,14150.0000,pcs,70750.0000,70750.0000,.0000
SI0001SI#001378,2026-04-28 00:00:00.000,Spark 50 (6+128),Main Location,1.0000,18870.0000,pcs,18870.0000,18586.9500,.0000
SI0001SI#001378,2026-04-28 00:00:00.000,Spark 50 (4+128),Main Location,1.0000,16510.0000,pcs,16510.0000,16262.3500,.0000
SI0001SI#001379,2026-04-28 00:00:00.000,Pova Curve 2 (8+128),Main Location,3.0000,34910.0000,pcs,104730.0000,103031.7000,.0000
PI0001PI#000168,2026-04-28 00:00:00.000,Go 3 (4+64),Main Location,780.0000,13792.0000,pcs,10757760.0000,10757760.0000,.0000
SI0001SI#001374,2026-04-27 00:00:00.000,Spark40 (6+128),Main Location,1.0000,16050.0000,pcs,16050.0000,15809.2500,.0000
SI0001SI#001375,2026-04-27 00:00:00.000,Spark 50 (4+128),Main Location,3.0000,16510.0000,pcs,49530.0000,48787.0500,.0000
SI0001SI#001375,2026-04-27 00:00:00.000,Spark 50 (6+128),Main Location,1.0000,18870.0000,pcs,18870.0000,18586.9500,.0000
SI0001SI#001377,2026-04-27 00:00:00.000,Spark 50 (6+128),Main Location,1.0000,18870.0000,pcs,18870.0000,18870.0000,.0000
SI0001SI#001373,2026-04-26 00:00:00.000,Spark 50 (6+128),Main Location,3.0000,18393.0000,pcs,55179.0000,55179.0000,.0000
SI0001SI#001373,2026-04-26 00:00:00.000,Spark 50 5G (6+128),Main Location,2.0000,22071.0000,pcs,44142.0000,44142.0000,.0000
SI0001SI#001369,2026-04-24 00:00:00.000,Spark 50 (6+128),Main Location,1.0000,18870.0000,pcs,18870.0000,18586.9500,.0000
SI0001SI#001370,2026-04-24 00:00:00.000,Spark40 (6+128),Main Location,20.0000,16050.0000,pcs,321000.0000,317790.0000,.0000
SI0001SI#001371,2026-04-24 00:00:00.000,Go 3 (4+64),Main Location,17.0000,13792.0000,pcs,234464.0000,234464.0000,.0000
SI0001SI#001372,2026-04-24 00:00:00.000,Go 3 (4+64),Main Location,300.0000,13112.0000,pcs,3933600.0000,3933600.0000,.0000
SR0001SR#000023,2026-04-24 00:00:00.000,Spark 40 5G,Main Location,18.0000,15636.0000,pcs,281448.0000,281448.0000,.0000
SI0001SI#001365,2026-04-23 00:00:00.000,Spark 50 (6+128),Main Location,2.0000,18393.0000,pcs,36786.0000,36786.0000,.0000
SI0001SI#001366,2026-04-23 00:00:00.000,Spark 40(8+256),Main Location,5.0000,18880.0000,pcs,94400.0000,92984.0000,.0000
SI0001SI#001367,2026-04-23 00:00:00.000,Pova Slim,Main Location,2.0000,28300.0000,pcs,56600.0000,55751.0000,.0000
SI0001SI#001368,2026-04-23 00:00:00.000,Pova Slim,Main Location,20.0000,27594.0000,pcs,551880.0000,551880.0000,.0000
SI0001SI#001368,2026-04-23 00:00:00.000,Pova Carve,Main Location,20.0000,30370.0000,pcs,607400.0000,607400.0000,.0000
SI0001SI#001361,2026-04-22 00:00:00.000,Spark 50 (6+128),Main Location,2.0000,18870.0000,pcs,37740.0000,37173.9000,.0000
SI0001SI#001362,2026-04-22 00:00:00.000,Go 3 (4+64),Main Location,1.0000,13680.0000,pcs,13680.0000,13474.8000,.0000
SI0001SI#001363,2026-04-22 00:00:00.000,Spark40 (6+128),Main Location,10.0000,16050.0000,pcs,160500.0000,158092.5000,.0000
SI0001SI#001364,2026-04-22 00:00:00.000,Spark40 (6+128),Main Location,20.0000,16050.0000,pcs,321000.0000,321000.0000,.0000
SI0001SI#001383,2026-04-21 00:00:00.000,Go 3 (4+64),Main Location,1.0000,10390.0000,pcs,10390.0000,10390.0000,.0000
SI0001SI#001354,2026-04-21 00:00:00.000,Go 3 (4+64),Main Location,1.0000,14150.0000,pcs,14150.0000,13937.7500,.0000
SI0001SI#001355,2026-04-21 00:00:00.000,Spark 50 (6+128),Main Location,2.0000,18393.0000,pcs,36786.0000,36786.0000,.0000
SI0001SI#001356,2026-04-21 00:00:00.000,Spark40 (6+128),Main Location,5.0000,16050.0000,pcs,80250.0000,79046.2500,.0000
SI0001SI#001356,2026-04-21 00:00:00.000,Camon 50 Ultra (12+256),Main Location,1.0000,51900.0000,pcs,51900.0000,51121.5000,.0000
SI0001SI#001357,2026-04-21 00:00:00.000,Spark 50 5G (6+128),Main Location,1.0000,22640.0000,pcs,22640.0000,22300.4000,.0000
SI0001SI#001357,2026-04-21 00:00:00.000,Spark 50 (6+128),Main Location,2.0000,18870.0000,pcs,37740.0000,37173.9000,.0000
SI0001SI#001358,2026-04-21 00:00:00.000,Spark40 (6+128),Main Location,5.0000,16050.0000,pcs,80250.0000,79046.2500,.0000
SI0001SI#001359,2026-04-21 00:00:00.000,Spark 40(8+256),Main Location,1.0000,18880.0000,pcs,18880.0000,18596.8000,.0000
SI0001SI#001360,2026-04-21 00:00:00.000,Pova Carve,Main Location,2.0000,31150.0000,pcs,62300.0000,61365.5000,.0000
PI0001PI#000165,2026-04-21 00:00:00.000,Spark 50 (4+128),Main Location,10.0000,16097.3400,pcs,160973.4000,160973.4000,.0000
PI0001PI#000166,2026-04-21 00:00:00.000,Pova Curve 2 (8+128),Main Location,10.0000,34038.9800,pcs,340389.8000,340389.8000,.0000
SI0001SI#001351,2026-04-20 00:00:00.000,Spark 40 5G,Main Location,50.0000,15636.0000,pcs,781800.0000,781800.0000,.0000
SI0001SI#001351,2026-04-20 00:00:00.000,Spark40 (6+128),Main Location,50.0000,15656.0000,pcs,782800.0000,782800.0000,.0000
SI0001SI#001351,2026-04-20 00:00:00.000,Pova Slim,Main Location,25.0000,27594.0000,pcs,689850.0000,689850.0000,.0000
SI0001SI#001351,2026-04-20 00:00:00.000,Pova Carve,Main Location,25.0000,30370.0000,pcs,759250.0000,759250.0000,.0000
SI0001SI#001345,2026-04-19 00:00:00.000,Spark 50 (4+128),Main Location,1.0000,16510.0000,pcs,16510.0000,16262.3500,.0000
SI0001SI#001346,2026-04-19 00:00:00.000,Spark 50 (4+128),Main Location,1.0000,16510.0000,pcs,16510.0000,16262.3500,.0000
SI0001SI#001347,2026-04-19 00:00:00.000,Camon 50 (8+128),Main Location,1.0000,33020.0000,pcs,33020.0000,32524.7000,.0000
SI0001SI#001347,2026-04-19 00:00:00.000,Camon 50 (8+256),Main Location,1.0000,36800.0000,pcs,36800.0000,36248.0000,.0000
SI0001SI#001347,2026-04-19 00:00:00.000,Pova Curve 2,Main Location,1.0000,37740.0000,pcs,37740.0000,37173.9000,.0000
SI0001SI#001348,2026-04-19 00:00:00.000,Spark40 (6+128),Main Location,1.0000,16050.0000,pcs,16050.0000,16050.0000,.0000
SI0001SI#001348,2026-04-19 00:00:00.000,Spark 40(8+256),Main Location,1.0000,18880.0000,pcs,18880.0000,18880.0000,.0000
SI0001SI#001348,2026-04-19 00:00:00.000,Spark 50 (6+128),Main Location,1.0000,18870.0000,pcs,18870.0000,18870.0000,.0000
SI0001SI#001349,2026-04-19 00:00:00.000,Spark 50 5G (6+128),Main Location,1.0000,22640.0000,pcs,22640.0000,22300.4000,.0000
SI0001SI#001349,2026-04-19 00:00:00.000,Spark 50 (4+128),Main Location,1.0000,16510.0000,pcs,16510.0000,16262.3500,.0000
SI0001SI#001349,2026-04-19 00:00:00.000,Pova Carve,Main Location,1.0000,31150.0000,pcs,31150.0000,30682.7500,.0000
SI0001SI#001349,2026-04-19 00:00:00.000,Camon 50 (8+128),Main Location,1.0000,33020.0000,pcs,33020.0000,32524.7000,.0000
SI0001SI#001349,2026-04-19 00:00:00.000,Go 3 (4+64),Main Location,2.0000,14150.0000,pcs,28300.0000,27875.5000,.0000
SI0001SI#001350,2026-04-19 00:00:00.000,Go 3 (4+64),Main Location,5.0000,14150.0000,pcs,70750.0000,69688.7500,.0000
SI0001SI#001339,2026-04-17 00:00:00.000,Pova Slim,Main Location,5.0000,28300.0000,pcs,141500.0000,139377.5000,.0000
SI0001SI#001339,2026-04-17 00:00:00.000,Spark40 (6+128),Main Location,10.0000,16050.0000,pcs,160500.0000,158092.5000,.0000
SI0001SI#001340,2026-04-17 00:00:00.000,Go 3 (4+64),Main Location,1.0000,14150.0000,pcs,14150.0000,13937.7500,.0000
SI0001SI#001340,2026-04-17 00:00:00.000,Spark40 (6+128),Main Location,1.0000,16050.0000,pcs,16050.0000,15809.2500,.0000
SI0001SI#001341,2026-04-17 00:00:00.000,Spark40 (6+128),Main Location,2.0000,16050.0000,pcs,32100.0000,31618.5000,.0000
SI0001SI#001341,2026-04-17 00:00:00.000,Spark 40(8+256),Main Location,2.0000,18880.0000,pcs,37760.0000,37193.6000,.0000
SI0001SI#001341,2026-04-17 00:00:00.000,Pova Carve,Main Location,1.0000,31150.0000,pcs,31150.0000,30682.7500,.0000
SI0001SI#001342,2026-04-17 00:00:00.000,Pova Slim,Main Location,2.0000,28300.0000,pcs,56600.0000,55751.0000,.0000
SI0001SI#001342,2026-04-17 00:00:00.000,Spark40 (6+128),Main Location,2.0000,16050.0000,pcs,32100.0000,31618.5000,.0000
SI0001SI#001342,2026-04-17 00:00:00.000,Spark 40(8+256),Main Location,1.0000,18880.0000,pcs,18880.0000,18596.8000,.0000
SI0001SI#001342,2026-04-17 00:00:00.000,Spark 50 (6+128),Main Location,2.0000,18870.0000,pcs,37740.0000,37173.9000,.0000
SI0001SI#001342,2026-04-17 00:00:00.000,Spark 50 (4+128),Main Location,1.0000,16510.0000,pcs,16510.0000,16262.3500,.0000
PI0001PI#000163,2026-04-17 00:00:00.000,Go 3 (4+64),Main Location,5.0000,13792.0000,pcs,68960.0000,68960.0000,.0000
SI0001SI#001331,2026-04-16 00:00:00.000,Go2,Main Location,1.0000,10390.0000,pcs,10390.0000,10234.1500,.0000
SI0001SI#001332,2026-04-16 00:00:00.000,Spark40 (6+128),Main Location,2.0000,16050.0000,pcs,32100.0000,31618.5000,.0000
SI0001SI#001333,2026-04-16 00:00:00.000,GO1 4+128,Main Location,5.0000,11845.0000,pcs,59225.0000,58040.5000,.0000
SI0001SI#001333,2026-04-16 00:00:00.000,Go2,Main Location,5.0000,10375.0000,pcs,51875.0000,50837.5000,.0000
SI0001SI#001333,2026-04-16 00:00:00.000,Spark40 (6+128),Main Location,6.0000,16050.0000,pcs,96300.0000,94374.0000,.0000
SI0001SI#001333,2026-04-16 00:00:00.000,Spark 50 (6+128),Main Location,3.0000,18870.0000,pcs,56610.0000,55477.8000,.0000
SI0001SI#001334,2026-04-16 00:00:00.000,Pova Carve,Main Location,7.0000,31150.0000,pcs,218050.0000,214779.2500,.0000
SI0001SI#001335,2026-04-16 00:00:00.000,Pova Slim,Main Location,5.0000,28300.0000,pcs,141500.0000,139377.5000,.0000
SI0001SI#001336,2026-04-16 00:00:00.000,Pova Slim,Main Location,2.0000,28300.0000,pcs,56600.0000,55751.0000,.0000
SI0001SI#001336,2026-04-16 00:00:00.000,Pova Carve,Main Location,1.0000,31150.0000,pcs,31150.0000,30682.7500,.0000
SI0001SI#001336,2026-04-16 00:00:00.000,Spark40 (6+128),Main Location,4.0000,16050.0000,pcs,64200.0000,63237.0000,.0000
SI0001SI#001336,2026-04-16 00:00:00.000,Spark 40(8+256),Main Location,3.0000,18880.0000,pcs,56640.0000,55790.4000,.0000
SI0001SI#001336,2026-04-16 00:00:00.000,Spark 50 5G (6+128),Main Location,1.0000,22640.0000,pcs,22640.0000,22300.4000,.0000
SI0001SI#001337,2026-04-16 00:00:00.000,Spark 50 (4+128),Main Location,2.0000,16510.0000,pcs,33020.0000,32524.7000,.0000
SI0001SI#001337,2026-04-16 00:00:00.000,Spark 50 (6+128),Main Location,3.0000,18870.0000,pcs,56610.0000,55760.8500,.0000
SI0001SI#001337,2026-04-16 00:00:00.000,Spark40 (6+128),Main Location,1.0000,16050.0000,pcs,16050.0000,15809.2500,.0000
SI0001SI#001337,2026-04-16 00:00:00.000,Spark 40(8+256),Main Location,1.0000,18880.0000,pcs,18880.0000,18596.8000,.0000
SI0001SI#001338,2026-04-16 00:00:00.000,Pova Curve 2,Main Location,3.0000,37740.0000,pcs,113220.0000,113220.0000,.0000
SI0001SI#001338,2026-04-16 00:00:00.000,Pova Carve,Main Location,2.0000,31150.0000,pcs,62300.0000,62300.0000,.0000
SI0001SI#001344,2026-04-16 00:00:00.000,Go 3 (4+64),Main Location,20.0000,13112.0000,pcs,262240.0000,262240.0000,.0000
SI0001SI#001325,2026-04-15 00:00:00.000,Spark40 (6+128),Main Location,50.0000,16050.0000,pcs,802500.0000,790462.5000,.0000
SI0001SI#001325,2026-04-15 00:00:00.000,Spark 40(8+256),Main Location,10.0000,18880.0000,pcs,188800.0000,185968.0000,.0000
SI0001SI#001326,2026-04-15 00:00:00.000,Spark 50 (6+128),Main Location,1.0000,18870.0000,pcs,18870.0000,18870.0000,.0000
SI0001SI#001326,2026-04-15 00:00:00.000,Go 3 (4+64),Main Location,1.0000,14150.0000,pcs,14150.0000,14150.0000,.0000
SI0001SI#001327,2026-04-15 00:00:00.000,Spark40 (6+128),Main Location,3.0000,16050.0000,pcs,48150.0000,47427.7500,.0000
SI0001SI#001327,2026-04-15 00:00:00.000,Camon 50 (8+128),Main Location,2.0000,33020.0000,pcs,66040.0000,65049.4000,.0000
SI0001SI#001328,2026-04-15 00:00:00.000,Spark 50 5G (6+128),Main Location,1.0000,22640.0000,pcs,22640.0000,22300.4000,.0000
SI0001SI#001329,2026-04-15 00:00:00.000,Spark 50 5G (6+128),Main Location,1.0000,22640.0000,pcs,22640.0000,22300.4000,.0000
SI0001SI#001330,2026-04-15 00:00:00.000,Spark40 (6+128),Main Location,160.0000,16050.0000,pcs,2568000.0000,2542320.0000,.0000
SI0001SI#001343,2026-04-15 00:00:00.000,Go 3 (4+64),Main Location,100.0000,13792.0000,pcs,1379200.0000,1379200.0000,.0000
SI0001SI#001352,2026-04-15 00:00:00.000,Live Demo Spark 50 5G,Main Location,1.0000,16800.0000,pcs,16800.0000,16800.0000,.0000
SI0001SI#001352,2026-04-15 00:00:00.000,Live Demo Spark 50 (4+128),Main Location,1.0000,12250.0000,pcs,12250.0000,12250.0000,.0000
SI0001SI#001353,2026-04-15 00:00:00.000,Live Demo Spark 50 5G,Main Location,1.0000,16800.0000,pcs,16800.0000,16800.0000,.0000
SI0001SI#001353,2026-04-15 00:00:00.000,Live Demo Spark 50 (4+128),Main Location,1.0000,12250.0000,pcs,12250.0000,12250.0000,.0000
PI0001PI#000164,2026-04-15 00:00:00.000,Live Demo Spark 50 5G,Main Location,2.0000,16800.0000,pcs,33600.0000,33600.0000,.0000
PI0001PI#000164,2026-04-15 00:00:00.000,Live Demo Spark 50 (4+128),Main Location,2.0000,12250.0000,pcs,24500.0000,24500.0000,.0000
SI0001SI#001322,2026-04-14 00:00:00.000,Spark 50 (6+128),Main Location,1.0000,18870.0000,pcs,18870.0000,18586.9500,.0000
SI0001SI#001323,2026-04-14 00:00:00.000,Pova Slim,Main Location,6.0000,28300.0000,pcs,169800.0000,167253.0000,.0000
SI0001SI#001324,2026-04-14 00:00:00.000,GO1 4+64,Main Location,3.0000,10425.0000,pcs,31275.0000,30805.8800,.0000
SI0001SI#001324,2026-04-14 00:00:00.000,GO1 4+128,Main Location,2.0000,11845.0000,pcs,23690.0000,23334.6500,.0000
SI0001SI#001324,2026-04-14 00:00:00.000,Spark 50 5G (6+128),Main Location,4.0000,22640.0000,pcs,90560.0000,89201.6000,.0000
SI0001SI#001319,2026-04-13 00:00:00.000,Spark 50 (6+128),Main Location,1.0000,18870.0000,pcs,18870.0000,18586.9500,.0000
SI0001SI#001319,2026-04-13 00:00:00.000,Spark40 (6+128),Main Location,1.0000,16050.0000,pcs,16050.0000,15809.2500,.0000
SI0001SI#001319,2026-04-13 00:00:00.000,Spark 40(8+256),Main Location,1.0000,18880.0000,pcs,18880.0000,18596.8000,.0000
SI0001SI#001320,2026-04-13 00:00:00.000,Pova Slim,Main Location,1.0000,28300.0000,pcs,28300.0000,27875.5000,.0000
SI0001SI#001321,2026-04-13 00:00:00.000,Go 3 (4+64),Main Location,100.0000,13112.0000,pcs,1311200.0000,1311200.0000,.0000
SI0001SI#001321,2026-04-13 00:00:00.000,Spark40 (6+128),Main Location,50.0000,15656.0000,pcs,782800.0000,782800.0000,.0000
PI0001PI#000162,2026-04-13 00:00:00.000,Spark 50 5G (6+128),Main Location,20.0000,22071.0000,pcs,441420.0000,441420.0000,.0000
SI0001SI#001316,2026-04-12 00:00:00.000,Pova Slim,Main Location,2.0000,28300.0000,pcs,56600.0000,55751.0000,.0000
SI0001SI#001316,2026-04-12 00:00:00.000,Spark 40(8+256),Main Location,1.0000,18880.0000,pcs,18880.0000,18596.8000,.0000
SI0001SI#001317,2026-04-12 00:00:00.000,Spark 50 (4+128),Main Location,1.0000,16510.0000,pcs,16510.0000,16262.3500,.0000
SI0001SI#001317,2026-04-12 00:00:00.000,Spark 50 (6+128),Main Location,1.0000,18870.0000,pcs,18870.0000,18586.9500,.0000
SI0001SI#001318,2026-04-12 00:00:00.000,Spark 50 (4+128),Main Location,1.0000,16510.0000,pcs,16510.0000,16262.3500,.0000
SI0001SI#001318,2026-04-12 00:00:00.000,Spark 50 (6+128),Main Location,1.0000,18870.0000,pcs,18870.0000,18586.9500,.0000
SI0001SI#001308,2026-04-10 00:00:00.000,Spark 50 (4+128),Main Location,1.0000,16510.0000,pcs,16510.0000,16262.3500,.0000
SI0001SI#001308,2026-04-10 00:00:00.000,Spark 50 (6+128),Main Location,1.0000,18870.0000,pcs,18870.0000,18586.9500,.0000
SI0001SI#001309,2026-04-10 00:00:00.000,Spark40 (6+128),Main Location,1.0000,16050.0000,pcs,16050.0000,15809.2500,.0000
SI0001SI#001309,2026-04-10 00:00:00.000,Spark 50 (4+128),Main Location,1.0000,16510.0000,pcs,16510.0000,16262.3500,.0000
SI0001SI#001309,2026-04-10 00:00:00.000,Spark 50 (6+128),Main Location,1.0000,18870.0000,pcs,18870.0000,18586.9500,.0000
SI0001SI#001310,2026-04-10 00:00:00.000,Spark40 (6+128),Main Location,2.0000,16050.0000,pcs,32100.0000,32100.0000,.0000
SI0001SI#001311,2026-04-10 00:00:00.000,Spark40 (6+128),Main Location,20.0000,16050.0000,pcs,321000.0000,321000.0000,.0000
SI0001SI#001312,2026-04-10 00:00:00.000,Spark 50 (6+128),Main Location,2.0000,18870.0000,pcs,37740.0000,37244.7000,.0000
SI0001SI#001312,2026-04-10 00:00:00.000,Spark 50 (4+128),Main Location,1.0000,16510.0000,pcs,16510.0000,16262.3500,.0000
SI0001SI#001313,2026-04-10 00:00:00.000,Spark 50 (6+128),Main Location,1.0000,18870.0000,pcs,18870.0000,18586.9500,.0000
SI0001SI#001313,2026-04-10 00:00:00.000,Spark 50 (4+128),Main Location,1.0000,16510.0000,pcs,16510.0000,16262.3500,.0000
SI0001SI#001314,2026-04-10 00:00:00.000,Pova Slim,Main Location,2.0000,28300.0000,pcs,56600.0000,55751.0000,.0000
SI0001SI#001314,2026-04-10 00:00:00.000,Spark40 (6+128),Main Location,3.0000,16050.0000,pcs,48150.0000,47427.7500,.0000
SI0001SI#001314,2026-04-10 00:00:00.000,Go 3 (4+64),Main Location,4.0000,12270.0000,pcs,49080.0000,48343.8000,.0000
SI0001SI#001314,2026-04-10 00:00:00.000,Spark 50 (4+128),Main Location,3.0000,16510.0000,pcs,49530.0000,48787.0500,.0000
SI0001SI#001314,2026-04-10 00:00:00.000,Spark 50 (6+128),Main Location,4.0000,18870.0000,pcs,75480.0000,74347.8000,.0000
SI0001SI#001315,2026-04-10 00:00:00.000,Go 3 (4+64),Main Location,30.0000,11958.0000,pcs,358740.0000,358740.0000,.0000
PI0001PI#000160,2026-04-10 00:00:00.000,Spark 50 (4+128),Main Location,15.0000,16097.3400,pcs,241460.1000,241460.1000,.0000
PI0001PI#000160,2026-04-10 00:00:00.000,Spark 50 (6+128),Main Location,65.0000,18392.6700,pcs,1195523.5500,1195523.5500,.0000
SI0001SI#001303,2026-04-09 00:00:00.000,Spark40 (6+128),Main Location,1.0000,16050.0000,pcs,16050.0000,15809.2500,.0000
SI0001SI#001303,2026-04-09 00:00:00.000,Camon 50 (8+256),Main Location,1.0000,33020.0000,pcs,33020.0000,32524.7000,.0000
SI0001SI#001304,2026-04-09 00:00:00.000,Pova Curve 2,Main Location,1.0000,34910.0000,pcs,34910.0000,34386.3500,.0000
SI0001SI#001304,2026-04-09 00:00:00.000,Pova Carve,Main Location,1.0000,31150.0000,pcs,31150.0000,30682.7500,.0000
SI0001SI#001304,2026-04-09 00:00:00.000,Camon 50 (8+256),Main Location,1.0000,33020.0000,pcs,33020.0000,32524.7000,.0000
SI0001SI#001305,2026-04-09 00:00:00.000,Pova Curve 2,Main Location,2.0000,34910.0000,pcs,69820.0000,68772.7000,.0000
SI0001SI#001305,2026-04-09 00:00:00.000,Pova Carve,Main Location,2.0000,31150.0000,pcs,62300.0000,61309.4000,.0000
SI0001SI#001305,2026-04-09 00:00:00.000,Pova Slim,Main Location,2.0000,28300.0000,pcs,56600.0000,55751.0000,.0000
SI0001SI#001306,2026-04-09 00:00:00.000,Spark40 (6+128),Main Location,2.0000,16050.0000,pcs,32100.0000,31618.5000,.0000
SI0001SI#001307,2026-04-09 00:00:00.000,Pova Slim,Main Location,1.0000,28300.0000,pcs,28300.0000,28300.0000,.0000
SI0001SI#001298,2026-04-08 00:00:00.000,Spark 40 Pro,Main Location,4.0000,21700.0000,pcs,86800.0000,85498.0000,.0000
SI0001SI#001298,2026-04-08 00:00:00.000,Go 3 (4+64),Main Location,1.0000,12270.0000,pcs,12270.0000,12085.9500,.0000
SI0001SI#001299,2026-04-08 00:00:00.000,Camon 50 Ultra (12+256),Main Location,1.0000,47170.0000,pcs,47170.0000,46462.4500,.0000
SI0001SI#001300,2026-04-08 00:00:00.000,Spark40 (6+128),Main Location,3.0000,16050.0000,pcs,48150.0000,47427.7500,.0000
SI0001SI#001300,2026-04-08 00:00:00.000,Go 3 (4+64),Main Location,2.0000,12270.0000,pcs,24540.0000,24171.9000,.0000
SI0001SI#001301,2026-04-08 00:00:00.000,Pova Curve 2,Main Location,1.0000,34910.0000,pcs,34910.0000,34386.3500,.0000
SI0001SI#001302,2026-04-08 00:00:00.000,Pova Curve 2,Main Location,1.0000,34910.0000,pcs,34910.0000,34386.3500,.0000
SI0001SI#001302,2026-04-08 00:00:00.000,Camon 50 (8+128),Main Location,1.0000,29250.0000,pcs,29250.0000,28811.2500,.0000
SI0001SI#001302,2026-04-08 00:00:00.000,Camon 50 (8+256),Main Location,1.0000,33020.0000,pcs,33020.0000,32524.7000,.0000
SI0001SI#001297,2026-04-07 00:00:00.000,Go 3 (4+64),Main Location,14.0000,11958.0000,pcs,167412.0000,167412.0000,.0000
SI0001SI#001290,2026-04-06 00:00:00.000,Go 3 (4+64),Main Location,10.0000,12270.0000,pcs,122700.0000,122700.0000,.0000
SI0001SI#001291,2026-04-06 00:00:00.000,Pova Slim,Main Location,2.0000,28300.0000,pcs,56600.0000,55751.0000,.0000
SI0001SI#001292,2026-04-06 00:00:00.000,Go 3 (4+64),Main Location,20.0000,12270.0000,pcs,245400.0000,245400.0000,.0000
SI0001SI#001293,2026-04-06 00:00:00.000,Go 3 (4+64),Main Location,5.0000,12270.0000,pcs,61350.0000,60429.7500,.0000
SI0001SI#001294,2026-04-06 00:00:00.000,Go 3 (4+64),Main Location,2.0000,12270.0000,pcs,24540.0000,24171.9000,.0000
SI0001SI#001295,2026-04-06 00:00:00.000,Go 3 (4+64),Main Location,50.0000,11958.0000,pcs,597900.0000,597900.0000,.0000
SI0001SI#001296,2026-04-06 00:00:00.000,Go 3 (4+64),Main Location,40.0000,11958.0000,pcs,478320.0000,478320.0000,.0000
SI0001SI#001285,2026-04-05 00:00:00.000,Spark40 (6+128),Main Location,2.0000,16050.0000,pcs,32100.0000,31779.0000,.0000
SI0001SI#001285,2026-04-05 00:00:00.000,Spark 40(8+256),Main Location,2.0000,18880.0000,pcs,37760.0000,37382.4000,.0000
SI0001SI#001285,2026-04-05 00:00:00.000,Go 3 (4+64),Main Location,2.0000,12270.0000,pcs,24540.0000,24294.6000,.0000
SI0001SI#001285,2026-04-05 00:00:00.000,Go 3 (4+128),Main Location,2.0000,13680.0000,pcs,27360.0000,27086.4000,.0000
SI0001SI#001286,2026-04-05 00:00:00.000,Spark 40(8+256),Main Location,1.0000,18880.0000,pcs,18880.0000,18596.8000,.0000
SI0001SI#001287,2026-04-05 00:00:00.000,Pova Curve 2,Main Location,1.0000,34910.0000,pcs,34910.0000,34386.3500,.0000
SI0001SI#001287,2026-04-05 00:00:00.000,Camon 50 (8+128),Main Location,1.0000,29250.0000,pcs,29250.0000,28811.2500,.0000
SI0001SI#001287,2026-04-05 00:00:00.000,Camon 50 (8+256),Main Location,1.0000,33020.0000,pcs,33020.0000,32524.7000,.0000
SI0001SI#001287,2026-04-05 00:00:00.000,Pova Carve,Main Location,1.0000,31150.0000,pcs,31150.0000,30682.7500,.0000
SI0001SI#001287,2026-04-05 00:00:00.000,Go 3 (4+64),Main Location,3.0000,12270.0000,pcs,36810.0000,36257.8500,.0000
SI0001SI#001287,2026-04-05 00:00:00.000,Go 3 (4+128),Main Location,2.0000,13680.0000,pcs,27360.0000,26949.6000,.0000
SI0001SI#001288,2026-04-05 00:00:00.000,Pova Slim,Main Location,2.0000,28300.0000,pcs,56600.0000,55751.0000,.0000
SI0001SI#001288,2026-04-05 00:00:00.000,Camon 50 (8+256),Main Location,1.0000,33020.0000,pcs,33020.0000,32524.7000,.0000
SI0001SI#001289,2026-04-05 00:00:00.000,Go 3 (4+64),Main Location,130.0000,11958.0000,pcs,1554540.0000,1554540.0000,.0000
SI0001SI#001289,2026-04-05 00:00:00.000,Spark40 (6+128),Main Location,40.0000,15657.0000,pcs,626280.0000,626280.0000,.0000
SI0001SI#001283,2026-04-03 00:00:00.000,Spark40 (6+128),Main Location,3.0000,16050.0000,pcs,48150.0000,47427.7500,.0000
SI0001SI#001283,2026-04-03 00:00:00.000,Pova Curve 2,Main Location,1.0000,34910.0000,pcs,34910.0000,34386.3500,.0000
SI0001SI#001283,2026-04-03 00:00:00.000,Pova Carve,Main Location,2.0000,31150.0000,pcs,62300.0000,61365.5000,.0000
SI0001SI#001284,2026-04-03 00:00:00.000,Pova Slim,Main Location,2.0000,28300.0000,pcs,56600.0000,55751.0000,.0000
SI0001SI#001284,2026-04-03 00:00:00.000,Pova Carve,Main Location,2.0000,31150.0000,pcs,62300.0000,61365.5000,.0000
SI0001SI#001284,2026-04-03 00:00:00.000,Pova Curve 2,Main Location,1.0000,34910.0000,pcs,34910.0000,34386.3500,.0000
SI0001SI#001284,2026-04-03 00:00:00.000,Spark40 (6+128),Main Location,2.0000,16050.0000,pcs,32100.0000,31618.5000,.0000
SI0001SI#001279,2026-04-02 00:00:00.000,Camon 50 Ultra (12+256),Main Location,1.0000,47170.0000,pcs,47170.0000,46462.4500,.0000
SI0001SI#001279,2026-04-02 00:00:00.000,Spark40 Pro Pius,Main Location,1.0000,23590.0000,pcs,23590.0000,23236.1500,.0000
SI0001SI#001279,2026-04-02 00:00:00.000,Pova Slim,Main Location,2.0000,28300.0000,pcs,56600.0000,55751.0000,.0000
SI0001SI#001280,2026-04-02 00:00:00.000,Spark40 (6+128),Main Location,20.0000,15657.0000,pcs,313140.0000,313140.0000,.0000
SI0001SI#001281,2026-04-02 00:00:00.000,Pova Slim,Main Location,1.0000,28300.0000,pcs,28300.0000,27875.5000,.0000
SI0001SI#001281,2026-04-02 00:00:00.000,Go 3 (4+64),Main Location,5.0000,12270.0000,pcs,61350.0000,60429.7500,.0000
SI0001SI#001282,2026-04-02 00:00:00.000,Spark40 (6+128),Main Location,1.0000,16050.0000,pcs,16050.0000,15809.2500,.0000
SR0001SR#000022,2026-04-02 00:00:00.000,Spark40 (6+128),Main Location,4.0000,15809.0000,pcs,63236.0000,63236.0000,.0000
SR0001SR#000022,2026-04-02 00:00:00.000,Go 3 (4+64),Main Location,5.0000,12086.0000,pcs,60430.0000,60430.0000,.0000
SR0001SR#000022,2026-04-02 00:00:00.000,Go 3 (4+128),Main Location,4.0000,13475.0000,pcs,53900.0000,53900.0000,.0000
SR0001SR#000022,2026-04-02 00:00:00.000,Camon 50 (8+128),Main Location,2.0000,28811.0000,pcs,57622.0000,57622.0000,.0000
SI0001SI#001276,2026-04-01 00:00:00.000,Go 3 (4+64),Main Location,20.0000,11958.0000,pcs,239160.0000,239160.0000,.0000
SI0001SI#001277,2026-04-01 00:00:00.000,Spark 40 Pro,Main Location,1.0000,21700.0000,pcs,21700.0000,21700.0000,.0000
SI0001SI#001278,2026-04-01 00:00:00.000,Camon 50 (8+256),Main Location,1.0000,33020.0000,pcs,33020.0000,32524.7000,.0000
SI0001SI#001278,2026-04-01 00:00:00.000,Pova Slim,Main Location,1.0000,28300.0000,pcs,28300.0000,27875.5000,.0000
SI0001SI#001273,2026-03-31 00:00:00.000,Go 3 (4+64),Main Location,2.0000,12270.0000,pcs,24540.0000,24294.6000,.0000
SI0001SI#001274,2026-03-31 00:00:00.000,Live Demo Camon 50,Main Location,1.0000,21765.0000,pcs,21765.0000,21765.0000,.0000
SI0001SI#001275,2026-03-31 00:00:00.000,Live Demo Camon 50,Main Location,1.0000,21765.0000,pcs,21765.0000,21765.0000,.0000
SR0001SR#000019,2026-03-31 00:00:00.000,Camon 50 (8+128),Main Location,2.0000,28811.0000,pcs,57622.0000,57622.0000,.0000
SR0001SR#000020,2026-03-31 00:00:00.000,Spark 40 Pro,Main Location,1.0000,21700.0000,pcs,21700.0000,21700.0000,.0000
SR0001SR#000020,2026-03-31 00:00:00.000,Go 3 (4+128),Main Location,1.0000,13680.0000,pcs,13680.0000,13680.0000,.0000
SR0001SR#000020,2026-03-31 00:00:00.000,Go 3 (4+64),Main Location,2.0000,12270.0000,pcs,24540.0000,24540.0000,.0000
SR0001SR#000021,2026-03-31 00:00:00.000,Go2,Main Location,3.0000,10234.0000,pcs,30702.0000,30702.0000,.0000
SR0001SR#000021,2026-03-31 00:00:00.000,Spark40 (6+128),Main Location,2.0000,14740.0000,pcs,29480.0000,29480.0000,.0000
SR0001SR#000021,2026-03-31 00:00:00.000,Spark 40(8+256),Main Location,1.0000,15336.0000,pcs,15336.0000,15336.0000,.0000
SR0001SR#000021,2026-03-31 00:00:00.000,Camon30S 8+256,Main Location,1.0000,27875.0000,pcs,27875.0000,27875.0000,.0000
PI0001PI#000159,2026-03-31 00:00:00.000,Go 3 (4+64),Main Location,40.0000,11957.7400,pcs,478309.6000,478309.6000,.0000
PI0001PI#000159,2026-03-31 00:00:00.000,Pova Carve,Main Location,25.0000,30370.4700,pcs,759261.7500,759261.7500,.0000
PI0001PI#000159,2026-03-31 00:00:00.000,Camon 50 (8+128),Main Location,100.0000,28516.1700,pcs,2851617.0000,2851617.0000,.0000
PI0001PI#000159,2026-03-31 00:00:00.000,Camon 50 (8+256),Main Location,68.0000,32194.7000,pcs,2189239.6000,2189239.6000,.0000
PI0001PI#000159,2026-03-31 00:00:00.000,Pova Curve 2,Main Location,35.0000,34038.9800,pcs,1191364.3000,1191364.3000,.0000
PI0001PI#000158,2026-03-30 00:00:00.000,Go 3 (4+64),Main Location,50.0000,11957.7400,pcs,597887.0000,597887.0000,.0000
PI0001PI#000158,2026-03-30 00:00:00.000,Go 3 (4+128),Main Location,10.0000,13330.9300,pcs,133309.3000,133309.3000,.0000
PI0001PI#000158,2026-03-30 00:00:00.000,Spark40 (6+128),Main Location,40.0000,15656.3300,pcs,626253.2000,626253.2000,.0000
PI0001PI#000158,2026-03-30 00:00:00.000,Spark 40(8+256),Main Location,5.0000,18392.6700,pcs,91963.3500,91963.3500,.0000
PI0001PI#000158,2026-03-30 00:00:00.000,Camon 50 (8+128),Main Location,60.0000,28516.1700,pcs,1710970.2000,1710970.2000,.0000
PI0001PI#000158,2026-03-30 00:00:00.000,Camon 50 (8+256),Main Location,25.0000,32194.7000,pcs,804867.5000,804867.5000,.0000
SR0001SR#000018,2026-03-30 00:00:00.000,Go 3 (4+64),Main Location,11.0000,11958.0000,pcs,131538.0000,131538.0000,.0000
SI0001SI#001271,2026-03-30 00:00:00.000,Pova Carve,Main Location,2.0000,31150.0000,pcs,62300.0000,61365.5000,.0000
SI0001SI#001271,2026-03-30 00:00:00.000,Camon 50 (8+128),Main Location,6.0000,29250.0000,pcs,175500.0000,172867.5000,.0000
SI0001SI#001271,2026-03-30 00:00:00.000,Camon 50 (8+256),Main Location,2.0000,33020.0000,pcs,66040.0000,65049.4000,.0000
SI0001SI#001272,2026-03-30 00:00:00.000,Spark40 (6+128),Main Location,1.0000,15656.0000,pcs,15656.0000,15656.0000,.0000
SI0001SI#001266,2026-03-29 00:00:00.000,Pova Carve,Main Location,2.0000,31150.0000,pcs,62300.0000,61365.5000,.0000
SI0001SI#001267,2026-03-29 00:00:00.000,Pova Slim,Main Location,2.0000,28300.0000,pcs,56600.0000,55751.0000,.0000
SI0001SI#001267,2026-03-29 00:00:00.000,Spark40 (6+128),Main Location,2.0000,16050.0000,pcs,32100.0000,31618.5000,.0000
SI0001SI#001268,2026-03-29 00:00:00.000,Pova Curve 2,Main Location,1.0000,34910.0000,pcs,34910.0000,34386.3500,.0000
SI0001SI#001269,2026-03-29 00:00:00.000,Camon 50 (8+128),Main Location,1.0000,29250.0000,pcs,29250.0000,28957.5000,.0000
SI0001SI#001269,2026-03-29 00:00:00.000,Go 3 (4+64),Main Location,1.0000,12270.0000,pcs,12270.0000,12137.3000,.0000
SI0001SI#001270,2026-03-29 00:00:00.000,Spark 40 Pro,Main Location,1.0000,21700.0000,pcs,21700.0000,21374.5000,.0000
SI0001SI#001264,2026-03-27 00:00:00.000,Camon 50 Ultra (8+256),Main Location,1.0000,40570.0000,pcs,40570.0000,39961.4500,.0000
SI0001SI#001265,2026-03-27 00:00:00.000,GO1 4+64,Main Location,2.0000,10430.0000,pcs,20860.0000,20547.1000,.0000
SI0001SI#001265,2026-03-27 00:00:00.000,GO1 4+128,Main Location,4.0000,11790.0000,pcs,47160.0000,46452.6000,.0000
SI0001SI#001263,2026-03-26 00:00:00.000,GO1 4+128,Main Location,1.0000,11000.0000,pcs,11000.0000,11000.0000,.0000
SI0001SI#001261,2026-03-19 00:00:00.000,Camon 50 Ultra (8+256),Main Location,1.0000,40570.0000,pcs,40570.0000,39961.4500,.0000
SI0001SI#001262,2026-03-19 00:00:00.000,Go 3 (4+64),Main Location,1.0000,12270.0000,pcs,12270.0000,12147.3000,.0000
SI0001SI#001262,2026-03-19 00:00:00.000,Go 3 (4+128),Main Location,1.0000,13680.0000,pcs,13680.0000,13474.8000,.0000
SI0001SI#001256,2026-03-18 00:00:00.000,Pova Curve 2,Main Location,3.0000,34910.0000,pcs,104730.0000,103159.0500,.0000
SI0001SI#001256,2026-03-18 00:00:00.000,Pova Carve,Main Location,2.0000,31150.0000,pcs,62300.0000,61365.5000,.0000
SI0001SI#001256,2026-03-18 00:00:00.000,Spark 40 Pro,Main Location,4.0000,21700.0000,pcs,86800.0000,85498.0000,.0000
SI0001SI#001256,2026-03-18 00:00:00.000,Spark 40(8+256),Main Location,1.0000,18880.0000,pcs,18880.0000,18596.8000,.0000
SI0001SI#001256,2026-03-18 00:00:00.000,Pova Slim,Main Location,2.0000,28300.0000,pcs,56600.0000,55751.0000,.0000
SI0001SI#001256,2026-03-18 00:00:00.000,Camon 50 Ultra (12+256),Main Location,1.0000,47170.0000,pcs,47170.0000,46462.4500,.0000
SI0001SI#001257,2026-03-18 00:00:00.000,Go 3 (4+64),Main Location,10.0000,11958.0000,pcs,119580.0000,119580.0000,.0000
SI0001SI#001258,2026-03-18 00:00:00.000,Camon 50 (8+128),Main Location,2.0000,29250.0000,pcs,58500.0000,57330.0000,.0000
SI0001SI#001259,2026-03-18 00:00:00.000,Camon 50 Ultra (8+256),Main Location,1.0000,40570.0000,pcs,40570.0000,39961.4500,.0000
SI0001SI#001259,2026-03-18 00:00:00.000,Spark 40(8+256),Main Location,2.0000,18880.0000,pcs,37760.0000,37193.6000,.0000
SI0001SI#001259,2026-03-18 00:00:00.000,Go 3 (4+128),Main Location,4.0000,13680.0000,pcs,54720.0000,53899.2000,.0000
SI0001SI#001259,2026-03-18 00:00:00.000,Go 3 (4+64),Main Location,6.0000,12270.0000,pcs,73620.0000,72515.7000,.0000
SI0001SI#001260,2026-03-18 00:00:00.000,Spark 40 Pro,Main Location,2.0000,21700.0000,pcs,43400.0000,42749.0000,.0000
SI0001SI#001260,2026-03-18 00:00:00.000,Camon 50 (8+128),Main Location,3.0000,29250.0000,pcs,87750.0000,86433.7500,.0000
SI0001SI#001260,2026-03-18 00:00:00.000,Spark40 (6+128),Main Location,3.0000,16050.0000,pcs,48150.0000,47427.7500,.0000
SI0001SI#001260,2026-03-18 00:00:00.000,Spark 40(8+256),Main Location,1.0000,18880.0000,pcs,18880.0000,18596.8000,.0000
SI0001SI#001260,2026-03-18 00:00:00.000,Pova Curve 2,Main Location,1.0000,34910.0000,pcs,34910.0000,34386.3500,.0000
SI0001SI#001260,2026-03-18 00:00:00.000,Camon 50 (8+256),Main Location,2.0000,33020.0000,pcs,66040.0000,65049.4000,.0000
SI0001SI#001260,2026-03-18 00:00:00.000,Pova 7 Pro,Main Location,1.0000,33020.0000,pcs,33020.0000,32524.7000,.0000
SI0001SI#001252,2026-03-17 00:00:00.000,Camon 50 Ultra (8+256),Main Location,3.0000,40570.0000,pcs,121710.0000,120492.9000,.0000
SI0001SI#001253,2026-03-17 00:00:00.000,Camon 50 (8+256),Main Location,2.0000,33020.0000,pcs,66040.0000,65049.4000,.0000
SI0001SI#001253,2026-03-17 00:00:00.000,Pova Carve,Main Location,2.0000,31150.0000,pcs,62300.0000,61365.5000,.0000
SI0001SI#001253,2026-03-17 00:00:00.000,Pova Curve 2,Main Location,2.0000,34910.0000,pcs,69820.0000,68772.7000,.0000
SI0001SI#001254,2026-03-17 00:00:00.000,Camon 50 (8+128),Main Location,4.0000,29250.0000,pcs,117000.0000,115245.0000,.0000
SI0001SI#001254,2026-03-17 00:00:00.000,GO1 4+64,Main Location,2.0000,10390.0000,pcs,20780.0000,20468.3000,.0000
SI0001SI#001255,2026-03-17 00:00:00.000,Camon 50 (8+128),Main Location,4.0000,29250.0000,pcs,117000.0000,115245.0000,.0000
PI0001PI#000157,2026-03-17 00:00:00.000,Go 3 (4+64),Main Location,150.0000,11957.7400,pcs,1793661.0000,1793661.0000,.0000
PI0001PI#000157,2026-03-17 00:00:00.000,Go 3 (4+128),Main Location,180.0000,13330.9300,pcs,2399567.4000,2399567.4000,.0000
PI0001PI#000157,2026-03-17 00:00:00.000,Spark40 (6+128),Main Location,300.0000,15656.3300,pcs,4696899.0000,4696899.0000,.0000
PI0001PI#000157,2026-03-17 00:00:00.000,Spark 40(8+256),Main Location,10.0000,18392.6700,pcs,183926.7000,183926.7000,.0000
PI0001PI#000157,2026-03-17 00:00:00.000,Pova Carve,Main Location,10.0000,30370.4700,pcs,303704.7000,303704.7000,.0000
PI0001PI#000157,2026-03-17 00:00:00.000,Camon 50 (8+128),Main Location,30.0000,28516.1700,pcs,855485.1000,855485.1000,.0000
PI0001PI#000157,2026-03-17 00:00:00.000,Camon 50 (8+256),Main Location,15.0000,32194.7000,pcs,482920.5000,482920.5000,.0000
PI0001PI#000157,2026-03-17 00:00:00.000,Pova Curve 2,Main Location,15.0000,34038.9800,pcs,510584.7000,510584.7000,.0000
PI0001PI#000156,2026-03-16 00:00:00.000,Go 3 (4+64),Main Location,100.0000,11957.7400,pcs,1195774.0000,1195774.0000,.0000
PI0001PI#000156,2026-03-16 00:00:00.000,Go 3 (4+128),Main Location,30.0000,13330.9300,pcs,399927.9000,399927.9000,.0000
PI0001PI#000156,2026-03-16 00:00:00.000,Spark40 (6+128),Main Location,20.0000,15656.3300,pcs,313126.6000,313126.6000,.0000
SI0001SI#001246,2026-03-16 00:00:00.000,Pova Slim,Main Location,2.0000,28300.0000,pcs,56600.0000,55751.0000,.0000
SI0001SI#001246,2026-03-16 00:00:00.000,Camon 50 (8+256),Main Location,1.0000,33020.0000,pcs,33020.0000,32524.7000,.0000
SI0001SI#001247,2026-03-16 00:00:00.000,Spark40 (6+128),Main Location,3.0000,15656.0000,pcs,46968.0000,46968.0000,.0000
SI0001SI#001247,2026-03-16 00:00:00.000,Go 3 (4+64),Main Location,4.0000,11958.0000,pcs,47832.0000,47832.0000,.0000
SI0001SI#001247,2026-03-16 00:00:00.000,Go 3 (4+128),Main Location,2.0000,13333.0000,pcs,26666.0000,26666.0000,.0000
SI0001SI#001248,2026-03-16 00:00:00.000,Camon 50 (8+256),Main Location,1.0000,33020.0000,pcs,33020.0000,32524.7000,.0000
SI0001SI#001249,2026-03-16 00:00:00.000,Camon 50 (8+256),Main Location,1.0000,33020.0000,pcs,33020.0000,32524.7000,.0000
SI0001SI#001250,2026-03-16 00:00:00.000,Go 3 (4+128),Main Location,4.0000,13680.0000,pcs,54720.0000,53899.2000,.0000
SI0001SI#001250,2026-03-16 00:00:00.000,Pova Carve,Main Location,2.0000,31150.0000,pcs,62300.0000,61365.5000,.0000
SI0001SI#001250,2026-03-16 00:00:00.000,GO1 4+128,Main Location,2.0000,11845.0000,pcs,23690.0000,23334.6500,.0000
SI0001SI#001251,2026-03-16 00:00:00.000,Go 3 (4+64),Main Location,180.0000,11958.0000,pcs,2152440.0000,2152440.0000,.0000
SI0001SI#001251,2026-03-16 00:00:00.000,Pova Slim,Main Location,60.0000,27594.0000,pcs,1655640.0000,1655640.0000,.0000
SI0001SI#001251,2026-03-16 00:00:00.000,Spark40 (6+128),Main Location,40.0000,15656.0000,pcs,626240.0000,626240.0000,.0000
SI0001SI#001240,2026-03-15 00:00:00.000,Camon 50 Ultra (8+256),Main Location,1.0000,40570.0000,pcs,40570.0000,39961.4500,.0000
SI0001SI#001241,2026-03-15 00:00:00.000,Camon 50 (8+128),Main Location,1.0000,29250.0000,pcs,29250.0000,28811.2500,.0000
SI0001SI#001242,2026-03-15 00:00:00.000,Spark40 (6+128),Main Location,1.0000,16050.0000,pcs,16050.0000,15809.2500,.0000
SI0001SI#001243,2026-03-15 00:00:00.000,Camon 50 (8+128),Main Location,2.0000,29250.0000,pcs,58500.0000,57622.5000,.0000
SI0001SI#001243,2026-03-15 00:00:00.000,Pova Curve 2,Main Location,1.0000,34910.0000,pcs,34910.0000,34386.3500,.0000
SI0001SI#001243,2026-03-15 00:00:00.000,Camon 50 (8+256),Main Location,1.0000,33020.0000,pcs,33020.0000,32524.7000,.0000
SI0001SI#001243,2026-03-15 00:00:00.000,Spark 40 5G,Main Location,1.0000,16040.0000,pcs,16040.0000,15799.4000,.0000
SI0001SI#001244,2026-03-15 00:00:00.000,Camon 50 Ultra (8+256),Main Location,2.0000,40570.0000,pcs,81140.0000,80328.6000,.0000
SI0001SI#001245,2026-03-15 00:00:00.000,Go 3 (4+64),Main Location,2.0000,12270.0000,pcs,24540.0000,24171.9000,.0000
SI0001SI#001245,2026-03-15 00:00:00.000,Spark40 (6+128),Main Location,2.0000,16050.0000,pcs,32100.0000,31618.5000,.0000
SI0001SI#001245,2026-03-15 00:00:00.000,Pova Slim,Main Location,2.0000,28300.0000,pcs,56600.0000,55751.0000,.0000
SI0001SI#001236,2026-03-14 00:00:00.000,GO1 4+64,Main Location,1.0000,10340.0000,pcs,10340.0000,10184.9000,.0000
SI0001SI#001236,2026-03-14 00:00:00.000,Spark 40(8+256),Main Location,3.0000,18880.0000,pcs,56640.0000,55790.4000,.0000
SI0001SI#001236,2026-03-14 00:00:00.000,Camon 50 (8+128),Main Location,2.0000,29250.0000,pcs,58500.0000,57622.5000,.0000
SI0001SI#001236,2026-03-14 00:00:00.000,Go 3 (4+128),Main Location,2.0000,13680.0000,pcs,27360.0000,26949.6000,.0000
SI0001SI#001237,2026-03-14 00:00:00.000,Camon 50 (8+128),Main Location,1.0000,29250.0000,pcs,29250.0000,28811.2500,.0000
SI0001SI#001238,2026-03-14 00:00:00.000,Camon 50 Ultra (8+256),Main Location,1.0000,40570.0000,pcs,40570.0000,39961.4500,.0000
SI0001SI#001238,2026-03-14 00:00:00.000,Camon 50 (8+128),Main Location,2.0000,29250.0000,pcs,58500.0000,57622.5000,.0000
SI0001SI#001238,2026-03-14 00:00:00.000,Spark40 (6+128),Main Location,2.0000,16050.0000,pcs,32100.0000,31618.5000,.0000
SI0001SI#001238,2026-03-14 00:00:00.000,Go 3 (4+128),Main Location,2.0000,13680.0000,pcs,27360.0000,26949.6000,.0000
SI0001SI#001239,2026-03-14 00:00:00.000,Go 3 (4+128),Main Location,1.0000,13330.0000,pcs,13330.0000,13330.0000,.0000
SI0001SI#001216,2026-03-13 00:00:00.000,Go 3 (4+64),Main Location,5.0000,12270.0000,pcs,61350.0000,60429.7500,.0000
SI0001SI#001216,2026-03-13 00:00:00.000,Spark40 (6+128),Main Location,5.0000,16050.0000,pcs,80250.0000,79046.2500,.0000
SI0001SI#001226,2026-03-13 00:00:00.000,Camon 50 (8+128),Main Location,2.0000,29250.0000,pcs,58500.0000,57622.5000,.0000
SI0001SI#001227,2026-03-13 00:00:00.000,Go 3 (4+64),Main Location,20.0000,11958.0000,pcs,239160.0000,239160.0000,.0000
SI0001SI#001227,2026-03-13 00:00:00.000,Pova Slim,Main Location,3.0000,27594.0000,pcs,82782.0000,82782.0000,.0000
SI0001SI#001227,2026-03-13 00:00:00.000,Camon 50 (8+128),Main Location,2.0000,28516.0000,pcs,57032.0000,57032.0000,.0000
SI0001SI#001228,2026-03-13 00:00:00.000,Go 3 (4+64),Main Location,5.0000,11958.0000,pcs,59790.0000,59790.0000,.0000
SI0001SI#001229,2026-03-13 00:00:00.000,Pova Slim,Main Location,1.0000,28300.0000,pcs,28300.0000,27875.5000,.0000
SI0001SI#001230,2026-03-13 00:00:00.000,Pova 7 Pro,Main Location,1.0000,33020.0000,pcs,33020.0000,32524.7000,.0000
SI0001SI#001231,2026-03-13 00:00:00.000,Pova 7 Pro,Main Location,1.0000,33020.0000,pcs,33020.0000,32524.7000,.0000
SI0001SI#001232,2026-03-13 00:00:00.000,Spark 40 Pro,Main Location,1.0000,21700.0000,pcs,21700.0000,21374.5000,.0000
SI0001SI#001232,2026-03-13 00:00:00.000,Spark40 (6+128),Main Location,1.0000,16050.0000,pcs,16050.0000,15809.2500,.0000
SI0001SI#001233,2026-03-13 00:00:00.000,Camon 50 Ultra (8+256),Main Location,1.0000,40570.0000,pcs,40570.0000,39961.4500,.0000
SI0001SI#001233,2026-03-13 00:00:00.000,Camon 50 Ultra (12+256),Main Location,1.0000,47170.0000,pcs,47170.0000,46462.4500,.0000
SI0001SI#001234,2026-03-13 00:00:00.000,Camon 50 Ultra (8+256),Main Location,1.0000,40570.0000,pcs,40570.0000,39961.4500,.0000
SI0001SI#001234,2026-03-13 00:00:00.000,Camon 50 Ultra (12+256),Main Location,1.0000,47170.0000,pcs,47170.0000,46462.4500,.0000
SI0001SI#001235,2026-03-13 00:00:00.000,Spark 40 5G,Main Location,2.0000,16040.0000,pcs,32080.0000,31598.8000,.0000
SI0001SI#001235,2026-03-13 00:00:00.000,Spark 40 Pro,Main Location,2.0000,21700.0000,pcs,43400.0000,42749.0000,.0000
SI0001SI#001235,2026-03-13 00:00:00.000,Camon 50 (8+128),Main Location,2.0000,29250.0000,pcs,58500.0000,57622.5000,.0000
PI0001PI#000153,2026-03-13 00:00:00.000,Spark40 (6+128),Main Location,5.0000,15656.3300,pcs,78281.6500,78281.6500,.0000
PI0001PI#000153,2026-03-13 00:00:00.000,Go 3 (4+64),Main Location,5.0000,11957.7400,pcs,59788.7000,59788.7000,.0000
PI0001PI#000155,2026-03-13 00:00:00.000,Go 3 (4+64),Main Location,100.0000,11957.7400,pcs,1195774.0000,1195774.0000,.0000
PI0001PI#000154,2026-03-12 00:00:00.000,Camon 50 Ultra (8+256),Main Location,15.0000,39551.7700,pcs,593276.5500,593276.5500,.0000
PI0001PI#000154,2026-03-12 00:00:00.000,Camon 50 Ultra (12+256),Main Location,8.0000,45986.7000,pcs,367893.6000,367893.6000,.0000
SI0001SI#001223,2026-03-12 00:00:00.000,Pova Slim,Main Location,1.0000,28300.0000,pcs,28300.0000,27875.5000,.0000
SI0001SI#001223,2026-03-12 00:00:00.000,Pova 7 Pro,Main Location,7.0000,33020.0000,pcs,231140.0000,227672.9000,.0000
SI0001SI#001223,2026-03-12 00:00:00.000,Camon 50 Ultra (8+256),Main Location,3.0000,40570.0000,pcs,121710.0000,119884.3500,.0000
SI0001SI#001223,2026-03-12 00:00:00.000,Camon 50 Ultra (12+256),Main Location,2.0000,47170.0000,pcs,94340.0000,92924.9000,.0000
SI0001SI#001223,2026-03-12 00:00:00.000,Spark 40 Pro,Main Location,7.0000,21700.0000,pcs,151900.0000,149621.5000,.0000
SI0001SI#001224,2026-03-12 00:00:00.000,Spark40 (6+128),Main Location,2.0000,16050.0000,pcs,32100.0000,31618.5000,.0000
SI0001SI#001224,2026-03-12 00:00:00.000,Spark 40(8+256),Main Location,2.0000,18880.0000,pcs,37760.0000,37193.6000,.0000
SI0001SI#001224,2026-03-12 00:00:00.000,Pova Slim,Main Location,1.0000,28300.0000,pcs,28300.0000,27875.5000,.0000
SI0001SI#001224,2026-03-12 00:00:00.000,Go 3 (4+128),Main Location,1.0000,13680.0000,pcs,13680.0000,13474.8000,.0000
SI0001SI#001225,2026-03-12 00:00:00.000,Go 3 (4+64),Main Location,10.0000,11598.0000,pcs,115980.0000,115980.0000,.0000
SI0001SI#001225,2026-03-12 00:00:00.000,Go 3 (4+128),Main Location,10.0000,13331.0000,pcs,133310.0000,133310.0000,.0000
SI0001SI#001225,2026-03-12 00:00:00.000,Camon 50 (8+128),Main Location,2.0000,28516.0000,pcs,57032.0000,57032.0000,.0000
SI0001SI#001217,2026-03-11 00:00:00.000,Spark 40(8+256),Main Location,2.0000,18880.0000,pcs,37760.0000,37193.6000,.0000
SI0001SI#001217,2026-03-11 00:00:00.000,Spark 40 Pro,Main Location,2.0000,21700.0000,pcs,43400.0000,42749.0000,.0000
SI0001SI#001217,2026-03-11 00:00:00.000,Go 3 (4+64),Main Location,2.0000,12270.0000,pcs,24540.0000,24171.9000,.0000
SI0001SI#001217,2026-03-11 00:00:00.000,Go 3 (4+128),Main Location,2.0000,13680.0000,pcs,27360.0000,26949.6000,.0000
SI0001SI#001217,2026-03-11 00:00:00.000,Pova Slim,Main Location,2.0000,28300.0000,pcs,56600.0000,55751.0000,.0000
SI0001SI#001217,2026-03-11 00:00:00.000,Camon 50 (8+256),Main Location,1.0000,33020.0000,pcs,33020.0000,32524.7000,.0000
SI0001SI#001217,2026-03-11 00:00:00.000,Camon 50 (8+128),Main Location,3.0000,29250.0000,pcs,87750.0000,86433.7500,.0000
SI0001SI#001218,2026-03-11 00:00:00.000,Camon 50 (8+128),Main Location,2.0000,29250.0000,pcs,58500.0000,57622.5000,.0000
SI0001SI#001219,2026-03-11 00:00:00.000,Pova Carve,Main Location,1.0000,31150.0000,pcs,31150.0000,30682.7500,.0000
SI0001SI#001219,2026-03-11 00:00:00.000,Pova Curve 2,Main Location,1.0000,34910.0000,pcs,34910.0000,34386.3500,.0000
SI0001SI#001219,2026-03-11 00:00:00.000,Camon 50 (8+256),Main Location,1.0000,33020.0000,pcs,33020.0000,32524.7000,.0000
SI0001SI#001220,2026-03-11 00:00:00.000,Go 3 (4+64),Main Location,1.0000,12270.0000,pcs,12270.0000,12085.9500,.0000
SI0001SI#001220,2026-03-11 00:00:00.000,Pova Slim,Main Location,1.0000,28300.0000,pcs,28300.0000,27875.5000,.0000
SI0001SI#001220,2026-03-11 00:00:00.000,Spark40 (6+128),Main Location,2.0000,16050.0000,pcs,32100.0000,31618.5000,.0000
SI0001SI#001220,2026-03-11 00:00:00.000,Camon 50 (8+128),Main Location,1.0000,29250.0000,pcs,29250.0000,28811.2500,.0000
SI0001SI#001221,2026-03-11 00:00:00.000,Go 3 (4+64),Main Location,4.0000,11958.0000,pcs,47832.0000,47832.0000,.0000
SI0001SI#001221,2026-03-11 00:00:00.000,Spark40 (6+128),Main Location,4.0000,15656.0000,pcs,62624.0000,62624.0000,.0000
SI0001SI#001221,2026-03-11 00:00:00.000,Camon 50 (8+128),Main Location,3.0000,28516.0000,pcs,85548.0000,85548.0000,.0000
SI0001SI#001221,2026-03-11 00:00:00.000,Spark 40 Pro,Main Location,1.0000,21149.0000,pcs,21149.0000,21149.0000,.0000
SI0001SI#001221,2026-03-11 00:00:00.000,Camon 50 (8+256),Main Location,2.0000,32195.0000,pcs,64390.0000,64390.0000,.0000
SI0001SI#001222,2026-03-11 00:00:00.000,Pova Carve,Main Location,1.0000,31150.0000,pcs,31150.0000,30682.7500,.0000
SI0001SI#001222,2026-03-11 00:00:00.000,Pova Slim,Main Location,1.0000,28300.0000,pcs,28300.0000,27875.5000,.0000
SI0001SI#001210,2026-03-10 00:00:00.000,Spark40 (6+128),Main Location,1.0000,16050.0000,pcs,16050.0000,15809.2500,.0000
SI0001SI#001210,2026-03-10 00:00:00.000,Spark 40(8+256),Main Location,1.0000,18880.0000,pcs,18880.0000,18596.8000,.0000
SI0001SI#001210,2026-03-10 00:00:00.000,Go 3 (4+64),Main Location,1.0000,12270.0000,pcs,12270.0000,12085.9500,.0000
SI0001SI#001211,2026-03-10 00:00:00.000,Camon 50 (8+128),Main Location,1.0000,29250.0000,pcs,29250.0000,28811.2500,.0000
SI0001SI#001212,2026-03-10 00:00:00.000,Spark 40 Pro,Main Location,5.0000,21700.0000,pcs,108500.0000,106330.0000,.0000
SI0001SI#001213,2026-03-10 00:00:00.000,Spark 40 Pro,Main Location,80.0000,21700.0000,pcs,1736000.0000,1709960.0000,.0000
SI0001SI#001214,2026-03-10 00:00:00.000,Spark40 (6+128),Main Location,30.0000,15657.0000,pcs,469710.0000,469710.0000,.0000
SI0001SI#001215,2026-03-10 00:00:00.000,Pova Carve,Main Location,2.0000,31150.0000,pcs,62300.0000,61365.5000,.0000
PI0001PI#000152,2026-03-10 00:00:00.000,Go 3 (4+64),Main Location,25.0000,11957.7400,pcs,298943.5000,298943.5000,.0000
PI0001PI#000152,2026-03-10 00:00:00.000,Go 3 (4+128),Main Location,25.0000,13330.9300,pcs,333273.2500,333273.2500,.0000
PI0001PI#000152,2026-03-10 00:00:00.000,Spark40 (6+128),Main Location,50.0000,15656.3300,pcs,782816.5000,782816.5000,.0000
PI0001PI#000152,2026-03-10 00:00:00.000,Pova 7 Pro,Main Location,10.0000,32194.7000,pcs,321947.0000,321947.0000,.0000
PI0001PI#000151,2026-03-09 00:00:00.000,Pova Carve,Main Location,10.0000,30370.4700,pcs,303704.7000,303704.7000,.0000
PI0001PI#000151,2026-03-09 00:00:00.000,Go 3 (4+128),Main Location,25.0000,13330.9300,pcs,333273.2500,333273.2500,.0000
PI0001PI#000151,2026-03-09 00:00:00.000,Spark40 (6+128),Main Location,30.0000,15656.3300,pcs,469689.9000,469689.9000,.0000
SI0001SI#001209,2026-03-09 00:00:00.000,Go 3 (4+64),Main Location,5.0000,12270.0000,pcs,61350.0000,60429.7500,.0000
SI0001SI#001209,2026-03-09 00:00:00.000,Go 3 (4+128),Main Location,5.0000,13680.0000,pcs,68400.0000,67374.0000,.0000
SI0001SI#001209,2026-03-09 00:00:00.000,Spark40 (6+128),Main Location,5.0000,16050.0000,pcs,80250.0000,79046.2500,.0000
SI0001SI#001209,2026-03-09 00:00:00.000,Spark 40(8+256),Main Location,5.0000,18880.0000,pcs,94400.0000,92984.0000,.0000
SI0001SI#001209,2026-03-09 00:00:00.000,Spark 40 Pro,Main Location,5.0000,21700.0000,pcs,108500.0000,106872.5000,.0000
SI0001SI#001202,2026-03-08 00:00:00.000,Camon 50 (8+128),Main Location,1.0000,29250.0000,pcs,29250.0000,28811.2500,.0000
SI0001SI#001203,2026-03-08 00:00:00.000,Spark 40 Pro,Main Location,2.0000,21700.0000,pcs,43400.0000,42532.0000,.0000
SI0001SI#001203,2026-03-08 00:00:00.000,Spark40 (6+128),Main Location,1.0000,16050.0000,pcs,16050.0000,15729.0000,.0000
SI0001SI#001204,2026-03-08 00:00:00.000,Camon 50 (8+128),Main Location,2.0000,29250.0000,pcs,58500.0000,57622.5000,.0000
SI0001SI#001204,2026-03-08 00:00:00.000,Pova Slim,Main Location,1.0000,28300.0000,pcs,28300.0000,27875.5000,.0000
SI0001SI#001204,2026-03-08 00:00:00.000,Camon 50 (8+256),Main Location,1.0000,33020.0000,pcs,33020.0000,32524.7000,.0000
SI0001SI#001205,2026-03-08 00:00:00.000,Spark40 (6+128),Main Location,10.0000,15657.0000,pcs,156570.0000,156570.0000,.0000
SI0001SI#001206,2026-03-08 00:00:00.000,Spark 40 Pro,Main Location,10.0000,21700.0000,pcs,217000.0000,213745.0000,.0000
SI0001SI#001207,2026-03-08 00:00:00.000,Pova Curve 2,Main Location,1.0000,34910.0000,pcs,34910.0000,34386.3500,.0000
SI0001SI#001208,2026-03-08 00:00:00.000,Camon 50 (8+128),Main Location,4.0000,29250.0000,pcs,117000.0000,115245.0000,.0000
SI0001SI#001208,2026-03-08 00:00:00.000,Spark 40(8+256),Main Location,2.0000,18880.0000,pcs,37760.0000,37193.6000,.0000
SI0001SI#001208,2026-03-08 00:00:00.000,Go2,Main Location,4.0000,10390.0000,pcs,41560.0000,40936.6000,.0000
SI0001SI#001200,2026-03-07 00:00:00.000,Spark40 (6+128),Main Location,2.0000,16050.0000,pcs,32100.0000,31779.0000,.0000
SI0001SI#001200,2026-03-07 00:00:00.000,Spark 40(8+256),Main Location,1.0000,18880.0000,pcs,18880.0000,18691.2000,.0000
SI0001SI#001201,2026-03-07 00:00:00.000,Go 3 (4+64),Main Location,5.0000,11958.0000,pcs,59790.0000,59790.0000,.0000
SI0001SI#001196,2026-03-06 00:00:00.000,Spark40 Pro Pius,Main Location,1.0000,23590.0000,pcs,23590.0000,23236.1500,.0000
SI0001SI#001197,2026-03-06 00:00:00.000,Spark 40 Pro,Main Location,5.0000,21150.0000,pcs,105750.0000,105750.0000,.0000
SI0001SI#001198,2026-03-06 00:00:00.000,Go 3 (4+64),Main Location,3.0000,12270.0000,pcs,36810.0000,36257.8500,.0000
SI0001SI#001198,2026-03-06 00:00:00.000,Go 3 (4+128),Main Location,2.0000,13680.0000,pcs,27360.0000,26949.6000,.0000
SI0001SI#001198,2026-03-06 00:00:00.000,Spark40 (6+128),Main Location,1.0000,16050.0000,pcs,16050.0000,15809.2500,.0000
SI0001SI#001198,2026-03-06 00:00:00.000,Spark 40(8+256),Main Location,2.0000,18880.0000,pcs,37760.0000,37193.6000,.0000
SI0001SI#001198,2026-03-06 00:00:00.000,Camon 50 (8+128),Main Location,1.0000,29250.0000,pcs,29250.0000,28811.2500,.0000
SI0001SI#001199,2026-03-06 00:00:00.000,Camon 50 (8+128),Main Location,1.0000,29250.0000,pcs,29250.0000,28811.2500,.0000
SI0001SI#001199,2026-03-06 00:00:00.000,Spark40 (6+128),Main Location,1.0000,16050.0000,pcs,16050.0000,15809.2500,.0000
SI0001SI#001199,2026-03-06 00:00:00.000,Pova Carve,Main Location,1.0000,31150.0000,pcs,31150.0000,30682.7500,.0000
SI0001SI#001191,2026-03-05 00:00:00.000,Go 3 (4+64),Main Location,6.0000,11958.0000,pcs,71748.0000,71748.0000,.0000
SI0001SI#001191,2026-03-05 00:00:00.000,Go 3 (4+128),Main Location,2.0000,13331.0000,pcs,26662.0000,26662.0000,.0000
SI0001SI#001192,2026-03-05 00:00:00.000,Go 3 (4+128),Main Location,2.0000,13680.0000,pcs,27360.0000,26949.6000,.0000
SI0001SI#001192,2026-03-05 00:00:00.000,Spark 40(8+256),Main Location,2.0000,18880.0000,pcs,37760.0000,37193.6000,.0000
SI0001SI#001192,2026-03-05 00:00:00.000,Spark 40 Pro,Main Location,2.0000,21700.0000,pcs,43400.0000,42749.0000,.0000
SI0001SI#001192,2026-03-05 00:00:00.000,Go 3 (4+64),Main Location,3.0000,12270.0000,pcs,36810.0000,36257.8500,.0000
SI0001SI#001192,2026-03-05 00:00:00.000,Spark40 (6+128),Main Location,3.0000,16050.0000,pcs,48150.0000,47427.7500,.0000
SI0001SI#001192,2026-03-05 00:00:00.000,Camon 50 (8+128),Main Location,1.0000,29250.0000,pcs,29250.0000,28811.2500,.0000
SI0001SI#001192,2026-03-05 00:00:00.000,Pova Slim,Main Location,1.0000,28300.0000,pcs,28300.0000,27875.5000,.0000
SI0001SI#001193,2026-03-05 00:00:00.000,Camon 50 (8+256),Main Location,1.0000,33020.0000,pcs,33020.0000,32359.6000,.0000
SI0001SI#001193,2026-03-05 00:00:00.000,Camon 50 (8+128),Main Location,1.0000,29250.0000,pcs,29250.0000,28665.0000,.0000
SI0001SI#001194,2026-03-05 00:00:00.000,Go 3 (4+64),Main Location,2.0000,12270.0000,pcs,24540.0000,24171.9000,.0000
SI0001SI#001194,2026-03-05 00:00:00.000,Pova Curve 2,Main Location,1.0000,34910.0000,pcs,34910.0000,34386.3500,.0000
SI0001SI#001194,2026-03-05 00:00:00.000,Pova Slim,Main Location,1.0000,28300.0000,pcs,28300.0000,27875.5000,.0000
SI0001SI#001194,2026-03-05 00:00:00.000,GO1 3+64,Main Location,2.0000,9430.0000,pcs,18860.0000,18860.0000,.0000
SI0001SI#001195,2026-03-05 00:00:00.000,Go2,Main Location,1.0000,10390.0000,pcs,10390.0000,10234.1500,.0000
SI0001SI#001195,2026-03-05 00:00:00.000,Spark 40 Pro,Main Location,4.0000,21700.0000,pcs,86800.0000,85498.0000,.0000
SI0001SI#001188,2026-03-04 00:00:00.000,Pova Curve 2,Main Location,1.0000,34910.0000,pcs,34910.0000,34386.3500,.0000
SI0001SI#001188,2026-03-04 00:00:00.000,Camon 50 (8+128),Main Location,2.0000,29250.0000,pcs,58500.0000,57622.5000,.0000
SI0001SI#001188,2026-03-04 00:00:00.000,Spark40 (6+128),Main Location,1.0000,16050.0000,pcs,16050.0000,15809.2500,.0000
SI0001SI#001189,2026-03-04 00:00:00.000,Camon 50 (8+128),Main Location,1.0000,29250.0000,pcs,29250.0000,28811.2500,.0000
SI0001SI#001190,2026-03-04 00:00:00.000,Pova Curve 2,Main Location,3.0000,34910.0000,pcs,104730.0000,103159.0500,.0000
SI0001SI#001190,2026-03-04 00:00:00.000,Pova Carve,Main Location,3.0000,31150.0000,pcs,93450.0000,92048.2500,.0000
SI0001SI#001190,2026-03-04 00:00:00.000,Camon 50 (8+256),Main Location,3.0000,33020.0000,pcs,99060.0000,97574.1000,.0000
SI0001SI#001190,2026-03-04 00:00:00.000,Pova Slim,Main Location,3.0000,28300.0000,pcs,84900.0000,83626.5000,.0000
SI0001SI#001182,2026-03-03 00:00:00.000,Spark 40(8+256),Main Location,3.0000,18880.0000,pcs,56640.0000,55790.4000,.0000
SI0001SI#001182,2026-03-03 00:00:00.000,Spark40 (6+128),Main Location,3.0000,16050.0000,pcs,48150.0000,47427.7500,.0000
SI0001SI#001182,2026-03-03 00:00:00.000,Go 3 (4+64),Main Location,3.0000,12270.0000,pcs,36810.0000,36257.8500,.0000
SI0001SI#001182,2026-03-03 00:00:00.000,Go 3 (4+128),Main Location,3.0000,13680.0000,pcs,41040.0000,40424.4000,.0000
SI0001SI#001182,2026-03-03 00:00:00.000,Spark 40 Pro,Main Location,2.0000,21700.0000,pcs,43400.0000,42749.0000,.0000
SI0001SI#001182,2026-03-03 00:00:00.000,Pova Carve,Main Location,1.0000,31150.0000,pcs,31150.0000,30725.5000,.0000
SI0001SI#001183,2026-03-03 00:00:00.000,Go 3 (4+64),Main Location,2.0000,12270.0000,pcs,24540.0000,24171.9000,.0000
SI0001SI#001183,2026-03-03 00:00:00.000,Go 3 (4+128),Main Location,1.0000,13680.0000,pcs,13680.0000,13474.8000,.0000
SI0001SI#001183,2026-03-03 00:00:00.000,Spark40 (6+128),Main Location,2.0000,16050.0000,pcs,32100.0000,31618.5000,.0000
SI0001SI#001183,2026-03-03 00:00:00.000,Pova Slim,Main Location,1.0000,28300.0000,pcs,28300.0000,27875.5000,.0000
SI0001SI#001183,2026-03-03 00:00:00.000,Camon 50 (8+128),Main Location,1.0000,29250.0000,pcs,29250.0000,28811.2500,.0000
SI0001SI#001184,2026-03-03 00:00:00.000,Go 3 (4+64),Main Location,2.0000,12270.0000,pcs,24540.0000,24171.9000,.0000
SI0001SI#001184,2026-03-03 00:00:00.000,Go 3 (4+128),Main Location,1.0000,13680.0000,pcs,13680.0000,13474.8000,.0000
SI0001SI#001185,2026-03-03 00:00:00.000,Go 3 (4+64),Main Location,25.0000,11958.0000,pcs,298950.0000,298950.0000,.0000
SI0001SI#001185,2026-03-03 00:00:00.000,Go 3 (4+128),Main Location,10.0000,13331.0000,pcs,133310.0000,133310.0000,.0000
SI0001SI#001185,2026-03-03 00:00:00.000,Spark 40(8+256),Main Location,10.0000,18393.0000,pcs,183930.0000,183930.0000,.0000
SI0001SI#001186,2026-03-03 00:00:00.000,Go 3 (4+64),Main Location,15.0000,12270.0000,pcs,184050.0000,184050.0000,.0000
SI0001SI#001187,2026-03-03 00:00:00.000,Camon 50 (8+256),Main Location,1.0000,33020.0000,pcs,33020.0000,32689.8000,.0000
SI0001SI#001187,2026-03-03 00:00:00.000,Pova Curve 2,Main Location,1.0000,34910.0000,pcs,34910.0000,34560.9000,.0000
SI0001SI#001172,2026-03-02 00:00:00.000,Go 3 (4+64),Main Location,2.0000,12270.0000,pcs,24540.0000,24171.9000,.0000
SI0001SI#001172,2026-03-02 00:00:00.000,Go 3 (4+128),Main Location,1.0000,13680.0000,pcs,13680.0000,13474.8000,.0000
SI0001SI#001172,2026-03-02 00:00:00.000,Spark40 (6+128),Main Location,1.0000,16050.0000,pcs,16050.0000,15809.2500,.0000
SI0001SI#001172,2026-03-02 00:00:00.000,Spark 40 Pro,Main Location,1.0000,21700.0000,pcs,21700.0000,21374.5000,.0000
SI0001SI#001173,2026-03-02 00:00:00.000,Spark 40 Pro,Main Location,1.0000,21700.0000,pcs,21700.0000,21374.5000,.0000
SI0001SI#001173,2026-03-02 00:00:00.000,Camon 50 (8+128),Main Location,1.0000,29250.0000,pcs,29250.0000,28811.2500,.0000
SI0001SI#001173,2026-03-02 00:00:00.000,Go 3 (4+64),Main Location,2.0000,12270.0000,pcs,24540.0000,24171.9000,.0000
SI0001SI#001173,2026-03-02 00:00:00.000,Go 3 (4+128),Main Location,2.0000,13680.0000,pcs,27360.0000,26949.6000,.0000
SI0001SI#001173,2026-03-02 00:00:00.000,Spark40 (6+128),Main Location,2.0000,16050.0000,pcs,32100.0000,31618.5000,.0000
SI0001SI#001174,2026-03-02 00:00:00.000,Camon 50 (8+128),Main Location,1.0000,29250.0000,pcs,29250.0000,28811.2500,.0000
SI0001SI#001174,2026-03-02 00:00:00.000,Spark 40 Pro,Main Location,1.0000,21700.0000,pcs,21700.0000,21374.5000,.0000
SI0001SI#001174,2026-03-02 00:00:00.000,Spark40 (6+128),Main Location,2.0000,16050.0000,pcs,32100.0000,31618.5000,.0000
SI0001SI#001174,2026-03-02 00:00:00.000,Go 3 (4+64),Main Location,2.0000,12270.0000,pcs,24540.0000,24171.9000,.0000
SI0001SI#001174,2026-03-02 00:00:00.000,Go 3 (4+128),Main Location,1.0000,13680.0000,pcs,13680.0000,13474.8000,.0000
SI0001SI#001175,2026-03-02 00:00:00.000,Spark40 (6+128),Main Location,2.0000,16050.0000,pcs,32100.0000,31618.5000,.0000
SI0001SI#001175,2026-03-02 00:00:00.000,Go 3 (4+64),Main Location,2.0000,12270.0000,pcs,24540.0000,24171.9000,.0000
SI0001SI#001175,2026-03-02 00:00:00.000,Pova Slim,Main Location,1.0000,28300.0000,pcs,28300.0000,27875.5000,.0000
SI0001SI#001175,2026-03-02 00:00:00.000,Camon 50 (8+256),Main Location,1.0000,33020.0000,pcs,33020.0000,32524.7000,.0000
SI0001SI#001175,2026-03-02 00:00:00.000,Camon 50 (8+128),Main Location,1.0000,29250.0000,pcs,29250.0000,28811.2500,.0000
SI0001SI#001175,2026-03-02 00:00:00.000,Pova Curve 2,Main Location,1.0000,34910.0000,pcs,34910.0000,34386.3500,.0000
SI0001SI#001176,2026-03-02 00:00:00.000,Go 3 (4+64),Main Location,1.0000,12270.0000,pcs,12270.0000,12085.9500,.0000
SI0001SI#001176,2026-03-02 00:00:00.000,Go 3 (4+128),Main Location,1.0000,13680.0000,pcs,13680.0000,13474.8000,.0000
SI0001SI#001176,2026-03-02 00:00:00.000,Spark40 (6+128),Main Location,1.0000,16050.0000,pcs,16050.0000,15809.2500,.0000
SI0001SI#001176,2026-03-02 00:00:00.000,Spark 40 Pro,Main Location,1.0000,21700.0000,pcs,21700.0000,21374.5000,.0000
SI0001SI#001176,2026-03-02 00:00:00.000,Spark 40(8+256),Main Location,1.0000,18880.0000,pcs,18880.0000,18596.8000,.0000
SI0001SI#001177,2026-03-02 00:00:00.000,Go 3 (4+64),Main Location,1.0000,12270.0000,pcs,12270.0000,12085.9500,.0000
SI0001SI#001177,2026-03-02 00:00:00.000,Go 3 (4+128),Main Location,1.0000,13680.0000,pcs,13680.0000,13474.8000,.0000
SI0001SI#001177,2026-03-02 00:00:00.000,Spark40 (6+128),Main Location,2.0000,16050.0000,pcs,32100.0000,31618.5000,.0000
SI0001SI#001177,2026-03-02 00:00:00.000,Spark 40(8+256),Main Location,2.0000,18880.0000,pcs,37760.0000,37193.6000,.0000
SI0001SI#001177,2026-03-02 00:00:00.000,Pova Slim,Main Location,2.0000,28300.0000,pcs,56600.0000,55751.0000,.0000
SI0001SI#001177,2026-03-02 00:00:00.000,Spark 40 Pro,Main Location,1.0000,21700.0000,pcs,21700.0000,21374.5000,.0000
SI0001SI#001177,2026-03-02 00:00:00.000,Camon 50 (8+128),Main Location,1.0000,29250.0000,pcs,29250.0000,28811.2500,.0000
SI0001SI#001178,2026-03-02 00:00:00.000,Spark40 (6+128),Main Location,2.0000,16050.0000,pcs,32100.0000,31779.0000,.0000
SI0001SI#001178,2026-03-02 00:00:00.000,Spark 40(8+256),Main Location,2.0000,18880.0000,pcs,37760.0000,37382.4000,.0000
SI0001SI#001178,2026-03-02 00:00:00.000,Go 3 (4+64),Main Location,2.0000,12270.0000,pcs,24540.0000,24294.6000,.0000
SI0001SI#001178,2026-03-02 00:00:00.000,Pova Curve 2,Main Location,1.0000,34910.0000,pcs,34910.0000,34560.9000,.0000
SI0001SI#001179,2026-03-02 00:00:00.000,Camon 50 (8+256),Main Location,1.0000,33020.0000,pcs,33020.0000,32524.7000,.0000
SI0001SI#001180,2026-03-02 00:00:00.000,Pova Slim,Main Location,1.0000,28300.0000,pcs,28300.0000,27875.5000,.0000
SI0001SI#001180,2026-03-02 00:00:00.000,Camon 50 (8+128),Main Location,1.0000,29250.0000,pcs,29250.0000,28811.2500,.0000
SI0001SI#001180,2026-03-02 00:00:00.000,Spark40 (6+128),Main Location,2.0000,16050.0000,pcs,32100.0000,31618.5000,.0000
SI0001SI#001180,2026-03-02 00:00:00.000,Go 3 (4+64),Main Location,1.0000,12270.0000,pcs,12270.0000,12085.9500,.0000
SI0001SI#001181,2026-03-02 00:00:00.000,Go 3 (4+64),Main Location,3.0000,12270.0000,pcs,36810.0000,36257.8500,.0000
SI0001SI#001181,2026-03-02 00:00:00.000,Spark40 (6+128),Main Location,5.0000,16050.0000,pcs,80250.0000,79046.2500,.0000
SI0001SI#001181,2026-03-02 00:00:00.000,Spark 40(8+256),Main Location,2.0000,18880.0000,pcs,37760.0000,37193.6000,.0000
SI0001SI#001181,2026-03-02 00:00:00.000,Spark 40 Pro,Main Location,2.0000,21700.0000,pcs,43400.0000,42749.0000,.0000
SI0001SI#001181,2026-03-02 00:00:00.000,Pova Slim,Main Location,1.0000,28300.0000,pcs,28300.0000,27875.5000,.0000
SI0001SI#001181,2026-03-02 00:00:00.000,Camon 50 (8+128),Main Location,1.0000,29250.0000,pcs,29250.0000,28811.2500,.0000
SI0001SI#001181,2026-03-02 00:00:00.000,Pova Carve,Main Location,1.0000,31150.0000,pcs,31150.0000,30682.7500,.0000
SI0001SI#001167,2026-03-01 00:00:00.000,Pova Curve 2,Main Location,1.0000,34910.0000,pcs,34910.0000,34386.3500,.0000
SI0001SI#001167,2026-03-01 00:00:00.000,Pova Carve,Main Location,1.0000,31150.0000,pcs,31150.0000,30682.7500,.0000
SI0001SI#001167,2026-03-01 00:00:00.000,Go 3 (4+64),Main Location,1.0000,12270.0000,pcs,12270.0000,12085.9500,.0000
SI0001SI#001168,2026-03-01 00:00:00.000,Spark40 (6+128),Main Location,10.0000,16050.0000,pcs,160500.0000,158092.5000,.0000
SI0001SI#001168,2026-03-01 00:00:00.000,Spark 40(8+256),Main Location,10.0000,18880.0000,pcs,188800.0000,185968.0000,.0000
SI0001SI#001168,2026-03-01 00:00:00.000,Spark 40 Pro,Main Location,20.0000,21700.0000,pcs,434000.0000,427490.0000,.0000
SI0001SI#001168,2026-03-01 00:00:00.000,Go 3 (4+64),Main Location,6.0000,12270.0000,pcs,73620.0000,72515.7000,.0000
SI0001SI#001168,2026-03-01 00:00:00.000,Go 3 (4+128),Main Location,6.0000,13680.0000,pcs,82080.0000,80848.8000,.0000
SI0001SI#001168,2026-03-01 00:00:00.000,Pova Slim,Main Location,6.0000,28300.0000,pcs,169800.0000,167253.0000,.0000
SI0001SI#001168,2026-03-01 00:00:00.000,Pova Carve,Main Location,6.0000,31150.0000,pcs,186900.0000,184096.5000,.0000
SI0001SI#001168,2026-03-01 00:00:00.000,Camon 50 (8+128),Main Location,10.0000,29250.0000,pcs,292500.0000,288112.5000,.0000
SI0001SI#001168,2026-03-01 00:00:00.000,Camon 50 (8+256),Main Location,6.0000,33020.0000,pcs,198120.0000,195148.2000,.0000
SI0001SI#001169,2026-03-01 00:00:00.000,Camon 50 (8+128),Main Location,1.0000,29250.0000,pcs,29250.0000,28665.0000,.0000
SI0001SI#001170,2026-03-01 00:00:00.000,Go 3 (4+64),Main Location,6.0000,12270.0000,pcs,73620.0000,73620.0000,.0000
SI0001SI#001170,2026-03-01 00:00:00.000,Go 3 (4+128),Main Location,4.0000,13680.0000,pcs,54720.0000,54720.0000,.0000
SI0001SI#001171,2026-03-01 00:00:00.000,Go 3 (4+64),Main Location,50.0000,11958.0000,pcs,597900.0000,597900.0000,.0000
SI0001SI#001163,2026-02-27 00:00:00.000,Go 3 (4+64),Main Location,10.0000,11958.0000,pcs,119580.0000,119580.0000,.0000
SI0001SI#001164,2026-02-27 00:00:00.000,Go2,Main Location,2.0000,10390.0000,pcs,20780.0000,20780.0000,.0000
SI0001SI#001165,2026-02-27 00:00:00.000,Camon 50 (8+256),Main Location,1.0000,33020.0000,pcs,33020.0000,32524.7000,.0000
SI0001SI#001165,2026-02-27 00:00:00.000,Go 3 (4+64),Main Location,3.0000,12270.0000,pcs,36810.0000,36257.8500,.0000
SI0001SI#001166,2026-02-27 00:00:00.000,N30 SE,Main Location,1.0000,15000.0000,pcs,15000.0000,15000.0000,.0000
SI0001SI#001159,2026-02-26 00:00:00.000,Pova Curve 2,Main Location,1.0000,34910.0000,pcs,34910.0000,34390.0000,.0000
SI0001SI#001160,2026-02-26 00:00:00.000,Pova Curve 2,Main Location,1.0000,34910.0000,pcs,34910.0000,34390.0000,.0000
SI0001SI#001161,2026-02-26 00:00:00.000,Camon 50 (8+256),Main Location,1.0000,33020.0000,pcs,33020.0000,32524.7000,.0000
SI0001SI#001161,2026-02-26 00:00:00.000,Spark40 (6+128),Main Location,1.0000,16050.0000,pcs,16050.0000,15809.2500,.0000
SI0001SI#001161,2026-02-26 00:00:00.000,Pova Curve 2,Main Location,1.0000,34910.0000,pcs,34910.0000,34386.3500,.0000
SI0001SI#001162,2026-02-26 00:00:00.000,Pova Curve 2,Main Location,5.0000,34910.0000,pcs,174550.0000,171931.7500,.0000
SI0001SI#001162,2026-02-26 00:00:00.000,GO1 4+64,Main Location,1.0000,10340.0000,pcs,10340.0000,10184.9000,.0000
SI0001SI#001155,2026-02-25 00:00:00.000,Pova Carve,Main Location,4.0000,31150.0000,pcs,124600.0000,122731.0000,.0000
SI0001SI#001155,2026-02-25 00:00:00.000,Pova Slim,Main Location,4.0000,28300.0000,pcs,113200.0000,111502.0000,.0000
SI0001SI#001156,2026-02-25 00:00:00.000,Camon 50 (8+128),Main Location,1.0000,29250.0000,pcs,29250.0000,28811.2500,.0000
SI0001SI#001156,2026-02-25 00:00:00.000,Spark 40 Pro,Main Location,1.0000,21700.0000,pcs,21700.0000,21374.5000,.0000
SI0001SI#001157,2026-02-25 00:00:00.000,LIVE DEMO Pova Curve 2,Main Location,1.0000,25900.0000,pcs,25900.0000,25900.0000,.0000
SI0001SI#001158,2026-02-25 00:00:00.000,LIVE DEMO Pova Curve 2,Main Location,1.0000,25900.0000,pcs,25900.0000,25900.0000,.0000
PI0001PI#000149,2026-02-25 00:00:00.000,Pova Curve 2,Main Location,20.0000,34038.9800,pcs,680779.6000,680779.6000,.0000
PI0001PI#000147,2026-02-25 00:00:00.000,Go 3 (4+64),Main Location,300.0000,11957.7400,pcs,3587322.0000,3587322.0000,.0000
PI0001PI#000147,2026-02-25 00:00:00.000,Spark40 (6+128),Main Location,60.0000,15656.3300,pcs,939379.8000,939379.8000,.0000
PI0001PI#000147,2026-02-25 00:00:00.000,Pova Slim,Main Location,100.0000,27594.0200,pcs,2759402.0000,2759402.0000,.0000
PI0001PI#000148,2026-02-24 00:00:00.000,LIVE DEMO Pova Curve 2,Main Location,2.0000,25900.0000,pcs,51800.0000,51800.0000,.0000
SI0001SI#001150,2026-02-24 00:00:00.000,Go2,Main Location,3.0000,10390.0000,pcs,31170.0000,30702.4500,.0000
SI0001SI#001151,2026-02-24 00:00:00.000,Camon 50 (8+128),Main Location,1.0000,29250.0000,pcs,29250.0000,28811.2500,.0000
SI0001SI#001151,2026-02-24 00:00:00.000,Camon 50 (8+256),Main Location,1.0000,33020.0000,pcs,33020.0000,32524.7000,.0000
SI0001SI#001152,2026-02-24 00:00:00.000,Go 3 (4+64),Main Location,2.0000,12270.0000,pcs,24540.0000,24171.9000,.0000
SI0001SI#001152,2026-02-24 00:00:00.000,Camon 50 (8+128),Main Location,1.0000,29250.0000,pcs,29250.0000,28811.2500,.0000
SI0001SI#001152,2026-02-24 00:00:00.000,Camon 50 (8+256),Main Location,2.0000,33020.0000,pcs,66040.0000,65049.4000,.0000
SI0001SI#001153,2026-02-24 00:00:00.000,Go 3 (4+64),Main Location,5.0000,12270.0000,pcs,61350.0000,60429.7500,.0000
SI0001SI#001153,2026-02-24 00:00:00.000,Go 3 (4+128),Main Location,2.0000,13680.0000,pcs,27360.0000,26949.6000,.0000
SI0001SI#001154,2026-02-24 00:00:00.000,Spark40 (6+128),Main Location,1.0000,16050.0000,pcs,16050.0000,16050.0000,.0000
SI0001SI#001147,2026-02-23 00:00:00.000,Spark 40(8+256),Main Location,1.0000,18880.0000,pcs,18880.0000,18596.8000,.0000
SI0001SI#001148,2026-02-23 00:00:00.000,Go 3 (4+64),Main Location,2.0000,12270.0000,pcs,24540.0000,24294.6000,.0000
SI0001SI#001148,2026-02-23 00:00:00.000,Pova 7 Pro,Main Location,1.0000,33020.0000,pcs,33020.0000,32689.8000,.0000
SI0001SI#001149,2026-02-23 00:00:00.000,Pova Carve,Main Location,1.0000,30370.0000,pcs,30370.0000,30370.0000,.0000
PI0001PI#000146,2026-02-23 00:00:00.000,Pova Slim,Main Location,10.0000,27594.0200,pcs,275940.2000,275940.2000,.0000
SI0001SI#001145,2026-02-22 00:00:00.000,Camon 50 (8+128),Main Location,1.0000,29250.0000,pcs,29250.0000,28811.2500,.0000
SI0001SI#001146,2026-02-22 00:00:00.000,Spark 40 Pro,Main Location,2.0000,21149.0000,pcs,42298.0000,42298.0000,.0000
SI0001SI#001146,2026-02-22 00:00:00.000,Go 3 (4+64),Main Location,2.0000,11958.0000,pcs,23916.0000,23916.0000,.0000
SI0001SI#001143,2026-02-21 00:00:00.000,Pova 7 Pro,Main Location,1.0000,33020.0000,pcs,33020.0000,32524.7000,.0000
SI0001SI#001144,2026-02-21 00:00:00.000,Camon 50 (8+128),Main Location,1.0000,29250.0000,pcs,29250.0000,28957.5000,.0000
SI0001SI#001144,2026-02-21 00:00:00.000,Camon 50 (8+256),Main Location,1.0000,33020.0000,pcs,33020.0000,32689.8000,.0000
SI0001SI#001144,2026-02-21 00:00:00.000,Go 3 (4+64),Main Location,2.0000,12270.0000,pcs,24540.0000,24294.6000,.0000
PI0001PI#000144,2026-02-21 00:00:00.000,Live Demo Camon 50,Main Location,2.0000,21765.4600,pcs,43530.9200,43530.9200,.0000
PI0001PI#000143,2026-02-20 00:00:00.000,Camon 50 (8+128),Main Location,230.0000,28516.1700,pcs,6558719.1000,6558719.1000,.0000
PI0001PI#000143,2026-02-20 00:00:00.000,Camon 50 (8+256),Main Location,50.0000,32194.7000,pcs,1609735.0000,1609735.0000,.0000
PI0001PI#000143,2026-02-20 00:00:00.000,Pova Slim,Main Location,30.0000,27594.0200,pcs,827820.6000,827820.6000,.0000
SI0001SI#001138,2026-02-20 00:00:00.000,Camon 50 (8+128),Main Location,1.0000,29250.0000,pcs,29250.0000,28811.2500,.0000
SI0001SI#001138,2026-02-20 00:00:00.000,Camon 50 (8+256),Main Location,1.0000,33020.0000,pcs,33020.0000,32524.7000,.0000
SI0001SI#001139,2026-02-20 00:00:00.000,Camon 50 (8+128),Main Location,1.0000,29250.0000,pcs,29250.0000,28811.2500,.0000
SI0001SI#001139,2026-02-20 00:00:00.000,Camon 50 (8+256),Main Location,1.0000,33020.0000,pcs,33020.0000,32524.7000,.0000
SI0001SI#001140,2026-02-20 00:00:00.000,Spark 40(8+256),Main Location,2.0000,18880.0000,pcs,37760.0000,37193.6000,.0000
SI0001SI#001140,2026-02-20 00:00:00.000,Go 3 (4+64),Main Location,1.0000,12270.0000,pcs,12270.0000,12085.9500,.0000
SI0001SI#001140,2026-02-20 00:00:00.000,Spark 40 Pro,Main Location,1.0000,21700.0000,pcs,21700.0000,21374.5000,.0000
SI0001SI#001140,2026-02-20 00:00:00.000,Camon 50 (8+128),Main Location,2.0000,29250.0000,pcs,58500.0000,57622.5000,.0000
SI0001SI#001140,2026-02-20 00:00:00.000,Camon 50 (8+256),Main Location,1.0000,33020.0000,pcs,33020.0000,32524.7000,.0000
SI0001SI#001141,2026-02-20 00:00:00.000,Pova 7 Pro,Main Location,2.0000,33020.0000,pcs,66040.0000,65049.4000,.0000
SI0001SI#001141,2026-02-20 00:00:00.000,Pova Slim,Main Location,3.0000,28300.0000,pcs,84900.0000,83626.5000,.0000
SI0001SI#001141,2026-02-20 00:00:00.000,Pova Carve,Main Location,2.0000,31150.0000,pcs,62300.0000,61365.5000,.0000
SI0001SI#001141,2026-02-20 00:00:00.000,Spark 40 Pro,Main Location,3.0000,21700.0000,pcs,65100.0000,64123.5000,.0000
SI0001SI#001141,2026-02-20 00:00:00.000,Spark 40(8+256),Main Location,3.0000,18880.0000,pcs,56640.0000,55790.4000,.0000
SI0001SI#001141,2026-02-20 00:00:00.000,Go 3 (4+128),Main Location,3.0000,13680.0000,pcs,41040.0000,40424.4000,.0000
SI0001SI#001142,2026-02-20 00:00:00.000,Camon 50 (8+128),Main Location,4.0000,29250.0000,pcs,117000.0000,115245.0000,.0000
SI0001SI#001142,2026-02-20 00:00:00.000,Camon 50 (8+256),Main Location,6.0000,33020.0000,pcs,198120.0000,195148.2000,.0000
SI0001SI#001136,2026-02-19 00:00:00.000,Pova Slim,Main Location,1.0000,28300.0000,pcs,28300.0000,27875.5000,.0000
SI0001SI#001137,2026-02-19 00:00:00.000,Spark40 Pro Pius,Main Location,4.0000,23590.0000,pcs,94360.0000,92944.6000,.0000
SI0001SI#001134,2026-02-18 00:00:00.000,Spark40 (6+128),Main Location,5.0000,16050.0000,pcs,80250.0000,79046.2500,.0000
SI0001SI#001135,2026-02-18 00:00:00.000,Spark 40 Pro,Main Location,3.0000,21149.0000,pcs,63447.0000,63447.0000,.0000
SI0001SI#001135,2026-02-18 00:00:00.000,Spark 40(8+256),Main Location,2.0000,18393.0000,pcs,36786.0000,36786.0000,.0000
SI0001SI#001131,2026-02-17 00:00:00.000,Tablet Megapad 4+128,Main Location,2.0000,19810.0000,pcs,39620.0000,39025.7000,.0000
SI0001SI#001131,2026-02-17 00:00:00.000,Pova Slim,Main Location,1.0000,28300.0000,pcs,28300.0000,27875.5000,.0000
SI0001SI#001131,2026-02-17 00:00:00.000,Go 3 (4+64),Main Location,2.0000,12270.0000,pcs,24540.0000,24171.9000,.0000
SI0001SI#001131,2026-02-17 00:00:00.000,Spark 40 Pro,Main Location,1.0000,21700.0000,pcs,21700.0000,21374.5000,.0000
SI0001SI#001132,2026-02-17 00:00:00.000,Go 3 (4+64),Main Location,3.0000,12270.0000,pcs,36810.0000,36257.8500,.0000
SI0001SI#001132,2026-02-17 00:00:00.000,Spark40 (6+128),Main Location,3.0000,16050.0000,pcs,48150.0000,47427.7500,.0000
SI0001SI#001133,2026-02-17 00:00:00.000,Spark40 (6+128),Main Location,10.0000,16050.0000,pcs,160500.0000,158092.5000,.0000
PI0001PI#000142,2026-02-17 00:00:00.000,Go 3 (4+64),Main Location,200.0000,11957.7400,pcs,2391548.0000,2391548.0000,.0000
SI0001SI#001126,2026-02-16 00:00:00.000,Go 3 (4+64),Main Location,1.0000,12270.0000,pcs,12270.0000,12085.9500,.0000
SI0001SI#001126,2026-02-16 00:00:00.000,Pova Slim,Main Location,1.0000,28300.0000,pcs,28300.0000,27875.5000,.0000
SI0001SI#001126,2026-02-16 00:00:00.000,Spark40 Pro Pius,Main Location,3.0000,23590.0000,pcs,70770.0000,69708.4500,.0000
SI0001SI#001127,2026-02-16 00:00:00.000,Spark 40 Pro,Main Location,1.0000,21700.0000,pcs,21700.0000,21374.5000,.0000
SI0001SI#001128,2026-02-16 00:00:00.000,Pova 7 Pro,Main Location,1.0000,33020.0000,pcs,33020.0000,32524.7000,.0000
SI0001SI#001128,2026-02-16 00:00:00.000,Go 3 (4+128),Main Location,1.0000,13680.0000,pcs,13680.0000,13474.8000,.0000
SI0001SI#001128,2026-02-16 00:00:00.000,Pova Slim,Main Location,1.0000,28300.0000,pcs,28300.0000,27875.5000,.0000
SI0001SI#001128,2026-02-16 00:00:00.000,Spark40 (6+128),Main Location,2.0000,16050.0000,pcs,32100.0000,31618.5000,.0000
SI0001SI#001128,2026-02-16 00:00:00.000,Spark 40(8+256),Main Location,2.0000,18880.0000,pcs,37760.0000,37193.6000,.0000
SI0001SI#001128,2026-02-16 00:00:00.000,Spark 40 Pro,Main Location,3.0000,21700.0000,pcs,65100.0000,64123.5000,.0000
SI0001SI#001129,2026-02-16 00:00:00.000,Go 3 (4+64),Main Location,2.0000,12270.0000,pcs,24540.0000,24171.9000,.0000
SI0001SI#001129,2026-02-16 00:00:00.000,Go 3 (4+128),Main Location,2.0000,13680.0000,pcs,27360.0000,26949.6000,.0000
SI0001SI#001129,2026-02-16 00:00:00.000,Spark40 (6+128),Main Location,2.0000,16050.0000,pcs,32100.0000,31618.5000,.0000
SI0001SI#001129,2026-02-16 00:00:00.000,Spark 40 Pro,Main Location,1.0000,21700.0000,pcs,21700.0000,21374.5000,.0000
SI0001SI#001130,2026-02-16 00:00:00.000,Spark 40 5G,Main Location,2.0000,16040.0000,pcs,32080.0000,31598.8000,.0000
SI0001SI#001123,2026-02-15 00:00:00.000,Pova Slim,Main Location,2.0000,28300.0000,pcs,56600.0000,55751.0000,.0000
SI0001SI#001123,2026-02-15 00:00:00.000,Pova 7 Pro,Main Location,1.0000,33020.0000,pcs,33020.0000,32524.7000,.0000
SI0001SI#001123,2026-02-15 00:00:00.000,Camon40 Pro,Main Location,2.0000,26410.0000,pcs,52820.0000,52027.7000,.0000
SI0001SI#001123,2026-02-15 00:00:00.000,Spark 40 Pro,Main Location,2.0000,21700.0000,pcs,43400.0000,42749.0000,.0000
SI0001SI#001123,2026-02-15 00:00:00.000,Go 3 (4+64),Main Location,2.0000,12270.0000,pcs,24540.0000,24171.9000,.0000
SI0001SI#001124,2026-02-15 00:00:00.000,Spark40 (6+128),Main Location,2.0000,16050.0000,pcs,32100.0000,31779.0000,.0000
SI0001SI#001124,2026-02-15 00:00:00.000,Go 3 (4+64),Main Location,1.0000,12270.0000,pcs,12270.0000,12147.3000,.0000
SI0001SI#001125,2026-02-15 00:00:00.000,Pova Carve,Main Location,30.0000,30370.0000,pcs,911100.0000,911100.0000,.0000
SI0001SI#001125,2026-02-15 00:00:00.000,Pova Slim,Main Location,30.0000,27594.0000,pcs,827820.0000,827820.0000,.0000
SI0001SI#001125,2026-02-15 00:00:00.000,Pova 7 Pro,Main Location,20.0000,32194.0000,pcs,643880.0000,643880.0000,.0000
SI0001SI#001125,2026-02-15 00:00:00.000,Spark 40 Pro,Main Location,20.0000,21149.0000,pcs,422980.0000,422980.0000,.0000
SI0001SI#001125,2026-02-15 00:00:00.000,Spark40 (6+128),Main Location,40.0000,15656.0000,pcs,626240.0000,626240.0000,.0000
SI0001SI#001120,2026-02-14 00:00:00.000,Spark 40 Pro,Main Location,5.0000,21149.0000,pcs,105745.0000,105745.0000,.0000
SI0001SI#001120,2026-02-14 00:00:00.000,Spark 40(8+256),Main Location,5.0000,18392.0000,pcs,91960.0000,91960.0000,.0000
SI0001SI#001120,2026-02-14 00:00:00.000,Pova 7 Pro,Main Location,3.0000,32194.0000,pcs,96582.0000,96582.0000,.0000
SI0001SI#001120,2026-02-14 00:00:00.000,Pova Slim,Main Location,17.0000,27594.0000,pcs,469098.0000,469098.0000,.0000
SI0001SI#001120,2026-02-14 00:00:00.000,Pova Carve,Main Location,5.0000,30370.0000,pcs,151850.0000,151850.0000,.0000
SI0001SI#001120,2026-02-14 00:00:00.000,Spark40 (6+128),Main Location,20.0000,15656.0000,pcs,313120.0000,313120.0000,.0000
SI0001SI#001121,2026-02-14 00:00:00.000,Go 3 (4+64),Main Location,3.0000,12270.0000,pcs,36810.0000,36810.0000,.0000
SI0001SI#001122,2026-02-14 00:00:00.000,Go 3 (4+64),Main Location,3.0000,12270.0000,pcs,36810.0000,36257.8500,.0000
SI0001SI#001122,2026-02-14 00:00:00.000,Spark40 (6+128),Main Location,2.0000,16050.0000,pcs,32100.0000,31618.5000,.0000
SI0001SI#001122,2026-02-14 00:00:00.000,Spark 40(8+256),Main Location,2.0000,18880.0000,pcs,37760.0000,37193.6000,.0000
SI0001SI#001122,2026-02-14 00:00:00.000,Spark40 Pro Pius,Main Location,2.0000,23590.0000,pcs,47180.0000,46472.3000,.0000
SI0001SI#001122,2026-02-14 00:00:00.000,Pova Slim,Main Location,1.0000,28300.0000,pcs,28300.0000,27875.5000,.0000
SI0001SI#001110,2026-02-10 00:00:00.000,Spark40 (6+128),Main Location,3.0000,16050.0000,pcs,48150.0000,47427.7500,.0000
SI0001SI#001110,2026-02-10 00:00:00.000,Camon40 Pro,Main Location,6.0000,21700.0000,pcs,130200.0000,128247.0000,.0000
SI0001SI#001111,2026-02-10 00:00:00.000,Spark40 (6+128),Main Location,4.0000,16050.0000,pcs,64200.0000,63237.0000,.0000
SI0001SI#001111,2026-02-10 00:00:00.000,Spark 40(8+256),Main Location,4.0000,18880.0000,pcs,75520.0000,74387.2000,.0000
SI0001SI#001112,2026-02-10 00:00:00.000,Spark40 (6+128),Main Location,1.0000,16050.0000,pcs,16050.0000,15809.2500,.0000
SI0001SI#001113,2026-02-10 00:00:00.000,Spark40 (6+128),Main Location,5.0000,16050.0000,pcs,80250.0000,79447.5000,.0000
SI0001SI#001113,2026-02-10 00:00:00.000,Spark 40(8+256),Main Location,5.0000,18880.0000,pcs,94400.0000,93456.0000,.0000
SI0001SI#001114,2026-02-10 00:00:00.000,Go 3 (4+64),Main Location,2.0000,12270.0000,pcs,24540.0000,24294.6000,.0000
SI0001SI#001114,2026-02-10 00:00:00.000,Go 3 (4+128),Main Location,2.0000,13680.0000,pcs,27360.0000,27086.4000,.0000
SI0001SI#001115,2026-02-10 00:00:00.000,Go 3 (4+64),Main Location,2.0000,12270.0000,pcs,24540.0000,24171.9000,.0000
SI0001SI#001115,2026-02-10 00:00:00.000,Spark 40 5G,Main Location,2.0000,16040.0000,pcs,32080.0000,31598.8000,.0000
SI0001SI#001116,2026-02-10 00:00:00.000,Spark 40(8+256),Main Location,2.0000,18880.0000,pcs,37760.0000,37193.6000,.0000
SI0001SI#001116,2026-02-10 00:00:00.000,Spark40 Pro Pius,Main Location,2.0000,23590.0000,pcs,47180.0000,46472.3000,.0000
SI0001SI#001116,2026-02-10 00:00:00.000,Pova Slim,Main Location,2.0000,28300.0000,pcs,56600.0000,55751.0000,.0000
SI0001SI#001116,2026-02-10 00:00:00.000,Pova 7 Pro,Main Location,1.0000,33020.0000,pcs,33020.0000,32524.7000,.0000
SI0001SI#001116,2026-02-10 00:00:00.000,Spark40 (6+128),Main Location,4.0000,16050.0000,pcs,64200.0000,63237.0000,.0000
SI0001SI#001116,2026-02-10 00:00:00.000,Go 3 (4+128),Main Location,4.0000,13680.0000,pcs,54720.0000,53899.2000,.0000
SI0001SI#001116,2026-02-10 00:00:00.000,Go 3 (4+64),Main Location,3.0000,12270.0000,pcs,36810.0000,36257.8500,.0000
SI0001SI#001117,2026-02-10 00:00:00.000,Spark40 Pro Pius,Main Location,5.0000,23590.0000,pcs,117950.0000,116770.5000,.0000
SI0001SI#001117,2026-02-10 00:00:00.000,Spark 40 Pro,Main Location,4.0000,21700.0000,pcs,86800.0000,85932.0000,.0000
PI0001PI#000141,2026-02-10 00:00:00.000,Camon40 Pro,Main Location,8.0000,25704.9800,pcs,205639.8400,205639.8400,.0000
PI0001PI#000141,2026-02-10 00:00:00.000,Go 3 (4+64),Main Location,200.0000,11957.7400,pcs,2391548.0000,2391548.0000,.0000
PI0001PI#000141,2026-02-10 00:00:00.000,Pova 7 Pro,Main Location,20.0000,32194.7000,pcs,643894.0000,643894.0000,.0000
PI0001PI#000141,2026-02-10 00:00:00.000,Spark 40 Pro,Main Location,200.0000,21149.0700,pcs,4229814.0000,4229814.0000,.0000
PI0001PI#000141,2026-02-10 00:00:00.000,Pova Carve,Main Location,100.0000,30370.4700,pcs,3037047.0000,3037047.0000,.0000
PI0001PI#000140,2026-02-09 00:00:00.000,Spark40 (6+128),Main Location,100.0000,15656.3300,pcs,1565633.0000,1565633.0000,.0000
SI0001SI#001118,2026-02-09 00:00:00.000,Go2,Main Location,27.0000,10144.0000,pcs,273888.0000,273888.0000,.0000
SI0001SI#001107,2026-02-09 00:00:00.000,Go 3 (4+64),Main Location,2.0000,12270.0000,pcs,24540.0000,24540.0000,.0000
SI0001SI#001107,2026-02-09 00:00:00.000,Go 3 (4+128),Main Location,1.0000,13680.0000,pcs,13680.0000,13680.0000,.0000
SI0001SI#001107,2026-02-09 00:00:00.000,Spark40 (6+128),Main Location,1.0000,16050.0000,pcs,16050.0000,16050.0000,.0000
SI0001SI#001107,2026-02-09 00:00:00.000,Spark 40 Pro,Main Location,1.0000,21700.0000,pcs,21700.0000,21700.0000,.0000
SI0001SI#001108,2026-02-09 00:00:00.000,Spark40 (6+128),Main Location,6.0000,16050.0000,pcs,96300.0000,94855.5000,.0000
SI0001SI#001108,2026-02-09 00:00:00.000,Go 3 (4+64),Main Location,6.0000,12270.0000,pcs,73620.0000,72515.7000,.0000
SI0001SI#001108,2026-02-09 00:00:00.000,Pova Slim,Main Location,2.0000,28300.0000,pcs,56600.0000,55751.0000,.0000
SI0001SI#001108,2026-02-09 00:00:00.000,Pova 7 Pro,Main Location,1.0000,33020.0000,pcs,33020.0000,32524.7000,.0000
SI0001SI#001108,2026-02-09 00:00:00.000,Spark 40 Pro,Main Location,3.0000,21700.0000,pcs,65100.0000,64123.5000,.0000
SI0001SI#001108,2026-02-09 00:00:00.000,Spark 40(8+256),Main Location,3.0000,18880.0000,pcs,56640.0000,55790.4000,.0000
SI0001SI#001108,2026-02-09 00:00:00.000,Go 3 (4+128),Main Location,1.0000,13680.0000,pcs,13680.0000,13474.8000,.0000
SI0001SI#001108,2026-02-09 00:00:00.000,Pova Carve,Main Location,2.0000,31150.0000,pcs,62300.0000,61365.5000,.0000
SI0001SI#001109,2026-02-09 00:00:00.000,Pova Slim,Main Location,1.0000,28300.0000,pcs,28300.0000,27875.5000,.0000
SI0001SI#001103,2026-02-08 00:00:00.000,Pova Carve,Main Location,4.0000,31150.0000,pcs,124600.0000,122731.0000,.0000
SI0001SI#001103,2026-02-08 00:00:00.000,Go2,Main Location,5.0000,10390.0000,pcs,51950.0000,51170.7500,.0000
SI0001SI#001104,2026-02-08 00:00:00.000,Go2,Main Location,150.0000,10145.0000,pcs,1521750.0000,1521750.0000,.0000
SI0001SI#001104,2026-02-08 00:00:00.000,Spark40 (6+128),Main Location,30.0000,15656.0000,pcs,469680.0000,469680.0000,.0000
SI0001SI#001104,2026-02-08 00:00:00.000,Pova Carve,Main Location,30.0000,30370.0000,pcs,911100.0000,911100.0000,.0000
SI0001SI#001104,2026-02-08 00:00:00.000,Pova Slim,Main Location,10.0000,27594.0000,pcs,275940.0000,275940.0000,.0000
SI0001SI#001105,2026-02-08 00:00:00.000,Go2,Main Location,10.0000,10390.0000,pcs,103900.0000,103900.0000,.0000
SI0001SI#001105,2026-02-08 00:00:00.000,Spark40 Pro Pius,Main Location,8.0000,23590.0000,pcs,188720.0000,188720.0000,.0000
SI0001SI#001106,2026-02-08 00:00:00.000,Spark40 Pro Pius,Main Location,4.0000,23590.0000,pcs,94360.0000,92944.6000,.0000
SR0001SR#000017,2026-02-08 00:00:00.000,Spark 40 Pro,Main Location,4.0000,21700.0000,pcs,86800.0000,86800.0000,.0000
SR0001SR#000017,2026-02-08 00:00:00.000,Spark 40(8+256),Main Location,5.0000,18880.0000,pcs,94400.0000,94400.0000,.0000
SR0001SR#000017,2026-02-08 00:00:00.000,Spark40 (6+128),Main Location,5.0000,16050.0000,pcs,80250.0000,80250.0000,.0000
SR0001SR#000017,2026-02-08 00:00:00.000,Go 3 (4+64),Main Location,2.0000,12270.0000,pcs,24540.0000,24540.0000,.0000
SR0001SR#000017,2026-02-08 00:00:00.000,Go 3 (4+128),Main Location,2.0000,13680.0000,pcs,27360.0000,27360.0000,.0000
SI0001SI#001102,2026-02-07 00:00:00.000,Go 3 (4+64),Main Location,1.0000,12270.0000,pcs,12270.0000,12085.9500,.0000
SI0001SI#001102,2026-02-07 00:00:00.000,Spark 40(8+256),Main Location,1.0000,18880.0000,pcs,18880.0000,18596.8000,.0000
SI0001SI#001097,2026-02-06 00:00:00.000,Spark40 Pro Pius,Main Location,11.0000,23590.0000,pcs,259490.0000,255597.6500,.0000
SI0001SI#001097,2026-02-06 00:00:00.000,Spark40 (6+128),Main Location,1.0000,16050.0000,pcs,16050.0000,15809.2500,.0000
SI0001SI#001098,2026-02-06 00:00:00.000,Spark 40 Pro,Main Location,1.0000,21700.0000,pcs,21700.0000,21483.0000,.0000
SI0001SI#001099,2026-02-06 00:00:00.000,Go2,Main Location,25.0000,10390.0000,pcs,259750.0000,257152.5000,.0000
SI0001SI#001100,2026-02-06 00:00:00.000,Pova 7 Pro,Main Location,2.0000,32195.0000,pcs,64390.0000,64390.0000,.0000
SI0001SI#001100,2026-02-06 00:00:00.000,Spark 40 Pro,Main Location,2.0000,21149.0000,pcs,42298.0000,42298.0000,.0000
SI0001SI#001100,2026-02-06 00:00:00.000,Spark40 Pro Pius,Main Location,2.0000,22993.0000,pcs,45986.0000,45986.0000,.0000
SI0001SI#001100,2026-02-06 00:00:00.000,Pova Carve,Main Location,2.0000,30370.0000,pcs,60740.0000,60740.0000,.0000
SI0001SI#001101,2026-02-06 00:00:00.000,Go2,Main Location,10.0000,10390.0000,pcs,103900.0000,102341.5000,.0000
SI0001SI#001101,2026-02-06 00:00:00.000,Go 3 (4+64),Main Location,2.0000,12270.0000,pcs,24540.0000,24171.9000,.0000
SI0001SI#001101,2026-02-06 00:00:00.000,Spark40 Pro Pius,Main Location,3.0000,23590.0000,pcs,70770.0000,69708.4500,.0000
SI0001SI#001094,2026-02-05 00:00:00.000,Spark40 Pro Pius,Main Location,5.0000,23590.0000,pcs,117950.0000,117950.0000,.0000
SI0001SI#001095,2026-02-05 00:00:00.000,Spark 40(8+256),Main Location,2.0000,18880.0000,pcs,37760.0000,37382.4000,.0000
SI0001SI#001096,2026-02-05 00:00:00.000,Spark 40 Pro,Main Location,4.0000,21700.0000,pcs,86800.0000,86800.0000,.0000
SI0001SI#001096,2026-02-05 00:00:00.000,Spark 40(8+256),Main Location,5.0000,18880.0000,pcs,94400.0000,94400.0000,.0000
SI0001SI#001096,2026-02-05 00:00:00.000,Spark40 (6+128),Main Location,5.0000,16050.0000,pcs,80250.0000,80250.0000,.0000
SI0001SI#001096,2026-02-05 00:00:00.000,Go 3 (4+64),Main Location,2.0000,12270.0000,pcs,24540.0000,24540.0000,.0000
SI0001SI#001096,2026-02-05 00:00:00.000,Go 3 (4+128),Main Location,2.0000,13680.0000,pcs,27360.0000,27360.0000,.0000
SI0001SI#001085,2026-02-04 00:00:00.000,Tablet Megapad 4+128,Main Location,1.0000,19810.0000,pcs,19810.0000,19512.8500,.0000
SI0001SI#001086,2026-02-04 00:00:00.000,Go2,Main Location,2.0000,10390.0000,pcs,20780.0000,20468.3000,.0000
SI0001SI#001086,2026-02-04 00:00:00.000,Go 3 (4+64),Main Location,2.0000,12270.0000,pcs,24540.0000,24171.9000,.0000
SI0001SI#001086,2026-02-04 00:00:00.000,Spark40 (6+128),Main Location,3.0000,16050.0000,pcs,48150.0000,47427.7500,.0000
SI0001SI#001086,2026-02-04 00:00:00.000,Spark40 Pro Pius,Main Location,1.0000,23590.0000,pcs,23590.0000,23236.1500,.0000
SI0001SI#001086,2026-02-04 00:00:00.000,Spark 40 Pro,Main Location,2.0000,21700.0000,pcs,43400.0000,42749.0000,.0000
SI0001SI#001086,2026-02-04 00:00:00.000,Pova Slim,Main Location,1.0000,28300.0000,pcs,28300.0000,27875.5000,.0000
SI0001SI#001087,2026-02-04 00:00:00.000,Pova Slim,Main Location,4.0000,28300.0000,pcs,113200.0000,111502.0000,.0000
SI0001SI#001087,2026-02-04 00:00:00.000,Spark40 (6+128),Main Location,4.0000,16050.0000,pcs,64200.0000,63237.0000,.0000
SI0001SI#001088,2026-02-04 00:00:00.000,Spark 40 Pro,Main Location,2.0000,21700.0000,pcs,43400.0000,42749.0000,.0000
SI0001SI#001088,2026-02-04 00:00:00.000,Spark 40 5G,Main Location,1.0000,16040.0000,pcs,16040.0000,15799.4000,.0000
SI0001SI#001089,2026-02-04 00:00:00.000,Pova Carve,Main Location,1.0000,31150.0000,pcs,31150.0000,30682.7500,.0000
SI0001SI#001090,2026-02-04 00:00:00.000,Go2,Main Location,5.0000,10390.0000,pcs,51950.0000,51950.0000,.0000
SI0001SI#001090,2026-02-04 00:00:00.000,Spark40 (6+128),Main Location,3.0000,16050.0000,pcs,48150.0000,48150.0000,.0000
SI0001SI#001090,2026-02-04 00:00:00.000,Go 3 (4+64),Main Location,2.0000,12270.0000,pcs,24540.0000,24540.0000,.0000
SI0001SI#001091,2026-02-04 00:00:00.000,Pova Slim,Main Location,1.0000,28300.0000,pcs,28300.0000,27875.5000,.0000
SI0001SI#001091,2026-02-04 00:00:00.000,Pova Carve,Main Location,1.0000,31150.0000,pcs,31150.0000,30682.7500,.0000
SI0001SI#001091,2026-02-04 00:00:00.000,Go 3 (4+64),Main Location,2.0000,12270.0000,pcs,24540.0000,24171.9000,.0000
SI0001SI#001091,2026-02-04 00:00:00.000,Tablet Megapad 4+128,Main Location,1.0000,19810.0000,pcs,19810.0000,19512.8500,.0000
SI0001SI#001092,2026-02-04 00:00:00.000,Go 3 (4+64),Main Location,1.0000,12270.0000,pcs,12270.0000,12085.9500,.0000
SI0001SI#001092,2026-02-04 00:00:00.000,Spark40 (6+128),Main Location,1.0000,16050.0000,pcs,16050.0000,15809.2500,.0000
SI0001SI#001092,2026-02-04 00:00:00.000,Spark40 Pro Pius,Main Location,2.0000,23590.0000,pcs,47180.0000,46472.3000,.0000
SI0001SI#001092,2026-02-04 00:00:00.000,Pova Slim,Main Location,1.0000,28300.0000,pcs,28300.0000,27875.5000,.0000
SI0001SI#001093,2026-02-04 00:00:00.000,Go 3 (4+64),Main Location,4.0000,12270.0000,pcs,49080.0000,48343.8000,.0000
SI0001SI#001093,2026-02-04 00:00:00.000,Go 3 (4+128),Main Location,1.0000,13680.0000,pcs,13680.0000,13474.8000,.0000
SI0001SI#001093,2026-02-04 00:00:00.000,Pova Carve,Main Location,5.0000,31150.0000,pcs,155750.0000,153413.7500,.0000
SI0001SI#001093,2026-02-04 00:00:00.000,Pova Slim,Main Location,2.0000,28300.0000,pcs,56600.0000,55751.0000,.0000
SI0001SI#001079,2026-02-03 00:00:00.000,Go 3 (4+64),Main Location,5.0000,12270.0000,pcs,61350.0000,60429.7500,.0000
SI0001SI#001079,2026-02-03 00:00:00.000,Spark40 (6+128),Main Location,10.0000,16050.0000,pcs,160500.0000,158092.5000,.0000
SI0001SI#001080,2026-02-03 00:00:00.000,Spark40 (6+128),Main Location,2.0000,16050.0000,pcs,32100.0000,31779.0000,.0000
SI0001SI#001080,2026-02-03 00:00:00.000,Spark 40 5G,Main Location,2.0000,16040.0000,pcs,32080.0000,31759.2000,.0000
SI0001SI#001080,2026-02-03 00:00:00.000,Go2,Main Location,2.0000,10390.0000,pcs,20780.0000,20572.2000,.0000
SI0001SI#001080,2026-02-03 00:00:00.000,Go 3 (4+64),Main Location,2.0000,12270.0000,pcs,24540.0000,24294.6000,.0000
SI0001SI#001080,2026-02-03 00:00:00.000,Spark 40 Pro,Main Location,1.0000,21700.0000,pcs,21700.0000,21483.0000,.0000
SI0001SI#001080,2026-02-03 00:00:00.000,Spark 40(8+256),Main Location,1.0000,18880.0000,pcs,18880.0000,18691.2000,.0000
SI0001SI#001081,2026-02-03 00:00:00.000,Spark40 (6+128),Main Location,1.0000,16050.0000,pcs,16050.0000,15809.2500,.0000
SI0001SI#001082,2026-02-03 00:00:00.000,Go 3 (4+64),Main Location,2.0000,12270.0000,pcs,24540.0000,24540.0000,.0000
SI0001SI#001083,2026-02-03 00:00:00.000,Pova Slim,Main Location,1.0000,28300.0000,pcs,28300.0000,27875.5000,.0000
SI0001SI#001084,2026-02-03 00:00:00.000,Spark 40 Pro,Main Location,1.0000,21700.0000,pcs,21700.0000,21374.5000,.0000
SI0001SI#001119,2026-02-03 00:00:00.000,Go2,Main Location,2.0000,10390.0000,pcs,20780.0000,20468.3000,.0000
SI0001SI#001119,2026-02-03 00:00:00.000,Go 3 (4+64),Main Location,2.0000,12270.0000,pcs,24540.0000,24171.9000,.0000
SI0001SI#001119,2026-02-03 00:00:00.000,Spark40 (6+128),Main Location,3.0000,16050.0000,pcs,48150.0000,47427.7500,.0000
SI0001SI#001119,2026-02-03 00:00:00.000,Spark 40(8+256),Main Location,2.0000,18880.0000,pcs,37760.0000,37193.6000,.0000
SI0001SI#001119,2026-02-03 00:00:00.000,Spark 40 Pro,Main Location,1.0000,21700.0000,pcs,21700.0000,21374.5000,.0000
SI0001SI#001119,2026-02-03 00:00:00.000,Spark40 Pro Pius,Main Location,2.0000,23590.0000,pcs,47180.0000,46472.3000,.0000
SI0001SI#001119,2026-02-03 00:00:00.000,Pova Slim,Main Location,1.0000,28300.0000,pcs,28300.0000,27875.5000,.0000
SI0001SI#001077,2026-02-02 00:00:00.000,Go2,Main Location,2.0000,10390.0000,pcs,20780.0000,20572.2000,.0000
SI0001SI#001077,2026-02-02 00:00:00.000,Go 3 (4+64),Main Location,2.0000,12270.0000,pcs,24540.0000,24294.6000,.0000
SI0001SI#001077,2026-02-02 00:00:00.000,Spark40 (6+128),Main Location,2.0000,16050.0000,pcs,32100.0000,31779.0000,.0000
SI0001SI#001077,2026-02-02 00:00:00.000,Pova Slim,Main Location,1.0000,28300.0000,pcs,28300.0000,28017.0000,.0000
SI0001SI#001077,2026-02-02 00:00:00.000,Pova 7 Pro,Main Location,1.0000,33020.0000,pcs,33020.0000,32689.8000,.0000
SI0001SI#001077,2026-02-02 00:00:00.000,Spark 40 5G,Main Location,1.0000,16040.0000,pcs,16040.0000,15879.6000,.0000
SI0001SI#001078,2026-02-02 00:00:00.000,Go2,Main Location,3.0000,10390.0000,pcs,31170.0000,31170.0000,.0000
SI0001SI#001078,2026-02-02 00:00:00.000,Go 3 (4+64),Main Location,1.0000,12270.0000,pcs,12270.0000,12270.0000,.0000
SI0001SI#001075,2026-01-30 00:00:00.000,Go2,Main Location,10.0000,10390.0000,pcs,103900.0000,103900.0000,.0000
SI0001SI#001076,2026-01-30 00:00:00.000,Go 3 (4+64),Main Location,3.0000,12270.0000,pcs,36810.0000,36257.8500,.0000
PI0001PI#000139,2026-01-30 00:00:00.000,Go 3 (4+64),Main Location,90.0000,11957.7400,pcs,1076196.6000,1076196.6000,.0000
PI0001PI#000139,2026-01-30 00:00:00.000,Go 3 (4+128),Main Location,165.0000,13330.9300,pcs,2199603.4500,2199603.4500,.0000
PI0001PI#000139,2026-01-30 00:00:00.000,Spark40 (6+128),Main Location,100.0000,15656.3300,pcs,1565633.0000,1565633.0000,.0000
PI0001PI#000138,2026-01-29 00:00:00.000,Go 3 (4+64),Main Location,48.0000,11957.7400,pcs,573971.5200,573971.5200,.0000
SI0001SI#001074,2026-01-29 00:00:00.000,Spark40 Pro Pius,Main Location,1.0000,23590.0000,pcs,23590.0000,23236.1500,.0000
SI0001SI#001074,2026-01-29 00:00:00.000,Go2,Main Location,2.0000,10390.0000,pcs,20780.0000,20468.3000,.0000
SI0001SI#001074,2026-01-29 00:00:00.000,Go 3 (4+64),Main Location,1.0000,12270.0000,pcs,12270.0000,12085.9500,.0000
SI0001SI#001073,2026-01-28 00:00:00.000,Spark 40(8+256),Main Location,2.0000,18880.0000,pcs,37760.0000,37193.6000,.0000
SI0001SI#001073,2026-01-28 00:00:00.000,Go 3 (4+64),Main Location,2.0000,12270.0000,pcs,24540.0000,24171.9000,.0000
SI0001SI#001073,2026-01-28 00:00:00.000,Go2,Main Location,1.0000,10390.0000,pcs,10390.0000,10234.1500,.0000
SI0001SI#001073,2026-01-28 00:00:00.000,Spark40 (6+128),Main Location,3.0000,16050.0000,pcs,48150.0000,47427.7500,.0000
SI0001SI#001073,2026-01-28 00:00:00.000,Spark40 Pro Pius,Main Location,1.0000,23590.0000,pcs,23590.0000,23236.1500,.0000
PI0001PI#000137,2026-01-28 00:00:00.000,Go 3 (4+64),Main Location,120.0000,11957.7400,pcs,1434928.8000,1434928.8000,.0000
PI0001PI#000136,2026-01-27 00:00:00.000,Go 3 (4+64),Main Location,250.0000,11957.7400,pcs,2989435.0000,2989435.0000,.0000
PI0001PI#000136,2026-01-27 00:00:00.000,Spark40 (6+128),Main Location,120.0000,15656.3300,pcs,1878759.6000,1878759.6000,.0000
PI0001PI#000136,2026-01-27 00:00:00.000,Spark 40(8+256),Main Location,80.0000,18392.6700,pcs,1471413.6000,1471413.6000,.0000
SI0001SI#001072,2026-01-27 00:00:00.000,Pova Carve,Main Location,3.0000,31150.0000,pcs,93450.0000,92048.2500,.0000
SI0001SI#001067,2026-01-26 00:00:00.000,Spark40 (6+128),Main Location,1.0000,16050.0000,pcs,16050.0000,16050.0000,.0000
SI0001SI#001068,2026-01-26 00:00:00.000,Go 3 (4+64),Main Location,1.0000,12270.0000,pcs,12270.0000,12085.9500,.0000
SI0001SI#001069,2026-01-26 00:00:00.000,Tablet Megapad 4+128,Main Location,1.0000,19810.0000,pcs,19810.0000,19512.8500,.0000
SI0001SI#001070,2026-01-26 00:00:00.000,Go 3 (4+128),Main Location,1.0000,13680.0000,pcs,13680.0000,13474.8000,.0000
SI0001SI#001071,2026-01-26 00:00:00.000,Go2,Main Location,2.0000,10390.0000,pcs,20780.0000,20468.3000,.0000
SI0001SI#001071,2026-01-26 00:00:00.000,Pova 7 Pro,Main Location,1.0000,33020.0000,pcs,33020.0000,32524.7000,.0000
SI0001SI#001071,2026-01-26 00:00:00.000,Go 3 (4+64),Main Location,1.0000,12270.0000,pcs,12270.0000,12085.9500,.0000
SI0001SI#001071,2026-01-26 00:00:00.000,Spark40 (6+128),Main Location,2.0000,16050.0000,pcs,32100.0000,31618.5000,.0000
SI0001SI#001071,2026-01-26 00:00:00.000,Spark40 Pro Pius,Main Location,1.0000,23590.0000,pcs,23590.0000,23236.1500,.0000
SI0001SI#001063,2026-01-25 00:00:00.000,Go2,Main Location,4.0000,10390.0000,pcs,41560.0000,41560.0000,.0000
SI0001SI#001064,2026-01-25 00:00:00.000,Go 3 (4+128),Main Location,2.0000,13680.0000,pcs,27360.0000,26949.6000,.0000
SI0001SI#001065,2026-01-25 00:00:00.000,Pova Slim,Main Location,1.0000,28300.0000,pcs,28300.0000,27875.5000,.0000
SI0001SI#001066,2026-01-25 00:00:00.000,Go 3 (4+64),Main Location,3.0000,12270.0000,pcs,36810.0000,36257.8500,.0000
SI0001SI#001066,2026-01-25 00:00:00.000,Spark40 Pro Pius,Main Location,1.0000,23590.0000,pcs,23590.0000,23236.1500,.0000
SI0001SI#001066,2026-01-25 00:00:00.000,Pova 7 Pro,Main Location,1.0000,33020.0000,pcs,33020.0000,32524.7000,.0000
SI0001SI#001058,2026-01-23 00:00:00.000,Tablet Megapad 4+128,Main Location,1.0000,19810.0000,pcs,19810.0000,19512.8500,.0000
SI0001SI#001058,2026-01-23 00:00:00.000,Pova Slim,Main Location,1.0000,28300.0000,pcs,28300.0000,27875.5000,.0000
SI0001SI#001059,2026-01-23 00:00:00.000,Pova Slim,Main Location,2.0000,28300.0000,pcs,56600.0000,55751.0000,.0000
SI0001SI#001059,2026-01-23 00:00:00.000,Go 3 (4+64),Main Location,4.0000,12270.0000,pcs,49080.0000,48343.8000,.0000
SI0001SI#001060,2026-01-23 00:00:00.000,Go2,Main Location,1.0000,10390.0000,pcs,10390.0000,10390.0000,.0000
SI0001SI#001061,2026-01-23 00:00:00.000,Pova 7 Pro,Main Location,2.0000,33020.0000,pcs,66040.0000,65049.4000,.0000
SI0001SI#001062,2026-01-23 00:00:00.000,Spark 40 5G,Main Location,6.0000,16040.0000,pcs,96240.0000,96240.0000,.0000
PI0001PI#000135,2026-01-23 00:00:00.000,Go 3 (4+64),Main Location,20.0000,11957.7400,pcs,239154.8000,239154.8000,.0000
PI0001PI#000135,2026-01-23 00:00:00.000,Go 3 (4+128),Main Location,20.0000,13330.9300,pcs,266618.6000,266618.6000,.0000
PI0001PI#000135,2026-01-23 00:00:00.000,Spark 40(8+256),Main Location,10.0000,18392.6700,pcs,183926.7000,183926.7000,.0000
SI0001SI#001054,2026-01-22 00:00:00.000,Go2,Main Location,70.0000,10390.0000,pcs,727300.0000,727300.0000,.0000
SI0001SI#001055,2026-01-22 00:00:00.000,Go2,Main Location,1.0000,10390.0000,pcs,10390.0000,10286.1000,.0000
SI0001SI#001055,2026-01-22 00:00:00.000,Go 3 (4+128),Main Location,1.0000,13680.0000,pcs,13680.0000,13543.2000,.0000
SI0001SI#001055,2026-01-22 00:00:00.000,Go 3 (4+64),Main Location,1.0000,12270.0000,pcs,12270.0000,12147.3000,.0000
SI0001SI#001055,2026-01-22 00:00:00.000,Spark40 (6+128),Main Location,1.0000,16050.0000,pcs,16050.0000,15889.5000,.0000
SI0001SI#001055,2026-01-22 00:00:00.000,Spark 40(8+256),Main Location,1.0000,18880.0000,pcs,18880.0000,18691.2000,.0000
SI0001SI#001056,2026-01-22 00:00:00.000,Go2,Main Location,100.0000,10145.0000,pcs,1014500.0000,1014500.0000,.0000
SI0001SI#001057,2026-01-22 00:00:00.000,Pova Carve,Main Location,1.0000,31150.0000,pcs,31150.0000,30682.7500,.0000
SI0001SI#001051,2026-01-21 00:00:00.000,Spark40 Pro Pius,Main Location,3.0000,23590.0000,pcs,70770.0000,69708.4500,.0000
SI0001SI#001051,2026-01-21 00:00:00.000,Go 3 (4+64),Main Location,2.0000,12270.0000,pcs,24540.0000,24171.9000,.0000
SI0001SI#001051,2026-01-21 00:00:00.000,Go2,Main Location,20.0000,10390.0000,pcs,207800.0000,204683.0000,.0000
SI0001SI#001052,2026-01-21 00:00:00.000,Go2,Main Location,80.0000,10390.0000,pcs,831200.0000,818732.0000,.0000
SI0001SI#001053,2026-01-21 00:00:00.000,Go2,Main Location,140.0000,10390.0000,pcs,1454600.0000,1440054.0000,.0000
SI0001SI#001053,2026-01-21 00:00:00.000,Spark 40 5G,Main Location,40.0000,15636.0000,pcs,625440.0000,616058.4000,.0000
SI0001SI#001053,2026-01-21 00:00:00.000,Spark 40 Pro,Main Location,60.0000,21149.0000,pcs,1268940.0000,1249905.9000,.0000
SI0001SI#001053,2026-01-21 00:00:00.000,Pova Slim,Main Location,10.0000,27592.0000,pcs,275920.0000,271781.2000,.0000
SI0001SI#001045,2026-01-20 00:00:00.000,Pova 7 Pro,Main Location,1.0000,33020.0000,pcs,33020.0000,32524.7000,.0000
SI0001SI#001046,2026-01-20 00:00:00.000,Go2,Main Location,2.0000,10390.0000,pcs,20780.0000,20780.0000,.0000
SI0001SI#001047,2026-01-20 00:00:00.000,Go2,Main Location,50.0000,10390.0000,pcs,519500.0000,514305.0000,.0000
SI0001SI#001048,2026-01-20 00:00:00.000,Go2,Main Location,30.0000,10390.0000,pcs,311700.0000,311700.0000,.0000
SI0001SI#001049,2026-01-20 00:00:00.000,Tablet Megapad 4+128,Main Location,1.0000,19810.0000,pcs,19810.0000,19512.8500,.0000
SI0001SI#001049,2026-01-20 00:00:00.000,Spark 40 Pro,Main Location,1.0000,21700.0000,pcs,21700.0000,21374.5000,.0000
SI0001SI#001049,2026-01-20 00:00:00.000,Pova Carve,Main Location,1.0000,31150.0000,pcs,31150.0000,30682.7500,.0000
SI0001SI#001050,2026-01-20 00:00:00.000,Go 3 (4+64),Main Location,1.0000,12270.0000,pcs,12270.0000,12270.0000,.0000
SI0001SI#001050,2026-01-20 00:00:00.000,Go 3 (4+128),Main Location,1.0000,13680.0000,pcs,13680.0000,13680.0000,.0000
SI0001SI#001035,2026-01-19 00:00:00.000,Go 3 (4+64),Main Location,1.0000,12270.0000,pcs,12270.0000,12085.9500,.0000
SI0001SI#001035,2026-01-19 00:00:00.000,Spark40 (6+128),Main Location,1.0000,16050.0000,pcs,16050.0000,15809.2500,.0000
SI0001SI#001035,2026-01-19 00:00:00.000,Go2,Main Location,4.0000,10390.0000,pcs,41560.0000,40936.6000,.0000
SI0001SI#001035,2026-01-19 00:00:00.000,Spark40 Pro Pius,Main Location,1.0000,23590.0000,pcs,23590.0000,23236.1500,.0000
SI0001SI#001036,2026-01-19 00:00:00.000,Go2,Main Location,5.0000,10390.0000,pcs,51950.0000,51170.7500,.0000
SI0001SI#001037,2026-01-19 00:00:00.000,Pova Slim,Main Location,1.0000,28300.0000,pcs,28300.0000,28017.0000,.0000
SI0001SI#001038,2026-01-19 00:00:00.000,Go2,Main Location,70.0000,10390.0000,pcs,727300.0000,716390.5000,.0000
SI0001SI#001038,2026-01-19 00:00:00.000,Spark 40c (4+128),Main Location,20.0000,11790.0000,pcs,235800.0000,232263.0000,.0000
SI0001SI#001039,2026-01-19 00:00:00.000,Spark 40 Pro,Main Location,1.0000,21150.0000,pcs,21150.0000,21150.0000,.0000
SI0001SI#001029,2026-01-18 00:00:00.000,Go2,Main Location,120.0000,10390.0000,pcs,1246800.0000,1234332.0000,.0000
SI0001SI#001029,2026-01-18 00:00:00.000,Spark40 (6+128),Main Location,30.0000,15656.0000,pcs,469680.0000,462634.8000,.0000
SI0001SI#001029,2026-01-18 00:00:00.000,Pova Slim,Main Location,20.0000,27594.0000,pcs,551880.0000,543601.8000,.0000
SI0001SI#001029,2026-01-18 00:00:00.000,Spark 40c (4+128),Main Location,20.0000,11790.0000,pcs,235800.0000,232263.0000,.0000
SI0001SI#001030,2026-01-18 00:00:00.000,Go 3 (4+64),Main Location,2.0000,12270.0000,pcs,24540.0000,24171.9000,.0000
SI0001SI#001030,2026-01-18 00:00:00.000,Go 3 (4+128),Main Location,2.0000,13680.0000,pcs,27360.0000,26949.6000,.0000
SI0001SI#001031,2026-01-18 00:00:00.000,Go 3 (4+64),Main Location,2.0000,12270.0000,pcs,24540.0000,24171.9000,.0000
SI0001SI#001031,2026-01-18 00:00:00.000,Go 3 (4+128),Main Location,2.0000,13680.0000,pcs,27360.0000,26949.6000,.0000
SI0001SI#001032,2026-01-18 00:00:00.000,Go2,Main Location,2.0000,10390.0000,pcs,20780.0000,20468.3000,.0000
SI0001SI#001032,2026-01-18 00:00:00.000,Go 3 (4+128),Main Location,1.0000,13680.0000,pcs,13680.0000,13474.8000,.0000
SI0001SI#001033,2026-01-18 00:00:00.000,Go 3 (4+64),Main Location,1.0000,12270.0000,pcs,12270.0000,12270.0000,.0000
SI0001SI#001034,2026-01-18 00:00:00.000,Go 3 (4+64),Main Location,2.0000,12270.0000,pcs,24540.0000,24171.9000,.0000
SI0001SI#001034,2026-01-18 00:00:00.000,Go 3 (4+128),Main Location,2.0000,13680.0000,pcs,27360.0000,26949.6000,.0000
SI0001SI#001034,2026-01-18 00:00:00.000,Tablet Megapad 4+128,Main Location,2.0000,19810.0000,pcs,39620.0000,39025.7000,.0000
SI0001SI#001013,2026-01-16 00:00:00.000,Go2,Main Location,10.0000,10390.0000,pcs,103900.0000,103900.0000,.0000
SI0001SI#001014,2026-01-16 00:00:00.000,Spark40 (6+128),Main Location,2.0000,16050.0000,pcs,32100.0000,31618.5000,.0000
SI0001SI#001014,2026-01-16 00:00:00.000,Spark 40(8+256),Main Location,2.0000,18880.0000,pcs,37760.0000,37193.6000,.0000
SI0001SI#001014,2026-01-16 00:00:00.000,Spark 40 Pro,Main Location,1.0000,21700.0000,pcs,21700.0000,21416.9500,.0000
SI0001SI#001014,2026-01-16 00:00:00.000,Pova Slim,Main Location,1.0000,28300.0000,pcs,28300.0000,27875.5000,.0000
SI0001SI#001015,2026-01-16 00:00:00.000,Go2,Main Location,10.0000,10390.0000,pcs,103900.0000,102341.5000,.0000
SI0001SI#001015,2026-01-16 00:00:00.000,Spark 40c (4+128),Main Location,7.0000,11790.0000,pcs,82530.0000,81292.0500,.0000
SI0001SI#001015,2026-01-16 00:00:00.000,Pova Slim,Main Location,1.0000,28300.0000,pcs,28300.0000,27875.5000,.0000
SI0001SI#001016,2026-01-16 00:00:00.000,Go2,Main Location,2.0000,10390.0000,pcs,20780.0000,20468.3000,.0000
SI0001SI#001019,2026-01-16 00:00:00.000,Pova Slim,Main Location,1.0000,28300.0000,pcs,28300.0000,27875.5000,.0000
SI0001SI#001019,2026-01-16 00:00:00.000,Go 3 (4+64),Main Location,2.0000,12270.0000,pcs,24540.0000,24171.9000,.0000
SI0001SI#001020,2026-01-16 00:00:00.000,Go2,Main Location,1.0000,10500.0000,pcs,10500.0000,10500.0000,.0000
SI0001SI#001021,2026-01-16 00:00:00.000,Pova 7 Pro,Main Location,1.0000,33020.0000,pcs,33020.0000,32524.7000,.0000
SI0001SI#001022,2026-01-16 00:00:00.000,Go2,Main Location,7.0000,10390.0000,pcs,72730.0000,72300.0000,.0000
SI0001SI#001023,2026-01-16 00:00:00.000,Go 3 (4+64),Main Location,1.0000,12270.0000,pcs,12270.0000,12147.3000,.0000
SI0001SI#001023,2026-01-16 00:00:00.000,Go 3 (4+128),Main Location,1.0000,13680.0000,pcs,13680.0000,13543.2000,.0000
SI0001SI#001023,2026-01-16 00:00:00.000,Spark 40 Pro,Main Location,1.0000,21700.0000,pcs,21700.0000,21483.0000,.0000
SI0001SI#001023,2026-01-16 00:00:00.000,Spark 40(8+256),Main Location,1.0000,18880.0000,pcs,18880.0000,18691.2000,.0000
SI0001SI#001023,2026-01-16 00:00:00.000,Spark40 (6+128),Main Location,1.0000,16050.0000,pcs,16050.0000,15889.5000,.0000
SI0001SI#001024,2026-01-16 00:00:00.000,Spark40 (6+128),Main Location,10.0000,15656.0000,pcs,156560.0000,156560.0000,.0000
SI0001SI#001025,2026-01-16 00:00:00.000,Go 3 (4+64),Main Location,1.0000,12270.0000,pcs,12270.0000,12085.9500,.0000
SI0001SI#001025,2026-01-16 00:00:00.000,Go 3 (4+128),Main Location,1.0000,13680.0000,pcs,13680.0000,13474.8000,.0000
SI0001SI#001026,2026-01-16 00:00:00.000,Go2,Main Location,3.0000,10390.0000,pcs,31170.0000,31170.0000,.0000
SI0001SI#001027,2026-01-16 00:00:00.000,Go2,Main Location,20.0000,10390.0000,pcs,207800.0000,205722.0000,.0000
SI0001SI#001028,2026-01-16 00:00:00.000,Pova Slim,Main Location,1.0000,28300.0000,pcs,28300.0000,27875.5000,.0000
SI0001SI#001028,2026-01-16 00:00:00.000,Pova 7 Pro,Main Location,1.0000,33020.0000,pcs,33020.0000,32524.7000,.0000
PI0001PI#000133,2026-01-16 00:00:00.000,Go 3 (4+64),Main Location,65.0000,11957.7400,pcs,777253.1000,777253.1000,.0000
PI0001PI#000133,2026-01-16 00:00:00.000,Go 3 (4+128),Main Location,50.0000,13330.9300,pcs,666546.5000,666546.5000,.0000
PI0001PI#000133,2026-01-16 00:00:00.000,Tablet Megapad 4+128,Main Location,20.0000,19314.8100,pcs,386296.2000,386296.2000,.0000
SI0001SI#001009,2026-01-15 00:00:00.000,Pova Slim,Main Location,1.0000,28300.0000,pcs,28300.0000,27875.5000,.0000
SI0001SI#001009,2026-01-15 00:00:00.000,Spark40 (6+128),Main Location,1.0000,16050.0000,pcs,16050.0000,15809.2500,.0000
SI0001SI#001010,2026-01-15 00:00:00.000,Go2,Main Location,4.0000,10390.0000,pcs,41560.0000,41560.0000,.0000
SI0001SI#001011,2026-01-15 00:00:00.000,Go2,Main Location,5.0000,10390.0000,pcs,51950.0000,51950.0000,.0000
SI0001SI#001011,2026-01-15 00:00:00.000,Spark 40 Pro,Main Location,3.0000,21700.0000,pcs,65100.0000,65100.0000,.0000
SI0001SI#001012,2026-01-15 00:00:00.000,Go2,Main Location,10.0000,10390.0000,pcs,103900.0000,102341.5000,.0000
SI0001SI#001012,2026-01-15 00:00:00.000,Spark 40c (4+128),Main Location,2.0000,11790.0000,pcs,23580.0000,23226.3000,.0000
SI0001SI#001012,2026-01-15 00:00:00.000,Spark 40 5G,Main Location,3.0000,16020.0000,pcs,48060.0000,47339.1000,.0000
SI0001SI#001018,2026-01-15 00:00:00.000,Spark40 Pro Pius,Main Location,1.0000,23590.0000,pcs,23590.0000,23590.0000,.0000
SI0001SI#001005,2026-01-14 00:00:00.000,Go2,Main Location,30.0000,10390.0000,pcs,311700.0000,307024.5000,.0000
SI0001SI#001005,2026-01-14 00:00:00.000,Spark 40c (4+128),Main Location,15.0000,11790.0000,pcs,176850.0000,174197.2500,.0000
SI0001SI#001005,2026-01-14 00:00:00.000,Spark40 Pro Pius,Main Location,10.0000,23590.0000,pcs,235900.0000,232361.5000,.0000
SI0001SI#001006,2026-01-14 00:00:00.000,Go2,Main Location,220.0000,10390.0000,pcs,2285800.0000,2262942.0000,.0000
SI0001SI#001006,2026-01-14 00:00:00.000,Spark40 (6+128),Main Location,100.0000,15656.0000,pcs,1565600.0000,1542116.0000,.0000
SI0001SI#001007,2026-01-14 00:00:00.000,Go2,Main Location,5.0000,10390.0000,pcs,51950.0000,51170.7500,.0000
SI0001SI#001008,2026-01-14 00:00:00.000,Pova Carve,Main Location,2.0000,31150.0000,pcs,62300.0000,61365.5000,.0000
SI0001SI#001008,2026-01-14 00:00:00.000,Pova 7 Pro,Main Location,1.0000,33020.0000,pcs,33020.0000,32524.7000,.0000
SI0001SI#001017,2026-01-14 00:00:00.000,Spark40 (6+128),Main Location,50.0000,15256.0000,pcs,762800.0000,762800.0000,.0000
SI0001SI#001001,2026-01-13 00:00:00.000,Spark 40(8+256),Main Location,1.0000,15570.0000,pcs,15570.0000,15336.4500,.0000
SI0001SI#001001,2026-01-13 00:00:00.000,Spark40 Pro Pius,Main Location,1.0000,23590.0000,pcs,23590.0000,23236.1500,.0000
SI0001SI#001002,2026-01-13 00:00:00.000,Spark 40(8+256),Main Location,4.0000,23590.0000,pcs,94360.0000,92944.6000,.0000
SI0001SI#001003,2026-01-13 00:00:00.000,Go2,Main Location,1.0000,10390.0000,pcs,10390.0000,10390.0000,.0000
SI0001SI#001004,2026-01-13 00:00:00.000,Go2,Main Location,150.0000,10390.0000,pcs,1558500.0000,1542915.0000,.0000
SI0001SI#000996,2026-01-12 00:00:00.000,Pova Carve,Main Location,1.0000,31150.0000,pcs,31150.0000,31150.0000,.0000
SI0001SI#000997,2026-01-12 00:00:00.000,Go2,Main Location,3.0000,10390.0000,pcs,31170.0000,31170.0000,.0000
SI0001SI#000998,2026-01-12 00:00:00.000,Go2,Main Location,4.0000,10390.0000,pcs,41560.0000,40936.6000,.0000
SI0001SI#000998,2026-01-12 00:00:00.000,Spark 40c (4+128),Main Location,4.0000,11790.0000,pcs,47160.0000,46452.6000,.0000
SI0001SI#000999,2026-01-12 00:00:00.000,Spark40 (6+128),Main Location,3.0000,13210.0000,pcs,39630.0000,39035.5500,.0000
SI0001SI#000999,2026-01-12 00:00:00.000,Spark40 Pro Pius,Main Location,1.0000,23590.0000,pcs,23590.0000,23236.1500,.0000
SI0001SI#000999,2026-01-12 00:00:00.000,Spark 40 Pro,Main Location,2.0000,18870.0000,pcs,37740.0000,37173.9000,.0000
SI0001SI#000999,2026-01-12 00:00:00.000,Go2,Main Location,5.0000,10390.0000,pcs,51950.0000,51170.7500,.0000
SI0001SI#000999,2026-01-12 00:00:00.000,Pova 7 Pro,Main Location,1.0000,33020.0000,pcs,33020.0000,32524.7000,.0000
SI0001SI#000999,2026-01-12 00:00:00.000,Spark 40c (4+128),Main Location,3.0000,11790.0000,pcs,35370.0000,34839.4500,.0000
SI0001SI#000999,2026-01-12 00:00:00.000,Spark 40(8+256),Main Location,2.0000,15570.0000,pcs,31140.0000,30672.9000,.0000
SI0001SI#001000,2026-01-12 00:00:00.000,Spark 40c (4+128),Main Location,20.0000,11790.0000,pcs,235800.0000,232263.0000,.0000
SI0001SI#001000,2026-01-12 00:00:00.000,Go2,Main Location,17.0000,10390.0000,pcs,176630.0000,174863.7000,.0000
SI0001SI#000989,2026-01-11 00:00:00.000,Spark 40c (4+128),Main Location,30.0000,11790.0000,pcs,353700.0000,348394.5000,.0000
SI0001SI#000990,2026-01-11 00:00:00.000,Pova 7 Pro,Main Location,2.0000,33020.0000,pcs,66040.0000,65049.4000,.0000
SI0001SI#000991,2026-01-11 00:00:00.000,Spark40 Pro Pius,Main Location,5.0000,23590.0000,pcs,117950.0000,116180.7500,.0000
SI0001SI#000991,2026-01-11 00:00:00.000,Pova 7 Pro,Main Location,1.0000,33020.0000,pcs,33020.0000,32524.7000,.0000
SI0001SI#000992,2026-01-11 00:00:00.000,Go2,Main Location,10.0000,10390.0000,pcs,103900.0000,103900.0000,.0000
SI0001SI#000992,2026-01-11 00:00:00.000,Spark40 (6+128),Main Location,2.0000,13210.0000,pcs,26420.0000,26420.0000,.0000
SI0001SI#000993,2026-01-11 00:00:00.000,Go2,Main Location,120.0000,10390.0000,pcs,1246800.0000,1234332.0000,.0000
SI0001SI#000993,2026-01-11 00:00:00.000,Spark 40c (4+128),Main Location,55.0000,11790.0000,pcs,648450.0000,638723.2500,.0000
SI0001SI#000994,2026-01-11 00:00:00.000,Spark40 Pro Pius,Main Location,3.0000,23590.0000,pcs,70770.0000,69708.4500,.0000
SI0001SI#000994,2026-01-11 00:00:00.000,Spark 40 Pro,Main Location,2.0000,18870.0000,pcs,37740.0000,37173.9000,.0000
SI0001SI#000994,2026-01-11 00:00:00.000,Spark40 (6+128),Main Location,4.0000,13210.0000,pcs,52840.0000,52047.4000,.0000
SI0001SI#000994,2026-01-11 00:00:00.000,Spark 40c (4+128),Main Location,5.0000,11790.0000,pcs,58950.0000,58065.7500,.0000
SI0001SI#000994,2026-01-11 00:00:00.000,Pova 7 Pro,Main Location,2.0000,33020.0000,pcs,66040.0000,65049.4000,.0000
SI0001SI#000994,2026-01-11 00:00:00.000,Pova Carve,Main Location,1.0000,31150.0000,pcs,31150.0000,30682.7500,.0000
SI0001SI#000995,2026-01-11 00:00:00.000,Pova 7 Pro,Main Location,1.0000,33020.0000,pcs,33020.0000,32524.7000,.0000
SI0001SI#000995,2026-01-11 00:00:00.000,Go2,Main Location,10.0000,10390.0000,pcs,103900.0000,102341.5000,.0000
SI0001SI#000995,2026-01-11 00:00:00.000,Spark 40c (4+128),Main Location,5.0000,11790.0000,pcs,58950.0000,58065.7500,.0000
SI0001SI#000995,2026-01-11 00:00:00.000,Spark 40(8+256),Main Location,2.0000,15570.0000,pcs,31140.0000,30672.9000,.0000
SI0001SI#000995,2026-01-11 00:00:00.000,Spark 40 Pro,Main Location,3.0000,18870.0000,pcs,56610.0000,55760.8500,.0000
SI0001SI#000995,2026-01-11 00:00:00.000,Spark40 (6+128),Main Location,2.0000,13210.0000,pcs,26420.0000,26023.7000,.0000
SI0001SI#000980,2026-01-09 00:00:00.000,Spark40 Pro Pius,Main Location,2.0000,23590.0000,pcs,47180.0000,46480.0000,.0000
SI0001SI#000981,2026-01-09 00:00:00.000,Go2,Main Location,2.0000,10390.0000,pcs,20780.0000,20780.0000,.0000
SI0001SI#000982,2026-01-09 00:00:00.000,Go2,Main Location,4.0000,10390.0000,pcs,41560.0000,40936.6000,.0000
SI0001SI#000982,2026-01-09 00:00:00.000,Spark 40 Pro,Main Location,1.0000,18870.0000,pcs,18870.0000,18586.9500,.0000
SI0001SI#000982,2026-01-09 00:00:00.000,Spark 40(8+256),Main Location,2.0000,15570.0000,pcs,31140.0000,30672.9000,.0000
SI0001SI#000982,2026-01-09 00:00:00.000,Spark40 (6+128),Main Location,3.0000,13210.0000,pcs,39630.0000,39035.5500,.0000
SI0001SI#000982,2026-01-09 00:00:00.000,Pova Slim,Main Location,1.0000,28300.0000,pcs,28300.0000,27875.5000,.0000
SI0001SI#000983,2026-01-09 00:00:00.000,Go2,Main Location,2.0000,10390.0000,pcs,20780.0000,20780.0000,.0000
SI0001SI#000983,2026-01-09 00:00:00.000,GO1 4+128,Main Location,3.0000,11845.0000,pcs,35535.0000,35535.0000,.0000
SI0001SI#000984,2026-01-09 00:00:00.000,Go2,Main Location,12.0000,10390.0000,pcs,124680.0000,124680.0000,.0000
SI0001SI#000985,2026-01-09 00:00:00.000,Go2,Main Location,40.0000,10390.0000,pcs,415600.0000,415600.0000,.0000
SI0001SI#000986,2026-01-09 00:00:00.000,Spark40 Pro Pius,Main Location,4.0000,23590.0000,pcs,94360.0000,92944.6000,.0000
SI0001SI#000986,2026-01-09 00:00:00.000,Pova Carve,Main Location,2.0000,31150.0000,pcs,62300.0000,61365.5000,.0000
SI0001SI#000987,2026-01-09 00:00:00.000,Camon40 Pro,Main Location,10.0000,26410.0000,pcs,264100.0000,260138.5000,.0000
SI0001SI#000988,2026-01-09 00:00:00.000,Camon40 Pro,Main Location,5.0000,26410.0000,pcs,132050.0000,132050.0000,.0000
SI0001SI#000988,2026-01-09 00:00:00.000,Pova Slim,Main Location,1.0000,28300.0000,pcs,28300.0000,28300.0000,.0000
SI0001SI#000988,2026-01-09 00:00:00.000,Spark 40c (4+128),Main Location,1.0000,11790.0000,pcs,11790.0000,11790.0000,.0000
SI0001SI#000976,2026-01-08 00:00:00.000,Pova Slim,Main Location,1.0000,28300.0000,pcs,28300.0000,27875.5000,.0000
SI0001SI#000976,2026-01-08 00:00:00.000,Go2,Main Location,2.0000,10390.0000,pcs,20780.0000,20468.3000,.0000
SI0001SI#000976,2026-01-08 00:00:00.000,Spark40 (6+128),Main Location,3.0000,13210.0000,pcs,39630.0000,39035.5500,.0000
SI0001SI#000976,2026-01-08 00:00:00.000,Spark 40 Pro,Main Location,3.0000,18870.0000,pcs,56610.0000,55760.8500,.0000
SI0001SI#000976,2026-01-08 00:00:00.000,Spark 40(8+256),Main Location,2.0000,15570.0000,pcs,31140.0000,30672.9000,.0000
SI0001SI#000977,2026-01-08 00:00:00.000,Go2,Main Location,60.0000,10390.0000,pcs,623400.0000,617166.0000,.0000
SI0001SI#000977,2026-01-08 00:00:00.000,Spark 40c (4+128),Main Location,40.0000,11790.0000,pcs,471600.0000,464526.0000,.0000
SI0001SI#000978,2026-01-08 00:00:00.000,Go2,Main Location,2.0000,10390.0000,pcs,20780.0000,20468.3000,.0000
SI0001SI#000979,2026-01-08 00:00:00.000,Camon40 Pro,Main Location,2.0000,26410.0000,pcs,52820.0000,52820.0000,.0000
SI0001SI#000970,2026-01-07 00:00:00.000,Go2,Main Location,40.0000,10390.0000,pcs,415600.0000,415600.0000,.0000
SI0001SI#000971,2026-01-07 00:00:00.000,Go2,Main Location,1.0000,10390.0000,pcs,10390.0000,10234.1500,.0000
SI0001SI#000972,2026-01-07 00:00:00.000,Go2,Main Location,10.0000,10390.0000,pcs,103900.0000,102341.5000,.0000
SI0001SI#000973,2026-01-07 00:00:00.000,Pova Carve,Main Location,2.0000,31150.0000,pcs,62300.0000,61365.5000,.0000
SI0001SI#000974,2026-01-07 00:00:00.000,Pova Slim,Main Location,5.0000,28300.0000,pcs,141500.0000,139377.5000,.0000
SI0001SI#000974,2026-01-07 00:00:00.000,Pova 7 Pro,Main Location,1.0000,33020.0000,pcs,33020.0000,32524.7000,.0000
SI0001SI#000974,2026-01-07 00:00:00.000,Pova Carve,Main Location,3.0000,31150.0000,pcs,93450.0000,92048.2500,.0000
SI0001SI#000975,2026-01-07 00:00:00.000,Pova Carve,Main Location,1.0000,31150.0000,pcs,31150.0000,31150.0000,.0000
SI0001SI#000969,2026-01-06 00:00:00.000,Go2,Main Location,10.0000,10390.0000,pcs,103900.0000,102861.0000,.0000
SI0001SI#000969,2026-01-06 00:00:00.000,Spark 40c (4+128),Main Location,10.0000,11790.0000,pcs,117900.0000,116721.0000,.0000
SI0001SI#000969,2026-01-06 00:00:00.000,Spark 40 Pro,Main Location,1.0000,18870.0000,pcs,18870.0000,18681.3000,.0000
SI0001SI#000969,2026-01-06 00:00:00.000,Spark40 Pro Pius,Main Location,2.0000,23590.0000,pcs,47180.0000,46708.2000,.0000
SI0001SI#000967,2026-01-05 00:00:00.000,Pova Slim,Main Location,2.0000,28300.0000,pcs,56600.0000,55751.0000,.0000
SI0001SI#000968,2026-01-05 00:00:00.000,Go2,Main Location,11.0000,10390.0000,pcs,114290.0000,112575.6500,.0000
SI0001SI#000964,2026-01-04 00:00:00.000,Pova Slim,Main Location,1.0000,28300.0000,pcs,28300.0000,27875.5000,.0000
SI0001SI#000964,2026-01-04 00:00:00.000,Spark 40 Pro,Main Location,1.0000,18870.0000,pcs,18870.0000,18586.9500,.0000
SI0001SI#000965,2026-01-04 00:00:00.000,Spark40 (6+128),Main Location,3.0000,13210.0000,pcs,39630.0000,39035.5500,.0000
SI0001SI#000965,2026-01-04 00:00:00.000,Spark 40 Pro,Main Location,3.0000,18870.0000,pcs,56610.0000,55760.8500,.0000
SI0001SI#000966,2026-01-04 00:00:00.000,Camon40 Pro,Main Location,10.0000,26410.0000,pcs,264100.0000,260138.5000,.0000
SI0001SI#000966,2026-01-04 00:00:00.000,Spark40 (6+128),Main Location,10.0000,13210.0000,pcs,132100.0000,130118.5000,.0000
SI0001SI#000966,2026-01-04 00:00:00.000,Go2,Main Location,4.0000,10390.0000,pcs,41560.0000,40936.6000,.0000
SI0001SI#000966,2026-01-04 00:00:00.000,Spark 40 Pro,Main Location,6.0000,18870.0000,pcs,113220.0000,111521.7000,.0000
SI0001SI#000960,2026-01-02 00:00:00.000,Go2,Main Location,15.0000,10390.0000,pcs,155850.0000,154291.5000,.0000
SI0001SI#000960,2026-01-02 00:00:00.000,Spark 40c (4+128),Main Location,10.0000,11790.0000,pcs,117900.0000,116721.0000,.0000
SI0001SI#000961,2026-01-02 00:00:00.000,Spark 40c (4+128),Main Location,1.0000,11790.0000,pcs,11790.0000,11790.0000,.0000
SI0001SI#000961,2026-01-02 00:00:00.000,Spark 40(8+256),Main Location,1.0000,15570.0000,pcs,15570.0000,15570.0000,.0000
SI0001SI#000961,2026-01-02 00:00:00.000,Go2,Main Location,1.0000,10390.0000,pcs,10390.0000,10390.0000,.0000
SI0001SI#000962,2026-01-02 00:00:00.000,Pova 7 Pro,Main Location,1.0000,33020.0000,pcs,33020.0000,33020.0000,.0000
SI0001SI#000963,2026-01-02 00:00:00.000,Spark40 (6+128),Main Location,5.0000,13210.0000,pcs,66050.0000,65059.2500,.0000
SI0001SI#000963,2026-01-02 00:00:00.000,Spark 40 5G,Main Location,1.0000,16020.0000,pcs,16020.0000,15779.7000,.0000
SI0001SI#000963,2026-01-02 00:00:00.000,Go2,Main Location,5.0000,10390.0000,pcs,51950.0000,51170.7500,.0000
SI0001SI#000963,2026-01-02 00:00:00.000,Spark 40(8+256),Main Location,3.0000,15570.0000,pcs,46710.0000,46009.3500,.0000
SI0001SI#000963,2026-01-02 00:00:00.000,Pova Carve,Main Location,1.0000,31150.0000,pcs,31150.0000,30682.7500,.0000
SI0001SI#000963,2026-01-02 00:00:00.000,Pova 7 Pro,Main Location,2.0000,33020.0000,pcs,66040.0000,65049.4000,.0000
SI0001SI#000963,2026-01-02 00:00:00.000,Pova Slim,Main Location,2.0000,28300.0000,pcs,56600.0000,55751.0000,.0000
SI0001SI#000963,2026-01-02 00:00:00.000,Spark 40c (4+128),Main Location,3.0000,11790.0000,pcs,35370.0000,34839.4500,.0000
SI0001SI#000963,2026-01-02 00:00:00.000,Spark40 Pro Pius,Main Location,2.0000,23590.0000,pcs,47180.0000,46472.3000,.0000
SI0001SI#000957,2026-01-01 00:00:00.000,Pova Slim,Main Location,1.0000,28300.0000,pcs,28300.0000,28300.0000,.0000
SI0001SI#000958,2026-01-01 00:00:00.000,Spark 40(8+256),Main Location,4.0000,15570.0000,pcs,62280.0000,61345.8000,.0000
SI0001SI#000958,2026-01-01 00:00:00.000,Spark40 (6+128),Main Location,6.0000,13210.0000,pcs,79260.0000,78071.1000,.0000
SI0001SI#000959,2026-01-01 00:00:00.000,Spark40 (6+128),Main Location,5.0000,13210.0000,pcs,66050.0000,65059.2500,.0000
SI0001SI#000954,2025-12-31 00:00:00.000,Go2,Main Location,8.0000,10145.0000,pcs,81160.0000,81160.0000,.0000
SI0001SI#000954,2025-12-31 00:00:00.000,Spark40 (6+128),Main Location,10.0000,12875.0000,pcs,128750.0000,128750.0000,.0000
SI0001SI#000954,2025-12-31 00:00:00.000,Pova 7 Pro,Main Location,2.0000,32195.0000,pcs,64390.0000,64390.0000,.0000
SI0001SI#000954,2025-12-31 00:00:00.000,Pova Slim,Main Location,1.0000,27594.0000,pcs,27594.0000,27594.0000,.0000
SI0001SI#000955,2025-12-31 00:00:00.000,Spark40 (6+128),Main Location,1.0000,13210.0000,pcs,13210.0000,13077.9000,.0000
SI0001SI#000955,2025-12-31 00:00:00.000,Spark 40(8+256),Main Location,1.0000,15570.0000,pcs,15570.0000,15414.3000,.0000
SI0001SI#000956,2025-12-31 00:00:00.000,Spark40 (6+128),Main Location,5.0000,13210.0000,pcs,66050.0000,65059.2500,.0000
SI0001SI#000956,2025-12-31 00:00:00.000,Spark 40(8+256),Main Location,5.0000,15570.0000,pcs,77850.0000,76682.2500,.0000
SI0001SI#000956,2025-12-31 00:00:00.000,Spark40 Pro Pius,Main Location,2.0000,23590.0000,pcs,47180.0000,46472.3000,.0000
SI0001SI#000956,2025-12-31 00:00:00.000,Pova Slim,Main Location,1.0000,28300.0000,pcs,28300.0000,27875.5000,.0000
SI0001SI#000956,2025-12-31 00:00:00.000,Pova 7 Pro,Main Location,1.0000,33020.0000,pcs,33020.0000,32524.7000,.0000
PI0001PI#000130,2025-12-31 00:00:00.000,Spark 40c (4+128),Main Location,10.0000,11491.6700,pcs,114916.7000,114916.7000,.0000
PI0001PI#000130,2025-12-31 00:00:00.000,Spark40 (6+128),Main Location,44.0000,12874.8800,pcs,566494.7200,566494.7200,.0000
PI0001PI#000130,2025-12-31 00:00:00.000,Spark 40 Pro,Main Location,78.0000,18392.6000,pcs,1434622.8000,1434622.8000,.0000
PI0001PI#000130,2025-12-31 00:00:00.000,Spark 40(8+256),Main Location,5.0000,15180.2200,pcs,75901.1000,75901.1000,.0000
PI0001PI#000131,2025-12-31 00:00:00.000,Go2,Main Location,31.0000,10143.5300,pcs,314449.4300,314449.4300,.0000
PI0001PI#000131,2025-12-31 00:00:00.000,Spark40 Pro Pius,Main Location,31.0000,22993.3400,pcs,712793.5400,712793.5400,.0000
PI0001PI#000131,2025-12-31 00:00:00.000,Pova Slim,Main Location,26.0000,27594.0200,pcs,717444.5200,717444.5200,.0000
PI0001PI#000131,2025-12-31 00:00:00.000,Pova 7 Pro,Main Location,9.0000,32194.7000,pcs,289752.3000,289752.3000,.0000
PI0001PI#000131,2025-12-31 00:00:00.000,Pova Carve,Main Location,25.0000,30370.4700,pcs,759261.7500,759261.7500,.0000
PI0001PI#000131,2025-12-31 00:00:00.000,Spark 40 5G,Main Location,318.0000,15636.2800,pcs,4972337.0400,4972337.0400,.0000
SR0001SR#000012,2025-12-31 00:00:00.000,Spark 40 5G,Main Location,10.0000,15637.0000,pcs,156370.0000,156370.0000,.0000
SR0001SR#000013,2025-12-31 00:00:00.000,Pova Carve,Main Location,1.0000,30683.0000,pcs,30683.0000,30683.0000,.0000
SR0001SR#000013,2025-12-31 00:00:00.000,Spark 40 Pro,Main Location,7.0000,18587.0000,pcs,130109.0000,130109.0000,.0000
SR0001SR#000013,2025-12-31 00:00:00.000,Spark40 Pro Pius,Main Location,1.0000,23236.0000,pcs,23236.0000,23236.0000,.0000
SR0001SR#000013,2025-12-31 00:00:00.000,Spark 40 5G,Main Location,2.0000,15799.0000,pcs,31598.0000,31598.0000,.0000
SR0001SR#000013,2025-12-31 00:00:00.000,Pova 7 Pro,Main Location,1.0000,32524.0000,pcs,32524.0000,32524.0000,.0000
SR0001SR#000013,2025-12-31 00:00:00.000,Spark 40(8+256),Main Location,2.0000,15336.0000,pcs,30672.0000,30672.0000,.0000
SR0001SR#000013,2025-12-31 00:00:00.000,Go2,Main Location,3.0000,10234.0000,pcs,30702.0000,30702.0000,.0000
SR0001SR#000013,2025-12-31 00:00:00.000,Spark40 (6+128),Main Location,2.0000,13012.0000,pcs,26024.0000,26024.0000,.0000
SR0001SR#000014,2025-12-31 00:00:00.000,Spark40 (6+128),Main Location,5.0000,13210.0000,pcs,66050.0000,66050.0000,.0000
SR0001SR#000014,2025-12-31 00:00:00.000,Go2,Main Location,2.0000,10390.0000,pcs,20780.0000,20780.0000,.0000
SR0001SR#000015,2025-12-31 00:00:00.000,Pova 7 Pro,Main Location,1.0000,32525.0000,pcs,32525.0000,32525.0000,.0000
SR0001SR#000015,2025-12-31 00:00:00.000,Go2,Main Location,10.0000,10234.0000,pcs,102340.0000,102340.0000,.0000
SR0001SR#000015,2025-12-31 00:00:00.000,GO1 3+64,Main Location,1.0000,9288.0000,pcs,9288.0000,9288.0000,.0000
SR0001SR#000015,2025-12-31 00:00:00.000,Spark40 (6+128),Main Location,10.0000,13012.0000,pcs,130120.0000,130120.0000,.0000
SR0001SR#000015,2025-12-31 00:00:00.000,Spark 40c (4+128),Main Location,1.0000,11613.0000,pcs,11613.0000,11613.0000,.0000
SR0001SR#000015,2025-12-31 00:00:00.000,Spark 40(8+256),Main Location,1.0000,15336.0000,pcs,15336.0000,15336.0000,.0000
SR0001SR#000016,2025-12-31 00:00:00.000,Camon 40 Pro 5G,Main Location,1.0000,33020.0000,pcs,33020.0000,33020.0000,.0000
SR0001SR#000011,2025-12-30 00:00:00.000,Go2,Main Location,1.0000,10234.0000,pcs,10234.0000,10234.0000,.0000
SI0001SI#000953,2025-12-30 00:00:00.000,Spark40 (6+128),Main Location,2.0000,13210.0000,pcs,26420.0000,26023.7000,.0000
SI0001SI#000951,2025-12-29 00:00:00.000,Camon40 Pro,Main Location,5.0000,26410.0000,pcs,132050.0000,130069.2500,.0000
SI0001SI#000952,2025-12-29 00:00:00.000,Spark40 (6+128),Main Location,20.0000,13210.0000,pcs,264200.0000,260237.0000,.0000
SI0001SI#000952,2025-12-29 00:00:00.000,Spark 40 Pro,Main Location,3.0000,18870.0000,pcs,56610.0000,55760.8500,.0000
SI0001SI#000948,2025-12-28 00:00:00.000,Go2,Main Location,20.0000,10145.0000,pcs,202900.0000,202900.0000,.0000
SI0001SI#000948,2025-12-28 00:00:00.000,Spark40 (6+128),Main Location,20.0000,12875.0000,pcs,257500.0000,257500.0000,.0000
SI0001SI#000948,2025-12-28 00:00:00.000,Spark 40(8+256),Main Location,5.0000,15181.0000,pcs,75905.0000,75905.0000,.0000
SI0001SI#000949,2025-12-28 00:00:00.000,Go2,Main Location,1.0000,10390.0000,pcs,10390.0000,10234.1500,.0000
SI0001SI#000949,2025-12-28 00:00:00.000,Spark40 (6+128),Main Location,1.0000,13210.0000,pcs,13210.0000,13011.8500,.0000
SI0001SI#000950,2025-12-28 00:00:00.000,Spark 40 Pro,Main Location,2.0000,18870.0000,pcs,37740.0000,37173.9000,.0000
PI0001PI#000128,2025-12-28 00:00:00.000,Spark40 (6+128),Main Location,20.0000,12874.8800,pcs,257497.6000,257497.6000,.0000
PI0001PI#000128,2025-12-28 00:00:00.000,Spark 40 Pro,Main Location,30.0000,18392.6000,pcs,551778.0000,551778.0000,.0000
PI0001PI#000128,2025-12-28 00:00:00.000,Spark 40c (4+128),Main Location,50.0000,11491.6700,pcs,574583.5000,574583.5000,.0000
PI0001PI#000129,2025-12-28 00:00:00.000,Spark 40c (4+128),Main Location,42.0000,11491.6700,pcs,482650.1400,482650.1400,.0000
PI0001PI#000127,2025-12-25 00:00:00.000,Spark40 (6+128),Main Location,25.0000,12874.8800,pcs,321872.0000,321872.0000,.0000
PI0001PI#000127,2025-12-25 00:00:00.000,Spark 40c (4+128),Main Location,15.0000,11491.6700,pcs,172375.0500,172375.0500,.0000
SI0001SI#000946,2025-12-25 00:00:00.000,Spark40 (6+128),Main Location,3.0000,13210.0000,pcs,39630.0000,39035.5500,.0000
SI0001SI#000946,2025-12-25 00:00:00.000,Spark 40 Pro,Main Location,2.0000,18870.0000,pcs,37740.0000,37173.9000,.0000
SI0001SI#000947,2025-12-25 00:00:00.000,Spark 40c (4+128),Main Location,40.0000,11492.0000,pcs,459680.0000,459680.0000,.0000
SI0001SI#000947,2025-12-25 00:00:00.000,Spark 40 Pro,Main Location,35.0000,18392.0000,pcs,643720.0000,643720.0000,.0000
SI0001SI#000947,2025-12-25 00:00:00.000,Pova Slim,Main Location,15.0000,27594.0000,pcs,413910.0000,413910.0000,.0000
SI0001SI#000945,2025-12-24 00:00:00.000,Go2,Main Location,30.0000,10145.0000,pcs,304350.0000,304350.0000,.0000
SI0001SI#000945,2025-12-24 00:00:00.000,Spark 40 Pro,Main Location,10.0000,18393.0000,pcs,183930.0000,183930.0000,.0000
SI0001SI#000945,2025-12-24 00:00:00.000,Spark40 Pro Pius,Main Location,10.0000,22993.0000,pcs,229930.0000,229930.0000,.0000
SI0001SI#000937,2025-12-23 00:00:00.000,Spark40 (6+128),Main Location,1.0000,13210.0000,pcs,13210.0000,13077.9000,.0000
SI0001SI#000938,2025-12-23 00:00:00.000,Pova Slim,Main Location,1.0000,28300.0000,pcs,28300.0000,27875.5000,.0000
SI0001SI#000938,2025-12-23 00:00:00.000,Spark40 (6+128),Main Location,3.0000,13210.0000,pcs,39630.0000,39035.5500,.0000
SI0001SI#000938,2025-12-23 00:00:00.000,Spark 40(8+256),Main Location,2.0000,15570.0000,pcs,31140.0000,30672.9000,.0000
SI0001SI#000938,2025-12-23 00:00:00.000,Spark40 Pro Pius,Main Location,2.0000,23590.0000,pcs,47180.0000,46472.3000,.0000
PI0001PI#000125,2025-12-23 00:00:00.000,Go2,Main Location,100.0000,10143.5300,pcs,1014353.0000,1014353.0000,.0000
PI0001PI#000125,2025-12-23 00:00:00.000,Spark40 (6+128),Main Location,35.0000,12874.8800,pcs,450620.8000,450620.8000,.0000
PI0001PI#000125,2025-12-23 00:00:00.000,Go2,Main Location,150.0000,10143.5300,pcs,1521529.5000,1521529.5000,.0000
PI0001PI#000125,2025-12-23 00:00:00.000,Spark40 (6+128),Main Location,10.0000,12874.8800,pcs,128748.8000,128748.8000,.0000
PI0001PI#000125,2025-12-23 00:00:00.000,Spark40 Pro Pius,Main Location,50.0000,22993.3400,pcs,1149667.0000,1149667.0000,.0000
PI0001PI#000125,2025-12-23 00:00:00.000,Pova Slim,Main Location,150.0000,27594.0200,pcs,4139103.0000,4139103.0000,.0000
PI0001PI#000125,2025-12-23 00:00:00.000,Pova 7 Pro,Main Location,20.0000,32194.7000,pcs,643894.0000,643894.0000,.0000
PI0001PI#000125,2025-12-23 00:00:00.000,Pova Carve,Main Location,50.0000,30370.4700,pcs,1518523.5000,1518523.5000,.0000
PI0001PI#000125,2025-12-23 00:00:00.000,Spark 40(8+256),Main Location,41.0000,15180.2200,pcs,622389.0200,622389.0200,.0000
PI0001PI#000124,2025-12-22 00:00:00.000,Spark 40 Pro,Main Location,10.0000,18392.6000,pcs,183926.0000,183926.0000,.0000
PI0001PI#000124,2025-12-22 00:00:00.000,Spark40 (6+128),Main Location,18.0000,12874.8800,pcs,231747.8400,231747.8400,.0000
PI0001PI#000124,2025-12-22 00:00:00.000,Camon40 Pro,Main Location,40.0000,25704.9800,pcs,1028199.2000,1028199.2000,.0000
PI0001PI#000124,2025-12-22 00:00:00.000,Spark 40(8+256),Main Location,15.0000,15180.2200,pcs,227703.3000,227703.3000,.0000
SI0001SI#000943,2025-12-22 00:00:00.000,Camon40 Pro,Main Location,10.0000,26400.0000,pcs,264000.0000,264000.0000,.0000
SI0001SI#000944,2025-12-22 00:00:00.000,Camon40 Pro,Main Location,2.0000,25708.0000,pcs,51416.0000,51416.0000,.0000
SI0001SI#000936,2025-12-22 00:00:00.000,Spark40 (6+128),Main Location,6.0000,13210.0000,pcs,79260.0000,78071.1000,.0000
SI0001SI#000936,2025-12-22 00:00:00.000,Spark 40c (4+128),Main Location,2.0000,11790.0000,pcs,23580.0000,23226.3000,.0000
SI0001SI#000940,2025-12-21 00:00:00.000,Spark40 (6+128),Main Location,15.0000,12875.0000,pcs,193125.0000,193125.0000,.0000
SI0001SI#000940,2025-12-21 00:00:00.000,Spark 40(8+256),Main Location,5.0000,15181.0000,pcs,75905.0000,75905.0000,.0000
SI0001SI#000940,2025-12-21 00:00:00.000,Spark 40 Pro,Main Location,5.0000,18392.0000,pcs,91960.0000,91960.0000,.0000
SI0001SI#000941,2025-12-21 00:00:00.000,Go2,Main Location,30.0000,10145.0000,pcs,304350.0000,304350.0000,.0000
SI0001SI#000941,2025-12-21 00:00:00.000,Spark 40 Pro,Main Location,10.0000,18392.0000,pcs,183920.0000,183920.0000,.0000
SI0001SI#000941,2025-12-21 00:00:00.000,Spark40 Pro Pius,Main Location,10.0000,22993.0000,pcs,229930.0000,229930.0000,.0000
SI0001SI#000942,2025-12-21 00:00:00.000,Go2,Main Location,1.0000,10145.0000,pcs,10145.0000,10145.0000,.0000
SI0001SI#000932,2025-12-21 00:00:00.000,Pova Slim,Main Location,1.0000,28300.0000,pcs,28300.0000,27875.5000,.0000
SI0001SI#000933,2025-12-21 00:00:00.000,Spark 40c (4+128),Main Location,2.0000,11790.0000,pcs,23580.0000,23226.3000,.0000
SI0001SI#000934,2025-12-21 00:00:00.000,Spark40 (6+128),Main Location,10.0000,12845.0000,pcs,128450.0000,128450.0000,.0000
SI0001SI#000935,2025-12-21 00:00:00.000,Camon40 Pro,Main Location,5.0000,26410.0000,pcs,132050.0000,130069.2500,.0000
SI0001SI#000935,2025-12-21 00:00:00.000,Pova 7 Pro,Main Location,2.0000,33020.0000,pcs,66040.0000,65049.4000,.0000
SR0001SR#000009,2025-12-21 00:00:00.000,Go2,Main Location,2.0000,10390.0000,pcs,20780.0000,20780.0000,.0000
SR0001SR#000009,2025-12-21 00:00:00.000,Spark40 (6+128),Main Location,1.0000,13210.0000,pcs,13210.0000,13210.0000,.0000
SR0001SR#000009,2025-12-21 00:00:00.000,Spark40 Pro Pius,Main Location,1.0000,23590.0000,pcs,23590.0000,23590.0000,.0000
SR0001SR#000009,2025-12-21 00:00:00.000,Spark 40c (4+128),Main Location,1.0000,11790.0000,pcs,11790.0000,11790.0000,.0000
SR0001SR#000010,2025-12-21 00:00:00.000,Spark 40 Pro,Main Location,1.0000,18870.0000,pcs,18870.0000,18870.0000,.0000
SR0001SR#000010,2025-12-21 00:00:00.000,Spark40 (6+128),Main Location,2.0000,12510.0000,pcs,25020.0000,25020.0000,.0000
SR0001SR#000010,2025-12-21 00:00:00.000,Spark 40c (4+128),Main Location,1.0000,11790.0000,pcs,11790.0000,11790.0000,.0000
SR0001SR#000010,2025-12-21 00:00:00.000,Go2,Main Location,2.0000,10390.0000,pcs,20780.0000,20780.0000,.0000
SR0001SR#000010,2025-12-21 00:00:00.000,Spark 40(8+256),Main Location,1.0000,15570.0000,pcs,15570.0000,15570.0000,.0000
SR0001SR#000008,2025-12-19 00:00:00.000,Spark 40 Pro,Main Location,1.0000,18870.0000,pcs,18870.0000,18870.0000,.0000
SR0001SR#000008,2025-12-19 00:00:00.000,Go2,Main Location,3.0000,10390.0000,pcs,31170.0000,31170.0000,.0000
SR0001SR#000008,2025-12-19 00:00:00.000,Spark40 (6+128),Main Location,1.0000,13210.0000,pcs,13210.0000,13210.0000,.0000
SR0001SR#000008,2025-12-19 00:00:00.000,Pova 7 Pro,Main Location,1.0000,33020.0000,pcs,33020.0000,33020.0000,.0000
SR0001SR#000008,2025-12-19 00:00:00.000,Pova Slim,Main Location,1.0000,28300.0000,pcs,28300.0000,28300.0000,.0000
SI0001SI#000931,2025-12-19 00:00:00.000,Spark40 Pro Pius,Main Location,1.0000,22940.0000,pcs,22940.0000,22940.0000,.0000
SI0001SI#000928,2025-12-18 00:00:00.000,Spark40 (6+128),Main Location,2.0000,13210.0000,pcs,26420.0000,26023.7000,.0000
SI0001SI#000928,2025-12-18 00:00:00.000,Spark 40(8+256),Main Location,1.0000,15570.0000,pcs,15570.0000,15336.4500,.0000
SI0001SI#000929,2025-12-18 00:00:00.000,Camon40 Pro,Main Location,1.0000,26410.0000,pcs,26410.0000,26410.0000,.0000
SI0001SI#000930,2025-12-18 00:00:00.000,Pova 7 Pro,Main Location,1.0000,33020.0000,pcs,33020.0000,32524.7000,.0000
SI0001SI#000930,2025-12-18 00:00:00.000,Spark40 (6+128),Main Location,2.0000,13210.0000,pcs,26420.0000,26023.7000,.0000
SI0001SI#000930,2025-12-18 00:00:00.000,Spark 40 Pro,Main Location,1.0000,18870.0000,pcs,18870.0000,18586.9500,.0000
PI0001PI#000123,2025-12-18 00:00:00.000,Spark 40 Pro,Main Location,30.0000,18392.6000,pcs,551778.0000,551778.0000,.0000
PI0001PI#000123,2025-12-18 00:00:00.000,Spark40 (6+128),Main Location,60.0000,12874.8800,pcs,772492.8000,772492.8000,.0000
SI0001SI#000924,2025-12-17 00:00:00.000,Spark 40 Pro,Main Location,3.0000,18870.0000,pcs,56610.0000,55760.8500,.0000
SI0001SI#000924,2025-12-17 00:00:00.000,Spark 40c (4+128),Main Location,1.0000,11790.0000,pcs,11790.0000,11613.1500,.0000
SI0001SI#000925,2025-12-17 00:00:00.000,Pova Slim,Main Location,1.0000,28300.0000,pcs,28300.0000,27875.5000,.0000
SI0001SI#000926,2025-12-17 00:00:00.000,Spark40 Pro Pius,Main Location,2.0000,23590.0000,pcs,47180.0000,46472.3000,.0000
SI0001SI#000926,2025-12-17 00:00:00.000,Pova Carve,Main Location,1.0000,31150.0000,pcs,31150.0000,30682.7500,.0000
SI0001SI#000926,2025-12-17 00:00:00.000,Spark40 (6+128),Main Location,2.0000,13210.0000,pcs,26420.0000,26023.7000,.0000
SI0001SI#000926,2025-12-17 00:00:00.000,Pova Slim,Main Location,1.0000,28300.0000,pcs,28300.0000,27875.5000,.0000
SI0001SI#000927,2025-12-17 00:00:00.000,Camon40 Pro,Main Location,35.0000,25640.0000,pcs,897400.0000,897400.0000,.0000
SI0001SI#000927,2025-12-17 00:00:00.000,Spark 40(8+256),Main Location,10.0000,15145.0000,pcs,151450.0000,151450.0000,.0000
SI0001SI#000922,2025-12-16 00:00:00.000,Camon40 Pro,Main Location,4.0000,26410.0000,pcs,105640.0000,104055.4000,.0000
SI0001SI#000923,2025-12-16 00:00:00.000,Pova Carve,Main Location,5.0000,31150.0000,pcs,155750.0000,153413.7500,.0000
PI0001PI#000126,2025-12-16 00:00:00.000,Spark 40 Pro,Main Location,30.0000,18392.6000,pcs,551778.0000,551778.0000,.0000
PI0001PI#000126,2025-12-16 00:00:00.000,Spark 40c (4+128),Main Location,5.0000,11491.6700,pcs,57458.3500,57458.3500,.0000
PI0001PI#000126,2025-12-16 00:00:00.000,Spark40 (6+128),Main Location,30.0000,12874.8800,pcs,386246.4000,386246.4000,.0000
PI0001PI#000122,2025-12-15 00:00:00.000,Spark40 (6+128),Main Location,150.0000,12874.8800,pcs,1931232.0000,1931232.0000,.0000
PI0001PI#000122,2025-12-15 00:00:00.000,Camon40 Pro,Main Location,65.0000,25704.9800,pcs,1670823.7000,1670823.7000,.0000
SI0001SI#000916,2025-12-15 00:00:00.000,Camon40 Pro,Main Location,3.0000,26410.0000,pcs,79230.0000,78041.5500,.0000
SI0001SI#000916,2025-12-15 00:00:00.000,Go2,Main Location,6.0000,10390.0000,pcs,62340.0000,61404.9000,.0000
SI0001SI#000917,2025-12-15 00:00:00.000,Spark40 (6+128),Main Location,3.0000,13210.0000,pcs,39630.0000,39035.5500,.0000
SI0001SI#000917,2025-12-15 00:00:00.000,Spark 40(8+256),Main Location,2.0000,15570.0000,pcs,31140.0000,30672.9000,.0000
SI0001SI#000917,2025-12-15 00:00:00.000,Spark 40c (4+128),Main Location,1.0000,11790.0000,pcs,11790.0000,11613.1500,.0000
SI0001SI#000918,2025-12-15 00:00:00.000,Spark40 (6+128),Main Location,1.0000,13210.0000,pcs,13210.0000,13011.8500,.0000
SI0001SI#000919,2025-12-15 00:00:00.000,Camon40 Pro,Main Location,5.0000,26410.0000,pcs,132050.0000,130069.2500,.0000
SI0001SI#000920,2025-12-15 00:00:00.000,Camon40 Pro,Main Location,3.0000,26410.0000,pcs,79230.0000,78041.5500,.0000
SI0001SI#000920,2025-12-15 00:00:00.000,Go2,Main Location,9.0000,10390.0000,pcs,93510.0000,92107.3500,.0000
SI0001SI#000920,2025-12-15 00:00:00.000,Spark 40 Pro,Main Location,1.0000,18870.0000,pcs,18870.0000,18586.9500,.0000
SI0001SI#000920,2025-12-15 00:00:00.000,Spark40 (6+128),Main Location,5.0000,13210.0000,pcs,66050.0000,65059.2500,.0000
SI0001SI#000921,2025-12-15 00:00:00.000,Camon40 Pro,Main Location,3.0000,26410.0000,pcs,79230.0000,78041.5500,.0000
SI0001SI#000921,2025-12-15 00:00:00.000,Go2,Main Location,3.0000,10390.0000,pcs,31170.0000,30702.4500,.0000
SI0001SI#000939,2025-12-15 00:00:00.000,Spark40 (6+128),Main Location,50.0000,12875.0000,pcs,643750.0000,643750.0000,.0000
SI0001SI#000939,2025-12-15 00:00:00.000,Spark 40(8+256),Main Location,20.0000,15181.0000,pcs,303620.0000,303620.0000,.0000
SI0001SI#000939,2025-12-15 00:00:00.000,Spark 40c (4+128),Main Location,10.0000,11492.0000,pcs,114920.0000,114920.0000,.0000
SI0001SI#000939,2025-12-15 00:00:00.000,Camon40 Pro,Main Location,2.0000,25708.0000,pcs,51416.0000,51416.0000,.0000
SR0001SR#000007,2025-12-15 00:00:00.000,Go2,Main Location,5.0000,10234.0000,pcs,51170.0000,51170.0000,.0000
SR0001SR#000007,2025-12-15 00:00:00.000,Spark 40(8+256),Main Location,1.0000,15336.0000,pcs,15336.0000,15336.0000,.0000
SR0001SR#000007,2025-12-15 00:00:00.000,Spark40 Pro Pius,Main Location,1.0000,23236.0000,pcs,23236.0000,23236.0000,.0000
SI0001SI#000911,2025-12-14 00:00:00.000,Spark 40c (4+128),Main Location,1.0000,11790.0000,pcs,11790.0000,11613.1500,.0000
SI0001SI#000912,2025-12-14 00:00:00.000,Go2,Main Location,20.0000,10145.0000,pcs,202900.0000,202900.0000,.0000
SI0001SI#000913,2025-12-14 00:00:00.000,Spark 40(8+256),Main Location,60.0000,15181.0000,pcs,910860.0000,910860.0000,.0000
SI0001SI#000913,2025-12-14 00:00:00.000,Spark 40c (4+128),Main Location,20.0000,11492.0000,pcs,229840.0000,229840.0000,.0000
SI0001SI#000913,2025-12-14 00:00:00.000,Spark40 (6+128),Main Location,10.0000,12875.0000,pcs,128750.0000,128750.0000,.0000
SI0001SI#000914,2025-12-14 00:00:00.000,Spark40 (6+128),Main Location,1.0000,13210.0000,pcs,13210.0000,13077.9000,.0000
SI0001SI#000914,2025-12-14 00:00:00.000,Spark 40(8+256),Main Location,1.0000,15570.0000,pcs,15570.0000,15414.3000,.0000
SI0001SI#000915,2025-12-14 00:00:00.000,Pova 7 Pro,Main Location,3.0000,33020.0000,pcs,99060.0000,97574.1000,.0000
SI0001SI#000910,2025-12-13 00:00:00.000,Spark40 (6+128),Main Location,20.0000,12875.0000,pcs,257500.0000,257500.0000,.0000
SI0001SI#000910,2025-12-13 00:00:00.000,Spark 40c (4+128),Main Location,10.0000,11492.0000,pcs,114920.0000,114920.0000,.0000
SI0001SI#000910,2025-12-13 00:00:00.000,Spark40 Pro Pius,Main Location,20.0000,22993.0000,pcs,459860.0000,459860.0000,.0000
SI0001SI#000910,2025-12-13 00:00:00.000,Pova Slim,Main Location,10.0000,27594.0000,pcs,275940.0000,275940.0000,.0000
SI0001SI#000910,2025-12-13 00:00:00.000,Spark 40 5G,Main Location,10.0000,15636.0000,pcs,156360.0000,156360.0000,.0000
SI0001SI#000905,2025-12-12 00:00:00.000,Spark40 (6+128),Main Location,4.0000,13210.0000,pcs,52840.0000,52047.4000,.0000
SI0001SI#000905,2025-12-12 00:00:00.000,Spark 40c (4+128),Main Location,2.0000,11790.0000,pcs,23580.0000,23226.3000,.0000
SI0001SI#000905,2025-12-12 00:00:00.000,Spark 40(8+256),Main Location,2.0000,15570.0000,pcs,31140.0000,30672.9000,.0000
SI0001SI#000906,2025-12-12 00:00:00.000,Spark40 (6+128),Main Location,2.0000,13210.0000,pcs,26420.0000,26023.7000,.0000
SI0001SI#000907,2025-12-12 00:00:00.000,Spark 40(8+256),Main Location,1.0000,15570.0000,pcs,15570.0000,15336.4500,.0000
SI0001SI#000908,2025-12-12 00:00:00.000,Go2,Main Location,1.0000,10390.0000,pcs,10390.0000,10234.1500,.0000
SI0001SI#000908,2025-12-12 00:00:00.000,Spark 40(8+256),Main Location,1.0000,15570.0000,pcs,15570.0000,15336.4500,.0000
SI0001SI#000908,2025-12-12 00:00:00.000,Spark40 (6+128),Main Location,2.0000,13210.0000,pcs,26420.0000,26023.7000,.0000
SI0001SI#000908,2025-12-12 00:00:00.000,Spark40 Pro Pius,Main Location,1.0000,23590.0000,pcs,23590.0000,23236.1500,.0000
SI0001SI#000909,2025-12-12 00:00:00.000,Spark 40(8+256),Main Location,2.0000,15570.0000,pcs,31140.0000,30672.9000,.0000
PI0001PI#000121,2025-12-12 00:00:00.000,Spark 40c (4+128),Main Location,60.0000,11491.6700,pcs,689500.2000,689500.2000,.0000
PI0001PI#000121,2025-12-12 00:00:00.000,Spark 40 5G,Main Location,100.0000,15636.2800,pcs,1563628.0000,1563628.0000,.0000
PI0001PI#000121,2025-12-12 00:00:00.000,Spark40 (6+128),Main Location,20.0000,12874.8800,pcs,257497.6000,257497.6000,.0000
PI0001PI#000121,2025-12-12 00:00:00.000,Spark40 Pro Pius,Main Location,10.0000,22993.3400,pcs,229933.4000,229933.4000,.0000
PI0001PI#000121,2025-12-12 00:00:00.000,Pova 7 Pro,Main Location,10.0000,32194.7000,pcs,321947.0000,321947.0000,.0000
PI0001PI#000121,2025-12-12 00:00:00.000,Pova Slim,Main Location,10.0000,27594.0200,pcs,275940.2000,275940.2000,.0000
PI0001PI#000121,2025-12-12 00:00:00.000,Pova Carve,Main Location,10.0000,30370.4700,pcs,303704.7000,303704.7000,.0000
SI0001SI#000896,2025-12-11 00:00:00.000,Pova Slim,Main Location,10.0000,27594.0000,pcs,275940.0000,271695.0000,.0000
SI0001SI#000897,2025-12-11 00:00:00.000,Spark 40c (4+128),Main Location,2.0000,11790.0000,pcs,23580.0000,23226.3000,.0000
SI0001SI#000897,2025-12-11 00:00:00.000,Go2,Main Location,8.0000,10390.0000,pcs,83120.0000,81873.2000,.0000
SI0001SI#000898,2025-12-11 00:00:00.000,Spark 40 Pro,Main Location,1.0000,18870.0000,pcs,18870.0000,18586.9500,.0000
SI0001SI#000899,2025-12-11 00:00:00.000,Spark 40 Pro,Main Location,2.0000,18870.0000,pcs,37740.0000,37173.9000,.0000
SI0001SI#000899,2025-12-11 00:00:00.000,Spark 40(8+256),Main Location,2.0000,15570.0000,pcs,31140.0000,30672.9000,.0000
SI0001SI#000899,2025-12-11 00:00:00.000,Spark40 Pro Pius,Main Location,1.0000,23590.0000,pcs,23590.0000,23236.1500,.0000
SI0001SI#000900,2025-12-11 00:00:00.000,Spark40 (6+128),Main Location,1.0000,13210.0000,pcs,13210.0000,13011.8500,.0000
SI0001SI#000900,2025-12-11 00:00:00.000,Spark 40(8+256),Main Location,1.0000,15570.0000,pcs,15570.0000,15336.4500,.0000
SI0001SI#000901,2025-12-11 00:00:00.000,Spark40 (6+128),Main Location,4.0000,13210.0000,pcs,52840.0000,52047.4000,.0000
SI0001SI#000901,2025-12-11 00:00:00.000,Spark 40(8+256),Main Location,3.0000,15570.0000,pcs,46710.0000,46009.3500,.0000
SI0001SI#000901,2025-12-11 00:00:00.000,Spark40 Pro Pius,Main Location,1.0000,23590.0000,pcs,23590.0000,23236.1500,.0000
SI0001SI#000902,2025-12-11 00:00:00.000,Spark40 (6+128),Main Location,3.0000,13210.0000,pcs,39630.0000,38837.4000,.0000
SI0001SI#000902,2025-12-11 00:00:00.000,Go2,Main Location,2.0000,10390.0000,pcs,20780.0000,20364.4000,.0000
SI0001SI#000903,2025-12-11 00:00:00.000,Spark 40 Pro,Main Location,5.0000,18870.0000,pcs,94350.0000,92934.7500,.0000
SI0001SI#000904,2025-12-11 00:00:00.000,Pova 7 Pro,Main Location,1.0000,33020.0000,pcs,33020.0000,32524.7000,.0000
SI0001SI#000890,2025-12-10 00:00:00.000,Pova 7 Pro,Main Location,1.0000,33020.0000,pcs,33020.0000,32689.8000,.0000
SI0001SI#000891,2025-12-10 00:00:00.000,Spark 40(8+256),Main Location,1.0000,15570.0000,pcs,15570.0000,15570.0000,.0000
SI0001SI#000892,2025-12-10 00:00:00.000,Spark 40c (4+128),Main Location,1.0000,11790.0000,pcs,11790.0000,11613.1500,.0000
SI0001SI#000892,2025-12-10 00:00:00.000,Spark 40(8+256),Main Location,3.0000,15570.0000,pcs,46710.0000,46009.3500,.0000
SI0001SI#000893,2025-12-10 00:00:00.000,Go2,Main Location,2.0000,10390.0000,pcs,20780.0000,20468.3000,.0000
SI0001SI#000893,2025-12-10 00:00:00.000,Spark 40(8+256),Main Location,2.0000,15570.0000,pcs,31140.0000,30672.9000,.0000
SI0001SI#000893,2025-12-10 00:00:00.000,Spark40 (6+128),Main Location,4.0000,13210.0000,pcs,52840.0000,52047.4000,.0000
SI0001SI#000893,2025-12-10 00:00:00.000,Spark 40 5G,Main Location,2.0000,16030.0000,pcs,32060.0000,31579.1000,.0000
SI0001SI#000894,2025-12-10 00:00:00.000,Go2(3+64),Main Location,3.0000,9181.0000,pcs,27543.0000,27543.0000,.0000
SI0001SI#000894,2025-12-10 00:00:00.000,Go2,Main Location,4.0000,10145.0000,pcs,40580.0000,40580.0000,.0000
SI0001SI#000894,2025-12-10 00:00:00.000,Spark 40c (4+128),Main Location,3.0000,11492.0000,pcs,34476.0000,34476.0000,.0000
SI0001SI#000894,2025-12-10 00:00:00.000,Spark40 (6+128),Main Location,4.0000,12875.0000,pcs,51500.0000,51500.0000,.0000
SI0001SI#000894,2025-12-10 00:00:00.000,Spark 40(8+256),Main Location,3.0000,15181.0000,pcs,45543.0000,45543.0000,.0000
SI0001SI#000894,2025-12-10 00:00:00.000,Spark 40 5G,Main Location,2.0000,15637.0000,pcs,31274.0000,31274.0000,.0000
SI0001SI#000894,2025-12-10 00:00:00.000,Spark 40 Pro,Main Location,2.0000,18392.0000,pcs,36784.0000,36784.0000,.0000
SI0001SI#000894,2025-12-10 00:00:00.000,Spark40 Pro Pius,Main Location,2.0000,22993.0000,pcs,45986.0000,45986.0000,.0000
SI0001SI#000894,2025-12-10 00:00:00.000,Pova Slim,Main Location,2.0000,27594.0000,pcs,55188.0000,55188.0000,.0000
SI0001SI#000894,2025-12-10 00:00:00.000,Pova Carve,Main Location,1.0000,30371.0000,pcs,30371.0000,30371.0000,.0000
SI0001SI#000894,2025-12-10 00:00:00.000,Pova 7 Pro,Main Location,2.0000,32195.0000,pcs,64390.0000,64390.0000,.0000
SI0001SI#000895,2025-12-10 00:00:00.000,Spark40 (6+128),Main Location,6.0000,13210.0000,pcs,79260.0000,78071.1000,.0000
PI0001PI#000120,2025-12-10 00:00:00.000,Spark 40c (4+128),Main Location,50.0000,11491.6700,pcs,574583.5000,574583.5000,.0000
PI0001PI#000120,2025-12-10 00:00:00.000,Spark40 (6+128),Main Location,5.0000,12874.8800,pcs,64374.4000,64374.4000,.0000
SI0001SI#000885,2025-12-09 00:00:00.000,Spark 40(8+256),Main Location,10.0000,15180.0000,pcs,151800.0000,151800.0000,.0000
SI0001SI#000885,2025-12-09 00:00:00.000,Spark40 (6+128),Main Location,30.0000,12875.0000,pcs,386250.0000,386250.0000,.0000
SI0001SI#000885,2025-12-09 00:00:00.000,Spark 40c (4+128),Main Location,10.0000,11492.0000,pcs,114920.0000,114920.0000,.0000
SI0001SI#000886,2025-12-09 00:00:00.000,Pova Carve,Main Location,1.0000,31150.0000,pcs,31150.0000,30682.7500,.0000
SI0001SI#000886,2025-12-09 00:00:00.000,Pova Slim,Main Location,1.0000,28300.0000,pcs,28300.0000,27875.5000,.0000
SI0001SI#000886,2025-12-09 00:00:00.000,Spark 40 Pro,Main Location,4.0000,18870.0000,pcs,75480.0000,74347.8000,.0000
SI0001SI#000887,2025-12-09 00:00:00.000,Pova Carve,Main Location,2.0000,31150.0000,pcs,62300.0000,61365.5000,.0000
SI0001SI#000888,2025-12-09 00:00:00.000,Spark 40(8+256),Main Location,2.0000,15570.0000,pcs,31140.0000,30672.9000,.0000
SI0001SI#000889,2025-12-09 00:00:00.000,One Plus C4 Light,Main Location,1.0000,21400.0000,pcs,21400.0000,21400.0000,.0000
SI0001SI#000881,2025-12-08 00:00:00.000,Spark 40 Pro,Main Location,2.0000,18870.0000,pcs,37740.0000,37173.9000,.0000
SI0001SI#000882,2025-12-08 00:00:00.000,Spark40 (6+128),Main Location,80.0000,12875.0000,pcs,1030000.0000,1030000.0000,.0000
SI0001SI#000882,2025-12-08 00:00:00.000,Spark 40c (4+128),Main Location,40.0000,11492.0000,pcs,459680.0000,459680.0000,.0000
SI0001SI#000882,2025-12-08 00:00:00.000,Spark 40 Pro,Main Location,40.0000,18392.0000,pcs,735680.0000,735680.0000,.0000
SI0001SI#000883,2025-12-08 00:00:00.000,Spark40 (6+128),Main Location,2.0000,13210.0000,pcs,26420.0000,26155.8000,.0000
SI0001SI#000883,2025-12-08 00:00:00.000,Spark 40c (4+128),Main Location,1.0000,11790.0000,pcs,11790.0000,11672.1000,.0000
SI0001SI#000883,2025-12-08 00:00:00.000,Go2,Main Location,2.0000,10390.0000,pcs,20780.0000,20572.2000,.0000
SI0001SI#000884,2025-12-08 00:00:00.000,Spark 40 5G,Main Location,2.0000,16030.0000,pcs,32060.0000,31579.1000,.0000
PI0001PI#000119,2025-12-08 00:00:00.000,Spark 40c (4+128),Main Location,100.0000,11491.6700,pcs,1149167.0000,1149167.0000,.0000
PI0001PI#000119,2025-12-08 00:00:00.000,Spark40 (6+128),Main Location,120.0000,12874.8800,pcs,1544985.6000,1544985.6000,.0000
SI0001SI#000879,2025-12-07 00:00:00.000,Go2,Main Location,1.0000,10390.0000,pcs,10390.0000,10234.1500,.0000
SI0001SI#000880,2025-12-07 00:00:00.000,Go2,Main Location,2.0000,10390.0000,pcs,20780.0000,20468.3000,.0000
SI0001SI#000876,2025-12-05 00:00:00.000,Pova 7 Pro,Main Location,2.0000,33020.0000,pcs,66040.0000,65049.4000,.0000
SI0001SI#000877,2025-12-05 00:00:00.000,Pova 7 Pro,Main Location,1.0000,33020.0000,pcs,33020.0000,32524.7000,.0000
SI0001SI#000878,2025-12-05 00:00:00.000,Go2,Main Location,2.0000,10390.0000,pcs,20780.0000,20572.2000,.0000
SI0001SI#000878,2025-12-05 00:00:00.000,Spark40 (6+128),Main Location,2.0000,13210.0000,pcs,26420.0000,26155.8000,.0000
SI0001SI#000878,2025-12-05 00:00:00.000,Spark 40(8+256),Main Location,2.0000,15570.0000,pcs,31140.0000,30828.6000,.0000
SI0001SI#000878,2025-12-05 00:00:00.000,Spark 40c (4+128),Main Location,2.0000,11790.0000,pcs,23580.0000,23344.2000,.0000
SI0001SI#000878,2025-12-05 00:00:00.000,Pova Slim,Main Location,1.0000,28300.0000,pcs,28300.0000,28017.0000,.0000
SI0001SI#000878,2025-12-05 00:00:00.000,Pova 7 Pro,Main Location,1.0000,33020.0000,pcs,33020.0000,32689.8000,.0000
SI0001SI#000871,2025-12-04 00:00:00.000,Spark40 (6+128),Main Location,2.0000,13210.0000,pcs,26420.0000,26023.7000,.0000
SI0001SI#000872,2025-12-04 00:00:00.000,Spark 40 Pro,Main Location,2.0000,18870.0000,pcs,37740.0000,37173.9000,.0000
SI0001SI#000873,2025-12-04 00:00:00.000,Spark 40(8+256),Main Location,1.0000,15570.0000,pcs,15570.0000,15336.4500,.0000
SI0001SI#000874,2025-12-04 00:00:00.000,Spark 40 Pro,Main Location,10.0000,18350.0000,pcs,183500.0000,183500.0000,.0000
SI0001SI#000874,2025-12-04 00:00:00.000,Spark 40(8+256),Main Location,20.0000,15145.0000,pcs,302900.0000,302900.0000,.0000
SI0001SI#000874,2025-12-04 00:00:00.000,Spark40 (6+128),Main Location,60.0000,12845.0000,pcs,770700.0000,770700.0000,.0000
SI0001SI#000874,2025-12-04 00:00:00.000,Spark 40c (4+128),Main Location,40.0000,11465.0000,pcs,458600.0000,458600.0000,.0000
SI0001SI#000875,2025-12-04 00:00:00.000,Go2,Main Location,2.0000,10390.0000,pcs,20780.0000,20468.3000,.0000
SI0001SI#000870,2025-12-03 00:00:00.000,Pova Slim,Main Location,1.0000,28300.0000,pcs,28300.0000,27875.5000,.0000
SI0001SI#000870,2025-12-03 00:00:00.000,Spark 40c (4+128),Main Location,1.0000,11790.0000,pcs,11790.0000,11613.1500,.0000
SI0001SI#000867,2025-12-02 00:00:00.000,Pova 7 Pro,Main Location,1.0000,33020.0000,pcs,33020.0000,32689.8000,.0000
SI0001SI#000867,2025-12-02 00:00:00.000,Camon40 Pro,Main Location,1.0000,26410.0000,pcs,26410.0000,26145.9000,.0000
SI0001SI#000868,2025-12-02 00:00:00.000,Camon40 Pro,Main Location,3.0000,26410.0000,pcs,79230.0000,78041.5500,.0000
SI0001SI#000868,2025-12-02 00:00:00.000,Spark 40(8+256),Main Location,2.0000,15570.0000,pcs,31140.0000,30672.9000,.0000
SI0001SI#000868,2025-12-02 00:00:00.000,Spark40 (6+128),Main Location,5.0000,13210.0000,pcs,66050.0000,65059.2500,.0000
SI0001SI#000869,2025-12-02 00:00:00.000,Camon40 Pro,Main Location,1.0000,25708.0000,pcs,25708.0000,25708.0000,.0000
SI0001SI#000865,2025-12-01 00:00:00.000,Camon40 Pro,Main Location,1.0000,26410.0000,pcs,26410.0000,26013.8500,.0000
SI0001SI#000866,2025-12-01 00:00:00.000,Pova 7 Pro,Main Location,1.0000,33020.0000,pcs,33020.0000,32689.8000,.0000
SI0001SI#000864,2025-11-30 00:00:00.000,Spark40 (6+128),Main Location,3.0000,13210.0000,pcs,39630.0000,39035.5500,.0000
SI0001SI#000861,2025-11-28 00:00:00.000,Camon40 Pro,Main Location,5.0000,26410.0000,pcs,132050.0000,130069.2500,.0000
SI0001SI#000862,2025-11-28 00:00:00.000,Spark 40(8+256),Main Location,4.0000,15570.0000,pcs,62280.0000,61345.8000,.0000
SI0001SI#000862,2025-11-28 00:00:00.000,Spark40 (6+128),Main Location,2.0000,13210.0000,pcs,26420.0000,26023.7000,.0000
SI0001SI#000863,2025-11-28 00:00:00.000,Spark 40c (4+128),Main Location,1.0000,11790.0000,pcs,11790.0000,11613.1500,.0000
SI0001SI#000863,2025-11-28 00:00:00.000,Spark40 (6+128),Main Location,1.0000,13210.0000,pcs,13210.0000,13011.8500,.0000
PI0001PI#000118,2025-11-28 00:00:00.000,Spark 40 5G,Main Location,40.0000,15636.2800,pcs,625451.2000,625451.2000,.0000
PI0001PI#000118,2025-11-28 00:00:00.000,Spark40 (6+128),Main Location,5.0000,12874.8800,pcs,64374.4000,64374.4000,.0000
PI0001PI#000118,2025-11-28 00:00:00.000,Spark40 Pro Pius,Main Location,40.0000,22993.3400,pcs,919733.6000,919733.6000,.0000
PI0001PI#000118,2025-11-28 00:00:00.000,Pova 7 Pro,Main Location,10.0000,32194.7000,pcs,321947.0000,321947.0000,.0000
PI0001PI#000118,2025-11-28 00:00:00.000,Pova Slim,Main Location,40.0000,27594.0200,pcs,1103760.8000,1103760.8000,.0000
PI0001PI#000118,2025-11-28 00:00:00.000,Pova Carve,Main Location,10.0000,30370.4700,pcs,303704.7000,303704.7000,.0000
SI0001SI#000857,2025-11-27 00:00:00.000,Spark40 (6+128),Main Location,2.0000,13210.0000,pcs,26420.0000,26023.7000,.0000
SI0001SI#000858,2025-11-27 00:00:00.000,Camon40 Pro,Main Location,2.0000,26410.0000,pcs,52820.0000,52027.7000,.0000
SI0001SI#000858,2025-11-27 00:00:00.000,Spark 40(8+256),Main Location,1.0000,15570.0000,pcs,15570.0000,15336.4500,.0000
SI0001SI#000859,2025-11-27 00:00:00.000,Spark 40c (4+128),Main Location,1.0000,11790.0000,pcs,11790.0000,11613.1500,.0000
SI0001SI#000860,2025-11-27 00:00:00.000,Camon40 Pro,Main Location,2.0000,26410.0000,pcs,52820.0000,52027.7000,.0000
SI0001SI#000860,2025-11-27 00:00:00.000,Spark 40c (4+128),Main Location,2.0000,11790.0000,pcs,23580.0000,23226.3000,.0000
SI0001SI#000855,2025-11-26 00:00:00.000,Spark40 (6+128),Main Location,2.0000,13210.0000,pcs,26420.0000,26023.7000,.0000
SI0001SI#000855,2025-11-26 00:00:00.000,Camon40 Pro,Main Location,4.0000,26410.0000,pcs,105640.0000,104055.4000,.0000
SI0001SI#000856,2025-11-26 00:00:00.000,Spark 40 Pro,Main Location,5.0000,18392.0000,pcs,91960.0000,91960.0000,.0000
SI0001SI#000856,2025-11-26 00:00:00.000,Spark 40c (4+128),Main Location,5.0000,11492.0000,pcs,57460.0000,57460.0000,.0000
SI0001SI#000856,2025-11-26 00:00:00.000,Spark 40(8+256),Main Location,5.0000,15181.0000,pcs,75905.0000,75905.0000,.0000
PI0001PI#000116,2025-11-26 00:00:00.000,Spark40 (6+128),Main Location,50.0000,12874.8800,pcs,643744.0000,643744.0000,.0000
PI0001PI#000116,2025-11-26 00:00:00.000,Camon40 Pro,Main Location,5.0000,25704.9800,pcs,128524.9000,128524.9000,.0000
PI0001PI#000116,2025-11-26 00:00:00.000,Go2,Main Location,1000.0000,10143.5300,pcs,10143530.0000,10143530.0000,.0000
PI0001PI#000117,2025-11-25 00:00:00.000,Spark40 (6+128),Main Location,75.0000,12874.8800,pcs,965616.0000,965616.0000,.0000
PI0001PI#000117,2025-11-25 00:00:00.000,Spark 40(8+256),Main Location,75.0000,15180.2200,pcs,1138516.5000,1138516.5000,.0000
PI0001PI#000115,2025-11-25 00:00:00.000,Spark40 (6+128),Main Location,50.0000,12874.8800,pcs,643744.0000,643744.0000,.0000
PI0001PI#000115,2025-11-25 00:00:00.000,Spark 40(8+256),Main Location,80.0000,15180.2200,pcs,1214417.6000,1214417.6000,.0000
SI0001SI#000853,2025-11-25 00:00:00.000,Go2,Main Location,40.0000,10144.0000,pcs,405760.0000,405760.0000,.0000
SI0001SI#000853,2025-11-25 00:00:00.000,Spark40 (6+128),Main Location,45.0000,12874.0000,pcs,579330.0000,579330.0000,.0000
SI0001SI#000853,2025-11-25 00:00:00.000,Spark 40(8+256),Main Location,20.0000,15181.0000,pcs,303620.0000,303620.0000,.0000
SI0001SI#000854,2025-11-25 00:00:00.000,Camon40 Pro,Main Location,1.0000,26410.0000,pcs,26410.0000,26145.9000,.0000
SI0001SI#000854,2025-11-25 00:00:00.000,Spark40 (6+128),Main Location,1.0000,13210.0000,pcs,13210.0000,13077.9000,.0000
SI0001SI#000854,2025-11-25 00:00:00.000,Spark 40(8+256),Main Location,1.0000,15570.0000,pcs,15570.0000,15414.3000,.0000
SI0001SI#000850,2025-11-24 00:00:00.000,Spark 40(8+256),Main Location,1.0000,15570.0000,pcs,15570.0000,15336.4500,.0000
SI0001SI#000850,2025-11-24 00:00:00.000,Spark 40 Pro,Main Location,1.0000,18870.0000,pcs,18870.0000,18586.9500,.0000
SI0001SI#000851,2025-11-24 00:00:00.000,Go2(3+64),Main Location,2.0000,9433.0000,pcs,18866.0000,18583.0100,.0000
SI0001SI#000852,2025-11-24 00:00:00.000,Go2,Main Location,1.0000,10390.0000,pcs,10390.0000,10234.1500,.0000
PI0001PI#000114,2025-11-24 00:00:00.000,Spark 40 Pro,Main Location,30.0000,18392.6000,pcs,551778.0000,551778.0000,.0000
PI0001PI#000114,2025-11-24 00:00:00.000,Spark 40c (4+128),Main Location,100.0000,11491.6700,pcs,1149167.0000,1149167.0000,.0000
PI0001PI#000114,2025-11-24 00:00:00.000,Spark 40(8+256),Main Location,40.0000,15180.2200,pcs,607208.8000,607208.8000,.0000
PI0001PI#000114,2025-11-24 00:00:00.000,Camon40 Pro,Main Location,5.0000,25704.9800,pcs,128524.9000,128524.9000,.0000
PI0001PI#000113,2025-11-21 00:00:00.000,Spark 40 Pro,Main Location,40.0000,18392.6800,pcs,735707.2000,735707.2000,.0000
PI0001PI#000113,2025-11-21 00:00:00.000,Spark40 (6+128),Main Location,50.0000,12874.8800,pcs,643744.0000,643744.0000,.0000
PI0001PI#000113,2025-11-21 00:00:00.000,Camon40 Pro,Main Location,10.0000,25704.9800,pcs,257049.8000,257049.8000,.0000
SI0001SI#000842,2025-11-21 00:00:00.000,Spark40 Pro Pius,Main Location,3.0000,23590.0000,pcs,70770.0000,69708.4500,.0000
SI0001SI#000842,2025-11-21 00:00:00.000,Spark40 (6+128),Main Location,2.0000,13210.0000,pcs,26420.0000,26023.7000,.0000
SI0001SI#000843,2025-11-21 00:00:00.000,Pova 7 Pro,Main Location,1.0000,33020.0000,pcs,33020.0000,32689.8000,.0000
SI0001SI#000844,2025-11-21 00:00:00.000,Pova Slim,Main Location,1.0000,28300.0000,pcs,28300.0000,27875.5000,.0000
SI0001SI#000844,2025-11-21 00:00:00.000,Spark40 (6+128),Main Location,1.0000,13210.0000,pcs,13210.0000,13011.8500,.0000
SI0001SI#000844,2025-11-21 00:00:00.000,Camon40 Pro,Main Location,1.0000,26410.0000,pcs,26410.0000,26013.8500,.0000
SI0001SI#000845,2025-11-21 00:00:00.000,Spark40 (6+128),Main Location,95.0000,12875.0000,pcs,1223125.0000,1223125.0000,.0000
SI0001SI#000845,2025-11-21 00:00:00.000,Go2,Main Location,155.0000,10144.0000,pcs,1572320.0000,1572320.0000,.0000
SI0001SI#000845,2025-11-21 00:00:00.000,Spark 40 Pro,Main Location,5.0000,18392.0000,pcs,91960.0000,91960.0000,.0000
SI0001SI#000846,2025-11-21 00:00:00.000,Spark 40 5G,Main Location,1.0000,16040.0000,pcs,16040.0000,15799.4000,.0000
SI0001SI#000847,2025-11-21 00:00:00.000,Camon40 Pro,Main Location,1.0000,26410.0000,pcs,26410.0000,26013.8500,.0000
SI0001SI#000847,2025-11-21 00:00:00.000,Spark 40 Pro,Main Location,2.0000,18870.0000,pcs,37740.0000,37173.9000,.0000
SI0001SI#000847,2025-11-21 00:00:00.000,Spark 40(8+256),Main Location,1.0000,15570.0000,pcs,15570.0000,15336.4500,.0000
SI0001SI#000848,2025-11-21 00:00:00.000,Go2,Main Location,2.0000,10390.0000,pcs,20780.0000,20468.3000,.0000
SI0001SI#000849,2025-11-21 00:00:00.000,Spark 40 Pro,Main Location,1.0000,18870.0000,pcs,18870.0000,18586.9500,.0000
SI0001SI#000836,2025-11-20 00:00:00.000,Camon40 Pro,Main Location,4.0000,26410.0000,pcs,105640.0000,104055.4000,.0000
SI0001SI#000836,2025-11-20 00:00:00.000,Spark 40(8+256),Main Location,2.0000,15570.0000,pcs,31140.0000,30672.9000,.0000
SI0001SI#000837,2025-11-20 00:00:00.000,Pova 7 Pro,Main Location,1.0000,33020.0000,pcs,33020.0000,32524.7000,.0000
SI0001SI#000837,2025-11-20 00:00:00.000,Camon40 Pro,Main Location,1.0000,26410.0000,pcs,26410.0000,26013.8500,.0000
SI0001SI#000838,2025-11-20 00:00:00.000,Camon40 Pro,Main Location,2.0000,26410.0000,pcs,52820.0000,52027.7000,.0000
SI0001SI#000838,2025-11-20 00:00:00.000,Spark40 (6+128),Main Location,3.0000,13210.0000,pcs,39630.0000,39076.0500,.0000
SI0001SI#000839,2025-11-20 00:00:00.000,Camon40 Pro,Main Location,1.0000,26410.0000,pcs,26410.0000,26013.8500,.0000
SI0001SI#000840,2025-11-20 00:00:00.000,Pova Slim,Main Location,1.0000,28300.0000,pcs,28300.0000,28017.0000,.0000
SI0001SI#000840,2025-11-20 00:00:00.000,Spark40 Pro Pius,Main Location,1.0000,23590.0000,pcs,23590.0000,23354.1000,.0000
SI0001SI#000841,2025-11-20 00:00:00.000,Pova Carve,Main Location,2.0000,31150.0000,pcs,62300.0000,61365.5000,.0000
SI0001SI#000841,2025-11-20 00:00:00.000,Spark40 (6+128),Main Location,6.0000,13210.0000,pcs,79260.0000,78071.1000,.0000
SI0001SI#000834,2025-11-19 00:00:00.000,Spark 40 Pro,Main Location,1.0000,18870.0000,pcs,18870.0000,18870.0000,.0000
SI0001SI#000834,2025-11-19 00:00:00.000,Spark40 (6+128),Main Location,1.0000,13210.0000,pcs,13210.0000,13210.0000,.0000
SI0001SI#000834,2025-11-19 00:00:00.000,Spark40 Pro Pius,Main Location,1.0000,23590.0000,pcs,23590.0000,23590.0000,.0000
SI0001SI#000835,2025-11-19 00:00:00.000,Pova Carve,Main Location,2.0000,31150.0000,pcs,62300.0000,61365.5000,.0000
PI0001PI#000108,2025-11-19 00:00:00.000,Spark40 (6+128),Main Location,20.0000,12874.8800,pcs,257497.6000,257497.6000,.0000
PI0001PI#000108,2025-11-19 00:00:00.000,Pova 7 Pro,Main Location,2.0000,32194.7000,pcs,64389.4000,64389.4000,.0000
PI0001PI#000109,2025-11-19 00:00:00.000,Camon40 Pro,Main Location,10.0000,25704.9800,pcs,257049.8000,257049.8000,.0000
PI0001PI#000110,2025-11-19 00:00:00.000,Spark40 (6+128),Main Location,20.0000,12874.8800,pcs,257497.6000,257497.6000,.0000
PI0001PI#000107,2025-11-18 00:00:00.000,Spark40 (6+128),Main Location,10.0000,12874.8800,pcs,128748.8000,128748.8000,.0000
PI0001PI#000107,2025-11-18 00:00:00.000,Spark 40(8+256),Main Location,20.0000,15180.2200,pcs,303604.4000,303604.4000,.0000
PI0001PI#000107,2025-11-18 00:00:00.000,Spark 40 Pro,Main Location,10.0000,18392.6800,pcs,183926.8000,183926.8000,.0000
PI0001PI#000107,2025-11-18 00:00:00.000,Pova Carve,Main Location,5.0000,30370.4700,pcs,151852.3500,151852.3500,.0000
SI0001SI#000831,2025-11-18 00:00:00.000,Go2,Main Location,1.0000,10390.0000,pcs,10390.0000,10234.1500,.0000
SI0001SI#000832,2025-11-18 00:00:00.000,Camon40 Pro,Main Location,2.0000,26410.0000,pcs,52820.0000,52027.7000,.0000
SI0001SI#000832,2025-11-18 00:00:00.000,Spark 40 Pro,Main Location,4.0000,18870.0000,pcs,75480.0000,74347.8000,.0000
SI0001SI#000833,2025-11-18 00:00:00.000,Pova Slim,Main Location,2.0000,28300.0000,pcs,56600.0000,55751.0000,.0000
SI0001SI#000826,2025-11-17 00:00:00.000,Camon40 Pro,Main Location,2.0000,26410.0000,pcs,52820.0000,52027.7000,.0000
SI0001SI#000826,2025-11-17 00:00:00.000,Pova Slim,Main Location,2.0000,28300.0000,pcs,56600.0000,55751.0000,.0000
SI0001SI#000827,2025-11-17 00:00:00.000,Camon40 Pro,Main Location,1.0000,25708.0000,pcs,25708.0000,25708.0000,.0000
SI0001SI#000828,2025-11-17 00:00:00.000,Go2(3+64),Main Location,40.0000,9181.0000,pcs,367240.0000,367240.0000,.0000
SI0001SI#000828,2025-11-17 00:00:00.000,Spark 40c (4+128),Main Location,60.0000,11491.0000,pcs,689460.0000,689460.0000,.0000
SI0001SI#000829,2025-11-17 00:00:00.000,Camon40 Pro,Main Location,1.0000,26410.0000,pcs,26410.0000,26145.9000,.0000
SI0001SI#000830,2025-11-17 00:00:00.000,Spark 40 Pro,Main Location,2.0000,18870.0000,pcs,37740.0000,37173.9000,.0000
PI0001PI#000106,2025-11-17 00:00:00.000,Spark 40 Pro,Main Location,10.0000,18392.6800,pcs,183926.8000,183926.8000,.0000
SI0001SI#000823,2025-11-16 00:00:00.000,Spark40 (6+128),Main Location,2.0000,13210.0000,pcs,26420.0000,26155.8000,.0000
SI0001SI#000823,2025-11-16 00:00:00.000,Camon40 Pro,Main Location,1.0000,26410.0000,pcs,26410.0000,26145.9000,.0000
SI0001SI#000824,2025-11-16 00:00:00.000,Camon40 Pro,Main Location,2.0000,26410.0000,pcs,52820.0000,52027.7000,.0000
SI0001SI#000824,2025-11-16 00:00:00.000,Spark 40 Pro,Main Location,1.0000,18870.0000,pcs,18870.0000,18586.9500,.0000
SI0001SI#000824,2025-11-16 00:00:00.000,Spark40 (6+128),Main Location,2.0000,13210.0000,pcs,26420.0000,26023.7000,.0000
SI0001SI#000824,2025-11-16 00:00:00.000,Spark 40c (4+128),Main Location,1.0000,11790.0000,pcs,11790.0000,11613.1500,.0000
SI0001SI#000825,2025-11-16 00:00:00.000,Camon40 Pro,Main Location,1.0000,26410.0000,pcs,26410.0000,26410.0000,.0000
SI0001SI#000820,2025-11-14 00:00:00.000,Pova 7 Pro,Main Location,2.0000,33020.0000,pcs,66040.0000,65049.4000,.0000
SI0001SI#000821,2025-11-14 00:00:00.000,Pova Slim,Main Location,1.0000,28300.0000,pcs,28300.0000,27875.5000,.0000
SI0001SI#000821,2025-11-14 00:00:00.000,Go2,Main Location,1.0000,10390.0000,pcs,10390.0000,10234.1500,.0000
SI0001SI#000822,2025-11-14 00:00:00.000,Spark40 (6+128),Main Location,2.0000,13210.0000,pcs,26420.0000,26023.7000,.0000
SI0001SI#000822,2025-11-14 00:00:00.000,Spark 40(8+256),Main Location,2.0000,15570.0000,pcs,31140.0000,30672.9000,.0000
PI0001PI#000105,2025-11-14 00:00:00.000,Spark40 (6+128),Main Location,12.0000,12874.8800,pcs,154498.5600,154498.5600,.0000
PI0001PI#000105,2025-11-14 00:00:00.000,Camon40 Pro,Main Location,10.0000,25704.9800,pcs,257049.8000,257049.8000,.0000
SI0001SI#000816,2025-11-13 00:00:00.000,Spark 40 Pro,Main Location,1.0000,18870.0000,pcs,18870.0000,18681.3000,.0000
SI0001SI#000816,2025-11-13 00:00:00.000,Spark40 (6+128),Main Location,1.0000,13210.0000,pcs,13210.0000,13077.9000,.0000
SI0001SI#000817,2025-11-13 00:00:00.000,Spark 40 Pro,Main Location,2.0000,18870.0000,pcs,37740.0000,37173.9000,.0000
SI0001SI#000817,2025-11-13 00:00:00.000,Spark40 (6+128),Main Location,3.0000,13210.0000,pcs,39630.0000,39035.5500,.0000
SI0001SI#000817,2025-11-13 00:00:00.000,Spark 40(8+256),Main Location,2.0000,15570.0000,pcs,31140.0000,30672.9000,.0000
SI0001SI#000818,2025-11-13 00:00:00.000,Spark 40 Pro,Main Location,1.0000,18870.0000,pcs,18870.0000,18586.9500,.0000
SI0001SI#000818,2025-11-13 00:00:00.000,Spark40 (6+128),Main Location,2.0000,13210.0000,pcs,26420.0000,26023.7000,.0000
SI0001SI#000818,2025-11-13 00:00:00.000,Spark 40(8+256),Main Location,1.0000,15570.0000,pcs,15570.0000,15336.4500,.0000
SI0001SI#000818,2025-11-13 00:00:00.000,Spark 40 5G,Main Location,1.0000,16030.0000,pcs,16030.0000,15789.5500,.0000
SI0001SI#000819,2025-11-13 00:00:00.000,Pova Slim,Main Location,1.0000,28300.0000,pcs,28300.0000,27875.5000,.0000
SI0001SI#000811,2025-11-12 00:00:00.000,Camon40 Pro,Main Location,2.0000,26410.0000,pcs,52820.0000,52027.7000,.0000
SI0001SI#000812,2025-11-12 00:00:00.000,Go2,Main Location,2.0000,10390.0000,pcs,20780.0000,20780.0000,.0000
SI0001SI#000812,2025-11-12 00:00:00.000,Spark 40 Pro,Main Location,1.0000,18870.0000,pcs,18870.0000,18870.0000,.0000
SI0001SI#000813,2025-11-12 00:00:00.000,Spark 40 Pro,Main Location,2.0000,18870.0000,pcs,37740.0000,37173.9000,.0000
SI0001SI#000813,2025-11-12 00:00:00.000,Spark 40(8+256),Main Location,1.0000,15570.0000,pcs,15570.0000,15336.4500,.0000
SI0001SI#000813,2025-11-12 00:00:00.000,Spark40 (6+128),Main Location,12.0000,13210.0000,pcs,158520.0000,156142.2000,.0000
SI0001SI#000813,2025-11-12 00:00:00.000,Go2,Main Location,1.0000,10390.0000,pcs,10390.0000,10234.1500,.0000
SI0001SI#000813,2025-11-12 00:00:00.000,Spark 40c (4+128),Main Location,1.0000,11790.0000,pcs,11790.0000,11613.1500,.0000
SI0001SI#000814,2025-11-12 00:00:00.000,Go2(3+64),Main Location,70.0000,9181.0000,pcs,642670.0000,642670.0000,.0000
SI0001SI#000814,2025-11-12 00:00:00.000,Spark40 Pro Pius,Main Location,10.0000,22994.0000,pcs,229940.0000,229940.0000,.0000
SI0001SI#000814,2025-11-12 00:00:00.000,Go2,Main Location,70.0000,10145.0000,pcs,710150.0000,710150.0000,.0000
SI0001SI#000815,2025-11-12 00:00:00.000,Spark40 (6+128),Main Location,7.0000,13210.0000,pcs,92470.0000,91082.9500,.0000
SI0001SI#000815,2025-11-12 00:00:00.000,Spark 40c (4+128),Main Location,3.0000,11790.0000,pcs,35370.0000,34839.4500,.0000
SI0001SI#000815,2025-11-12 00:00:00.000,Spark 40 Pro,Main Location,5.0000,18870.0000,pcs,94350.0000,92934.7500,.0000
SI0001SI#000815,2025-11-12 00:00:00.000,Camon40 Pro,Main Location,8.0000,26410.0000,pcs,211280.0000,208110.8000,.0000
SI0001SI#000808,2025-11-11 00:00:00.000,Spark40 (6+128),Main Location,8.0000,13210.0000,pcs,105680.0000,104094.8000,.0000
SI0001SI#000809,2025-11-11 00:00:00.000,Spark40 (6+128),Main Location,10.0000,13210.0000,pcs,132100.0000,130118.5000,.0000
SI0001SI#000810,2025-11-11 00:00:00.000,Spark 40c (4+128),Main Location,60.0000,11491.0000,pcs,689460.0000,689460.0000,.0000
SI0001SI#000797,2025-11-10 00:00:00.000,Go2,Main Location,10.0000,10145.0000,pcs,101450.0000,101450.0000,.0000
SI0001SI#000797,2025-11-10 00:00:00.000,Spark 40c (4+128),Main Location,5.0000,11790.0000,pcs,58950.0000,58065.7500,.0000
SI0001SI#000797,2025-11-10 00:00:00.000,Spark40 Pro Pius,Main Location,5.0000,23590.0000,pcs,117950.0000,116180.7500,.0000
SI0001SI#000798,2025-11-10 00:00:00.000,Spark 40 Pro,Main Location,1.0000,18870.0000,pcs,18870.0000,18586.9500,.0000
SI0001SI#000799,2025-11-10 00:00:00.000,Spark40 (6+128),Main Location,2.0000,13210.0000,pcs,26420.0000,26420.0000,.0000
SI0001SI#000800,2025-11-10 00:00:00.000,Go2,Main Location,2.0000,10390.0000,pcs,20780.0000,20468.3000,.0000
SI0001SI#000801,2025-11-10 00:00:00.000,Camon40 Pro,Main Location,1.0000,26410.0000,pcs,26410.0000,26013.8500,.0000
SI0001SI#000801,2025-11-10 00:00:00.000,Spark 40 Pro,Main Location,1.0000,18870.0000,pcs,18870.0000,18586.9500,.0000
SI0001SI#000802,2025-11-10 00:00:00.000,Spark40 (6+128),Main Location,3.0000,13210.0000,pcs,39630.0000,39035.5500,.0000
SI0001SI#000802,2025-11-10 00:00:00.000,Spark 40(8+256),Main Location,2.0000,15570.0000,pcs,31140.0000,30672.9000,.0000
SI0001SI#000802,2025-11-10 00:00:00.000,Pova Slim,Main Location,1.0000,28300.0000,pcs,28300.0000,27875.5000,.0000
SI0001SI#000802,2025-11-10 00:00:00.000,Pova 7 Pro,Main Location,1.0000,33020.0000,pcs,33020.0000,32524.7000,.0000
SI0001SI#000802,2025-11-10 00:00:00.000,Camon40 Pro,Main Location,1.0000,26410.0000,pcs,26410.0000,26013.8500,.0000
SI0001SI#000803,2025-11-10 00:00:00.000,Spark 40c (4+128),Main Location,3.0000,11790.0000,pcs,35370.0000,34839.4500,.0000
SI0001SI#000804,2025-11-10 00:00:00.000,Spark40 (6+128),Main Location,5.0000,13210.0000,pcs,66050.0000,66050.0000,.0000
SI0001SI#000804,2025-11-10 00:00:00.000,Spark 40(8+256),Main Location,1.0000,15570.0000,pcs,15570.0000,15570.0000,.0000
SI0001SI#000804,2025-11-10 00:00:00.000,Spark 40 Pro,Main Location,3.0000,18870.0000,pcs,56610.0000,56610.0000,.0000
SI0001SI#000805,2025-11-10 00:00:00.000,Spark40 (6+128),Main Location,2.0000,13210.0000,pcs,26420.0000,26023.7000,.0000
SI0001SI#000805,2025-11-10 00:00:00.000,Go2,Main Location,2.0000,10390.0000,pcs,20780.0000,20468.3000,.0000
SI0001SI#000806,2025-11-10 00:00:00.000,Pova 7 Pro,Main Location,1.0000,33020.0000,pcs,33020.0000,33020.0000,.0000
SI0001SI#000806,2025-11-10 00:00:00.000,Spark40 (6+128),Main Location,1.0000,13210.0000,pcs,13210.0000,13210.0000,.0000
SI0001SI#000807,2025-11-10 00:00:00.000,Spark 40 Pro,Main Location,3.0000,18870.0000,pcs,56610.0000,56610.0000,.0000
SI0001SI#000807,2025-11-10 00:00:00.000,Spark 40c (4+128),Main Location,2.0000,11790.0000,pcs,23580.0000,23580.0000,.0000
SI0001SI#000792,2025-11-09 00:00:00.000,Spark 40 Pro,Main Location,1.0000,18870.0000,pcs,18870.0000,18586.9500,.0000
SI0001SI#000792,2025-11-09 00:00:00.000,Spark40 (6+128),Main Location,1.0000,13210.0000,pcs,13210.0000,13011.8500,.0000
SI0001SI#000793,2025-11-09 00:00:00.000,Camon 40 Pro 5G,Main Location,1.0000,33020.0000,pcs,33020.0000,32524.7000,.0000
SI0001SI#000793,2025-11-09 00:00:00.000,Spark 40c (4+128),Main Location,2.0000,11790.0000,pcs,23580.0000,23226.3000,.0000
SI0001SI#000793,2025-11-09 00:00:00.000,Spark40 (6+128),Main Location,1.0000,13210.0000,pcs,13210.0000,13011.8500,.0000
SI0001SI#000793,2025-11-09 00:00:00.000,Spark 40(8+256),Main Location,1.0000,15570.0000,pcs,15570.0000,15336.4500,.0000
SI0001SI#000794,2025-11-09 00:00:00.000,Pova 7 Pro,Main Location,1.0000,33020.0000,pcs,33020.0000,32524.7000,.0000
SI0001SI#000794,2025-11-09 00:00:00.000,Spark 40 Pro,Main Location,1.0000,18870.0000,pcs,18870.0000,18586.9500,.0000
SI0001SI#000794,2025-11-09 00:00:00.000,Camon40 Pro,Main Location,1.0000,26410.0000,pcs,26410.0000,26013.8500,.0000
SI0001SI#000795,2025-11-09 00:00:00.000,Camon40 Pro,Main Location,4.0000,26410.0000,pcs,105640.0000,104055.4000,.0000
SI0001SI#000795,2025-11-09 00:00:00.000,Spark40 (6+128),Main Location,5.0000,13210.0000,pcs,66050.0000,65059.2500,.0000
SI0001SI#000795,2025-11-09 00:00:00.000,Spark40 Pro Pius,Main Location,3.0000,23590.0000,pcs,70770.0000,69708.4500,.0000
SI0001SI#000796,2025-11-09 00:00:00.000,Spark 40 Pro,Main Location,6.0000,18392.0000,pcs,110352.0000,110352.0000,.0000
SI0001SI#000786,2025-11-07 00:00:00.000,Spark40 (6+128),Main Location,5.0000,13210.0000,pcs,66050.0000,65059.2500,.0000
SI0001SI#000787,2025-11-07 00:00:00.000,Spark 40 Pro,Main Location,1.0000,18870.0000,pcs,18870.0000,18586.9500,.0000
SI0001SI#000788,2025-11-07 00:00:00.000,Spark 40(8+256),Main Location,2.0000,15570.0000,pcs,31140.0000,30672.9000,.0000
SI0001SI#000789,2025-11-07 00:00:00.000,Spark40 (6+128),Main Location,5.0000,13210.0000,pcs,66050.0000,65059.2500,.0000
SI0001SI#000790,2025-11-07 00:00:00.000,Go2,Main Location,4.0000,10390.0000,pcs,41560.0000,41560.0000,.0000
SI0001SI#000791,2025-11-07 00:00:00.000,Pova Slim,Main Location,1.0000,28300.0000,pcs,28300.0000,28017.0000,.0000
SI0001SI#000783,2025-11-06 00:00:00.000,Spark40 (6+128),Main Location,30.0000,12876.0000,pcs,386280.0000,386280.0000,.0000
SI0001SI#000783,2025-11-06 00:00:00.000,Spark 40 Pro,Main Location,5.0000,18393.0000,pcs,91965.0000,91965.0000,.0000
SI0001SI#000783,2025-11-06 00:00:00.000,Spark40 Pro Pius,Main Location,2.0000,23590.0000,pcs,47180.0000,46236.4000,.0000
SI0001SI#000783,2025-11-06 00:00:00.000,Go2,Main Location,3.0000,10145.0000,pcs,30435.0000,30434.0000,.0000
SI0001SI#000784,2025-11-06 00:00:00.000,Go2,Main Location,4.0000,10390.0000,pcs,41560.0000,40936.6000,.0000
SI0001SI#000785,2025-11-06 00:00:00.000,Camon40 Pro,Main Location,1.0000,26410.0000,pcs,26410.0000,26013.8500,.0000
SI0001SI#000785,2025-11-06 00:00:00.000,Spark40 (6+128),Main Location,8.0000,13210.0000,pcs,105680.0000,104094.8000,.0000
SI0001SI#000785,2025-11-06 00:00:00.000,Pova 7 Pro,Main Location,1.0000,33020.0000,pcs,33020.0000,32524.7000,.0000
SI0001SI#000785,2025-11-06 00:00:00.000,Spark 40 Pro,Main Location,1.0000,18870.0000,pcs,18870.0000,18586.9500,.0000
SI0001SI#000779,2025-11-05 00:00:00.000,Spark 40c (4+128),Main Location,2.0000,11790.0000,pcs,23580.0000,23580.0000,.0000
SI0001SI#000779,2025-11-05 00:00:00.000,Go2,Main Location,3.0000,10390.0000,pcs,31170.0000,31170.0000,.0000
SI0001SI#000779,2025-11-05 00:00:00.000,Spark 40(8+256),Main Location,1.0000,15570.0000,pcs,15570.0000,15570.0000,.0000
SI0001SI#000779,2025-11-05 00:00:00.000,Spark40 (6+128),Main Location,1.0000,13210.0000,pcs,13210.0000,13210.0000,.0000
SI0001SI#000780,2025-11-05 00:00:00.000,Spark40 (6+128),Main Location,4.0000,13210.0000,pcs,52840.0000,52047.4000,.0000
SI0001SI#000781,2025-11-05 00:00:00.000,Pova Slim,Main Location,1.0000,28300.0000,pcs,28300.0000,27875.5000,.0000
SI0001SI#000781,2025-11-05 00:00:00.000,Go2,Main Location,3.0000,10390.0000,pcs,31170.0000,30702.4500,.0000
SI0001SI#000781,2025-11-05 00:00:00.000,Spark 40 Pro,Main Location,2.0000,18870.0000,pcs,37740.0000,37173.9000,.0000
SI0001SI#000781,2025-11-05 00:00:00.000,Spark 40c (4+128),Main Location,4.0000,11790.0000,pcs,47160.0000,46452.6000,.0000
SI0001SI#000782,2025-11-05 00:00:00.000,Spark 40 5G,Main Location,1.0000,16040.0000,pcs,16040.0000,15799.4000,.0000
SI0001SI#000774,2025-11-04 00:00:00.000,Camon40 Pro,Main Location,15.0000,26410.0000,pcs,396150.0000,390207.7500,.0000
SI0001SI#000774,2025-11-04 00:00:00.000,Pova 7 Pro,Main Location,1.0000,33020.0000,pcs,33020.0000,32524.7000,.0000
SI0001SI#000774,2025-11-04 00:00:00.000,Spark40 (6+128),Main Location,6.0000,13210.0000,pcs,79260.0000,78071.1000,.0000
SI0001SI#000774,2025-11-04 00:00:00.000,Spark 40(8+256),Main Location,2.0000,15570.0000,pcs,31140.0000,30672.9000,.0000
SI0001SI#000774,2025-11-04 00:00:00.000,Spark 40 5G,Main Location,1.0000,16040.0000,pcs,16040.0000,15799.4000,.0000
SI0001SI#000774,2025-11-04 00:00:00.000,Pova Slim,Main Location,5.0000,28300.0000,pcs,141500.0000,139377.5000,.0000
SI0001SI#000775,2025-11-04 00:00:00.000,Spark40 Pro Pius,Main Location,3.0000,23590.0000,pcs,70770.0000,69708.4500,.0000
SI0001SI#000775,2025-11-04 00:00:00.000,Spark40 (6+128),Main Location,15.0000,13210.0000,pcs,198150.0000,195177.7500,.0000
SI0001SI#000775,2025-11-04 00:00:00.000,Pova Slim,Main Location,3.0000,28300.0000,pcs,84900.0000,83626.5000,.0000
SI0001SI#000775,2025-11-04 00:00:00.000,Camon40 Pro,Main Location,5.0000,26410.0000,pcs,132050.0000,130069.2500,.0000
SI0001SI#000775,2025-11-04 00:00:00.000,Go2,Main Location,10.0000,10390.0000,pcs,103900.0000,102341.5000,.0000
SI0001SI#000776,2025-11-04 00:00:00.000,Go2(3+64),Main Location,3.0000,9433.0000,pcs,28299.0000,27874.5200,.0000
SI0001SI#000776,2025-11-04 00:00:00.000,Pova 7 Pro,Main Location,1.0000,33020.0000,pcs,33020.0000,32524.7000,.0000
SI0001SI#000776,2025-11-04 00:00:00.000,Go2,Main Location,7.0000,10390.0000,pcs,72730.0000,71639.0500,.0000
SI0001SI#000776,2025-11-04 00:00:00.000,Spark 40c (4+128),Main Location,5.0000,11790.0000,pcs,58950.0000,58065.7500,.0000
SI0001SI#000776,2025-11-04 00:00:00.000,Camon40 Pro,Main Location,3.0000,26410.0000,pcs,79230.0000,78041.5500,.0000
SI0001SI#000776,2025-11-04 00:00:00.000,Spark40 (6+128),Main Location,8.0000,13210.0000,pcs,105680.0000,104094.8000,.0000
SI0001SI#000776,2025-11-04 00:00:00.000,Spark 40(8+256),Main Location,2.0000,15570.0000,pcs,31140.0000,30672.9000,.0000
SI0001SI#000776,2025-11-04 00:00:00.000,Spark 40 Pro,Main Location,4.0000,18870.0000,pcs,75480.0000,74347.8000,.0000
SI0001SI#000776,2025-11-04 00:00:00.000,Spark40 Pro Pius,Main Location,3.0000,23590.0000,pcs,70770.0000,69708.4500,.0000
SI0001SI#000776,2025-11-04 00:00:00.000,Pova Slim,Main Location,3.0000,28300.0000,pcs,84900.0000,84900.0000,.0000
SI0001SI#000777,2025-11-04 00:00:00.000,Go2,Main Location,1.0000,10390.0000,pcs,10390.0000,10234.1500,.0000
SI0001SI#000778,2025-11-04 00:00:00.000,Camon40 Pro,Main Location,1.0000,26410.0000,pcs,26410.0000,26410.0000,.0000
SI0001SI#000760,2025-11-03 00:00:00.000,Camon40 Pro,Main Location,1.0000,26410.0000,pcs,26410.0000,26013.8500,.0000
SI0001SI#000760,2025-11-03 00:00:00.000,Spark40 Pro Pius,Main Location,2.0000,23590.0000,pcs,47180.0000,46472.3000,.0000
SI0001SI#000760,2025-11-03 00:00:00.000,Spark 40(8+256),Main Location,1.0000,15570.0000,pcs,15570.0000,15336.4500,.0000
SI0001SI#000760,2025-11-03 00:00:00.000,Spark40 (6+128),Main Location,3.0000,13210.0000,pcs,39630.0000,39035.5500,.0000
SI0001SI#000760,2025-11-03 00:00:00.000,Spark 40c (4+128),Main Location,3.0000,11790.0000,pcs,35370.0000,34839.4500,.0000
SI0001SI#000761,2025-11-03 00:00:00.000,Go2,Main Location,2.0000,10390.0000,pcs,20780.0000,20780.0000,.0000
SI0001SI#000761,2025-11-03 00:00:00.000,Spark 40c (4+128),Main Location,1.0000,11790.0000,pcs,11790.0000,11790.0000,.0000
SI0001SI#000761,2025-11-03 00:00:00.000,Spark40 (6+128),Main Location,2.0000,13210.0000,pcs,26420.0000,26420.0000,.0000
SI0001SI#000761,2025-11-03 00:00:00.000,Spark 40 Pro,Main Location,1.0000,18870.0000,pcs,18870.0000,18870.0000,.0000
SI0001SI#000761,2025-11-03 00:00:00.000,Spark40 Pro Pius,Main Location,1.0000,23590.0000,pcs,23590.0000,23590.0000,.0000
SI0001SI#000761,2025-11-03 00:00:00.000,Spark 40(8+256),Main Location,1.0000,15570.0000,pcs,15570.0000,15570.0000,.0000
SI0001SI#000762,2025-11-03 00:00:00.000,Spark40 (6+128),Main Location,3.0000,12875.0000,pcs,38625.0000,38625.0000,.0000
SI0001SI#000763,2025-11-03 00:00:00.000,Go2(3+64),Main Location,2.0000,9433.0000,pcs,18866.0000,18583.0100,.0000
SI0001SI#000763,2025-11-03 00:00:00.000,Go2,Main Location,1.0000,10390.0000,pcs,10390.0000,10234.1500,.0000
SI0001SI#000763,2025-11-03 00:00:00.000,Pova Slim,Main Location,2.0000,28300.0000,pcs,56600.0000,55751.0000,.0000
SI0001SI#000763,2025-11-03 00:00:00.000,Camon40 Pro,Main Location,1.0000,26410.0000,pcs,26410.0000,26013.8500,.0000
SI0001SI#000764,2025-11-03 00:00:00.000,Spark 40(8+256),Main Location,1.0000,15570.0000,pcs,15570.0000,15570.0000,.0000
SI0001SI#000765,2025-11-03 00:00:00.000,Camon40 Pro,Main Location,1.0000,26410.0000,pcs,26410.0000,26145.9000,.0000
SI0001SI#000765,2025-11-03 00:00:00.000,Pova 7 Pro,Main Location,1.0000,33020.0000,pcs,33020.0000,32689.8000,.0000
SI0001SI#000765,2025-11-03 00:00:00.000,Pova Slim,Main Location,1.0000,28300.0000,pcs,28300.0000,28300.0000,.0000
SI0001SI#000766,2025-11-03 00:00:00.000,Spark40 (6+128),Main Location,3.0000,12310.0000,pcs,36930.0000,36376.0500,.0000
SI0001SI#000767,2025-11-03 00:00:00.000,Spark 40(8+256),Main Location,2.0000,15570.0000,pcs,31140.0000,30828.6000,.0000
SI0001SI#000767,2025-11-03 00:00:00.000,Spark40 (6+128),Main Location,2.0000,13210.0000,pcs,26420.0000,26023.7000,.0000
SI0001SI#000767,2025-11-03 00:00:00.000,Camon40 Pro,Main Location,2.0000,26410.0000,pcs,52820.0000,52291.8000,.0000
SI0001SI#000767,2025-11-03 00:00:00.000,Go2,Main Location,3.0000,10390.0000,pcs,31170.0000,30858.3000,.0000
SI0001SI#000768,2025-11-03 00:00:00.000,Spark40 (6+128),Main Location,20.0000,13210.0000,pcs,264200.0000,260237.0000,.0000
SI0001SI#000769,2025-11-03 00:00:00.000,Spark 40 Pro,Main Location,5.0000,18870.0000,pcs,94350.0000,94350.0000,.0000
SI0001SI#000769,2025-11-03 00:00:00.000,Pova 7 Pro,Main Location,1.0000,33020.0000,pcs,33020.0000,33020.0000,.0000
SI0001SI#000770,2025-11-03 00:00:00.000,Pova Slim,Main Location,6.0000,28300.0000,pcs,169800.0000,167253.0000,.0000
SI0001SI#000771,2025-11-03 00:00:00.000,Go2,Main Location,3.0000,10390.0000,pcs,31170.0000,30858.3000,.0000
SI0001SI#000772,2025-11-03 00:00:00.000,Go2,Main Location,2.0000,10390.0000,pcs,20780.0000,20780.0000,.0000
SI0001SI#000772,2025-11-03 00:00:00.000,Pova 7 Pro,Main Location,1.0000,33020.0000,pcs,33020.0000,33020.0000,.0000
SI0001SI#000772,2025-11-03 00:00:00.000,Spark40 Pro Pius,Main Location,1.0000,23590.0000,pcs,23590.0000,23590.0000,.0000
SI0001SI#000772,2025-11-03 00:00:00.000,Camon40 Pro,Main Location,1.0000,26410.0000,pcs,26410.0000,26410.0000,.0000
SI0001SI#000772,2025-11-03 00:00:00.000,Pova Slim,Main Location,1.0000,28300.0000,pcs,28300.0000,28300.0000,.0000
SI0001SI#000773,2025-11-03 00:00:00.000,Spark 40(8+256),Main Location,1.0000,15570.0000,pcs,15570.0000,15336.4500,.0000
SI0001SI#000756,2025-11-02 00:00:00.000,Spark40 (6+128),Main Location,80.0000,12875.0000,pcs,1030000.0000,1030000.0000,.0000
SI0001SI#000756,2025-11-02 00:00:00.000,Spark 40c (4+128),Main Location,10.0000,11493.0000,pcs,114930.0000,114930.0000,.0000
SI0001SI#000756,2025-11-02 00:00:00.000,Spark 40 Pro,Main Location,20.0000,18393.0000,pcs,367860.0000,367860.0000,.0000
SI0001SI#000757,2025-11-02 00:00:00.000,Spark 40(8+256),Main Location,1.0000,15570.0000,pcs,15570.0000,15414.3000,.0000
SI0001SI#000757,2025-11-02 00:00:00.000,Spark 40 Pro,Main Location,2.0000,18870.0000,pcs,37740.0000,37362.6000,.0000
SI0001SI#000757,2025-11-02 00:00:00.000,Camon40 Pro,Main Location,2.0000,26410.0000,pcs,52820.0000,52291.8000,.0000
SI0001SI#000758,2025-11-02 00:00:00.000,Camon40 Pro,Main Location,1.0000,26410.0000,pcs,26410.0000,26013.8500,.0000
SI0001SI#000758,2025-11-02 00:00:00.000,Spark40 (6+128),Main Location,3.0000,13210.0000,pcs,39630.0000,39035.5500,.0000
SI0001SI#000758,2025-11-02 00:00:00.000,Spark 40c (4+128),Main Location,3.0000,11790.0000,pcs,35370.0000,34839.4500,.0000
SI0001SI#000759,2025-11-02 00:00:00.000,Pova Slim,Main Location,1.0000,28300.0000,pcs,28300.0000,27875.5000,.0000
SI0001SI#000750,2025-10-31 00:00:00.000,Spark 40 Pro,Main Location,3.0000,18393.0000,pcs,55179.0000,54351.3200,.0000
SI0001SI#000751,2025-10-31 00:00:00.000,Spark 40 Pro,Main Location,5.0000,18870.0000,pcs,94350.0000,92934.7500,.0000
SI0001SI#000752,2025-10-31 00:00:00.000,Spark 40 Pro,Main Location,2.0000,18870.0000,pcs,37740.0000,37173.9000,.0000
SI0001SI#000753,2025-10-31 00:00:00.000,Spark 40(8+256),Main Location,3.0000,15570.0000,pcs,46710.0000,46009.3500,.0000
SI0001SI#000754,2025-10-31 00:00:00.000,Live Demo Pova Cave,Main Location,1.0000,23100.0000,pcs,23100.0000,23100.0000,.0000
SI0001SI#000754,2025-10-31 00:00:00.000,Live Demo Spark 40 5G,Main Location,1.0000,11936.0000,pcs,11936.0000,11936.0000,.0000
SI0001SI#000755,2025-10-31 00:00:00.000,Live Demo Pova Cave,Main Location,1.0000,23100.0000,pcs,23100.0000,23100.0000,.0000
PI0001PI#000101,2025-10-31 00:00:00.000,Go2,Main Location,500.0000,10143.5300,pcs,5071765.0000,5071765.0000,.0000
PI0001PI#000101,2025-10-31 00:00:00.000,Spark 40c (4+128),Main Location,100.0000,11491.6700,pcs,1149167.0000,1149167.0000,.0000
PI0001PI#000101,2025-10-31 00:00:00.000,Spark40 (6+128),Main Location,100.0000,12874.8800,pcs,1287488.0000,1287488.0000,.0000
PI0001PI#000101,2025-10-31 00:00:00.000,Camon40 Pro,Main Location,50.0000,25704.9800,pcs,1285249.0000,1285249.0000,.0000
PI0001PI#000101,2025-10-31 00:00:00.000,Spark 40 Pro,Main Location,80.0000,18392.6800,pcs,1471414.4000,1471414.4000,.0000
PI0001PI#000101,2025-10-31 00:00:00.000,Pova Slim,Main Location,30.0000,27594.0200,pcs,827820.6000,827820.6000,.0000
PI0001PI#000104,2025-10-31 00:00:00.000,Live Demo Pova Cave,Main Location,2.0000,23100.0000,pcs,46200.0000,46200.0000,.0000
PI0001PI#000104,2025-10-31 00:00:00.000,Live Demo Spark 40 5G,Main Location,2.0000,11936.0000,pcs,23872.0000,23872.0000,.0000
SR0001SR#000006,2025-10-31 00:00:00.000,Pova Slim,Main Location,1.0000,28300.0000,pcs,28300.0000,28300.0000,.0000
SR0001SR#000006,2025-10-31 00:00:00.000,Pova 7 Pro,Main Location,1.0000,33020.0000,pcs,33020.0000,33020.0000,.0000
SR0001SR#000006,2025-10-31 00:00:00.000,Camon40 Pro,Main Location,1.0000,26410.0000,pcs,26410.0000,26410.0000,.0000
SR0001SR#000006,2025-10-31 00:00:00.000,Spark40 Pro Pius,Main Location,1.0000,23590.0000,pcs,23590.0000,23590.0000,.0000
SR0001SR#000006,2025-10-31 00:00:00.000,Spark 40c (4+128),Main Location,1.0000,11790.0000,pcs,11790.0000,11790.0000,.0000
SR0001SR#000006,2025-10-31 00:00:00.000,Spark 40 5G,Main Location,1.0000,16020.0000,pcs,16020.0000,16020.0000,.0000
SR0001SR#000006,2025-10-31 00:00:00.000,Go2(3+64),Main Location,2.0000,9430.0000,pcs,18860.0000,18860.0000,.0000
SI0001SI#000748,2025-10-30 00:00:00.000,Pova Slim,Main Location,1.0000,28300.0000,pcs,28300.0000,27875.5000,.0000
SI0001SI#000749,2025-10-30 00:00:00.000,Spark40 (6+128),Main Location,2.0000,13210.0000,pcs,26420.0000,26023.7000,.0000
SI0001SI#000749,2025-10-30 00:00:00.000,Go2,Main Location,2.0000,10390.0000,pcs,20780.0000,20468.3000,.0000
SI0001SI#000749,2025-10-30 00:00:00.000,Spark 40(8+256),Main Location,1.0000,15570.0000,pcs,15570.0000,15336.4500,.0000
SI0001SI#000746,2025-10-29 00:00:00.000,Go2,Main Location,2.0000,10390.0000,pcs,20780.0000,20468.3000,.0000
SI0001SI#000746,2025-10-29 00:00:00.000,Spark40 (6+128),Main Location,3.0000,13210.0000,pcs,39630.0000,39035.5500,.0000
SI0001SI#000746,2025-10-29 00:00:00.000,Spark 40(8+256),Main Location,2.0000,15570.0000,pcs,31140.0000,30672.9000,.0000
SI0001SI#000736,2025-10-29 00:00:00.000,Spark 40(8+256),Main Location,1.0000,15570.0000,pcs,15570.0000,15336.4500,.0000
SI0001SI#000737,2025-10-29 00:00:00.000,Go2,Main Location,10.0000,10390.0000,pcs,103900.0000,102341.5000,.0000
SI0001SI#000738,2025-10-29 00:00:00.000,Go2,Main Location,1.0000,10390.0000,pcs,10390.0000,10234.1500,.0000
SI0001SI#000738,2025-10-29 00:00:00.000,Pova Slim,Main Location,1.0000,28300.0000,pcs,28300.0000,27875.5000,.0000
PI0001PI#000100,2025-10-29 00:00:00.000,Go2,Main Location,50.0000,10143.5300,pcs,507176.5000,507176.5000,.0000
SI0001SI#000735,2025-10-28 00:00:00.000,Spark40 (6+128),Main Location,1.0000,13210.0000,pcs,13210.0000,13011.8500,.0000
SI0001SI#000735,2025-10-28 00:00:00.000,Spark 40c (4+128),Main Location,1.0000,11790.0000,pcs,11790.0000,11613.1500,.0000
SI0001SI#000729,2025-10-27 00:00:00.000,Go2,Main Location,2.0000,10390.0000,pcs,20780.0000,20468.3000,.0000
SI0001SI#000729,2025-10-27 00:00:00.000,Pova 7 Pro,Main Location,1.0000,33020.0000,pcs,33020.0000,32524.7000,.0000
SI0001SI#000730,2025-10-27 00:00:00.000,Spark40 (6+128),Main Location,1.0000,13210.0000,pcs,13210.0000,13011.8500,.0000
SI0001SI#000731,2025-10-27 00:00:00.000,Spark40 (6+128),Main Location,5.0000,13210.0000,pcs,66050.0000,65059.2500,.0000
SI0001SI#000732,2025-10-27 00:00:00.000,Spark 40c (4+128),Main Location,5.0000,11790.0000,pcs,58950.0000,58065.7500,.0000
SI0001SI#000733,2025-10-27 00:00:00.000,Pova Slim,Main Location,2.0000,28300.0000,pcs,56600.0000,55751.0000,.0000
SI0001SI#000734,2025-10-27 00:00:00.000,Pova Slim,Main Location,2.0000,28300.0000,pcs,56600.0000,55751.0000,.0000
PI0001PI#000099,2025-10-27 00:00:00.000,Spark40 (6+128),Main Location,66.0000,12874.8800,pcs,849742.0800,849742.0800,.0000
SI0001SI#000728,2025-10-26 00:00:00.000,Camon40 Pro,Main Location,3.0000,26410.0000,pcs,79230.0000,78041.5500,.0000
SI0001SI#000728,2025-10-26 00:00:00.000,Go2,Main Location,10.0000,10390.0000,pcs,103900.0000,102341.5000,.0000
SI0001SI#000728,2025-10-26 00:00:00.000,Spark40 (6+128),Main Location,10.0000,13210.0000,pcs,132100.0000,130118.5000,.0000
SI0001SI#000723,2025-10-24 00:00:00.000,Camon40 Pro,Main Location,1.0000,26410.0000,pcs,26410.0000,26013.8500,.0000
SI0001SI#000723,2025-10-24 00:00:00.000,Camon 40 Pro 5G,Main Location,1.0000,33020.0000,pcs,33020.0000,32524.7000,.0000
SI0001SI#000723,2025-10-24 00:00:00.000,Spark 40(8+256),Main Location,1.0000,15570.0000,pcs,15570.0000,15336.4500,.0000
SI0001SI#000724,2025-10-24 00:00:00.000,Go2,Main Location,1.0000,10390.0000,pcs,10390.0000,10286.1000,.0000
SI0001SI#000725,2025-10-24 00:00:00.000,Spark40 (6+128),Main Location,4.0000,13210.0000,pcs,52840.0000,52047.4000,.0000
SI0001SI#000725,2025-10-24 00:00:00.000,Spark 40(8+256),Main Location,4.0000,15570.0000,pcs,62280.0000,61345.8000,.0000
SI0001SI#000726,2025-10-24 00:00:00.000,Pova Slim,Main Location,1.0000,28300.0000,pcs,28300.0000,27875.5000,.0000
SI0001SI#000726,2025-10-24 00:00:00.000,Spark 40c (4+128),Main Location,1.0000,11790.0000,pcs,11790.0000,11613.1500,.0000
SI0001SI#000726,2025-10-24 00:00:00.000,Spark40 (6+128),Main Location,1.0000,13210.0000,pcs,13210.0000,13011.8500,.0000
SI0001SI#000726,2025-10-24 00:00:00.000,Spark40 Pro Pius,Main Location,1.0000,23590.0000,pcs,23590.0000,23306.9500,.0000
SI0001SI#000727,2025-10-24 00:00:00.000,Go2,Main Location,2.0000,10390.0000,pcs,20780.0000,20780.0000,.0000
PI0001PI#000098,2025-10-24 00:00:00.000,Spark40 (6+128),Main Location,46.0000,12874.8800,pcs,592244.4800,592244.4800,.0000
SI0001SI#000718,2025-10-23 00:00:00.000,Camon40 Pro,Main Location,2.0000,26410.0000,pcs,52820.0000,52027.7000,.0000
SI0001SI#000718,2025-10-23 00:00:00.000,Spark 40c (4+128),Main Location,1.0000,11790.0000,pcs,11790.0000,11613.1500,.0000
SI0001SI#000719,2025-10-23 00:00:00.000,Camon40 Pro,Main Location,2.0000,26410.0000,pcs,52820.0000,52291.8000,.0000
SI0001SI#000719,2025-10-23 00:00:00.000,Spark40 (6+128),Main Location,1.0000,13210.0000,pcs,13210.0000,13077.9000,.0000
SI0001SI#000719,2025-10-23 00:00:00.000,Spark 40c (4+128),Main Location,1.0000,11790.0000,pcs,11790.0000,11613.1500,.0000
SI0001SI#000720,2025-10-23 00:00:00.000,Spark 40 5G,Main Location,1.0000,16040.0000,pcs,16040.0000,16040.0000,.0000
SI0001SI#000721,2025-10-23 00:00:00.000,Go2,Main Location,10.0000,10390.0000,pcs,103900.0000,102341.5000,.0000
SI0001SI#000722,2025-10-23 00:00:00.000,Pova Slim,Main Location,2.0000,28300.0000,pcs,56600.0000,55751.0000,.0000
SI0001SI#000715,2025-10-22 00:00:00.000,Pova Slim,Main Location,1.0000,28300.0000,pcs,28300.0000,27875.5000,.0000
SI0001SI#000715,2025-10-22 00:00:00.000,Spark 40(8+256),Main Location,1.0000,15570.0000,pcs,15570.0000,15336.4500,.0000
SI0001SI#000715,2025-10-22 00:00:00.000,Spark40 (6+128),Main Location,2.0000,13210.0000,pcs,26420.0000,26023.7000,.0000
SI0001SI#000716,2025-10-22 00:00:00.000,Camon40 Pro,Main Location,1.0000,26410.0000,pcs,26410.0000,26013.8500,.0000
SI0001SI#000716,2025-10-22 00:00:00.000,Spark 40(8+256),Main Location,1.0000,15570.0000,pcs,15570.0000,15336.4500,.0000
SI0001SI#000716,2025-10-22 00:00:00.000,Spark40 (6+128),Main Location,1.0000,13210.0000,pcs,13210.0000,13011.8500,.0000
SI0001SI#000716,2025-10-22 00:00:00.000,Go2,Main Location,2.0000,10390.0000,pcs,20780.0000,20468.3000,.0000
SI0001SI#000717,2025-10-22 00:00:00.000,Pova Slim,Main Location,1.0000,28300.0000,pcs,28300.0000,27875.5000,.0000
PI0001PI#000097,2025-10-22 00:00:00.000,Spark 40c (4+128),Main Location,30.0000,11491.6700,pcs,344750.1000,344750.1000,.0000
PI0001PI#000097,2025-10-22 00:00:00.000,Spark40 (6+128),Main Location,43.0000,12874.8800,pcs,553619.8400,553619.8400,.0000
PI0001PI#000096,2025-10-21 00:00:00.000,Camon40 Pro,Main Location,4.0000,25704.9800,pcs,102819.9200,102819.9200,.0000
PI0001PI#000096,2025-10-21 00:00:00.000,Pova Slim,Main Location,10.0000,27594.0200,pcs,275940.2000,275940.2000,.0000
SI0001SI#000713,2025-10-21 00:00:00.000,Camon40 Pro,Main Location,2.0000,26410.0000,pcs,52820.0000,52027.7000,.0000
SI0001SI#000714,2025-10-21 00:00:00.000,Go2,Main Location,3.0000,10390.0000,pcs,31170.0000,30702.4500,.0000
SI0001SI#000714,2025-10-21 00:00:00.000,Spark40 (6+128),Main Location,1.0000,13210.0000,pcs,13210.0000,13011.8500,.0000
SI0001SI#000714,2025-10-21 00:00:00.000,Camon40 Pro,Main Location,2.0000,26410.0000,pcs,52820.0000,52027.7000,.0000
SI0001SI#000707,2025-10-20 00:00:00.000,Camon40 Pro,Main Location,1.0000,26410.0000,pcs,26410.0000,26145.9000,.0000
SI0001SI#000708,2025-10-20 00:00:00.000,Pova Slim,Main Location,1.0000,28300.0000,pcs,28300.0000,27875.5000,.0000
SI0001SI#000709,2025-10-20 00:00:00.000,Spark 40 Pro,Main Location,2.0000,18870.0000,pcs,37740.0000,37173.9000,.0000
SI0001SI#000709,2025-10-20 00:00:00.000,Spark 40c (4+128),Main Location,4.0000,11790.0000,pcs,47160.0000,46452.6000,.0000
SI0001SI#000710,2025-10-20 00:00:00.000,Spark 40(8+256),Main Location,1.0000,15570.0000,pcs,15570.0000,15336.4500,.0000
SI0001SI#000711,2025-10-20 00:00:00.000,Spark 40 Pro,Main Location,15.0000,18393.0000,pcs,275895.0000,275895.0000,.0000
SI0001SI#000712,2025-10-20 00:00:00.000,Spark40 (6+128),Main Location,100.0000,12875.0000,pcs,1287500.0000,1287500.0000,.0000
SI0001SI#000712,2025-10-20 00:00:00.000,Spark 40c (4+128),Main Location,45.0000,11492.0000,pcs,517140.0000,517140.0000,.0000
SI0001SI#000712,2025-10-20 00:00:00.000,Go2,Main Location,25.0000,10145.0000,pcs,253625.0000,253625.0000,.0000
SI0001SI#000712,2025-10-20 00:00:00.000,Spark 40 Pro,Main Location,7.0000,18393.0000,pcs,128751.0000,128751.0000,.0000
PI0001PI#000095,2025-10-20 00:00:00.000,Camon40 Pro,Main Location,10.0000,25704.9800,pcs,257049.8000,257049.8000,.0000
SI0001SI#000704,2025-10-19 00:00:00.000,Spark 40(8+256),Main Location,1.0000,15570.0000,pcs,15570.0000,15336.4500,.0000
SI0001SI#000704,2025-10-19 00:00:00.000,Spark 40 5G,Main Location,1.0000,16020.0000,pcs,16020.0000,15779.4000,.0000
SI0001SI#000705,2025-10-19 00:00:00.000,Spark 40 5G,Main Location,1.0000,16040.0000,pcs,16040.0000,16040.0000,.0000
SI0001SI#000706,2025-10-19 00:00:00.000,Spark 40(8+256),Main Location,1.0000,15570.0000,pcs,15570.0000,15336.4500,.0000
SI0001SI#000747,2025-10-17 00:00:00.000,Spark 40 Pro,Main Location,2.0000,18392.0000,pcs,36784.0000,36232.2400,.0000
SI0001SI#000739,2025-10-17 00:00:00.000,Spark40 (6+128),Main Location,2.0000,13210.0000,pcs,26420.0000,26023.7000,.0000
SI0001SI#000739,2025-10-17 00:00:00.000,Spark 40c (4+128),Main Location,1.0000,11790.0000,pcs,11790.0000,11613.1500,.0000
SI0001SI#000740,2025-10-17 00:00:00.000,Camon 40 Pro 5G,Main Location,2.0000,33020.0000,pcs,66040.0000,65049.4000,.0000
SI0001SI#000741,2025-10-17 00:00:00.000,Camon 40 Pro 5G,Main Location,1.0000,33020.0000,pcs,33020.0000,32524.7000,.0000
SI0001SI#000741,2025-10-17 00:00:00.000,Go2(3+64),Main Location,1.0000,9430.0000,pcs,9430.0000,9288.5500,.0000
SI0001SI#000741,2025-10-17 00:00:00.000,Spark 40 Pro,Main Location,1.0000,18870.0000,pcs,18870.0000,18586.9500,.0000
SI0001SI#000742,2025-10-17 00:00:00.000,Pova Slim,Main Location,1.0000,28300.0000,pcs,28300.0000,27875.5000,.0000
SI0001SI#000743,2025-10-17 00:00:00.000,Spark40 (6+128),Main Location,1.0000,13210.0000,pcs,13210.0000,13011.8500,.0000
SI0001SI#000744,2025-10-17 00:00:00.000,Spark40 Pro Pius,Main Location,1.0000,22994.0000,pcs,22994.0000,22994.0000,.0000
SI0001SI#000744,2025-10-17 00:00:00.000,Spark40 (6+128),Main Location,2.0000,12875.0000,pcs,25750.0000,25750.0000,.0000
SI0001SI#000744,2025-10-17 00:00:00.000,Go2,Main Location,5.0000,10145.0000,pcs,50725.0000,50725.0000,.0000
SI0001SI#000745,2025-10-17 00:00:00.000,Camon40 Pro,Main Location,20.0000,26410.0000,pcs,528200.0000,520277.0000,.0000
PI0001PI#000092,2025-10-17 00:00:00.000,Camon40 Pro,Main Location,20.0000,25704.9800,pcs,514099.6000,514099.6000,.0000
SI0001SI#000694,2025-10-16 00:00:00.000,Spark 40 5G,Main Location,2.0000,16040.0000,pcs,32080.0000,31598.8000,.0000
SI0001SI#000694,2025-10-16 00:00:00.000,Spark40 (6+128),Main Location,4.0000,13210.0000,pcs,52840.0000,52047.4000,.0000
SI0001SI#000695,2025-10-16 00:00:00.000,Spark 40 Pro,Main Location,3.0000,18870.0000,pcs,56610.0000,55760.8500,.0000
SI0001SI#000695,2025-10-16 00:00:00.000,Spark40 (6+128),Main Location,4.0000,13210.0000,pcs,52840.0000,52047.4000,.0000
SI0001SI#000695,2025-10-16 00:00:00.000,Spark 40(8+256),Main Location,2.0000,15570.0000,pcs,31140.0000,30672.9000,.0000
SI0001SI#000696,2025-10-16 00:00:00.000,Spark 40 Pro,Main Location,3.0000,18870.0000,pcs,56610.0000,55760.8500,.0000
SI0001SI#000696,2025-10-16 00:00:00.000,Pova Slim,Main Location,1.0000,28300.0000,pcs,28300.0000,27875.5000,.0000
SI0001SI#000697,2025-10-16 00:00:00.000,Go2,Main Location,3.0000,10390.0000,pcs,31170.0000,30702.4500,.0000
SI0001SI#000698,2025-10-16 00:00:00.000,Spark 40(8+256),Main Location,2.0000,15570.0000,pcs,31140.0000,30672.9000,.0000
SI0001SI#000698,2025-10-16 00:00:00.000,Spark 40 Pro,Main Location,1.0000,18870.0000,pcs,18870.0000,18586.9500,.0000
SI0001SI#000699,2025-10-16 00:00:00.000,Go2,Main Location,5.0000,10390.0000,pcs,51950.0000,51170.7500,.0000
SI0001SI#000700,2025-10-16 00:00:00.000,Spark 40(8+256),Main Location,1.0000,15570.0000,pcs,15570.0000,15336.4500,.0000
SI0001SI#000700,2025-10-16 00:00:00.000,Spark40 (6+128),Main Location,2.0000,13210.0000,pcs,26420.0000,26023.7000,.0000
SI0001SI#000701,2025-10-16 00:00:00.000,Pova Slim,Main Location,4.0000,28300.0000,pcs,113200.0000,110596.4000,.0000
SI0001SI#000686,2025-10-15 00:00:00.000,Spark 40 5G,Main Location,2.0000,16040.0000,pcs,32080.0000,31598.8000,.0000
SI0001SI#000686,2025-10-15 00:00:00.000,Camon40 Pro,Main Location,15.0000,26410.0000,pcs,396150.0000,390207.7500,.0000
SI0001SI#000687,2025-10-15 00:00:00.000,Camon40 Pro,Main Location,4.0000,25708.0000,pcs,102832.0000,102832.0000,.0000
SI0001SI#000687,2025-10-15 00:00:00.000,Spark 40c (4+128),Main Location,3.0000,11492.0000,pcs,34476.0000,34476.0000,.0000
SI0001SI#000687,2025-10-15 00:00:00.000,Spark 40 Pro,Main Location,5.0000,18393.0000,pcs,91965.0000,91965.0000,.0000
SI0001SI#000687,2025-10-15 00:00:00.000,Spark40 (6+128),Main Location,20.0000,12876.0000,pcs,257520.0000,257520.0000,.0000
SI0001SI#000688,2025-10-15 00:00:00.000,Spark40 (6+128),Main Location,2.0000,13210.0000,pcs,26420.0000,26155.8000,.0000
SI0001SI#000688,2025-10-15 00:00:00.000,Spark 40(8+256),Main Location,2.0000,15570.0000,pcs,31140.0000,30828.6000,.0000
SI0001SI#000688,2025-10-15 00:00:00.000,Spark 40c (4+128),Main Location,1.0000,11790.0000,pcs,11790.0000,11672.1000,.0000
SI0001SI#000688,2025-10-15 00:00:00.000,Spark 40 5G,Main Location,1.0000,16040.0000,pcs,16040.0000,15879.6000,.0000
SI0001SI#000688,2025-10-15 00:00:00.000,Pova Slim,Main Location,1.0000,28300.0000,pcs,28300.0000,28017.0000,.0000
SI0001SI#000689,2025-10-15 00:00:00.000,Camon 40 Pro 5G,Main Location,1.0000,33020.0000,pcs,33020.0000,32524.7000,.0000
SI0001SI#000690,2025-10-15 00:00:00.000,Spark 40 5G,Main Location,2.0000,16040.0000,pcs,32080.0000,31598.8000,.0000
SI0001SI#000691,2025-10-15 00:00:00.000,Spark 40 Pro,Main Location,1.0000,18870.0000,pcs,18870.0000,18586.9500,.0000
SI0001SI#000691,2025-10-15 00:00:00.000,Spark 40(8+256),Main Location,1.0000,15570.0000,pcs,15570.0000,15336.4500,.0000
SI0001SI#000692,2025-10-15 00:00:00.000,Spark40 (6+128),Main Location,5.0000,12876.0000,pcs,64380.0000,64380.0000,.0000
SI0001SI#000692,2025-10-15 00:00:00.000,Spark 40(8+256),Main Location,1.0000,15181.0000,pcs,15181.0000,15181.0000,.0000
SI0001SI#000692,2025-10-15 00:00:00.000,Go2,Main Location,5.0000,10145.0000,pcs,50725.0000,50725.0000,.0000
SI0001SI#000693,2025-10-15 00:00:00.000,Go2,Main Location,50.0000,10145.0000,pcs,507250.0000,507250.0000,.0000
SI0001SI#000683,2025-10-14 00:00:00.000,Go2,Main Location,1.0000,10390.0000,pcs,10390.0000,10234.1500,.0000
SI0001SI#000684,2025-10-14 00:00:00.000,Spark 40 Pro,Main Location,1.0000,18870.0000,pcs,18870.0000,18586.9500,.0000
SI0001SI#000685,2025-10-14 00:00:00.000,Camon40 Pro,Main Location,1.0000,26410.0000,pcs,26410.0000,26013.8500,.0000
SI0001SI#000672,2025-10-13 00:00:00.000,Spark40 (6+128),Main Location,5.0000,13210.0000,pcs,66050.0000,65059.2500,.0000
SI0001SI#000673,2025-10-13 00:00:00.000,Pova Slim,Main Location,2.0000,28300.0000,pcs,56600.0000,56600.0000,.0000
SI0001SI#000673,2025-10-13 00:00:00.000,Pova 7 Pro,Main Location,1.0000,33020.0000,pcs,33020.0000,32524.7000,.0000
SI0001SI#000673,2025-10-13 00:00:00.000,Pova Carve,Main Location,1.0000,31150.0000,pcs,31150.0000,30682.7500,.0000
SI0001SI#000673,2025-10-13 00:00:00.000,Spark 40c (4+128),Main Location,2.0000,11790.0000,pcs,23580.0000,23226.3000,.0000
SI0001SI#000673,2025-10-13 00:00:00.000,Spark 40 5G,Main Location,3.0000,16040.0000,pcs,48120.0000,47398.2000,.0000
SI0001SI#000674,2025-10-13 00:00:00.000,Pova Slim,Main Location,1.0000,28300.0000,pcs,28300.0000,27875.5000,.0000
SI0001SI#000674,2025-10-13 00:00:00.000,Spark 40 5G,Main Location,2.0000,16040.0000,pcs,32080.0000,31598.8000,.0000
SI0001SI#000675,2025-10-13 00:00:00.000,Pova Slim,Main Location,1.0000,28300.0000,pcs,28300.0000,27875.5000,.0000
SI0001SI#000675,2025-10-13 00:00:00.000,Spark 40 5G,Main Location,1.0000,16040.0000,pcs,16040.0000,15799.4000,.0000
SI0001SI#000675,2025-10-13 00:00:00.000,Spark40 Pro Pius,Main Location,1.0000,23590.0000,pcs,23590.0000,23236.1500,.0000
SI0001SI#000675,2025-10-13 00:00:00.000,Spark40 (6+128),Main Location,2.0000,13210.0000,pcs,26420.0000,26023.7000,.0000
SI0001SI#000676,2025-10-13 00:00:00.000,Camon40 Pro,Main Location,1.0000,26410.0000,pcs,26410.0000,26410.0000,.0000
SI0001SI#000677,2025-10-13 00:00:00.000,Go2,Main Location,2.0000,10390.0000,pcs,20780.0000,20468.3000,.0000
SI0001SI#000678,2025-10-13 00:00:00.000,Spark 40 5G,Main Location,2.0000,16040.0000,pcs,32080.0000,31759.2000,.0000
SI0001SI#000679,2025-10-13 00:00:00.000,Spark40 (6+128),Main Location,1.0000,13210.0000,pcs,13210.0000,13077.9000,.0000
SI0001SI#000679,2025-10-13 00:00:00.000,Spark 40c (4+128),Main Location,1.0000,11790.0000,pcs,11790.0000,11672.1000,.0000
SI0001SI#000679,2025-10-13 00:00:00.000,Spark 40 5G,Main Location,1.0000,16040.0000,pcs,16040.0000,15879.6000,.0000
SI0001SI#000680,2025-10-13 00:00:00.000,Go2(3+64),Main Location,2.0000,9480.0000,pcs,18960.0000,18960.0000,.0000
SI0001SI#000680,2025-10-13 00:00:00.000,Go2,Main Location,2.0000,10390.0000,pcs,20780.0000,20780.0000,.0000
SI0001SI#000680,2025-10-13 00:00:00.000,Spark 40c (4+128),Main Location,1.0000,11790.0000,pcs,11790.0000,11790.0000,.0000
SI0001SI#000680,2025-10-13 00:00:00.000,Spark40 Pro Pius,Main Location,1.0000,23590.0000,pcs,23590.0000,23590.0000,.0000
SI0001SI#000680,2025-10-13 00:00:00.000,Spark40 (6+128),Main Location,2.0000,13210.0000,pcs,26420.0000,26420.0000,.0000
SI0001SI#000680,2025-10-13 00:00:00.000,Spark 40 Pro,Main Location,1.0000,18870.0000,pcs,18870.0000,18870.0000,.0000
SI0001SI#000680,2025-10-13 00:00:00.000,Pova Slim,Main Location,1.0000,28300.0000,pcs,28300.0000,28300.0000,.0000
SI0001SI#000680,2025-10-13 00:00:00.000,Camon40 Pro,Main Location,1.0000,26410.0000,pcs,26410.0000,26410.0000,.0000
SI0001SI#000680,2025-10-13 00:00:00.000,Spark 40 5G,Main Location,1.0000,16040.0000,pcs,16040.0000,16040.0000,.0000
SI0001SI#000680,2025-10-13 00:00:00.000,Pova 7 Pro,Main Location,1.0000,33020.0000,pcs,33020.0000,33020.0000,.0000
PI0001PI#000091,2025-10-13 00:00:00.000,Spark 40 Pro,Main Location,40.0000,18392.6800,pcs,735707.2000,735707.2000,.0000
PI0001PI#000091,2025-10-13 00:00:00.000,Spark40 (6+128),Main Location,50.0000,12874.8800,pcs,643744.0000,643744.0000,.0000
PI0001PI#000091,2025-10-13 00:00:00.000,Spark 40(8+256),Main Location,50.0000,15180.2200,pcs,759011.0000,759011.0000,.0000
PI0001PI#000091,2025-10-13 00:00:00.000,Pova Slim,Main Location,20.0000,27594.0200,pcs,551880.4000,551880.4000,.0000
PI0001PI#000091,2025-10-13 00:00:00.000,Spark 40 5G,Main Location,30.0000,15636.2800,pcs,469088.4000,469088.4000,.0000
SI0001SI#000661,2025-10-12 00:00:00.000,Go2,Main Location,3.0000,10390.0000,pcs,31170.0000,30702.4500,.0000
SI0001SI#000661,2025-10-12 00:00:00.000,Spark 40 Pro,Main Location,2.0000,18870.0000,pcs,37740.0000,37173.9000,.0000
SI0001SI#000661,2025-10-12 00:00:00.000,Spark40 (6+128),Main Location,3.0000,13210.0000,pcs,39630.0000,39035.5500,.0000
SI0001SI#000661,2025-10-12 00:00:00.000,Spark 40c (4+128),Main Location,3.0000,11790.0000,pcs,35370.0000,34839.4500,.0000
SI0001SI#000662,2025-10-12 00:00:00.000,Spark40 Pro Pius,Main Location,1.0000,23590.0000,pcs,23590.0000,23590.0000,.0000
SI0001SI#000662,2025-10-12 00:00:00.000,Camon40 Pro,Main Location,1.0000,26410.0000,pcs,26410.0000,26410.0000,.0000
SI0001SI#000663,2025-10-12 00:00:00.000,Spark40 (6+128),Main Location,5.0000,13210.0000,pcs,66050.0000,65059.2500,.0000
SI0001SI#000663,2025-10-12 00:00:00.000,Camon40 Pro,Main Location,2.0000,26410.0000,pcs,52820.0000,52027.7000,.0000
SI0001SI#000664,2025-10-12 00:00:00.000,Camon40 Pro,Main Location,1.0000,26410.0000,pcs,26410.0000,26013.8500,.0000
SI0001SI#000665,2025-10-12 00:00:00.000,Spark40 (6+128),Main Location,10.0000,13210.0000,pcs,132100.0000,130779.0000,.0000
SI0001SI#000665,2025-10-12 00:00:00.000,Go2,Main Location,5.0000,10390.0000,pcs,51950.0000,51430.5000,.0000
SI0001SI#000665,2025-10-12 00:00:00.000,Spark 40 Pro,Main Location,3.0000,18870.0000,pcs,56610.0000,56043.9000,.0000
SI0001SI#000665,2025-10-12 00:00:00.000,Pova Carve,Main Location,1.0000,31150.0000,pcs,31150.0000,30838.5000,.0000
SI0001SI#000665,2025-10-12 00:00:00.000,Pova 7 Pro,Main Location,1.0000,33020.0000,pcs,33020.0000,32689.8000,.0000
SI0001SI#000665,2025-10-12 00:00:00.000,Camon 40 Pro 5G,Main Location,1.0000,33020.0000,pcs,33020.0000,32689.8000,.0000
SI0001SI#000665,2025-10-12 00:00:00.000,Camon40 Pro,Main Location,2.0000,26410.0000,pcs,52820.0000,52291.8000,.0000
SI0001SI#000666,2025-10-12 00:00:00.000,Pova 7 Pro,Main Location,2.0000,33020.0000,pcs,66040.0000,65049.4000,.0000
SI0001SI#000667,2025-10-12 00:00:00.000,Go2,Main Location,50.0000,10145.0000,pcs,507250.0000,507250.0000,.0000
SI0001SI#000667,2025-10-12 00:00:00.000,Spark40 (6+128),Main Location,10.0000,12875.0000,pcs,128750.0000,128750.0000,.0000
SI0001SI#000668,2025-10-12 00:00:00.000,Go2,Main Location,10.0000,10390.0000,pcs,103900.0000,102341.5000,.0000
SI0001SI#000668,2025-10-12 00:00:00.000,Camon40 Pro,Main Location,5.0000,26410.0000,pcs,132050.0000,130069.2500,.0000
SI0001SI#000669,2025-10-12 00:00:00.000,Spark40 (6+128),Main Location,100.0000,12876.0000,pcs,1287600.0000,1287600.0000,.0000
SI0001SI#000669,2025-10-12 00:00:00.000,Spark 40 Pro,Main Location,25.0000,18393.0000,pcs,459825.0000,459825.0000,.0000
SI0001SI#000669,2025-10-12 00:00:00.000,Go2,Main Location,30.0000,10145.0000,pcs,304350.0000,304350.0000,.0000
SI0001SI#000669,2025-10-12 00:00:00.000,Camon40 Pro,Main Location,10.0000,25708.0000,pcs,257080.0000,257080.0000,.0000
SI0001SI#000670,2025-10-12 00:00:00.000,Spark40 (6+128),Main Location,2.0000,13210.0000,pcs,26420.0000,26023.7000,.0000
SI0001SI#000670,2025-10-12 00:00:00.000,Camon40 Pro,Main Location,4.0000,26410.0000,pcs,105640.0000,104055.4000,.0000
SI0001SI#000671,2025-10-12 00:00:00.000,Spark40 (6+128),Main Location,10.0000,13210.0000,pcs,132100.0000,130118.5000,.0000
SI0001SI#000671,2025-10-12 00:00:00.000,Go2,Main Location,10.0000,10390.0000,pcs,103900.0000,102341.5000,.0000
SI0001SI#000659,2025-10-11 00:00:00.000,Go2,Main Location,4.0000,10390.0000,pcs,41560.0000,40936.6000,.0000
SI0001SI#000659,2025-10-11 00:00:00.000,Spark40 (6+128),Main Location,1.0000,13210.0000,pcs,13210.0000,13011.8500,.0000
SI0001SI#000660,2025-10-11 00:00:00.000,Spark40 (6+128),Main Location,2.0000,13210.0000,pcs,26420.0000,26023.7000,.0000
SI0001SI#000651,2025-10-10 00:00:00.000,Spark 40 Pro,Main Location,1.0000,18393.0000,pcs,18393.0000,18393.0000,.0000
SI0001SI#000652,2025-10-10 00:00:00.000,Spark 40c (4+128),Main Location,1.0000,11790.0000,pcs,11790.0000,11613.1500,.0000
SI0001SI#000652,2025-10-10 00:00:00.000,Spark 40 Pro,Main Location,1.0000,18870.0000,pcs,18870.0000,18586.9500,.0000
SI0001SI#000652,2025-10-10 00:00:00.000,Spark40 Pro Pius,Main Location,2.0000,23590.0000,pcs,47180.0000,46472.3000,.0000
SI0001SI#000653,2025-10-10 00:00:00.000,Spark40 (6+128),Main Location,5.0000,13210.0000,pcs,66050.0000,65059.2500,.0000
SI0001SI#000653,2025-10-10 00:00:00.000,Spark 40c (4+128),Main Location,1.0000,11790.0000,pcs,11790.0000,11613.1500,.0000
SI0001SI#000653,2025-10-10 00:00:00.000,Go2,Main Location,5.0000,10390.0000,pcs,51950.0000,51170.7500,.0000
SI0001SI#000653,2025-10-10 00:00:00.000,Spark 40 Pro,Main Location,1.0000,18870.0000,pcs,18870.0000,18586.9500,.0000
SI0001SI#000654,2025-10-10 00:00:00.000,Go2,Main Location,5.0000,10390.0000,pcs,51950.0000,51170.7500,.0000
SI0001SI#000655,2025-10-10 00:00:00.000,Camon40 Pro,Main Location,1.0000,26410.0000,pcs,26410.0000,26145.9000,.0000
SI0001SI#000655,2025-10-10 00:00:00.000,Spark40 Pro Pius,Main Location,1.0000,23590.0000,pcs,23590.0000,23401.3000,.0000
SI0001SI#000655,2025-10-10 00:00:00.000,Go2,Main Location,2.0000,10390.0000,pcs,20780.0000,20572.2000,.0000
SI0001SI#000656,2025-10-10 00:00:00.000,Pova 7 Pro,Main Location,1.0000,33020.0000,pcs,33020.0000,33020.0000,.0000
SI0001SI#000657,2025-10-10 00:00:00.000,Spark40 (6+128),Main Location,7.0000,13210.0000,pcs,92470.0000,91082.9500,.0000
SI0001SI#000657,2025-10-10 00:00:00.000,Spark 40(8+256),Main Location,1.0000,15570.0000,pcs,15570.0000,15336.4500,.0000
SI0001SI#000657,2025-10-10 00:00:00.000,Spark40 Pro Pius,Main Location,1.0000,23590.0000,pcs,23590.0000,23354.1000,.0000
SI0001SI#000657,2025-10-10 00:00:00.000,Go2,Main Location,2.0000,10390.0000,pcs,20780.0000,20468.3000,.0000
SI0001SI#000658,2025-10-10 00:00:00.000,Spark 40c (4+128),Main Location,3.0000,11790.0000,pcs,35370.0000,34839.4500,.0000
SI0001SI#000658,2025-10-10 00:00:00.000,Spark40 (6+128),Main Location,4.0000,13210.0000,pcs,52840.0000,52047.4000,.0000
SI0001SI#000658,2025-10-10 00:00:00.000,Spark 40 Pro,Main Location,5.0000,18870.0000,pcs,94350.0000,92934.7500,.0000
PI0001PI#000090,2025-10-10 00:00:00.000,Spark 40 Pro,Main Location,40.0000,18392.6800,pcs,735707.2000,735707.2000,.0000
PI0001PI#000090,2025-10-10 00:00:00.000,Spark40 (6+128),Main Location,300.0000,12874.8800,pcs,3862464.0000,3862464.0000,.0000
PI0001PI#000090,2025-10-10 00:00:00.000,Camon40 Pro,Main Location,40.0000,25704.9800,pcs,1028199.2000,1028199.2000,.0000
SI0001SI#000645,2025-10-09 00:00:00.000,Camon40 Pro,Main Location,1.0000,26410.0000,pcs,26410.0000,26013.8500,.0000
SI0001SI#000645,2025-10-09 00:00:00.000,Go2,Main Location,1.0000,10390.0000,pcs,10390.0000,10234.1500,.0000
SI0001SI#000645,2025-10-09 00:00:00.000,Spark40 (6+128),Main Location,1.0000,13210.0000,pcs,13210.0000,13011.8500,.0000
SI0001SI#000646,2025-10-09 00:00:00.000,Spark 40c (4+128),Main Location,2.0000,11790.0000,pcs,23580.0000,23226.3000,.0000
SI0001SI#000646,2025-10-09 00:00:00.000,Spark40 (6+128),Main Location,1.0000,13210.0000,pcs,13210.0000,13011.8500,.0000
SI0001SI#000646,2025-10-09 00:00:00.000,Go2,Main Location,3.0000,10390.0000,pcs,31170.0000,30702.4500,.0000
SI0001SI#000647,2025-10-09 00:00:00.000,Spark40 (6+128),Main Location,1.0000,13210.0000,pcs,13210.0000,13011.8500,.0000
SI0001SI#000648,2025-10-09 00:00:00.000,Camon40 Pro,Main Location,2.0000,26410.0000,pcs,52820.0000,52027.7000,.0000
SI0001SI#000648,2025-10-09 00:00:00.000,Pova Carve,Main Location,1.0000,31150.0000,pcs,31150.0000,30682.7500,.0000
SI0001SI#000648,2025-10-09 00:00:00.000,Spark40 (6+128),Main Location,1.0000,13210.0000,pcs,13210.0000,13011.8500,.0000
SI0001SI#000648,2025-10-09 00:00:00.000,Spark40 Pro Pius,Main Location,3.0000,23590.0000,pcs,70770.0000,69708.4500,.0000
SI0001SI#000649,2025-10-09 00:00:00.000,Camon 40 Pro 5G,Main Location,2.0000,33020.0000,pcs,66040.0000,65049.4000,.0000
SI0001SI#000649,2025-10-09 00:00:00.000,Pova Carve,Main Location,3.0000,31150.0000,pcs,93450.0000,92048.2500,.0000
SI0001SI#000650,2025-10-09 00:00:00.000,Spark40 (6+128),Main Location,20.0000,12875.0000,pcs,257500.0000,257500.0000,.0000
SI0001SI#000681,2025-10-09 00:00:00.000,Spark40 (6+128),Main Location,1.0000,13210.0000,pcs,13210.0000,13011.8500,.0000
SI0001SI#000681,2025-10-09 00:00:00.000,Go2,Main Location,1.0000,10390.0000,pcs,10390.0000,10234.1500,.0000
SI0001SI#000632,2025-10-08 00:00:00.000,Pova Carve,Main Location,1.0000,31150.0000,pcs,31150.0000,30682.7500,.0000
SI0001SI#000632,2025-10-08 00:00:00.000,Camon40 Pro,Main Location,1.0000,26410.0000,pcs,26410.0000,26013.8500,.0000
SI0001SI#000632,2025-10-08 00:00:00.000,Go2,Main Location,2.0000,10390.0000,pcs,20780.0000,20468.3000,.0000
SI0001SI#000632,2025-10-08 00:00:00.000,Spark40 (6+128),Main Location,1.0000,13210.0000,pcs,13210.0000,13011.8500,.0000
SI0001SI#000632,2025-10-08 00:00:00.000,Spark 40 Pro,Main Location,1.0000,18870.0000,pcs,18870.0000,18586.9500,.0000
SI0001SI#000633,2025-10-08 00:00:00.000,Pova Carve,Main Location,1.0000,31150.0000,pcs,31150.0000,30682.7500,.0000
SI0001SI#000633,2025-10-08 00:00:00.000,Spark40 (6+128),Main Location,15.0000,13210.0000,pcs,198150.0000,195177.7500,.0000
SI0001SI#000634,2025-10-08 00:00:00.000,Camon40 Pro,Main Location,1.0000,26410.0000,pcs,26410.0000,26013.8500,.0000
SI0001SI#000635,2025-10-08 00:00:00.000,Spark40 (6+128),Main Location,5.0000,13210.0000,pcs,66050.0000,65059.2500,.0000
SI0001SI#000635,2025-10-08 00:00:00.000,Spark 40(8+256),Main Location,5.0000,15570.0000,pcs,77850.0000,76682.2500,.0000
SI0001SI#000635,2025-10-08 00:00:00.000,Camon40 Pro,Main Location,5.0000,26410.0000,pcs,132050.0000,130069.2500,.0000
SI0001SI#000635,2025-10-08 00:00:00.000,Pova 7 Pro,Main Location,1.0000,33020.0000,pcs,33020.0000,32524.7000,.0000
SI0001SI#000636,2025-10-08 00:00:00.000,Spark 40c (4+128),Main Location,1.0000,11790.0000,pcs,11790.0000,11790.0000,.0000
SI0001SI#000636,2025-10-08 00:00:00.000,Go2,Main Location,2.0000,10390.0000,pcs,20780.0000,20780.0000,.0000
SI0001SI#000636,2025-10-08 00:00:00.000,GO1 4+128,Main Location,1.0000,11825.0000,pcs,11825.0000,11825.0000,.0000
SI0001SI#000636,2025-10-08 00:00:00.000,Spark40 (6+128),Main Location,2.0000,13210.0000,pcs,26420.0000,26420.0000,.0000
SI0001SI#000638,2025-10-08 00:00:00.000,Go2,Main Location,155.0000,10145.0000,pcs,1572475.0000,1572475.0000,.0000
SI0001SI#000638,2025-10-08 00:00:00.000,Spark40 (6+128),Main Location,250.0000,12875.0000,pcs,3218750.0000,3218750.0000,.0000
SI0001SI#000638,2025-10-08 00:00:00.000,Spark 40(8+256),Main Location,30.0000,15181.0000,pcs,455430.0000,455430.0000,.0000
SI0001SI#000638,2025-10-08 00:00:00.000,Spark 40c (4+128),Main Location,33.0000,11492.0000,pcs,379236.0000,379236.0000,.0000
SI0001SI#000638,2025-10-08 00:00:00.000,Spark 40 Pro,Main Location,15.0000,18393.0000,pcs,275895.0000,275895.0000,.0000
SI0001SI#000638,2025-10-08 00:00:00.000,Pova Slim,Main Location,30.0000,27595.0000,pcs,827850.0000,827850.0000,.0000
SI0001SI#000639,2025-10-08 00:00:00.000,Camon40 Pro,Main Location,1.0000,26410.0000,pcs,26410.0000,26013.8500,.0000
SI0001SI#000639,2025-10-08 00:00:00.000,Spark40 (6+128),Main Location,3.0000,13210.0000,pcs,39630.0000,39035.5500,.0000
SI0001SI#000640,2025-10-08 00:00:00.000,Go2,Main Location,10.0000,10390.0000,pcs,103900.0000,102341.5000,.0000
SI0001SI#000640,2025-10-08 00:00:00.000,Spark40 (6+128),Main Location,10.0000,13210.0000,pcs,132100.0000,130118.5000,.0000
SI0001SI#000640,2025-10-08 00:00:00.000,Spark 40(8+256),Main Location,3.0000,15570.0000,pcs,46710.0000,46009.3500,.0000
SI0001SI#000641,2025-10-08 00:00:00.000,Spark40 (6+128),Main Location,2.0000,13210.0000,pcs,26420.0000,26155.8000,.0000
SI0001SI#000642,2025-10-08 00:00:00.000,Camon40 Pro,Main Location,2.0000,26410.0000,pcs,52820.0000,52027.7000,.0000
SI0001SI#000643,2025-10-08 00:00:00.000,Camon40 Pro,Main Location,3.0000,26410.0000,pcs,79230.0000,78041.5500,.0000
SI0001SI#000643,2025-10-08 00:00:00.000,Spark40 (6+128),Main Location,2.0000,13210.0000,pcs,26420.0000,26023.7000,.0000
SI0001SI#000644,2025-10-08 00:00:00.000,Spark 40c (4+128),Main Location,1.0000,11790.0000,pcs,11790.0000,11790.0000,.0000
PI0001PI#000089,2025-10-08 00:00:00.000,Pova Carve,Main Location,8.0000,30370.4700,pcs,242963.7600,242963.7600,.0000
SI0001SI#000628,2025-10-07 00:00:00.000,Spark 40(8+256),Main Location,4.0000,15570.0000,pcs,62280.0000,61345.8000,.0000
SI0001SI#000629,2025-10-07 00:00:00.000,Camon40 Pro,Main Location,1.0000,26410.0000,pcs,26410.0000,26013.8500,.0000
SI0001SI#000629,2025-10-07 00:00:00.000,Pova Slim,Main Location,2.0000,28300.0000,pcs,56600.0000,55751.0000,.0000
SI0001SI#000630,2025-10-07 00:00:00.000,Camon40 Pro,Main Location,1.0000,26410.0000,pcs,26410.0000,26410.0000,.0000
SI0001SI#000631,2025-10-07 00:00:00.000,Pova Slim,Main Location,2.0000,28300.0000,pcs,56600.0000,55751.0000,.0000
SI0001SI#000631,2025-10-07 00:00:00.000,Spark 40(8+256),Main Location,1.0000,15570.0000,pcs,15570.0000,15336.4500,.0000
SI0001SI#000622,2025-10-06 00:00:00.000,Spark40 (6+128),Main Location,3.0000,13210.0000,pcs,39630.0000,39035.5500,.0000
SI0001SI#000622,2025-10-06 00:00:00.000,Spark 40 Pro,Main Location,2.0000,18870.0000,pcs,37740.0000,37173.9000,.0000
SI0001SI#000623,2025-10-06 00:00:00.000,Spark40 (6+128),Main Location,1.0000,13210.0000,pcs,13210.0000,13011.8500,.0000
SI0001SI#000624,2025-10-06 00:00:00.000,Spark 40(8+256),Main Location,5.0000,15570.0000,pcs,77850.0000,77850.0000,.0000
SI0001SI#000624,2025-10-06 00:00:00.000,Spark40 Pro Pius,Main Location,1.0000,23590.0000,pcs,23590.0000,23590.0000,.0000
SI0001SI#000624,2025-10-06 00:00:00.000,Spark40 (6+128),Main Location,2.0000,13210.0000,pcs,26420.0000,26420.0000,.0000
SI0001SI#000624,2025-10-06 00:00:00.000,Spark 40c (4+128),Main Location,3.0000,11790.0000,pcs,35370.0000,35370.0000,.0000
SI0001SI#000625,2025-10-06 00:00:00.000,Go2(3+64),Main Location,2.0000,9430.0000,pcs,18860.0000,18860.0000,.0000
SI0001SI#000625,2025-10-06 00:00:00.000,Spark40 (6+128),Main Location,2.0000,13210.0000,pcs,26420.0000,26420.0000,.0000
SI0001SI#000625,2025-10-06 00:00:00.000,Spark 40(8+256),Main Location,1.0000,15570.0000,pcs,15570.0000,15570.0000,.0000
SI0001SI#000625,2025-10-06 00:00:00.000,Spark 40c (4+128),Main Location,1.0000,11790.0000,pcs,11790.0000,11790.0000,.0000
SI0001SI#000625,2025-10-06 00:00:00.000,Go2,Main Location,2.0000,10390.0000,pcs,20780.0000,20780.0000,.0000
SI0001SI#000626,2025-10-06 00:00:00.000,Go2,Main Location,2.0000,10390.0000,pcs,20780.0000,20468.3000,.0000
SI0001SI#000626,2025-10-06 00:00:00.000,Go2(3+64),Main Location,2.0000,9430.0000,pcs,18860.0000,18577.1000,.0000
SI0001SI#000626,2025-10-06 00:00:00.000,Spark 40c (4+128),Main Location,2.0000,11790.0000,pcs,23580.0000,23226.3000,.0000
SI0001SI#000626,2025-10-06 00:00:00.000,Spark 40(8+256),Main Location,2.0000,15570.0000,pcs,31140.0000,30672.9000,.0000
SI0001SI#000626,2025-10-06 00:00:00.000,Spark40 (6+128),Main Location,2.0000,13210.0000,pcs,26420.0000,26023.7000,.0000
SI0001SI#000626,2025-10-06 00:00:00.000,Spark 40 Pro,Main Location,2.0000,18870.0000,pcs,37740.0000,37173.9000,.0000
SI0001SI#000626,2025-10-06 00:00:00.000,Spark40 Pro Pius,Main Location,1.0000,23590.0000,pcs,23590.0000,23236.1500,.0000
SI0001SI#000626,2025-10-06 00:00:00.000,Camon40 Pro,Main Location,1.0000,26410.0000,pcs,26410.0000,26013.8500,.0000
SI0001SI#000626,2025-10-06 00:00:00.000,Pova 7 Pro,Main Location,1.0000,33020.0000,pcs,33020.0000,32524.7000,.0000
SI0001SI#000626,2025-10-06 00:00:00.000,Pova Slim,Main Location,1.0000,28300.0000,pcs,28300.0000,27875.5000,.0000
SI0001SI#000627,2025-10-06 00:00:00.000,Pova Slim,Main Location,3.0000,28300.0000,pcs,84900.0000,83626.5000,.0000
SI0001SI#000620,2025-10-05 00:00:00.000,Pova Slim,Main Location,1.0000,28300.0000,pcs,28300.0000,28300.0000,.0000
SI0001SI#000620,2025-10-05 00:00:00.000,Spark 40(8+256),Main Location,1.0000,15570.0000,pcs,15570.0000,15570.0000,.0000
SI0001SI#000620,2025-10-05 00:00:00.000,Go2,Main Location,2.0000,10390.0000,pcs,20780.0000,20780.0000,.0000
SI0001SI#000620,2025-10-05 00:00:00.000,Spark 40 Pro,Main Location,1.0000,18870.0000,pcs,18870.0000,18870.0000,.0000
SI0001SI#000620,2025-10-05 00:00:00.000,Spark 40c (4+128),Main Location,2.0000,11790.0000,pcs,23580.0000,23580.0000,.0000
SI0001SI#000620,2025-10-05 00:00:00.000,Spark40 (6+128),Main Location,2.0000,13210.0000,pcs,26420.0000,26420.0000,.0000
SI0001SI#000621,2025-10-05 00:00:00.000,Pova 7 Pro,Main Location,1.0000,33020.0000,pcs,33020.0000,32524.7000,.0000
SI0001SI#000621,2025-10-05 00:00:00.000,Spark40 (6+128),Main Location,1.0000,13210.0000,pcs,13210.0000,13011.8500,.0000
SI0001SI#000621,2025-10-05 00:00:00.000,Camon40 Pro,Main Location,1.0000,26410.0000,pcs,26410.0000,26013.8500,.0000
SI0001SI#000614,2025-10-03 00:00:00.000,Camon40 Pro,Main Location,22.0000,26410.0000,pcs,581020.0000,572304.7000,.0000
SI0001SI#000615,2025-10-03 00:00:00.000,Pova 7 Pro,Main Location,1.0000,33020.0000,pcs,33020.0000,32524.7000,.0000
SI0001SI#000615,2025-10-03 00:00:00.000,Pova Slim,Main Location,1.0000,28300.0000,pcs,28300.0000,27875.5000,.0000
SI0001SI#000616,2025-10-03 00:00:00.000,Spark40 (6+128),Main Location,1.0000,13210.0000,pcs,13210.0000,13011.8500,.0000
SI0001SI#000616,2025-10-03 00:00:00.000,Spark 40c (4+128),Main Location,1.0000,11790.0000,pcs,11790.0000,11613.1500,.0000
SI0001SI#000616,2025-10-03 00:00:00.000,Spark 40(8+256),Main Location,1.0000,15570.0000,pcs,15570.0000,15336.4500,.0000
SI0001SI#000617,2025-10-03 00:00:00.000,Go2,Main Location,2.0000,10390.0000,pcs,20780.0000,20572.2000,.0000
SI0001SI#000617,2025-10-03 00:00:00.000,Spark40 (6+128),Main Location,2.0000,13210.0000,pcs,26420.0000,26155.8000,.0000
SI0001SI#000617,2025-10-03 00:00:00.000,Spark 40(8+256),Main Location,2.0000,15570.0000,pcs,31140.0000,30828.6000,.0000
SI0001SI#000617,2025-10-03 00:00:00.000,Pova Slim,Main Location,1.0000,28300.0000,pcs,28300.0000,28017.0000,.0000
SI0001SI#000617,2025-10-03 00:00:00.000,Pova 7 Pro,Main Location,1.0000,33020.0000,pcs,33020.0000,32689.8000,.0000
SI0001SI#000618,2025-10-03 00:00:00.000,Spark 40 Pro,Main Location,2.0000,18870.0000,pcs,37740.0000,37173.9000,.0000
SI0001SI#000619,2025-10-03 00:00:00.000,Camon40 Pro,Main Location,2.0000,26410.0000,pcs,52820.0000,52027.7000,.0000
SI0001SI#000619,2025-10-03 00:00:00.000,Spark40 (6+128),Main Location,5.0000,13210.0000,pcs,66050.0000,65059.2500,.0000
SI0001SI#000611,2025-10-02 00:00:00.000,Pova Slim,Main Location,2.0000,28300.0000,pcs,56600.0000,55751.0000,.0000
SI0001SI#000611,2025-10-02 00:00:00.000,Pova 7 Pro,Main Location,1.0000,33020.0000,pcs,33020.0000,32524.7000,.0000
SI0001SI#000611,2025-10-02 00:00:00.000,Spark40 (6+128),Main Location,3.0000,13210.0000,pcs,39630.0000,39035.5500,.0000
SI0001SI#000612,2025-10-02 00:00:00.000,Spark40 Pro Pius,Main Location,2.0000,23590.0000,pcs,47180.0000,46472.3000,.0000
SI0001SI#000612,2025-10-02 00:00:00.000,Go2,Main Location,3.0000,10390.0000,pcs,31170.0000,30702.4500,.0000
SI0001SI#000613,2025-10-02 00:00:00.000,Spark 40c (4+128),Main Location,4.0000,11790.0000,pcs,47160.0000,46452.6000,.0000
SI0001SI#000613,2025-10-02 00:00:00.000,Spark40 (6+128),Main Location,2.0000,13210.0000,pcs,26420.0000,26023.7000,.0000
SI0001SI#000613,2025-10-02 00:00:00.000,Spark40 Pro Pius,Main Location,2.0000,23590.0000,pcs,47180.0000,46472.3000,.0000
SI0001SI#000702,2025-10-02 00:00:00.000,Camon40 Pro,Main Location,3.0000,26410.0000,pcs,79230.0000,78041.5500,.0000
SI0001SI#000610,2025-09-30 00:00:00.000,Camon40 Pro,Main Location,1.0000,26410.0000,pcs,26410.0000,26145.9000,.0000
SI0001SI#000606,2025-09-30 00:00:00.000,Pova Slim,Main Location,1.0000,28300.0000,pcs,28300.0000,27875.5000,.0000
SI0001SI#000606,2025-09-30 00:00:00.000,Pova 7 Pro,Main Location,1.0000,33020.0000,pcs,33020.0000,32524.7000,.0000
SI0001SI#000606,2025-09-30 00:00:00.000,Spark 40c (4+128),Main Location,1.0000,11790.0000,pcs,11790.0000,11613.1500,.0000
SI0001SI#000607,2025-09-30 00:00:00.000,Pova 7 Pro,Main Location,1.0000,33020.0000,pcs,33020.0000,32524.7000,.0000
SI0001SI#000607,2025-09-30 00:00:00.000,Pova Slim,Main Location,1.0000,28300.0000,pcs,28300.0000,27875.5000,.0000
SI0001SI#000608,2025-09-30 00:00:00.000,Go2,Main Location,1.0000,10390.0000,pcs,10390.0000,10234.1500,.0000
PI0001PI#000087,2025-09-30 00:00:00.000,Go2(3+64),Main Location,25.0000,9181.3000,pcs,229532.5000,229532.5000,.0000
PI0001PI#000087,2025-09-30 00:00:00.000,Go2,Main Location,120.0000,10143.5300,pcs,1217223.6000,1217223.6000,.0000
PI0001PI#000087,2025-09-30 00:00:00.000,Spark40 (6+128),Main Location,150.0000,12874.8800,pcs,1931232.0000,1931232.0000,.0000
PI0001PI#000087,2025-09-30 00:00:00.000,Spark 40(8+256),Main Location,30.0000,15180.2200,pcs,455406.6000,455406.6000,.0000
PI0001PI#000087,2025-09-30 00:00:00.000,Spark 40 Pro,Main Location,20.0000,18392.6800,pcs,367853.6000,367853.6000,.0000
PI0001PI#000087,2025-09-30 00:00:00.000,Camon40 Pro,Main Location,50.0000,25704.9800,pcs,1285249.0000,1285249.0000,.0000
PI0001PI#000087,2025-09-30 00:00:00.000,Camon 40 Pro 5G,Main Location,5.0000,32164.6200,pcs,160823.1000,160823.1000,.0000
PI0001PI#000087,2025-09-30 00:00:00.000,Pova Slim,Main Location,20.0000,27594.0200,pcs,551880.4000,551880.4000,.0000
PI0001PI#000087,2025-09-30 00:00:00.000,Pova 7 Pro,Main Location,10.0000,32194.7000,pcs,321947.0000,321947.0000,.0000
PI0001PI#000083,2025-09-29 00:00:00.000,Go2,Main Location,159.0000,10144.1000,pcs,1612911.9000,1612911.9000,.0000
PI0001PI#000084,2025-09-29 00:00:00.000,Pova 7 Pro,Main Location,18.0000,32194.7000,pcs,579504.6000,579504.6000,.0000
PI0001PI#000084,2025-09-29 00:00:00.000,Pova Slim,Main Location,29.0000,27594.0200,pcs,800226.5800,800226.5800,.0000
PI0001PI#000085,2025-09-29 00:00:00.000,Live Demo Pova 7,Main Location,2.0000,24573.0000,pcs,49146.0000,49146.0000,.0000
PI0001PI#000085,2025-09-29 00:00:00.000,Live DEMO Pova Silm,Main Location,2.0000,21063.0000,pcs,42126.0000,42126.0000,.0000
SI0001SI#000601,2025-09-29 00:00:00.000,Go2,Main Location,3.0000,10390.0000,pcs,31170.0000,30702.4500,.0000
SI0001SI#000601,2025-09-29 00:00:00.000,Spark40 (6+128),Main Location,2.0000,13210.0000,pcs,26420.0000,26023.7000,.0000
SI0001SI#000602,2025-09-29 00:00:00.000,Pova 7 Pro,Main Location,3.0000,33020.0000,pcs,99060.0000,97574.1000,.0000
SI0001SI#000602,2025-09-29 00:00:00.000,Pova Slim,Main Location,4.0000,28300.0000,pcs,113200.0000,111502.0000,.0000
SI0001SI#000603,2025-09-29 00:00:00.000,Spark 40(8+256),Main Location,9.0000,15182.0000,pcs,136638.0000,136638.0000,.0000
SI0001SI#000604,2025-09-29 00:00:00.000,Live Demo Pova 7,Main Location,1.0000,24573.0000,pcs,24573.0000,24573.0000,.0000
SI0001SI#000604,2025-09-29 00:00:00.000,Live DEMO Pova Silm,Main Location,1.0000,21063.0000,pcs,21063.0000,21063.0000,.0000
SI0001SI#000605,2025-09-29 00:00:00.000,Live Demo Pova 7,Main Location,1.0000,24573.0000,pcs,24573.0000,24573.0000,.0000
SI0001SI#000605,2025-09-29 00:00:00.000,Live DEMO Pova Silm,Main Location,1.0000,21063.0000,pcs,21063.0000,21063.0000,.0000
SI0001SI#000598,2025-09-26 00:00:00.000,Go2,Main Location,50.0000,10145.0000,pcs,507250.0000,507250.0000,.0000
SI0001SI#000598,2025-09-26 00:00:00.000,Spark40 (6+128),Main Location,60.0000,12876.0000,pcs,772560.0000,772560.0000,.0000
SI0001SI#000598,2025-09-26 00:00:00.000,Spark 40(8+256),Main Location,7.0000,15182.0000,pcs,106274.0000,106274.0000,.0000
SI0001SI#000599,2025-09-26 00:00:00.000,Spark 40 Pro,Main Location,20.0000,18392.0000,pcs,367840.0000,367840.0000,.0000
SI0001SI#000599,2025-09-26 00:00:00.000,Camon40 Pro,Main Location,10.0000,25708.0000,pcs,257080.0000,257080.0000,.0000
SI0001SI#000599,2025-09-26 00:00:00.000,Spark 40(8+256),Main Location,10.0000,15181.0000,pcs,151810.0000,151810.0000,.0000
SI0001SI#000599,2025-09-26 00:00:00.000,Spark40 (6+128),Main Location,10.0000,12876.0000,pcs,128760.0000,128760.0000,.0000
SI0001SI#000599,2025-09-26 00:00:00.000,Spark 40c (4+128),Main Location,30.0000,11493.0000,pcs,344790.0000,344790.0000,.0000
SI0001SI#000600,2025-09-26 00:00:00.000,Camon40 Pro,Main Location,2.0000,26410.0000,pcs,52820.0000,52027.7000,.0000
SI0001SI#000594,2025-09-25 00:00:00.000,Spark 40 Pro,Main Location,3.0000,18870.0000,pcs,56610.0000,55760.8500,.0000
SI0001SI#000595,2025-09-25 00:00:00.000,Spark40 (6+128),Main Location,2.0000,13210.0000,pcs,26420.0000,26023.7000,.0000
SI0001SI#000595,2025-09-25 00:00:00.000,Spark 40(8+256),Main Location,1.0000,15570.0000,pcs,15570.0000,15336.4500,.0000
SI0001SI#000596,2025-09-25 00:00:00.000,Spark 40(8+256),Main Location,5.0000,15181.0000,pcs,75905.0000,75905.0000,.0000
SI0001SI#000596,2025-09-25 00:00:00.000,Go2,Main Location,10.0000,10145.0000,pcs,101450.0000,101450.0000,.0000
SI0001SI#000597,2025-09-25 00:00:00.000,Spark40 Pro Pius,Main Location,1.0000,23590.0000,pcs,23590.0000,23354.1000,.0000
PI0001PI#000082,2025-09-25 00:00:00.000,Go2(3+64),Main Location,50.0000,9181.8100,pcs,459090.5000,459090.5000,.0000
PI0001PI#000082,2025-09-25 00:00:00.000,Go2,Main Location,100.0000,10144.1000,pcs,1014410.0000,1014410.0000,.0000
PI0001PI#000082,2025-09-25 00:00:00.000,Spark 40c (4+128),Main Location,50.0000,11491.6700,pcs,574583.5000,574583.5000,.0000
PI0001PI#000082,2025-09-25 00:00:00.000,Spark 40(8+256),Main Location,39.0000,15180.2200,pcs,592028.5800,592028.5800,.0000
PI0001PI#000082,2025-09-25 00:00:00.000,Camon40 Pro,Main Location,20.0000,25707.0000,pcs,514140.0000,514140.0000,.0000
SI0001SI#000592,2025-09-24 00:00:00.000,Spark 40 Pro,Main Location,1.0000,18870.0000,pcs,18870.0000,18586.9500,.0000
SI0001SI#000593,2025-09-24 00:00:00.000,Camon40 Pro,Main Location,62.0000,25708.0000,pcs,1593896.0000,1593896.0000,.0000
SI0001SI#000593,2025-09-24 00:00:00.000,Go2,Main Location,50.0000,10145.0000,pcs,507250.0000,507250.0000,.0000
SI0001SI#000593,2025-09-24 00:00:00.000,Go2(3+64),Main Location,10.0000,9181.0000,pcs,91810.0000,91810.0000,.0000
SI0001SI#000593,2025-09-24 00:00:00.000,Spark 40(8+256),Main Location,10.0000,15181.0000,pcs,151810.0000,151795.0000,.0000
SI0001SI#000590,2025-09-23 00:00:00.000,Spark40 (6+128),Main Location,5.0000,12876.0000,pcs,64380.0000,64380.0000,.0000
SI0001SI#000590,2025-09-23 00:00:00.000,Spark 40(8+256),Main Location,3.0000,15182.0000,pcs,45546.0000,45546.0000,.0000
SI0001SI#000590,2025-09-23 00:00:00.000,Spark 40 Pro,Main Location,2.0000,18393.0000,pcs,36786.0000,36786.0000,.0000
PI0001PI#000081,2025-09-23 00:00:00.000,Go2,Main Location,150.0000,10144.1000,pcs,1521615.0000,1521615.0000,.0000
PI0001PI#000081,2025-09-23 00:00:00.000,Camon40 Pro,Main Location,30.0000,25707.0000,pcs,771210.0000,771210.0000,.0000
PI0001PI#000081,2025-09-23 00:00:00.000,Spark 40 Pro,Main Location,25.0000,18392.6800,pcs,459817.0000,459817.0000,.0000
PI0001PI#000080,2025-09-22 00:00:00.000,Camon40 Pro,Main Location,44.0000,25707.0000,pcs,1131108.0000,1131108.0000,.0000
PI0001PI#000080,2025-09-22 00:00:00.000,Spark40 (6+128),Main Location,146.0000,12874.8700,pcs,1879731.0200,1879731.0200,.0000
SI0001SI#000586,2025-09-22 00:00:00.000,Spark40 (6+128),Main Location,3.0000,13210.0000,pcs,39630.0000,39035.5500,.0000
SI0001SI#000587,2025-09-22 00:00:00.000,Camon40 Pro,Main Location,10.0000,26410.0000,pcs,264100.0000,258818.0000,.0000
SI0001SI#000587,2025-09-22 00:00:00.000,Spark 40c (4+128),Main Location,6.0000,11790.0000,pcs,70740.0000,69325.2000,.0000
SI0001SI#000588,2025-09-22 00:00:00.000,Camon40 Pro,Main Location,1.0000,26410.0000,pcs,26410.0000,25881.8000,.0000
SI0001SI#000588,2025-09-22 00:00:00.000,Spark 40 Pro,Main Location,1.0000,18870.0000,pcs,18870.0000,18492.6000,.0000
SI0001SI#000588,2025-09-22 00:00:00.000,Go2,Main Location,1.0000,10390.0000,pcs,10390.0000,10182.2000,.0000
SI0001SI#000589,2025-09-22 00:00:00.000,Camon40 Pro,Main Location,1.0000,26410.0000,pcs,26410.0000,26013.8500,.0000
SI0001SI#000582,2025-09-21 00:00:00.000,Spark 40(8+256),Main Location,65.0000,15180.2200,pcs,986714.3000,986714.3000,.0000
SI0001SI#000582,2025-09-21 00:00:00.000,Spark 40 Pro,Main Location,55.0000,18392.6800,pcs,1011597.4000,1011597.4000,.0000
SI0001SI#000582,2025-09-21 00:00:00.000,Go2(3+64),Main Location,120.0000,9181.3000,pcs,1101756.0000,1101756.0000,.0000
SI0001SI#000582,2025-09-21 00:00:00.000,Go2,Main Location,10.0000,10144.0000,pcs,101440.0000,101440.0000,.0000
SI0001SI#000582,2025-09-21 00:00:00.000,Spark40 (6+128),Main Location,20.0000,12875.0000,pcs,257500.0000,257500.0000,.0000
SI0001SI#000582,2025-09-21 00:00:00.000,Camon40 Pro,Main Location,14.0000,25708.0000,pcs,359912.0000,359912.0000,.0000
SI0001SI#000583,2025-09-21 00:00:00.000,Go2,Main Location,5.0000,10390.0000,pcs,51950.0000,51170.7500,.0000
SI0001SI#000584,2025-09-21 00:00:00.000,Spark40 (6+128),Main Location,10.0000,13210.0000,pcs,132100.0000,129458.0000,.0000
SI0001SI#000585,2025-09-21 00:00:00.000,Camon40 Pro,Main Location,1.0000,26410.0000,pcs,26410.0000,26013.8500,.0000
SI0001SI#000585,2025-09-21 00:00:00.000,Spark 40 Pro,Main Location,1.0000,18870.0000,pcs,18870.0000,18870.0000,.0000
SI0001SI#000609,2025-09-20 00:00:00.000,Camon40 Pro,Main Location,4.0000,25708.0000,pcs,102832.0000,102832.0000,.0000
SI0001SI#000576,2025-09-19 00:00:00.000,Camon40 Pro,Main Location,4.0000,26410.0000,pcs,105640.0000,104055.4000,.0000
SI0001SI#000577,2025-09-19 00:00:00.000,Camon40 Pro,Main Location,1.0000,26410.0000,pcs,26410.0000,25802.5700,.0000
SI0001SI#000577,2025-09-19 00:00:00.000,Go2(3+64),Main Location,1.0000,9430.0000,pcs,9430.0000,9213.1100,.0000
SI0001SI#000577,2025-09-19 00:00:00.000,Spark 40 Pro,Main Location,1.0000,18870.0000,pcs,18870.0000,18435.9900,.0000
SI0001SI#000577,2025-09-19 00:00:00.000,Spark40 Pro Pius,Main Location,1.0000,23590.0000,pcs,23590.0000,23047.4300,.0000
SI0001SI#000577,2025-09-19 00:00:00.000,Spark 40(8+256),Main Location,10.0000,15181.0000,pcs,151810.0000,151810.0000,.0000
SI0001SI#000577,2025-09-19 00:00:00.000,Spark40 (6+128),Main Location,1.0000,13210.0000,pcs,13210.0000,12906.1700,.0000
SI0001SI#000577,2025-09-19 00:00:00.000,Go2,Main Location,1.0000,10390.0000,pcs,10390.0000,10151.0300,.0000
SI0001SI#000578,2025-09-19 00:00:00.000,Go2,Main Location,4.0000,10390.0000,pcs,41560.0000,41144.4000,.0000
SI0001SI#000578,2025-09-19 00:00:00.000,Spark 40c (4+128),Main Location,2.0000,11790.0000,pcs,23580.0000,23344.2000,.0000
SI0001SI#000578,2025-09-19 00:00:00.000,Spark40 (6+128),Main Location,2.0000,13210.0000,pcs,26420.0000,26155.8000,.0000
SI0001SI#000579,2025-09-19 00:00:00.000,Spark 40(8+256),Main Location,1.0000,15570.0000,pcs,15570.0000,15414.3000,.0000
SI0001SI#000579,2025-09-19 00:00:00.000,Camon40 Pro,Main Location,2.0000,26410.0000,pcs,52820.0000,52291.8000,.0000
SI0001SI#000580,2025-09-19 00:00:00.000,Spark 40 Pro,Main Location,2.0000,18870.0000,pcs,37740.0000,37173.9000,.0000
SI0001SI#000580,2025-09-19 00:00:00.000,Go2,Main Location,2.0000,10390.0000,pcs,20780.0000,20468.3000,.0000
SI0001SI#000581,2025-09-19 00:00:00.000,Go2,Main Location,2.0000,10390.0000,pcs,20780.0000,20468.3000,.0000
SI0001SI#000581,2025-09-19 00:00:00.000,Spark40 (6+128),Main Location,2.0000,13210.0000,pcs,26420.0000,26023.7000,.0000
SI0001SI#000581,2025-09-19 00:00:00.000,Spark 40(8+256),Main Location,1.0000,15570.0000,pcs,15570.0000,15336.4500,.0000
SI0001SI#000581,2025-09-19 00:00:00.000,Camon40 Pro,Main Location,2.0000,26410.0000,pcs,52820.0000,52027.7000,.0000
SI0001SI#000574,2025-09-18 00:00:00.000,Camon40 Pro,Main Location,3.0000,26410.0000,pcs,79230.0000,78041.5500,.0000
SI0001SI#000575,2025-09-18 00:00:00.000,Spark 40 Pro,Main Location,1.0000,18870.0000,pcs,18870.0000,18586.9500,.0000
SI0001SI#000575,2025-09-18 00:00:00.000,Spark40 (6+128),Main Location,1.0000,13210.0000,pcs,13210.0000,13011.8500,.0000
SI0001SI#000571,2025-09-17 00:00:00.000,Spark 40(8+256),Main Location,3.0000,15570.0000,pcs,46710.0000,46009.3500,.0000
SI0001SI#000572,2025-09-17 00:00:00.000,Camon40 Pro,Main Location,1.0000,26410.0000,pcs,26410.0000,26013.8500,.0000
SI0001SI#000573,2025-09-17 00:00:00.000,Spark 40 Pro,Main Location,2.0000,18870.0000,pcs,37740.0000,37173.9000,.0000
SI0001SI#000568,2025-09-16 00:00:00.000,Go2,Main Location,32.0000,10145.0000,pcs,324640.0000,324640.0000,.0000
SI0001SI#000568,2025-09-16 00:00:00.000,Spark40 (6+128),Main Location,20.0000,12876.0000,pcs,257520.0000,257520.0000,.0000
SI0001SI#000568,2025-09-16 00:00:00.000,Spark 40 Pro,Main Location,5.0000,18395.0000,pcs,91975.0000,91975.0000,.0000
SI0001SI#000568,2025-09-16 00:00:00.000,Spark 40(8+256),Main Location,13.0000,15190.0000,pcs,197470.0000,197470.0000,.0000
SI0001SI#000568,2025-09-16 00:00:00.000,Camon40 Pro,Main Location,5.0000,26410.0000,pcs,132050.0000,130069.2500,.0000
SI0001SI#000569,2025-09-16 00:00:00.000,Camon40 Pro,Main Location,2.0000,26410.0000,pcs,52820.0000,52027.7000,.0000
SI0001SI#000569,2025-09-16 00:00:00.000,Spark40 (6+128),Main Location,2.0000,13210.0000,pcs,26420.0000,26023.7000,.0000
SI0001SI#000569,2025-09-16 00:00:00.000,Spark 40(8+256),Main Location,1.0000,15570.0000,pcs,15570.0000,15336.4500,.0000
SI0001SI#000570,2025-09-16 00:00:00.000,Camon40 Pro,Main Location,1.0000,26410.0000,pcs,26410.0000,26013.8500,.0000
PI0001PI#000078,2025-09-16 00:00:00.000,Spark40 (6+128),Main Location,20.0000,12874.8700,pcs,257497.4000,257497.4000,.0000
PI0001PI#000077,2025-09-15 00:00:00.000,Spark 40 Pro,Main Location,30.0000,18392.6800,pcs,551780.4000,551780.4000,.0000
PI0001PI#000077,2025-09-15 00:00:00.000,Spark 40c (4+128),Main Location,40.0000,11491.6700,pcs,459666.8000,459666.8000,.0000
PI0001PI#000077,2025-09-15 00:00:00.000,Spark40 (6+128),Main Location,40.0000,12874.8700,pcs,514994.8000,514994.8000,.0000
PI0001PI#000077,2025-09-15 00:00:00.000,Spark 40(8+256),Main Location,20.0000,15180.2200,pcs,303604.4000,303604.4000,.0000
PI0001PI#000086,2025-09-15 00:00:00.000,Spark40 (6+128),Main Location,21.0000,12874.8700,pcs,270372.2700,270372.2700,.0000
SI0001SI#000561,2025-09-15 00:00:00.000,Go2,Main Location,2.0000,10390.0000,pcs,20780.0000,20780.0000,.0000
SI0001SI#000561,2025-09-15 00:00:00.000,Spark 40 Pro,Main Location,1.0000,18870.0000,pcs,18870.0000,18870.0000,.0000
SI0001SI#000562,2025-09-15 00:00:00.000,Spark 40(8+256),Main Location,2.0000,15570.0000,pcs,31140.0000,30672.9000,.0000
SI0001SI#000563,2025-09-15 00:00:00.000,Camon40 Pro,Main Location,2.0000,26410.0000,pcs,52820.0000,52027.7000,.0000
SI0001SI#000563,2025-09-15 00:00:00.000,Spark 40(8+256),Main Location,3.0000,15570.0000,pcs,46710.0000,46009.3500,.0000
SI0001SI#000563,2025-09-15 00:00:00.000,Spark 40 Pro,Main Location,1.0000,18870.0000,pcs,18870.0000,18586.9500,.0000
SI0001SI#000563,2025-09-15 00:00:00.000,Spark40 Pro Pius,Main Location,1.0000,23590.0000,pcs,23590.0000,23236.1500,.0000
SI0001SI#000563,2025-09-15 00:00:00.000,Go2,Main Location,1.0000,10390.0000,pcs,10390.0000,10234.1500,.0000
SI0001SI#000564,2025-09-15 00:00:00.000,Spark 40c (4+128),Main Location,1.0000,11790.0000,pcs,11790.0000,11613.1500,.0000
SI0001SI#000565,2025-09-15 00:00:00.000,Spark40 (6+128),Main Location,1.0000,13210.0000,pcs,13210.0000,13011.8500,.0000
SI0001SI#000566,2025-09-15 00:00:00.000,Spark40 Pro Pius,Main Location,2.0000,23590.0000,pcs,47180.0000,46472.3000,.0000
SI0001SI#000566,2025-09-15 00:00:00.000,Spark 40 Pro,Main Location,2.0000,18870.0000,pcs,37740.0000,37173.9000,.0000
SI0001SI#000567,2025-09-15 00:00:00.000,Spark40 (6+128),Main Location,2.0000,13210.0000,pcs,26420.0000,26155.8000,.0000
SI0001SI#000567,2025-09-15 00:00:00.000,Spark 40 Pro,Main Location,1.0000,18870.0000,pcs,18870.0000,18681.3000,.0000
SI0001SI#000557,2025-09-14 00:00:00.000,Go2,Main Location,20.0000,10145.0000,pcs,202900.0000,202900.0000,.0000
SI0001SI#000557,2025-09-14 00:00:00.000,Spark 40 Pro,Main Location,10.0000,18394.0000,pcs,183940.0000,183940.0000,.0000
SI0001SI#000557,2025-09-14 00:00:00.000,Camon40 Pro,Main Location,1.0000,26410.0000,pcs,26410.0000,25881.8000,.0000
SI0001SI#000558,2025-09-14 00:00:00.000,Go2,Main Location,1.0000,10390.0000,pcs,10390.0000,10234.1500,.0000
SI0001SI#000558,2025-09-14 00:00:00.000,Spark40 (6+128),Main Location,1.0000,13210.0000,pcs,13210.0000,13011.8500,.0000
SI0001SI#000559,2025-09-14 00:00:00.000,Spark 40c (4+128),Main Location,2.0000,11790.0000,pcs,23580.0000,23226.3000,.0000
SI0001SI#000559,2025-09-14 00:00:00.000,Go2(3+64),Main Location,3.0000,9430.0000,pcs,28290.0000,27865.6500,.0000
SI0001SI#000560,2025-09-14 00:00:00.000,Camon 40(8+128),Main Location,1.0000,21220.0000,pcs,21220.0000,20901.7000,.0000
SI0001SI#000560,2025-09-14 00:00:00.000,Spark40 (6+128),Main Location,2.0000,13210.0000,pcs,26420.0000,26023.7000,.0000
SI0001SI#000560,2025-09-14 00:00:00.000,Go2(3+64),Main Location,1.0000,9433.0000,pcs,9433.0000,9291.5000,.0000
SI0001SI#000560,2025-09-14 00:00:00.000,Camon 40 Pro 5G,Main Location,1.0000,33020.0000,pcs,33020.0000,32524.7000,.0000
SI0001SI#000560,2025-09-14 00:00:00.000,Spark 40 Pro,Main Location,2.0000,18870.0000,pcs,37740.0000,37173.9000,.0000
SI0001SI#000551,2025-09-12 00:00:00.000,Spark40 (6+128),Main Location,18.0000,12876.0000,pcs,231768.0000,231768.0000,.0000
SI0001SI#000551,2025-09-12 00:00:00.000,Go2,Main Location,100.0000,10145.0000,pcs,1014500.0000,1014500.0000,.0000
SI0001SI#000552,2025-09-12 00:00:00.000,Camon40 Pro,Main Location,1.0000,26410.0000,pcs,26410.0000,26013.8500,.0000
SI0001SI#000552,2025-09-12 00:00:00.000,Go2,Main Location,1.0000,10390.0000,pcs,10390.0000,10234.1500,.0000
SI0001SI#000552,2025-09-12 00:00:00.000,Spark40 (6+128),Main Location,1.0000,13210.0000,pcs,13210.0000,13011.8500,.0000
SI0001SI#000552,2025-09-12 00:00:00.000,Spark40 Pro Pius,Main Location,1.0000,23590.0000,pcs,23590.0000,23236.1500,.0000
SI0001SI#000553,2025-09-12 00:00:00.000,Spark 40c (4+128),Main Location,3.0000,11790.0000,pcs,35370.0000,34839.4500,.0000
SI0001SI#000553,2025-09-12 00:00:00.000,Spark40 Pro Pius,Main Location,2.0000,23590.0000,pcs,47180.0000,46472.3000,.0000
SI0001SI#000553,2025-09-12 00:00:00.000,Spark40 (6+128),Main Location,2.0000,13210.0000,pcs,26420.0000,26023.7000,.0000
SI0001SI#000553,2025-09-12 00:00:00.000,Spark 40(8+256),Main Location,1.0000,15570.0000,pcs,15570.0000,15336.4500,.0000
SI0001SI#000554,2025-09-12 00:00:00.000,Go2,Main Location,5.0000,10390.0000,pcs,51950.0000,51170.7500,.0000
SI0001SI#000554,2025-09-12 00:00:00.000,Camon40 Pro,Main Location,2.0000,26410.0000,pcs,52820.0000,52027.7000,.0000
SI0001SI#000555,2025-09-12 00:00:00.000,Spark 40 Pro,Main Location,1.0000,18870.0000,pcs,18870.0000,18681.3000,.0000
SI0001SI#000555,2025-09-12 00:00:00.000,Spark40 (6+128),Main Location,1.0000,13210.0000,pcs,13210.0000,13077.9000,.0000
SI0001SI#000556,2025-09-12 00:00:00.000,Spark 40 Pro,Main Location,2.0000,18870.0000,pcs,37740.0000,36871.9800,.0000
PI0001PI#000076,2025-09-12 00:00:00.000,Go2,Main Location,180.0000,10144.1000,pcs,1825938.0000,1825938.0000,.0000
PI0001PI#000076,2025-09-12 00:00:00.000,Spark 40 Pro,Main Location,28.0000,18392.6800,pcs,514995.0400,514995.0400,.0000
PI0001PI#000075,2025-09-11 00:00:00.000,Camon40 Pro,Main Location,15.0000,25707.0000,pcs,385605.0000,385605.0000,.0000
SI0001SI#000545,2025-09-11 00:00:00.000,Spark 40 Pro,Main Location,2.0000,18870.0000,pcs,37740.0000,37173.9000,.0000
SI0001SI#000545,2025-09-11 00:00:00.000,Spark40 Pro Pius,Main Location,1.0000,23590.0000,pcs,23590.0000,23236.1500,.0000
SI0001SI#000545,2025-09-11 00:00:00.000,Camon 40 Pro 5G,Main Location,1.0000,33020.0000,pcs,33020.0000,32524.7000,.0000
SI0001SI#000545,2025-09-11 00:00:00.000,Spark 40c (4+128),Main Location,2.0000,11790.0000,pcs,23580.0000,23580.0000,.0000
SI0001SI#000546,2025-09-11 00:00:00.000,Spark 40 Pro,Main Location,1.0000,18870.0000,pcs,18870.0000,18870.0000,.0000
SI0001SI#000546,2025-09-11 00:00:00.000,Spark40 (6+128),Main Location,2.0000,13210.0000,pcs,26420.0000,26420.0000,.0000
SI0001SI#000546,2025-09-11 00:00:00.000,Go2,Main Location,1.0000,10390.0000,pcs,10390.0000,10390.0000,.0000
SI0001SI#000547,2025-09-11 00:00:00.000,Spark40 (6+128),Main Location,1.0000,13210.0000,pcs,13210.0000,13011.8500,.0000
SI0001SI#000547,2025-09-11 00:00:00.000,Spark 40(8+256),Main Location,1.0000,15570.0000,pcs,15570.0000,15336.4500,.0000
SI0001SI#000547,2025-09-11 00:00:00.000,Go2,Main Location,2.0000,10390.0000,pcs,20780.0000,20468.3000,.0000
SI0001SI#000547,2025-09-11 00:00:00.000,Spark 40 Pro,Main Location,1.0000,18870.0000,pcs,18870.0000,18586.9500,.0000
SI0001SI#000548,2025-09-11 00:00:00.000,Go2,Main Location,2.0000,10390.0000,pcs,20780.0000,20468.3000,.0000
SI0001SI#000548,2025-09-11 00:00:00.000,Spark40 (6+128),Main Location,1.0000,13210.0000,pcs,13210.0000,13011.8500,.0000
SI0001SI#000549,2025-09-11 00:00:00.000,Spark 40(8+256),Main Location,1.0000,15570.0000,pcs,15570.0000,15336.4500,.0000
SI0001SI#000550,2025-09-11 00:00:00.000,Go2,Main Location,20.0000,10145.0000,pcs,202900.0000,202900.0000,.0000
SI0001SI#000550,2025-09-11 00:00:00.000,Spark 40 Pro,Main Location,10.0000,18393.0000,pcs,183930.0000,183930.0000,.0000
SI0001SI#000550,2025-09-11 00:00:00.000,Spark40 Pro Pius,Main Location,5.0000,22993.0000,pcs,114965.0000,114965.0000,.0000
SI0001SI#000550,2025-09-11 00:00:00.000,Spark 40(8+256),Main Location,10.0000,15181.0000,pcs,151810.0000,151810.0000,.0000
SI0001SI#000550,2025-09-11 00:00:00.000,Spark40 (6+128),Main Location,1.0000,12876.0000,pcs,12876.0000,12876.0000,.0000
SI0001SI#000539,2025-09-10 00:00:00.000,Camon40 Pro,Main Location,1.0000,26410.0000,pcs,26410.0000,26013.8500,.0000
SI0001SI#000539,2025-09-10 00:00:00.000,Spark 40c (4+128),Main Location,1.0000,11790.0000,pcs,11790.0000,11613.1500,.0000
SI0001SI#000539,2025-09-10 00:00:00.000,Go2,Main Location,1.0000,10390.0000,pcs,10390.0000,10234.1500,.0000
SI0001SI#000540,2025-09-10 00:00:00.000,Spark40 Pro Pius,Main Location,2.0000,23590.0000,pcs,47180.0000,46472.3000,.0000
SI0001SI#000540,2025-09-10 00:00:00.000,Spark 40 Pro,Main Location,4.0000,18870.0000,pcs,75480.0000,74347.8000,.0000
SI0001SI#000540,2025-09-10 00:00:00.000,Spark 40(8+256),Main Location,4.0000,15570.0000,pcs,62280.0000,61345.8000,.0000
SI0001SI#000540,2025-09-10 00:00:00.000,Spark40 (6+128),Main Location,6.0000,13210.0000,pcs,79260.0000,78071.1000,.0000
SI0001SI#000540,2025-09-10 00:00:00.000,Go2,Main Location,10.0000,10390.0000,pcs,103900.0000,102341.5000,.0000
SI0001SI#000541,2025-09-10 00:00:00.000,Go2,Main Location,10.0000,10390.0000,pcs,103900.0000,102341.5000,.0000
SI0001SI#000541,2025-09-10 00:00:00.000,Spark 40c (4+128),Main Location,1.0000,11790.0000,pcs,11790.0000,11613.1500,.0000
SI0001SI#000542,2025-09-10 00:00:00.000,Go2,Main Location,1.0000,10390.0000,pcs,10390.0000,10234.1500,.0000
SI0001SI#000542,2025-09-10 00:00:00.000,Spark40 Pro Pius,Main Location,1.0000,23590.0000,pcs,23590.0000,23236.1500,.0000
SI0001SI#000542,2025-09-10 00:00:00.000,Camon40 Pro,Main Location,1.0000,26410.0000,pcs,26410.0000,26013.8500,.0000
SI0001SI#000542,2025-09-10 00:00:00.000,Spark 40c (4+128),Main Location,1.0000,11790.0000,pcs,11790.0000,11613.1500,.0000
SI0001SI#000542,2025-09-10 00:00:00.000,Spark 40 Pro,Main Location,1.0000,18870.0000,pcs,18870.0000,18586.9500,.0000
SI0001SI#000543,2025-09-10 00:00:00.000,Camon40 Pro,Main Location,9.0000,26410.0000,pcs,237690.0000,234124.6500,.0000
SI0001SI#000543,2025-09-10 00:00:00.000,Go2,Main Location,1.0000,10390.0000,pcs,10390.0000,10234.1500,.0000
SI0001SI#000544,2025-09-10 00:00:00.000,Spark40 (6+128),Main Location,2.0000,13210.0000,pcs,26420.0000,26155.8000,.0000
SI0001SI#000544,2025-09-10 00:00:00.000,Spark40 Pro Pius,Main Location,1.0000,23590.0000,pcs,23590.0000,23354.1000,.0000
SI0001SI#000544,2025-09-10 00:00:00.000,Spark 40(8+256),Main Location,1.0000,15570.0000,pcs,15570.0000,15414.3000,.0000
PI0001PI#000074,2025-09-10 00:00:00.000,Camon40 Pro,Main Location,10.0000,25707.0000,pcs,257070.0000,257070.0000,.0000
PI0001PI#000073,2025-09-09 00:00:00.000,Go2,Main Location,295.0000,10144.1000,pcs,2992509.5000,2992509.5000,.0000
PI0001PI#000073,2025-09-09 00:00:00.000,Spark 40c (4+128),Main Location,64.0000,11491.6700,pcs,735466.8800,735466.8800,.0000
PI0001PI#000073,2025-09-09 00:00:00.000,Spark 40(8+256),Main Location,59.0000,15180.2200,pcs,895632.9800,895632.9800,.0000
PI0001PI#000073,2025-09-09 00:00:00.000,Spark40 Pro Pius,Main Location,88.0000,22993.3400,pcs,2023413.9200,2023413.9200,.0000
PI0001PI#000073,2025-09-09 00:00:00.000,Camon 40 Pro 5G,Main Location,5.0000,32164.0000,pcs,160820.0000,160820.0000,.0000
SI0001SI#000534,2025-09-09 00:00:00.000,Spark40 Pro Pius,Main Location,1.0000,23590.0000,pcs,23590.0000,23236.1500,.0000
SI0001SI#000534,2025-09-09 00:00:00.000,Go2,Main Location,2.0000,10390.0000,pcs,20780.0000,20468.3000,.0000
SI0001SI#000535,2025-09-09 00:00:00.000,Spark40 Pro Pius,Main Location,1.0000,23590.0000,pcs,23590.0000,23590.0000,.0000
SI0001SI#000536,2025-09-09 00:00:00.000,Camon40 Pro,Main Location,2.0000,26410.0000,pcs,52820.0000,52291.8000,.0000
SI0001SI#000536,2025-09-09 00:00:00.000,Spark40 (6+128),Main Location,1.0000,13210.0000,pcs,13210.0000,13077.9000,.0000
SI0001SI#000537,2025-09-09 00:00:00.000,Spark 40 Pro,Main Location,5.0000,18870.0000,pcs,94350.0000,92463.0000,.0000
SI0001SI#000537,2025-09-09 00:00:00.000,Spark40 Pro Pius,Main Location,5.0000,23590.0000,pcs,117950.0000,115591.0000,.0000
SI0001SI#000537,2025-09-09 00:00:00.000,Camon40 Pro,Main Location,1.0000,26410.0000,pcs,26410.0000,26013.8500,.0000
SI0001SI#000538,2025-09-09 00:00:00.000,Spark40 (6+128),Main Location,12.0000,13210.0000,pcs,158520.0000,154874.0400,.0000
SI0001SI#000538,2025-09-09 00:00:00.000,Spark 40 Pro,Main Location,3.0000,18870.0000,pcs,56610.0000,55307.9700,.0000
SI0001SI#000538,2025-09-09 00:00:00.000,Spark40 Pro Pius,Main Location,5.0000,23590.0000,pcs,117950.0000,115591.0000,.0000
SI0001SI#000528,2025-09-08 00:00:00.000,Spark40 Pro Pius,Main Location,1.0000,23590.0000,pcs,23590.0000,23354.1000,.0000
SI0001SI#000529,2025-09-08 00:00:00.000,Camon 40 Pro 5G,Main Location,3.0000,33020.0000,pcs,99060.0000,97574.1000,.0000
SI0001SI#000529,2025-09-08 00:00:00.000,Spark 40 Pro,Main Location,2.0000,18870.0000,pcs,37740.0000,37173.9000,.0000
SI0001SI#000529,2025-09-08 00:00:00.000,Spark40 (6+128),Main Location,2.0000,13210.0000,pcs,26420.0000,26023.7000,.0000
SI0001SI#000529,2025-09-08 00:00:00.000,Spark 40c (4+128),Main Location,2.0000,11790.0000,pcs,23580.0000,23226.3000,.0000
SI0001SI#000530,2025-09-08 00:00:00.000,Go2,Main Location,4.0000,10390.0000,pcs,41560.0000,40728.8000,.0000
SI0001SI#000530,2025-09-08 00:00:00.000,Go2,Main Location,20.0000,10390.0000,pcs,207800.0000,203644.0000,.0000
SI0001SI#000530,2025-09-08 00:00:00.000,Spark40 (6+128),Main Location,5.0000,13210.0000,pcs,66050.0000,64729.0000,.0000
SI0001SI#000531,2025-09-08 00:00:00.000,Go2,Main Location,4.0000,10390.0000,pcs,41560.0000,40936.6000,.0000
SI0001SI#000531,2025-09-08 00:00:00.000,Spark 40c (4+128),Main Location,2.0000,11790.0000,pcs,23580.0000,23226.3000,.0000
SI0001SI#000531,2025-09-08 00:00:00.000,Spark40 (6+128),Main Location,2.0000,13210.0000,pcs,26420.0000,26023.7000,.0000
SI0001SI#000531,2025-09-08 00:00:00.000,Camon40 Pro,Main Location,1.0000,26410.0000,pcs,26410.0000,26013.8500,.0000
SI0001SI#000531,2025-09-08 00:00:00.000,Spark 40(8+256),Main Location,1.0000,15570.0000,pcs,15570.0000,15336.4500,.0000
SI0001SI#000532,2025-09-08 00:00:00.000,Spark 40 Pro,Main Location,1.0000,18870.0000,pcs,18870.0000,18586.9500,.0000
SI0001SI#000532,2025-09-08 00:00:00.000,Go2,Main Location,2.0000,10390.0000,pcs,20780.0000,20468.3000,.0000
SI0001SI#000533,2025-09-08 00:00:00.000,Spark 40 Pro,Main Location,2.0000,18870.0000,pcs,37740.0000,37173.9000,.0000
PI0001PI#000072,2025-09-08 00:00:00.000,Spark 40c (4+128),Main Location,30.0000,11491.6700,pcs,344750.1000,344750.1000,.0000
PI0001PI#000072,2025-09-08 00:00:00.000,Camon40 Pro,Main Location,10.0000,25707.0000,pcs,257070.0000,257070.0000,.0000
SI0001SI#000521,2025-09-07 00:00:00.000,Camon40 Pro,Main Location,3.0000,26410.0000,pcs,79230.0000,78437.7000,.0000
SI0001SI#000522,2025-09-07 00:00:00.000,Go2,Main Location,2.0000,10390.0000,pcs,20780.0000,20780.0000,.0000
SI0001SI#000522,2025-09-07 00:00:00.000,Go2(3+64),Main Location,2.0000,9433.0000,pcs,18866.0000,18866.0000,.0000
SI0001SI#000522,2025-09-07 00:00:00.000,Spark40 (6+128),Main Location,2.0000,13210.0000,pcs,26420.0000,26420.0000,.0000
SI0001SI#000523,2025-09-07 00:00:00.000,Spark40 Pro Pius,Main Location,1.0000,23590.0000,pcs,23590.0000,23236.1500,.0000
SI0001SI#000524,2025-09-07 00:00:00.000,Spark 40 Pro,Main Location,1.0000,18870.0000,pcs,18870.0000,18586.9500,.0000
SI0001SI#000525,2025-09-07 00:00:00.000,Spark40 (6+128),Main Location,5.0000,13210.0000,pcs,66050.0000,65059.2500,.0000
SI0001SI#000526,2025-09-07 00:00:00.000,Camon40 Pro,Main Location,1.0000,26410.0000,pcs,26410.0000,26013.8500,.0000
SI0001SI#000527,2025-09-07 00:00:00.000,Go2,Main Location,1.0000,10390.0000,pcs,10390.0000,10234.1500,.0000
SI0001SI#000527,2025-09-07 00:00:00.000,Spark40 Pro Pius,Main Location,2.0000,23590.0000,pcs,47180.0000,46472.3000,.0000
SI0001SI#000527,2025-09-07 00:00:00.000,Spark 40 Pro,Main Location,2.0000,18870.0000,pcs,37740.0000,37173.9000,.0000
SI0001SI#000516,2025-09-05 00:00:00.000,Go2,Main Location,200.0000,9950.0000,pcs,1990000.0000,1990000.0000,.0000
SI0001SI#000517,2025-09-05 00:00:00.000,Go2,Main Location,8.0000,10390.0000,pcs,83120.0000,81873.2000,.0000
SI0001SI#000517,2025-09-05 00:00:00.000,Spark40 (6+128),Main Location,6.0000,13210.0000,pcs,79260.0000,78071.1000,.0000
SI0001SI#000517,2025-09-05 00:00:00.000,Spark 40c (4+128),Main Location,5.0000,11790.0000,pcs,58950.0000,58065.7500,.0000
SI0001SI#000517,2025-09-05 00:00:00.000,Camon40 Pro,Main Location,2.0000,26410.0000,pcs,52820.0000,52027.7000,.0000
SI0001SI#000517,2025-09-05 00:00:00.000,Spark 40 Pro,Main Location,2.0000,18870.0000,pcs,37740.0000,37173.9000,.0000
SI0001SI#000517,2025-09-05 00:00:00.000,Spark 40(8+256),Main Location,2.0000,15570.0000,pcs,31140.0000,30672.9000,.0000
SI0001SI#000517,2025-09-05 00:00:00.000,Spark40 Pro Pius,Main Location,1.0000,23590.0000,pcs,23590.0000,23236.1500,.0000
SI0001SI#000518,2025-09-05 00:00:00.000,Spark 40c (4+128),Main Location,10.0000,11790.0000,pcs,117900.0000,115542.0000,.0000
SI0001SI#000518,2025-09-05 00:00:00.000,Spark40 Pro Pius,Main Location,4.0000,23590.0000,pcs,94360.0000,92472.8000,.0000
SI0001SI#000518,2025-09-05 00:00:00.000,Spark40 (6+128),Main Location,5.0000,13210.0000,pcs,66050.0000,64729.0000,.0000
SI0001SI#000518,2025-09-05 00:00:00.000,Go2,Main Location,4.0000,10390.0000,pcs,41560.0000,40728.8000,.0000
SI0001SI#000519,2025-09-05 00:00:00.000,Spark40 (6+128),Main Location,4.0000,13210.0000,pcs,52840.0000,52311.6000,.0000
SI0001SI#000519,2025-09-05 00:00:00.000,Spark 40 Pro,Main Location,1.0000,18870.0000,pcs,18870.0000,18681.3000,.0000
SI0001SI#000520,2025-09-05 00:00:00.000,Spark 40(8+256),Main Location,2.0000,15570.0000,pcs,31140.0000,30828.6000,.0000
SI0001SI#000520,2025-09-05 00:00:00.000,Spark 40c (4+128),Main Location,2.0000,11790.0000,pcs,23580.0000,23344.2000,.0000
SI0001SI#000520,2025-09-05 00:00:00.000,Spark40 (6+128),Main Location,2.0000,13210.0000,pcs,26420.0000,26155.8000,.0000
PI0001PI#000071,2025-09-05 00:00:00.000,Spark40 (6+128),Main Location,20.0000,12874.8700,pcs,257497.4000,257497.4000,.0000
SI0001SI#000513,2025-09-04 00:00:00.000,Spark40 (6+128),Main Location,2.0000,13210.0000,pcs,26420.0000,26023.7000,.0000
SI0001SI#000514,2025-09-04 00:00:00.000,Go2,Main Location,33.0000,10390.0000,pcs,342870.0000,336012.6000,.0000
SI0001SI#000514,2025-09-04 00:00:00.000,Spark 40c (4+128),Main Location,10.0000,11790.0000,pcs,117900.0000,115542.0000,.0000
SI0001SI#000514,2025-09-04 00:00:00.000,Spark40 (6+128),Main Location,3.0000,13210.0000,pcs,39630.0000,38837.4000,.0000
SI0001SI#000515,2025-09-04 00:00:00.000,Go2,Main Location,2.0000,10390.0000,pcs,20780.0000,20780.0000,.0000
SI0001SI#000507,2025-09-03 00:00:00.000,Camon40 Pro,Main Location,20.0000,26410.0000,pcs,528200.0000,520277.0000,.0000
SI0001SI#000507,2025-09-03 00:00:00.000,Go2,Main Location,10.0000,10390.0000,pcs,103900.0000,102341.5000,.0000
SI0001SI#000508,2025-09-03 00:00:00.000,Spark40 (6+128),Main Location,30.0000,13210.0000,pcs,396300.0000,390355.5000,.0000
SI0001SI#000508,2025-09-03 00:00:00.000,Spark 40(8+256),Main Location,10.0000,15770.0000,pcs,157700.0000,155334.5000,.0000
SI0001SI#000508,2025-09-03 00:00:00.000,Go2,Main Location,20.0000,10390.0000,pcs,207800.0000,204683.0000,.0000
SI0001SI#000509,2025-09-03 00:00:00.000,Spark40 Pro Pius,Main Location,1.0000,23590.0000,pcs,23590.0000,23354.1000,.0000
SI0001SI#000510,2025-09-03 00:00:00.000,Camon 40 Pro 5G,Main Location,1.0000,33020.0000,pcs,33020.0000,33020.0000,.0000
SI0001SI#000511,2025-09-03 00:00:00.000,Go2,Main Location,1.0000,10390.0000,pcs,10390.0000,10234.1500,.0000
SI0001SI#000511,2025-09-03 00:00:00.000,Spark 40c (4+128),Main Location,2.0000,11790.0000,pcs,23580.0000,23226.3000,.0000
SI0001SI#000512,2025-09-03 00:00:00.000,Spark 40(8+256),Main Location,1.0000,15570.0000,pcs,15570.0000,15336.4500,.0000
SI0001SI#000512,2025-09-03 00:00:00.000,Go2,Main Location,1.0000,10390.0000,pcs,10390.0000,10234.1500,.0000
SI0001SI#000512,2025-09-03 00:00:00.000,Camon40 Pro,Main Location,1.0000,26410.0000,pcs,26410.0000,26013.8500,.0000
SI0001SI#000512,2025-09-03 00:00:00.000,Spark 40 Pro,Main Location,2.0000,18870.0000,pcs,37740.0000,37173.9000,.0000
SI0001SI#000512,2025-09-03 00:00:00.000,Go2(3+64),Main Location,1.0000,9433.0000,pcs,9433.0000,9291.5000,.0000
PI0001PI#000070,2025-09-03 00:00:00.000,Spark 40(8+256),Main Location,10.0000,15180.2200,pcs,151802.2000,151802.2000,.0000
SI0001SI#000503,2025-09-02 00:00:00.000,Spark 40c (4+128),Main Location,1.0000,11790.0000,pcs,11790.0000,11613.1500,.0000
SI0001SI#000503,2025-09-02 00:00:00.000,Spark 40 Pro,Main Location,1.0000,18870.0000,pcs,18870.0000,18691.9500,.0000
SI0001SI#000503,2025-09-02 00:00:00.000,Go2,Main Location,1.0000,10390.0000,pcs,10390.0000,10234.1500,.0000
SI0001SI#000503,2025-09-02 00:00:00.000,Spark 40(8+256),Main Location,1.0000,15570.0000,pcs,15570.0000,15336.4500,.0000
SI0001SI#000503,2025-09-02 00:00:00.000,Spark40 (6+128),Main Location,2.0000,13210.0000,pcs,26420.0000,26023.7000,.0000
SI0001SI#000504,2025-09-02 00:00:00.000,Go2,Main Location,5.0000,10390.0000,pcs,51950.0000,50911.0000,.0000
SI0001SI#000504,2025-09-02 00:00:00.000,Spark40 (6+128),Main Location,5.0000,13210.0000,pcs,66050.0000,64729.0000,.0000
SI0001SI#000504,2025-09-02 00:00:00.000,Spark 40(8+256),Main Location,5.0000,15570.0000,pcs,77850.0000,76293.0000,.0000
SI0001SI#000504,2025-09-02 00:00:00.000,Spark 40c (4+128),Main Location,5.0000,11790.0000,pcs,58950.0000,57771.0000,.0000
SI0001SI#000505,2025-09-02 00:00:00.000,Go2,Main Location,1.0000,10390.0000,pcs,10390.0000,10286.1000,.0000
SI0001SI#000505,2025-09-02 00:00:00.000,Go2(3+64),Main Location,1.0000,9433.0000,pcs,9433.0000,9338.6700,.0000
SI0001SI#000505,2025-09-02 00:00:00.000,Spark 40 Pro,Main Location,2.0000,18870.0000,pcs,37740.0000,37362.6000,.0000
SI0001SI#000505,2025-09-02 00:00:00.000,Spark40 (6+128),Main Location,2.0000,13210.0000,pcs,26420.0000,26155.8000,.0000
SI0001SI#000505,2025-09-02 00:00:00.000,Spark 40(8+256),Main Location,2.0000,15570.0000,pcs,31140.0000,30828.6000,.0000
SI0001SI#000505,2025-09-02 00:00:00.000,Spark40 Pro Pius,Main Location,4.0000,23590.0000,pcs,94360.0000,93416.4000,.0000
SI0001SI#000505,2025-09-02 00:00:00.000,Camon 40 Pro 5G,Main Location,2.0000,33020.0000,pcs,66040.0000,65379.6000,.0000
SI0001SI#000506,2025-09-02 00:00:00.000,Go2,Main Location,2.0000,10390.0000,pcs,20780.0000,20572.2000,.0000
SI0001SI#000506,2025-09-02 00:00:00.000,Spark 40c (4+128),Main Location,1.0000,11790.0000,pcs,11790.0000,11672.1000,.0000
SI0001SI#000506,2025-09-02 00:00:00.000,Spark40 (6+128),Main Location,1.0000,13210.0000,pcs,13210.0000,13210.0000,.0000
SI0001SI#000498,2025-08-31 00:00:00.000,Spark40 (6+128),Main Location,1.0000,13210.0000,pcs,13210.0000,13011.8500,.0000
SI0001SI#000499,2025-08-31 00:00:00.000,Go2,Main Location,1.0000,10145.0000,pcs,10145.0000,10145.0000,.0000
SI0001SI#000500,2025-08-31 00:00:00.000,Spark40 (6+128),Main Location,33.0000,12875.0000,pcs,424875.0000,424875.0000,.0000
SI0001SI#000500,2025-08-31 00:00:00.000,Spark 40 Pro,Main Location,1.0000,18870.0000,pcs,18870.0000,18586.9500,.0000
SI0001SI#000501,2025-08-31 00:00:00.000,Spark40 (6+128),Main Location,1.0000,13210.0000,pcs,13210.0000,13011.8500,.0000
SI0001SI#000502,2025-08-31 00:00:00.000,Spark 40c (4+128),Main Location,5.0000,11790.0000,pcs,58950.0000,58065.7500,.0000
PI0001PI#000069,2025-08-31 00:00:00.000,Go2,Main Location,167.0000,10144.1000,pcs,1694064.7000,1694064.7000,.0000
PI0001PI#000069,2025-08-31 00:00:00.000,Spark40 (6+128),Main Location,60.0000,12874.8700,pcs,772492.2000,772492.2000,.0000
PI0001PI#000068,2025-08-29 00:00:00.000,Go2,Main Location,20.0000,10144.1000,pcs,202882.0000,202882.0000,.0000
SI0001SI#000496,2025-08-29 00:00:00.000,Go2,Main Location,5.0000,10145.0000,pcs,50725.0000,50725.0000,.0000
SI0001SI#000496,2025-08-29 00:00:00.000,Spark 40(8+256),Main Location,3.0000,15570.0000,pcs,46710.0000,45775.8000,.0000
SI0001SI#000496,2025-08-29 00:00:00.000,Spark40 Pro Pius,Main Location,2.0000,23590.0000,pcs,47180.0000,46236.4000,.0000
SI0001SI#000497,2025-08-29 00:00:00.000,Go2(3+64),Main Location,1.0000,9433.0000,pcs,9433.0000,9291.5000,.0000
SI0001SI#000497,2025-08-29 00:00:00.000,Spark40 Pro Pius,Main Location,1.0000,23590.0000,pcs,23590.0000,23236.1500,.0000
SI0001SI#000497,2025-08-29 00:00:00.000,Spark 40 Pro,Main Location,1.0000,18870.0000,pcs,18870.0000,18586.9500,.0000
SI0001SI#000497,2025-08-29 00:00:00.000,Camon40 Pro,Main Location,1.0000,26410.0000,pcs,26410.0000,26013.8500,.0000
SI0001SI#000492,2025-08-28 00:00:00.000,Camon40 8+256,Main Location,3.0000,22640.0000,pcs,67920.0000,66222.0000,.0000
SI0001SI#000492,2025-08-28 00:00:00.000,Camon40 Pro,Main Location,11.0000,25708.0000,pcs,282788.0000,282788.0000,.0000
SI0001SI#000492,2025-08-28 00:00:00.000,Go2,Main Location,45.0000,10145.0000,pcs,456525.0000,456525.0000,.0000
SI0001SI#000492,2025-08-28 00:00:00.000,Spark40 (6+128),Main Location,25.0000,12876.0000,pcs,321900.0000,321900.0000,.0000
SI0001SI#000492,2025-08-28 00:00:00.000,Spark 40 Pro,Main Location,5.0000,18870.0000,pcs,94350.0000,92179.9500,.0000
SI0001SI#000492,2025-08-28 00:00:00.000,Spark 40(8+256),Main Location,13.0000,15570.0000,pcs,202410.0000,197754.5700,.0000
SI0001SI#000493,2025-08-28 00:00:00.000,Spark 40(8+256),Main Location,1.0000,15570.0000,pcs,15570.0000,15336.4500,.0000
SI0001SI#000494,2025-08-28 00:00:00.000,Spark 40(8+256),Main Location,1.0000,15570.0000,pcs,15570.0000,15336.4500,.0000
SI0001SI#000494,2025-08-28 00:00:00.000,Spark40 (6+128),Main Location,1.0000,13210.0000,pcs,13210.0000,13011.8500,.0000
SI0001SI#000495,2025-08-28 00:00:00.000,Camon40 8+256,Main Location,3.0000,22640.0000,pcs,67920.0000,66357.8400,.0000
SI0001SI#000495,2025-08-28 00:00:00.000,Go2,Main Location,11.0000,10145.0000,pcs,111595.0000,111595.0000,.0000
SI0001SI#000495,2025-08-28 00:00:00.000,Spark40 Pro Pius,Main Location,1.0000,23590.0000,pcs,23590.0000,23047.4300,.0000
SI0001SI#000487,2025-08-27 00:00:00.000,Camon 40 Pro 5G,Main Location,1.0000,33020.0000,pcs,33020.0000,32524.7000,.0000
SI0001SI#000487,2025-08-27 00:00:00.000,Go2(3+64),Main Location,5.0000,9433.0000,pcs,47165.0000,46457.5200,.0000
SI0001SI#000487,2025-08-27 00:00:00.000,Spark 40c (4+128),Main Location,2.0000,11790.0000,pcs,23580.0000,23226.3000,.0000
SI0001SI#000488,2025-08-27 00:00:00.000,Camon40 Pro,Main Location,1.0000,26410.0000,pcs,26410.0000,26013.8500,.0000
SI0001SI#000489,2025-08-27 00:00:00.000,Camon40 Pro,Main Location,20.0000,26410.0000,pcs,528200.0000,517636.0000,.0000
SI0001SI#000490,2025-08-27 00:00:00.000,Spark40 Pro Pius,Main Location,1.0000,23590.0000,pcs,23590.0000,23354.1000,.0000
SI0001SI#000491,2025-08-27 00:00:00.000,Camon40 Pro,Main Location,1.0000,26410.0000,pcs,26410.0000,26013.8500,.0000
PI0001PI#000067,2025-08-27 00:00:00.000,Spark40 (6+128),Main Location,40.0000,12874.8700,pcs,514994.8000,514994.8000,.0000
SI0001SI#000484,2025-08-26 00:00:00.000,Camon40 Pro,Main Location,5.0000,26410.0000,pcs,132050.0000,130729.5000,.0000
SI0001SI#000485,2025-08-26 00:00:00.000,Camon40 Pro,Main Location,2.0000,26410.0000,pcs,52820.0000,52027.7000,.0000
SI0001SI#000486,2025-08-26 00:00:00.000,Camon40 Pro,Main Location,1.0000,26410.0000,pcs,26410.0000,26013.8500,.0000
SI0001SI#000480,2025-08-25 00:00:00.000,Camon40 Pro,Main Location,5.0000,26410.0000,pcs,132050.0000,130069.2500,.0000
SI0001SI#000481,2025-08-25 00:00:00.000,Spark40 (6+128),Main Location,1.0000,13210.0000,pcs,13210.0000,13011.8500,.0000
SI0001SI#000482,2025-08-25 00:00:00.000,Spark40 Pro Pius,Main Location,3.0000,23590.0000,pcs,70770.0000,69708.4500,.0000
SI0001SI#000483,2025-08-25 00:00:00.000,Camon40 Pro,Main Location,2.0000,26410.0000,pcs,52820.0000,52291.8000,.0000
PI0001PI#000066,2025-08-25 00:00:00.000,Go2,Main Location,50.0000,10144.1000,pcs,507205.0000,507205.0000,.0000
PI0001PI#000066,2025-08-25 00:00:00.000,Camon40 Pro,Main Location,57.0000,25707.0000,pcs,1465299.0000,1465299.0000,.0000
PI0001PI#000066,2025-08-25 00:00:00.000,Spark 40(8+256),Main Location,30.0000,15180.2200,pcs,455406.6000,455406.6000,.0000
SI0001SI#000478,2025-08-24 00:00:00.000,Go2,Main Location,4.0000,10390.0000,pcs,41560.0000,40936.6000,.0000
SI0001SI#000478,2025-08-24 00:00:00.000,Spark40 (6+128),Main Location,1.0000,13210.0000,pcs,13210.0000,13011.8500,.0000
SI0001SI#000478,2025-08-24 00:00:00.000,Spark40 Pro Pius,Main Location,1.0000,23590.0000,pcs,23590.0000,23236.1500,.0000
SI0001SI#000479,2025-08-24 00:00:00.000,Spark 40(8+256),Main Location,1.0000,15570.0000,pcs,15570.0000,15336.4500,.0000
SI0001SI#000479,2025-08-24 00:00:00.000,Spark40 Pro Pius,Main Location,2.0000,23590.0000,pcs,47180.0000,46472.3000,.0000
SI0001SI#000479,2025-08-24 00:00:00.000,Camon40 Pro,Main Location,1.0000,26410.0000,pcs,26410.0000,26013.8500,.0000
SI0001SI#000473,2025-08-22 00:00:00.000,Go2(3+64),Main Location,2.0000,9433.0000,pcs,18866.0000,18583.0100,.0000
SI0001SI#000473,2025-08-22 00:00:00.000,Camon40 Pro,Main Location,2.0000,26410.0000,pcs,52820.0000,52027.7000,.0000
SI0001SI#000474,2025-08-22 00:00:00.000,Camon40 8+256,Main Location,2.0000,22640.0000,pcs,45280.0000,44600.8000,.0000
SI0001SI#000475,2025-08-22 00:00:00.000,Camon40 8+256,Main Location,1.0000,22640.0000,pcs,22640.0000,22300.4000,.0000
SI0001SI#000476,2025-08-22 00:00:00.000,Spark 40c (4+128),Main Location,2.0000,11790.0000,pcs,23580.0000,23297.0100,.0000
SI0001SI#000476,2025-08-22 00:00:00.000,Spark40 (6+128),Main Location,2.0000,13210.0000,pcs,26420.0000,26023.7000,.0000
SI0001SI#000476,2025-08-22 00:00:00.000,Spark40 Pro Pius,Main Location,1.0000,23590.0000,pcs,23590.0000,23236.1500,.0000
SI0001SI#000476,2025-08-22 00:00:00.000,Go2,Main Location,2.0000,10390.0000,pcs,20780.0000,20780.0000,.0000
SI0001SI#000468,2025-08-21 00:00:00.000,Go2,Main Location,40.0000,10145.0000,pcs,405800.0000,405800.0000,.0000
SI0001SI#000469,2025-08-21 00:00:00.000,Spark40 Pro Pius,Main Location,1.0000,23590.0000,pcs,23590.0000,23354.1000,.0000
SI0001SI#000469,2025-08-21 00:00:00.000,Spark 40c (4+128),Main Location,1.0000,11790.0000,pcs,11790.0000,11672.1000,.0000
SI0001SI#000469,2025-08-21 00:00:00.000,Spark40 (6+128),Main Location,1.0000,13210.0000,pcs,13210.0000,13077.9000,.0000
SI0001SI#000470,2025-08-21 00:00:00.000,Spark40 Pro Pius,Main Location,1.0000,23590.0000,pcs,23590.0000,23236.1500,.0000
SI0001SI#000470,2025-08-21 00:00:00.000,Spark 40 Pro,Main Location,1.0000,18870.0000,pcs,18870.0000,18586.9500,.0000
SI0001SI#000470,2025-08-21 00:00:00.000,Spark40 (6+128),Main Location,2.0000,13210.0000,pcs,26420.0000,26023.7000,.0000
SI0001SI#000470,2025-08-21 00:00:00.000,Go2,Main Location,3.0000,10390.0000,pcs,31170.0000,30702.4500,.0000
SI0001SI#000471,2025-08-21 00:00:00.000,Go2,Main Location,2.0000,10390.0000,pcs,20780.0000,20468.3000,.0000
SI0001SI#000471,2025-08-21 00:00:00.000,Camon 40(8+128),Main Location,2.0000,21220.0000,pcs,42440.0000,41803.4000,.0000
SI0001SI#000471,2025-08-21 00:00:00.000,Camon40 8+256,Main Location,3.0000,22640.0000,pcs,67920.0000,66901.2000,.0000
SI0001SI#000472,2025-08-21 00:00:00.000,Go2,Main Location,13.0000,10390.0000,pcs,135070.0000,132368.6000,.0000
SI0001SI#000472,2025-08-21 00:00:00.000,Spark40 Pro Pius,Main Location,1.0000,23590.0000,pcs,23590.0000,23236.1500,.0000
PI0001PI#000064,2025-08-21 00:00:00.000,Camon 40(8+128),Main Location,3.0000,20653.6800,pcs,61961.0400,61961.0400,.0000
PI0001PI#000064,2025-08-21 00:00:00.000,Camon40 8+256,Main Location,12.0000,22041.9000,pcs,264502.8000,264502.8000,.0000
PI0001PI#000065,2025-08-21 00:00:00.000,Spark 40(8+256),Main Location,52.0000,15180.2200,pcs,789371.4400,789371.4400,.0000
PI0001PI#000063,2025-08-20 00:00:00.000,Spark40 (6+128),Main Location,200.0000,12874.8700,pcs,2574974.0000,2574974.0000,.0000
SI0001SI#000462,2025-08-20 00:00:00.000,Spark 40 Pro,Main Location,2.0000,18870.0000,pcs,37740.0000,37173.9000,.0000
SI0001SI#000462,2025-08-20 00:00:00.000,Spark40 Pro Pius,Main Location,1.0000,23590.0000,pcs,23590.0000,23236.1500,.0000
SI0001SI#000463,2025-08-20 00:00:00.000,Go2,Main Location,3.0000,10390.0000,pcs,31170.0000,30702.4500,.0000
SI0001SI#000463,2025-08-20 00:00:00.000,Spark 40c (4+128),Main Location,2.0000,11790.0000,pcs,23580.0000,23226.3000,.0000
SI0001SI#000463,2025-08-20 00:00:00.000,Spark 40 Pro,Main Location,3.0000,18870.0000,pcs,56610.0000,55760.8500,.0000
SI0001SI#000464,2025-08-20 00:00:00.000,Camon 40 Pro 5G,Main Location,2.0000,33020.0000,pcs,66040.0000,65049.4000,.0000
SI0001SI#000464,2025-08-20 00:00:00.000,Go2,Main Location,2.0000,10390.0000,pcs,20780.0000,20468.3000,.0000
SI0001SI#000465,2025-08-20 00:00:00.000,Spark40 (6+128),Main Location,1.0000,13210.0000,pcs,13210.0000,13210.0000,.0000
SI0001SI#000465,2025-08-20 00:00:00.000,Go2,Main Location,1.0000,10390.0000,pcs,10390.0000,10390.0000,.0000
SI0001SI#000466,2025-08-20 00:00:00.000,Spark40 (6+128),Main Location,1.0000,13210.0000,pcs,13210.0000,13011.8500,.0000
SI0001SI#000467,2025-08-20 00:00:00.000,Spark40 Pro Pius,Main Location,2.0000,23590.0000,pcs,47180.0000,46472.3000,.0000
SI0001SI#000477,2025-08-20 00:00:00.000,Spark 40c (4+128),Main Location,20.0000,11790.0000,pcs,235800.0000,230376.6000,.0000
SI0001SI#000477,2025-08-20 00:00:00.000,Spark40 (6+128),Main Location,20.0000,12875.0000,pcs,257500.0000,257500.0000,.0000
SI0001SI#000460,2025-08-19 00:00:00.000,GO1 4+64,Main Location,5.0000,10425.0000,pcs,52125.0000,52125.0000,.0000
SI0001SI#000461,2025-08-19 00:00:00.000,Spark 40 Pro,Main Location,1.0000,18870.0000,pcs,18870.0000,18586.9500,.0000
PI0001PI#000062,2025-08-19 00:00:00.000,Spark 40(8+256),Main Location,10.0000,15180.2200,pcs,151802.2000,151802.2000,.0000
PI0001PI#000062,2025-08-19 00:00:00.000,Camon 40 Pro 5G,Main Location,10.0000,32164.0000,pcs,321640.0000,321640.0000,.0000
PI0001PI#000061,2025-08-18 00:00:00.000,Spark 40 Pro,Main Location,30.0000,18392.6800,pcs,551780.4000,551780.4000,.0000
PI0001PI#000061,2025-08-18 00:00:00.000,Spark40 Pro Pius,Main Location,20.0000,22993.3400,pcs,459866.8000,459866.8000,.0000
SI0001SI#000455,2025-08-18 00:00:00.000,Camon40 Pro,Main Location,2.0000,26410.0000,pcs,52820.0000,52027.7000,.0000
SI0001SI#000455,2025-08-18 00:00:00.000,Spark40 (6+128),Main Location,4.0000,13210.0000,pcs,52840.0000,52047.4000,.0000
SI0001SI#000455,2025-08-18 00:00:00.000,Go2,Main Location,2.0000,10390.0000,pcs,20780.0000,20468.3000,.0000
SI0001SI#000456,2025-08-18 00:00:00.000,Spark 40(8+256),Main Location,2.0000,15570.0000,pcs,31140.0000,30672.9000,.0000
SI0001SI#000457,2025-08-18 00:00:00.000,Spark40 (6+128),Main Location,2.0000,13210.0000,pcs,26420.0000,26023.7000,.0000
SI0001SI#000457,2025-08-18 00:00:00.000,Spark 40 Pro,Main Location,3.0000,18870.0000,pcs,56610.0000,55760.8500,.0000
SI0001SI#000457,2025-08-18 00:00:00.000,Go2,Main Location,5.0000,10390.0000,pcs,51950.0000,51170.7500,.0000
SI0001SI#000457,2025-08-18 00:00:00.000,Spark 40(8+256),Main Location,3.0000,15570.0000,pcs,46710.0000,46009.3500,.0000
SI0001SI#000458,2025-08-18 00:00:00.000,Spark 40c (4+128),Main Location,2.0000,11790.0000,pcs,23580.0000,23226.3000,.0000
SI0001SI#000458,2025-08-18 00:00:00.000,Spark40 (6+128),Main Location,2.0000,13210.0000,pcs,26420.0000,26023.7000,.0000
SI0001SI#000459,2025-08-18 00:00:00.000,Spark40 Pro Pius,Main Location,2.0000,23590.0000,pcs,47180.0000,46472.3000,.0000
SI0001SI#000459,2025-08-18 00:00:00.000,Spark40 (6+128),Main Location,1.0000,13210.0000,pcs,13210.0000,13011.8500,.0000
SI0001SI#000454,2025-08-17 00:00:00.000,Spark40 (6+128),Main Location,6.0000,13210.0000,pcs,79260.0000,78071.1000,.0000
SI0001SI#000449,2025-08-15 00:00:00.000,Spark 40 Pro,Main Location,2.0000,18870.0000,pcs,37740.0000,37173.9000,.0000
SI0001SI#000449,2025-08-15 00:00:00.000,Spark 40c (4+128),Main Location,5.0000,11790.0000,pcs,58950.0000,58065.7500,.0000
SI0001SI#000449,2025-08-15 00:00:00.000,Spark40 (6+128),Main Location,6.0000,13210.0000,pcs,79260.0000,78071.1000,.0000
SI0001SI#000449,2025-08-15 00:00:00.000,Go2,Main Location,1.0000,10390.0000,pcs,10390.0000,10234.1500,.0000
SI0001SI#000449,2025-08-15 00:00:00.000,Spark40 Pro Pius,Main Location,2.0000,23590.0000,pcs,47180.0000,46472.3000,.0000
SI0001SI#000450,2025-08-15 00:00:00.000,Go2,Main Location,20.0000,10390.0000,pcs,207800.0000,203644.0000,.0000
SI0001SI#000450,2025-08-15 00:00:00.000,Spark40 (6+128),Main Location,20.0000,13210.0000,pcs,264200.0000,260237.0000,.0000
SI0001SI#000450,2025-08-15 00:00:00.000,Spark 40(8+256),Main Location,10.0000,15570.0000,pcs,155700.0000,153364.5000,.0000
SI0001SI#000450,2025-08-15 00:00:00.000,Spark 40 Pro,Main Location,10.0000,18870.0000,pcs,188700.0000,185869.5000,.0000
SI0001SI#000451,2025-08-15 00:00:00.000,Go2,Main Location,10.0000,10390.0000,pcs,103900.0000,102341.5000,.0000
SI0001SI#000451,2025-08-15 00:00:00.000,Spark40 (6+128),Main Location,10.0000,13210.0000,pcs,132100.0000,130118.5000,.0000
SI0001SI#000451,2025-08-15 00:00:00.000,Spark 40(8+256),Main Location,10.0000,15570.0000,pcs,155700.0000,153364.5000,.0000
SI0001SI#000452,2025-08-15 00:00:00.000,Go2,Main Location,2.0000,10390.0000,pcs,20780.0000,20572.2000,.0000
SI0001SI#000452,2025-08-15 00:00:00.000,Spark 40(8+256),Main Location,2.0000,15570.0000,pcs,31140.0000,30672.9000,.0000
SI0001SI#000453,2025-08-15 00:00:00.000,Go2,Main Location,1.0000,10390.0000,pcs,10390.0000,10234.1500,.0000
PI0001PI#000060,2025-08-15 00:00:00.000,Spark 40(8+256),Main Location,30.0000,15180.2200,pcs,455406.6000,455406.6000,.0000
PI0001PI#000060,2025-08-15 00:00:00.000,Camon40 Pro,Main Location,15.0000,25707.0000,pcs,385605.0000,385605.0000,.0000
PI0001PI#000059,2025-08-14 00:00:00.000,Spark40 Pro Pius,Main Location,32.0000,22993.3400,pcs,735786.8800,735786.8800,.0000
SI0001SI#000441,2025-08-14 00:00:00.000,Camon40 Pro,Main Location,5.0000,26410.0000,pcs,132050.0000,130069.2500,.0000
SI0001SI#000441,2025-08-14 00:00:00.000,Spark40 Pro Pius,Main Location,3.0000,23590.0000,pcs,70770.0000,69708.4500,.0000
SI0001SI#000441,2025-08-14 00:00:00.000,Go2,Main Location,5.0000,10390.0000,pcs,51950.0000,51170.7500,.0000
SI0001SI#000442,2025-08-14 00:00:00.000,Spark40 (6+128),Main Location,40.0000,13210.0000,pcs,528400.0000,516246.8000,.0000
SI0001SI#000443,2025-08-14 00:00:00.000,Spark 40 Pro,Main Location,7.0000,18870.0000,pcs,132090.0000,130108.6500,.0000
SI0001SI#000444,2025-08-14 00:00:00.000,Go2(3+64),Main Location,2.0000,9433.0000,pcs,18866.0000,18583.0100,.0000
SI0001SI#000444,2025-08-14 00:00:00.000,Camon 40 Pro 5G,Main Location,1.0000,33020.0000,pcs,33020.0000,32524.7000,.0000
SI0001SI#000444,2025-08-14 00:00:00.000,Spark 40c (4+128),Main Location,1.0000,11790.0000,pcs,11790.0000,11613.1500,.0000
SI0001SI#000444,2025-08-14 00:00:00.000,Spark40 Pro Pius,Main Location,3.0000,23590.0000,pcs,70770.0000,69708.4500,.0000
SI0001SI#000445,2025-08-14 00:00:00.000,Go2,Main Location,5.0000,10390.0000,pcs,51950.0000,51170.7500,.0000
SI0001SI#000445,2025-08-14 00:00:00.000,Go2(3+64),Main Location,3.0000,9433.0000,pcs,28299.0000,27874.5200,.0000
SI0001SI#000445,2025-08-14 00:00:00.000,Spark40 Pro Pius,Main Location,3.0000,23590.0000,pcs,70770.0000,69708.4500,.0000
SI0001SI#000446,2025-08-14 00:00:00.000,Spark 40 Pro,Main Location,3.0000,18870.0000,pcs,56610.0000,55760.8500,.0000
SI0001SI#000447,2025-08-14 00:00:00.000,Camon 40 Pro 5G,Main Location,1.0000,33020.0000,pcs,33020.0000,32524.7000,.0000
SI0001SI#000448,2025-08-14 00:00:00.000,Spark 40c (4+128),Main Location,1.0000,11790.0000,pcs,11790.0000,11613.1500,.0000
SI0001SI#000448,2025-08-14 00:00:00.000,Spark40 (6+128),Main Location,4.0000,13210.0000,pcs,52840.0000,52047.4000,.0000
SI0001SI#000448,2025-08-14 00:00:00.000,Spark 40(8+256),Main Location,6.0000,15570.0000,pcs,93420.0000,92018.7000,.0000
SI0001SI#000434,2025-08-13 00:00:00.000,Camon40 Pro,Main Location,3.0000,26410.0000,pcs,79230.0000,78041.5500,.0000
SI0001SI#000434,2025-08-13 00:00:00.000,Camon 40 Pro 5G,Main Location,1.0000,33020.0000,pcs,33020.0000,32524.7000,.0000
SI0001SI#000435,2025-08-13 00:00:00.000,Camon40 Pro,Main Location,32.0000,26410.0000,pcs,845120.0000,832443.2000,.0000
SI0001SI#000435,2025-08-13 00:00:00.000,Camon 40 Pro 5G,Main Location,2.0000,33020.0000,pcs,66040.0000,65049.4000,.0000
SI0001SI#000435,2025-08-13 00:00:00.000,Spark 40 Pro,Main Location,2.0000,18870.0000,pcs,37740.0000,37173.9000,.0000
SI0001SI#000436,2025-08-13 00:00:00.000,Go2,Main Location,2.0000,10390.0000,pcs,20780.0000,20468.3000,.0000
SI0001SI#000437,2025-08-13 00:00:00.000,GO1 4+64,Main Location,2.0000,10425.0000,pcs,20850.0000,20537.2500,.0000
SI0001SI#000438,2025-08-13 00:00:00.000,Camon 40 Pro 5G,Main Location,5.0000,33020.0000,pcs,165100.0000,162623.5000,.0000
SI0001SI#000438,2025-08-13 00:00:00.000,Camon40 Pro,Main Location,5.0000,26410.0000,pcs,132050.0000,130069.2500,.0000
SI0001SI#000438,2025-08-13 00:00:00.000,Spark40 (6+128),Main Location,5.0000,13210.0000,pcs,66050.0000,65059.2500,.0000
SI0001SI#000439,2025-08-13 00:00:00.000,Camon40 Pro,Main Location,30.0000,26410.0000,pcs,792300.0000,776454.0000,.0000
SI0001SI#000440,2025-08-13 00:00:00.000,Camon40 Pro,Main Location,1.0000,26410.0000,pcs,26410.0000,26013.8500,.0000
SI0001SI#000440,2025-08-13 00:00:00.000,Spark 40(8+256),Main Location,1.0000,15570.0000,pcs,15570.0000,15336.4500,.0000
SI0001SI#000440,2025-08-13 00:00:00.000,Spark40 (6+128),Main Location,1.0000,13210.0000,pcs,13210.0000,13011.8500,.0000
PI0001PI#000058,2025-08-13 00:00:00.000,Go2,Main Location,80.0000,10144.1000,pcs,811528.0000,811528.0000,.0000
PI0001PI#000058,2025-08-13 00:00:00.000,Spark 40 Pro,Main Location,30.0000,18392.6800,pcs,551780.4000,551780.4000,.0000
PI0001PI#000058,2025-08-13 00:00:00.000,Spark 40c (4+128),Main Location,40.0000,11491.6700,pcs,459666.8000,459666.8000,.0000
PI0001PI#000058,2025-08-13 00:00:00.000,Camon40 Pro,Main Location,60.0000,25707.0000,pcs,1542420.0000,1542420.0000,.0000
PI0001PI#000057,2025-08-12 00:00:00.000,Camon40 Pro,Main Location,35.0000,25707.0000,pcs,899745.0000,899745.0000,.0000
PI0001PI#000057,2025-08-12 00:00:00.000,Camon 40 Pro 5G,Main Location,10.0000,32164.0000,pcs,321640.0000,321640.0000,.0000
SI0001SI#000425,2025-08-12 00:00:00.000,Spark 40c (4+128),Main Location,5.0000,11790.0000,pcs,58950.0000,58065.7500,.0000
SI0001SI#000425,2025-08-12 00:00:00.000,Spark 40(8+256),Main Location,5.0000,15570.0000,pcs,77850.0000,76682.2500,.0000
SI0001SI#000426,2025-08-12 00:00:00.000,Spark 40 Pro,Main Location,1.0000,18870.0000,pcs,18870.0000,18586.9500,.0000
SI0001SI#000427,2025-08-12 00:00:00.000,Spark 40 Pro,Main Location,1.0000,18870.0000,pcs,18870.0000,18586.9500,.0000
SI0001SI#000427,2025-08-12 00:00:00.000,Go2,Main Location,1.0000,10390.0000,pcs,10390.0000,10234.1500,.0000
SI0001SI#000428,2025-08-12 00:00:00.000,Spark 40 Pro,Main Location,1.0000,18870.0000,pcs,18870.0000,18586.9500,.0000
SI0001SI#000428,2025-08-12 00:00:00.000,Go2,Main Location,1.0000,10390.0000,pcs,10390.0000,10234.1500,.0000
SI0001SI#000429,2025-08-12 00:00:00.000,GO1 4+64,Main Location,5.0000,10425.0000,pcs,52125.0000,51343.1200,.0000
SI0001SI#000429,2025-08-12 00:00:00.000,Spark 40 Pro,Main Location,1.0000,18870.0000,pcs,18870.0000,18586.9500,.0000
SI0001SI#000429,2025-08-12 00:00:00.000,Spark40 (6+128),Main Location,5.0000,13210.0000,pcs,66050.0000,65059.2500,.0000
SI0001SI#000429,2025-08-12 00:00:00.000,Spark 40(8+256),Main Location,5.0000,15570.0000,pcs,77850.0000,76682.2500,.0000
SI0001SI#000429,2025-08-12 00:00:00.000,Go2,Main Location,1.0000,10390.0000,pcs,10390.0000,10234.1500,.0000
SI0001SI#000429,2025-08-12 00:00:00.000,Spark 40c (4+128),Main Location,1.0000,11790.0000,pcs,11790.0000,11613.1500,.0000
SI0001SI#000430,2025-08-12 00:00:00.000,Spark 40(8+256),Main Location,10.0000,15570.0000,pcs,155700.0000,152586.0000,.0000
SI0001SI#000430,2025-08-12 00:00:00.000,Spark 40c (4+128),Main Location,10.0000,11790.0000,pcs,117900.0000,115542.0000,.0000
SI0001SI#000431,2025-08-12 00:00:00.000,Go2,Main Location,2.0000,10390.0000,pcs,20780.0000,20364.4000,.0000
SI0001SI#000432,2025-08-12 00:00:00.000,Go2,Main Location,20.0000,10390.0000,pcs,207800.0000,204683.0000,.0000
SI0001SI#000432,2025-08-12 00:00:00.000,Spark 40 Pro,Main Location,5.0000,18870.0000,pcs,94350.0000,92934.7500,.0000
SI0001SI#000432,2025-08-12 00:00:00.000,Spark 40(8+256),Main Location,10.0000,15570.0000,pcs,155700.0000,153364.5000,.0000
SI0001SI#000432,2025-08-12 00:00:00.000,Spark40 (6+128),Main Location,20.0000,13210.0000,pcs,264200.0000,260237.0000,.0000
SI0001SI#000417,2025-08-11 00:00:00.000,Spark40 (6+128),Main Location,5.0000,13210.0000,pcs,66050.0000,65059.2500,.0000
SI0001SI#000418,2025-08-11 00:00:00.000,Spark40 (6+128),Main Location,5.0000,13210.0000,pcs,66050.0000,65059.2500,.0000
SI0001SI#000418,2025-08-11 00:00:00.000,Spark 40(8+256),Main Location,3.0000,15570.0000,pcs,46710.0000,46009.3500,.0000
SI0001SI#000419,2025-08-11 00:00:00.000,Spark 40(8+256),Main Location,5.0000,15570.0000,pcs,77850.0000,76682.2500,.0000
SI0001SI#000420,2025-08-11 00:00:00.000,Spark 40 Pro,Main Location,1.0000,18870.0000,pcs,18870.0000,18586.9500,.0000
SI0001SI#000420,2025-08-11 00:00:00.000,Spark 40c (4+128),Main Location,1.0000,11790.0000,pcs,11790.0000,11613.1500,.0000
SI0001SI#000420,2025-08-11 00:00:00.000,Spark40 (6+128),Main Location,2.0000,13210.0000,pcs,26420.0000,26023.7000,.0000
SI0001SI#000420,2025-08-11 00:00:00.000,Spark 40(8+256),Main Location,2.0000,15570.0000,pcs,31140.0000,30672.9000,.0000
SI0001SI#000421,2025-08-11 00:00:00.000,Spark 40c (4+128),Main Location,1.0000,11790.0000,pcs,11790.0000,11554.2000,.0000
SI0001SI#000421,2025-08-11 00:00:00.000,Spark 40 Pro,Main Location,1.0000,18870.0000,pcs,18870.0000,18867.7000,.0000
SI0001SI#000422,2025-08-11 00:00:00.000,Spark 40 Pro,Main Location,2.0000,18870.0000,pcs,37740.0000,37362.6000,.0000
SI0001SI#000423,2025-08-11 00:00:00.000,Spark 40 Pro,Main Location,4.0000,18870.0000,pcs,75480.0000,74347.8000,.0000
SI0001SI#000423,2025-08-11 00:00:00.000,Spark 40(8+256),Main Location,10.0000,15570.0000,pcs,155700.0000,153364.5000,.0000
SI0001SI#000423,2025-08-11 00:00:00.000,Spark 40c (4+128),Main Location,6.0000,11790.0000,pcs,70740.0000,69678.9000,.0000
SI0001SI#000423,2025-08-11 00:00:00.000,Go2,Main Location,2.0000,10390.0000,pcs,20780.0000,20468.3000,.0000
SI0001SI#000424,2025-08-11 00:00:00.000,Spark 40 Pro,Main Location,30.0000,18870.0000,pcs,566100.0000,557608.5000,.0000
SI0001SI#000424,2025-08-11 00:00:00.000,Spark 40(8+256),Main Location,10.0000,15570.0000,pcs,155700.0000,153364.5000,.0000
SI0001SI#000424,2025-08-11 00:00:00.000,Spark40 (6+128),Main Location,10.0000,13210.0000,pcs,132100.0000,130118.5000,.0000
PI0001PI#000056,2025-08-11 00:00:00.000,Spark 40(8+256),Main Location,77.0000,15180.2200,pcs,1168876.9400,1168876.9400,.0000
SI0001SI#000410,2025-08-10 00:00:00.000,Go2,Main Location,1.0000,10390.0000,pcs,10390.0000,10182.2000,.0000
SI0001SI#000410,2025-08-10 00:00:00.000,Spark 40 Pro,Main Location,1.0000,18870.0000,pcs,18870.0000,18492.6000,.0000
SI0001SI#000411,2025-08-10 00:00:00.000,Go2,Main Location,20.0000,10390.0000,pcs,207800.0000,204683.0000,.0000
SI0001SI#000411,2025-08-10 00:00:00.000,Spark40 (6+128),Main Location,11.0000,13210.0000,pcs,145310.0000,143130.3500,.0000
SI0001SI#000411,2025-08-10 00:00:00.000,Spark 40 Pro,Main Location,10.0000,18870.0000,pcs,188700.0000,185869.5000,.0000
SI0001SI#000412,2025-08-10 00:00:00.000,Go2,Main Location,2.0000,10390.0000,pcs,20780.0000,20780.0000,.0000
SI0001SI#000413,2025-08-10 00:00:00.000,Spark40 (6+128),Main Location,2.0000,13210.0000,pcs,26420.0000,26023.7000,.0000
SI0001SI#000413,2025-08-10 00:00:00.000,Camon40 Pro,Main Location,2.0000,26410.0000,pcs,52820.0000,52027.7000,.0000
SI0001SI#000414,2025-08-10 00:00:00.000,Camon40 Pro,Main Location,1.0000,26410.0000,pcs,26410.0000,26013.8500,.0000
SI0001SI#000415,2025-08-10 00:00:00.000,Camon40 Pro,Main Location,1.0000,26410.0000,pcs,26410.0000,26013.8500,.0000
SI0001SI#000416,2025-08-10 00:00:00.000,Go2,Main Location,6.0000,10390.0000,pcs,62340.0000,61404.9000,.0000
SI0001SI#000416,2025-08-10 00:00:00.000,Spark 40c (4+128),Main Location,2.0000,11790.0000,pcs,23580.0000,23226.3000,.0000
SI0001SI#000416,2025-08-10 00:00:00.000,Camon40 Pro,Main Location,2.0000,26410.0000,pcs,52820.0000,52027.7000,.0000
SI0001SI#000416,2025-08-10 00:00:00.000,Spark 40 Pro,Main Location,12.0000,18870.0000,pcs,226440.0000,223043.4000,.0000
SI0001SI#000416,2025-08-10 00:00:00.000,Spark40 (6+128),Main Location,1.0000,13210.0000,pcs,13210.0000,13011.8500,.0000
SI0001SI#000399,2025-08-08 00:00:00.000,Camon40 Pro,Main Location,50.0000,26410.0000,pcs,1320500.0000,1300692.5000,.0000
SI0001SI#000400,2025-08-08 00:00:00.000,Spark40 (6+128),Main Location,20.0000,13210.0000,pcs,264200.0000,260237.0000,.0000
SI0001SI#000401,2025-08-08 00:00:00.000,Camon40 Pro,Main Location,10.0000,26410.0000,pcs,264100.0000,260138.5000,.0000
SI0001SI#000402,2025-08-08 00:00:00.000,Camon40 Pro,Main Location,2.0000,26410.0000,pcs,52820.0000,52291.8000,.0000
SI0001SI#000403,2025-08-08 00:00:00.000,Camon40 Pro,Main Location,1.0000,26410.0000,pcs,26410.0000,26145.9000,.0000
SI0001SI#000404,2025-08-08 00:00:00.000,Camon40 Pro,Main Location,10.0000,26410.0000,pcs,264100.0000,260138.5000,.0000
SI0001SI#000404,2025-08-08 00:00:00.000,Spark 40 Pro,Main Location,5.0000,18870.0000,pcs,94350.0000,92934.7500,.0000
SI0001SI#000404,2025-08-08 00:00:00.000,Go2,Main Location,10.0000,10390.0000,pcs,103900.0000,102341.5000,.0000
SI0001SI#000404,2025-08-08 00:00:00.000,Spark40 (6+128),Main Location,17.0000,13210.0000,pcs,224570.0000,221201.4500,.0000
SI0001SI#000405,2025-08-08 00:00:00.000,Spark 40 Pro,Main Location,1.0000,18870.0000,pcs,18870.0000,18586.9500,.0000
SI0001SI#000405,2025-08-08 00:00:00.000,Spark40 (6+128),Main Location,1.0000,13210.0000,pcs,13210.0000,13011.8500,.0000
SI0001SI#000405,2025-08-08 00:00:00.000,Go2,Main Location,1.0000,10390.0000,pcs,10390.0000,10234.1500,.0000
SI0001SI#000406,2025-08-08 00:00:00.000,Camon40 Pro,Main Location,2.0000,26410.0000,pcs,52820.0000,52027.7000,.0000
SI0001SI#000406,2025-08-08 00:00:00.000,Spark40 (6+128),Main Location,2.0000,13210.0000,pcs,26420.0000,26023.7000,.0000
SI0001SI#000407,2025-08-08 00:00:00.000,Camon40 Pro,Main Location,1.0000,26410.0000,pcs,26410.0000,26013.8500,.0000
SI0001SI#000408,2025-08-08 00:00:00.000,Camon40 Pro,Main Location,3.0000,26410.0000,pcs,79230.0000,78041.5500,.0000
SI0001SI#000409,2025-08-08 00:00:00.000,Go2,Main Location,7.0000,10390.0000,pcs,72730.0000,71639.0500,.0000
SI0001SI#000409,2025-08-08 00:00:00.000,Spark 40c (4+128),Main Location,2.0000,11790.0000,pcs,23580.0000,23226.3000,.0000
SI0001SI#000409,2025-08-08 00:00:00.000,Spark40 (6+128),Main Location,4.0000,13210.0000,pcs,52840.0000,52047.4000,.0000
PI0001PI#000055,2025-08-08 00:00:00.000,Camon40 Pro,Main Location,100.0000,25707.0000,pcs,2570700.0000,2570700.0000,.0000
PI0001PI#000055,2025-08-08 00:00:00.000,Spark 40 Pro,Main Location,5.0000,18392.6800,pcs,91963.4000,91963.4000,.0000
PI0001PI#000054,2025-08-07 00:00:00.000,Go2,Main Location,165.0000,10144.1000,pcs,1673776.5000,1673776.5000,.0000
PI0001PI#000054,2025-08-07 00:00:00.000,Spark40 (6+128),Main Location,150.0000,12874.8700,pcs,1931230.5000,1931230.5000,.0000
PI0001PI#000054,2025-08-07 00:00:00.000,Spark 40 Pro,Main Location,120.0000,18392.6800,pcs,2207121.6000,2207121.6000,.0000
SI0001SI#000396,2025-08-07 00:00:00.000,Go2,Main Location,5.0000,10390.0000,pcs,51950.0000,51170.7500,.0000
SI0001SI#000397,2025-08-07 00:00:00.000,Spark40 (6+128),Main Location,3.0000,13210.0000,pcs,39630.0000,39233.7000,.0000
SI0001SI#000398,2025-08-07 00:00:00.000,Go2,Main Location,5.0000,10390.0000,pcs,51950.0000,51170.7500,.0000
SI0001SI#000398,2025-08-07 00:00:00.000,Spark40 (6+128),Main Location,10.0000,13210.0000,pcs,132100.0000,130118.5000,.0000
SI0001SI#000398,2025-08-07 00:00:00.000,Spark 40 Pro,Main Location,5.0000,18870.0000,pcs,94350.0000,92934.7500,.0000
SI0001SI#000433,2025-08-07 00:00:00.000,Spark 40 Pro,Main Location,1.0000,18870.0000,pcs,18870.0000,18681.3000,.0000
SI0001SI#000389,2025-08-06 00:00:00.000,Spark 40(8+256),Main Location,1.0000,15570.0000,pcs,15570.0000,15336.4500,.0000
SI0001SI#000389,2025-08-06 00:00:00.000,Spark40 (6+128),Main Location,2.0000,13210.0000,pcs,26420.0000,26023.7000,.0000
SI0001SI#000390,2025-08-06 00:00:00.000,Go2,Main Location,5.0000,10390.0000,pcs,51950.0000,51170.7500,.0000
SI0001SI#000391,2025-08-06 00:00:00.000,Go2,Main Location,2.0000,10390.0000,pcs,20780.0000,20780.0000,.0000
SI0001SI#000391,2025-08-06 00:00:00.000,Spark 40c (4+128),Main Location,2.0000,11790.0000,pcs,23580.0000,23580.0000,.0000
SI0001SI#000391,2025-08-06 00:00:00.000,Spark40 (6+128),Main Location,2.0000,13210.0000,pcs,26420.0000,26420.0000,.0000
SI0001SI#000392,2025-08-06 00:00:00.000,Spark40 (6+128),Main Location,6.0000,13210.0000,pcs,79260.0000,78071.1000,.0000
SI0001SI#000392,2025-08-06 00:00:00.000,Go2,Main Location,4.0000,10390.0000,pcs,41560.0000,40936.6000,.0000
SI0001SI#000393,2025-08-06 00:00:00.000,Go2,Main Location,2.0000,10390.0000,pcs,20780.0000,20780.0000,.0000
SI0001SI#000394,2025-08-06 00:00:00.000,Spark 40 Pro,Main Location,1.0000,18870.0000,pcs,18870.0000,18870.0000,.0000
SI0001SI#000395,2025-08-06 00:00:00.000,Spark 40 Pro,Main Location,1.0000,18870.0000,pcs,18870.0000,18586.9500,.0000
SI0001SI#000395,2025-08-06 00:00:00.000,Spark40 (6+128),Main Location,3.0000,13210.0000,pcs,39630.0000,39035.5500,.0000
SI0001SI#000395,2025-08-06 00:00:00.000,Spark 40c (4+128),Main Location,3.0000,11790.0000,pcs,35370.0000,34839.4500,.0000
SI0001SI#000382,2025-08-05 00:00:00.000,Spark40 (6+128),Main Location,2.0000,13210.0000,pcs,26420.0000,26155.8000,.0000
SI0001SI#000382,2025-08-05 00:00:00.000,Spark 40(8+256),Main Location,2.0000,15570.0000,pcs,31140.0000,30828.6000,.0000
SI0001SI#000382,2025-08-05 00:00:00.000,Spark 40 Pro,Main Location,2.0000,18870.0000,pcs,37740.0000,37362.6000,.0000
SI0001SI#000382,2025-08-05 00:00:00.000,Spark 40c (4+128),Main Location,2.0000,11790.0000,pcs,23580.0000,23344.2000,.0000
SI0001SI#000383,2025-08-05 00:00:00.000,Spark 40c (4+128),Main Location,3.0000,11790.0000,pcs,35370.0000,35016.3000,.0000
SI0001SI#000383,2025-08-05 00:00:00.000,Go2,Main Location,3.0000,10390.0000,pcs,31170.0000,30858.3000,.0000
SI0001SI#000383,2025-08-05 00:00:00.000,Spark 40 Pro,Main Location,1.0000,18870.0000,pcs,18870.0000,18681.3000,.0000
SI0001SI#000384,2025-08-05 00:00:00.000,Go2,Main Location,1.0000,10390.0000,pcs,10390.0000,10390.0000,.0000
SI0001SI#000384,2025-08-05 00:00:00.000,Spark40 (6+128),Main Location,1.0000,13210.0000,pcs,13210.0000,13210.0000,.0000
SI0001SI#000384,2025-08-05 00:00:00.000,Spark 40(8+256),Main Location,1.0000,15570.0000,pcs,15570.0000,15570.0000,.0000
SI0001SI#000385,2025-08-05 00:00:00.000,Spark40 (6+128),Main Location,10.0000,13210.0000,pcs,132100.0000,130118.5000,.0000
SI0001SI#000386,2025-08-05 00:00:00.000,Spark40 (6+128),Main Location,4.0000,13210.0000,pcs,52840.0000,52047.4000,.0000
SI0001SI#000387,2025-08-05 00:00:00.000,Spark 40c (4+128),Main Location,2.0000,11790.0000,pcs,23580.0000,23226.3000,.0000
SI0001SI#000387,2025-08-05 00:00:00.000,Spark40 (6+128),Main Location,5.0000,13210.0000,pcs,66050.0000,65059.2500,.0000
SI0001SI#000388,2025-08-05 00:00:00.000,Go2,Main Location,3.0000,10390.0000,pcs,31170.0000,30546.6000,.0000
SI0001SI#000388,2025-08-05 00:00:00.000,Spark40 (6+128),Main Location,2.0000,13210.0000,pcs,26420.0000,25891.6000,.0000
SI0001SI#000378,2025-08-04 00:00:00.000,Go2,Main Location,3.0000,10390.0000,pcs,31170.0000,30702.4500,.0000
SI0001SI#000378,2025-08-04 00:00:00.000,Spark 40c (4+128),Main Location,2.0000,11790.0000,pcs,23580.0000,23226.3000,.0000
SI0001SI#000378,2025-08-04 00:00:00.000,Spark 40(8+256),Main Location,2.0000,15570.0000,pcs,31140.0000,30672.9000,.0000
SI0001SI#000378,2025-08-04 00:00:00.000,Spark 40 Pro,Main Location,2.0000,18870.0000,pcs,37740.0000,37173.9000,.0000
SI0001SI#000379,2025-08-04 00:00:00.000,Spark 40 Pro,Main Location,3.0000,18870.0000,pcs,56610.0000,55760.8500,.0000
SI0001SI#000379,2025-08-04 00:00:00.000,Go2,Main Location,1.0000,10390.0000,pcs,10390.0000,10234.1500,.0000
SI0001SI#000379,2025-08-04 00:00:00.000,Spark 40c (4+128),Main Location,1.0000,11790.0000,pcs,11790.0000,11613.1500,.0000
SI0001SI#000380,2025-08-04 00:00:00.000,Spark 40c (4+128),Main Location,1.0000,11790.0000,pcs,11790.0000,11613.1500,.0000
SI0001SI#000380,2025-08-04 00:00:00.000,Spark 40 Pro,Main Location,2.0000,18870.0000,pcs,37740.0000,37173.9000,.0000
SI0001SI#000380,2025-08-04 00:00:00.000,Spark40 (6+128),Main Location,30.0000,13210.0000,pcs,396300.0000,390355.5000,.0000
SI0001SI#000380,2025-08-04 00:00:00.000,Go2,Main Location,15.0000,10390.0000,pcs,155850.0000,153512.2500,.0000
SI0001SI#000381,2025-08-04 00:00:00.000,Spark40 (6+128),Main Location,10.0000,13210.0000,pcs,132100.0000,130118.5000,.0000
SI0001SI#000381,2025-08-04 00:00:00.000,Go2,Main Location,10.0000,10390.0000,pcs,103900.0000,102341.5000,.0000
PI0001PI#000053,2025-08-04 00:00:00.000,Spark40 (6+128),Main Location,150.0000,12874.8700,pcs,1931230.5000,1931230.5000,.0000
SI0001SI#000376,2025-08-03 00:00:00.000,Spark40 (6+128),Main Location,15.0000,13210.0000,pcs,198150.0000,195177.7500,.0000
SI0001SI#000376,2025-08-03 00:00:00.000,Spark 40(8+256),Main Location,11.0000,15570.0000,pcs,171270.0000,168700.9500,.0000
SI0001SI#000376,2025-08-03 00:00:00.000,Spark 40 Pro,Main Location,10.0000,18870.0000,pcs,188700.0000,185869.5000,.0000
SI0001SI#000376,2025-08-03 00:00:00.000,Go2,Main Location,5.0000,10390.0000,pcs,51950.0000,51170.7500,.0000
SI0001SI#000377,2025-08-03 00:00:00.000,Go2,Main Location,1.0000,10390.0000,pcs,10390.0000,10286.1000,.0000
SI0001SI#000377,2025-08-03 00:00:00.000,Spark40 (6+128),Main Location,1.0000,13210.0000,pcs,13210.0000,13077.9000,.0000
SI0001SI#000377,2025-08-03 00:00:00.000,Spark 40 Pro,Main Location,1.0000,18870.0000,pcs,18870.0000,18681.3000,.0000
SI0001SI#000377,2025-08-03 00:00:00.000,Spark 40(8+256),Main Location,1.0000,15570.0000,pcs,15570.0000,15414.3000,.0000
SI0001SI#000371,2025-07-31 00:00:00.000,Camon40 Pro,Main Location,1.0000,26410.0000,pcs,26410.0000,26013.8500,.0000
SI0001SI#000372,2025-07-31 00:00:00.000,Spark40 (6+128),Main Location,1.0000,13210.0000,pcs,13210.0000,13077.9000,.0000
SI0001SI#000372,2025-07-31 00:00:00.000,Camon40 Pro,Main Location,1.0000,26410.0000,pcs,26410.0000,26145.9000,.0000
SI0001SI#000373,2025-07-31 00:00:00.000,Camon40 Pro,Main Location,1.0000,26410.0000,pcs,26410.0000,26013.8500,.0000
SI0001SI#000374,2025-07-31 00:00:00.000,Spark 40 Pro,Main Location,3.0000,18870.0000,pcs,56610.0000,55760.8500,.0000
SI0001SI#000374,2025-07-31 00:00:00.000,Spark 40c (4+128),Main Location,4.0000,11790.0000,pcs,47160.0000,46452.6000,.0000
SI0001SI#000375,2025-07-31 00:00:00.000,Camon40 Pro,Main Location,85.0000,26410.0000,pcs,2244850.0000,2211177.2500,.0000
PI0001PI#000052,2025-07-31 00:00:00.000,Go2,Main Location,55.0000,10144.1000,pcs,557925.5000,557925.5000,.0000
PI0001PI#000052,2025-07-31 00:00:00.000,Camon40 Pro,Main Location,85.0000,25707.0000,pcs,2185095.0000,2185095.0000,.0000
PI0001PI#000052,2025-07-31 00:00:00.000,Spark 40 Pro,Main Location,5.0000,18392.6800,pcs,91963.4000,91963.4000,.0000
PI0001PI#000051,2025-07-30 00:00:00.000,Go2(3+64),Main Location,15.0000,9181.8100,pcs,137727.1500,137727.1500,.0000
PI0001PI#000051,2025-07-30 00:00:00.000,Go2,Main Location,150.0000,10144.1000,pcs,1521615.0000,1521615.0000,.0000
PI0001PI#000051,2025-07-30 00:00:00.000,Camon40 Pro,Main Location,35.0000,25707.0000,pcs,899745.0000,899745.0000,.0000
SI0001SI#000366,2025-07-30 00:00:00.000,Spark40 Pro Pius,Main Location,5.0000,23590.0000,pcs,117950.0000,116180.7500,.0000
SI0001SI#000366,2025-07-30 00:00:00.000,Go2,Main Location,1.0000,10390.0000,pcs,10390.0000,10234.1500,.0000
SI0001SI#000367,2025-07-30 00:00:00.000,Camon40 Pro,Main Location,2.0000,26410.0000,pcs,52820.0000,52291.8000,.0000
SI0001SI#000368,2025-07-30 00:00:00.000,Spark 40c (4+128),Main Location,2.0000,11790.0000,pcs,23580.0000,23226.3000,.0000
SI0001SI#000369,2025-07-30 00:00:00.000,Spark40 (6+128),Main Location,2.0000,13210.0000,pcs,26420.0000,26023.7000,.0000
SI0001SI#000369,2025-07-30 00:00:00.000,Spark 40(8+256),Main Location,1.0000,15570.0000,pcs,15570.0000,15336.4500,.0000
SI0001SI#000369,2025-07-30 00:00:00.000,Spark 40 Pro,Main Location,2.0000,18870.0000,pcs,37740.0000,37173.9000,.0000
SI0001SI#000369,2025-07-30 00:00:00.000,Spark40 Pro Pius,Main Location,1.0000,23590.0000,pcs,23590.0000,23236.1500,.0000
SI0001SI#000370,2025-07-30 00:00:00.000,Camon40 Pro,Main Location,30.0000,26410.0000,pcs,792300.0000,780415.5000,.0000
SI0001SI#000359,2025-07-29 00:00:00.000,Spark40 (6+128),Main Location,3.0000,13210.0000,pcs,39630.0000,39035.5500,.0000
SI0001SI#000360,2025-07-29 00:00:00.000,Spark40 (6+128),Main Location,4.0000,13210.0000,pcs,52840.0000,52047.4000,.0000
SI0001SI#000361,2025-07-29 00:00:00.000,Spark 40c (4+128),Main Location,2.0000,11790.0000,pcs,23580.0000,23226.3000,.0000
SI0001SI#000362,2025-07-29 00:00:00.000,Spark 40 Pro,Main Location,1.0000,18870.0000,pcs,18870.0000,18586.9500,.0000
SI0001SI#000362,2025-07-29 00:00:00.000,Spark40 Pro Pius,Main Location,1.0000,23590.0000,pcs,23590.0000,23236.1500,.0000
SI0001SI#000362,2025-07-29 00:00:00.000,Spark40 (6+128),Main Location,1.0000,13210.0000,pcs,13210.0000,13011.8500,.0000
SI0001SI#000362,2025-07-29 00:00:00.000,Go2,Main Location,1.0000,10390.0000,pcs,10390.0000,10234.1500,.0000
SI0001SI#000363,2025-07-29 00:00:00.000,Camon40 Pro,Main Location,30.0000,26410.0000,pcs,792300.0000,780415.5000,.0000
SI0001SI#000364,2025-07-29 00:00:00.000,Spark40 Pro Pius,Main Location,3.0000,23590.0000,pcs,70770.0000,69708.4500,.0000
SI0001SI#000365,2025-07-29 00:00:00.000,Spark 40 Pro,Main Location,5.0000,18870.0000,pcs,94350.0000,92934.7500,.0000
PI0001PI#000050,2025-07-29 00:00:00.000,Camon40 Pro,Main Location,30.0000,25707.0000,pcs,771210.0000,771210.0000,.0000
PI0001PI#000050,2025-07-29 00:00:00.000,Go2(3+64),Main Location,50.0000,9181.8100,pcs,459090.5000,459090.5000,.0000
PI0001PI#000049,2025-07-28 00:00:00.000,Go2(3+64),Main Location,10.0000,9181.8100,pcs,91818.1000,91818.1000,.0000
PI0001PI#000049,2025-07-28 00:00:00.000,Spark40 (6+128),Main Location,30.0000,12874.8700,pcs,386246.1000,386246.1000,.0000
SI0001SI#000352,2025-07-28 00:00:00.000,Spark 40 Pro,Main Location,4.0000,18870.0000,pcs,75480.0000,74347.8000,.0000
SI0001SI#000352,2025-07-28 00:00:00.000,Spark 40c (4+128),Main Location,2.0000,11790.0000,pcs,23580.0000,23226.3000,.0000
SI0001SI#000352,2025-07-28 00:00:00.000,Go2,Main Location,4.0000,10390.0000,pcs,41560.0000,40936.6000,.0000
SI0001SI#000353,2025-07-28 00:00:00.000,Live 40c,Main Location,1.0000,8780.0000,pcs,8780.0000,8780.0000,.0000
SI0001SI#000354,2025-07-28 00:00:00.000,Go2,Main Location,1.0000,10390.0000,pcs,10390.0000,10234.1500,.0000
SI0001SI#000354,2025-07-28 00:00:00.000,Spark 40 Pro,Main Location,1.0000,18870.0000,pcs,18870.0000,18586.9500,.0000
SI0001SI#000355,2025-07-27 00:00:00.000,Spark40 Pro Pius,Main Location,6.0000,23590.0000,pcs,141540.0000,139416.9000,.0000
SI0001SI#000355,2025-07-27 00:00:00.000,Go2,Main Location,5.0000,10390.0000,pcs,51950.0000,51170.7500,.0000
SI0001SI#000355,2025-07-27 00:00:00.000,Spark 40 Pro,Main Location,5.0000,18870.0000,pcs,94350.0000,92934.7500,.0000
SI0001SI#000356,2025-07-27 00:00:00.000,Spark40 Pro Pius,Main Location,1.0000,23590.0000,pcs,23590.0000,23236.1500,.0000
SI0001SI#000357,2025-07-27 00:00:00.000,Spark 40 Pro,Main Location,7.0000,18870.0000,pcs,132090.0000,130108.6500,.0000
SI0001SI#000357,2025-07-27 00:00:00.000,Go2,Main Location,5.0000,10390.0000,pcs,51950.0000,51170.7500,.0000
SI0001SI#000357,2025-07-27 00:00:00.000,Spark 40c (4+128),Main Location,2.0000,11790.0000,pcs,23580.0000,23226.3000,.0000
SI0001SI#000357,2025-07-27 00:00:00.000,Spark 40(8+256),Main Location,2.0000,15570.0000,pcs,31140.0000,30672.9000,.0000
SI0001SI#000357,2025-07-27 00:00:00.000,Spark40 Pro Pius,Main Location,5.0000,23590.0000,pcs,117950.0000,116180.7500,.0000
SI0001SI#000358,2025-07-27 00:00:00.000,Spark 40 Pro,Main Location,2.0000,18870.0000,pcs,37740.0000,37173.9000,.0000
SI0001SI#000358,2025-07-27 00:00:00.000,GO1 4+64,Main Location,3.0000,10425.0000,pcs,31275.0000,30649.5000,.0000
SI0001SI#000358,2025-07-27 00:00:00.000,Go2,Main Location,2.0000,10390.0000,pcs,20780.0000,20364.4000,.0000
SI0001SI#000343,2025-07-25 00:00:00.000,Spark40 Pro Pius,Main Location,25.0000,23590.0000,pcs,589750.0000,580903.7500,.0000
SI0001SI#000343,2025-07-25 00:00:00.000,Spark40 (6+128),Main Location,5.0000,13210.0000,pcs,66050.0000,65059.2500,.0000
SI0001SI#000344,2025-07-25 00:00:00.000,Spark40 Pro Pius,Main Location,15.0000,23590.0000,pcs,353850.0000,348542.2500,.0000
SI0001SI#000345,2025-07-25 00:00:00.000,Spark40 (6+128),Main Location,15.0000,13210.0000,pcs,198150.0000,195177.7500,.0000
SI0001SI#000345,2025-07-25 00:00:00.000,Spark40 Pro Pius,Main Location,20.0000,23590.0000,pcs,471800.0000,464723.0000,.0000
SI0001SI#000346,2025-07-25 00:00:00.000,Spark40 Pro Pius,Main Location,2.0000,23590.0000,pcs,47180.0000,46472.3000,.0000
SI0001SI#000347,2025-07-25 00:00:00.000,Spark40 Pro Pius,Main Location,5.0000,23590.0000,pcs,117950.0000,117950.0000,.0000
SI0001SI#000348,2025-07-25 00:00:00.000,Spark40 Pro Pius,Main Location,4.0000,23590.0000,pcs,94360.0000,92944.6000,.0000
SI0001SI#000349,2025-07-25 00:00:00.000,Spark40 Pro Pius,Main Location,2.0000,23590.0000,pcs,47180.0000,46708.2000,.0000
SI0001SI#000349,2025-07-25 00:00:00.000,Spark 40(8+256),Main Location,1.0000,15570.0000,pcs,15570.0000,15414.3000,.0000
SI0001SI#000349,2025-07-25 00:00:00.000,Spark 40c (4+128),Main Location,2.0000,11790.0000,pcs,23580.0000,23344.2000,.0000
SI0001SI#000349,2025-07-25 00:00:00.000,Spark 40 Pro,Main Location,2.0000,18870.0000,pcs,37740.0000,37362.6000,.0000
SI0001SI#000350,2025-07-25 00:00:00.000,GO1 4+64,Main Location,1.0000,10425.0000,pcs,10425.0000,10425.0000,.0000
SI0001SI#000350,2025-07-25 00:00:00.000,GO1 3+64,Main Location,2.0000,9480.0000,pcs,18960.0000,18960.0000,.0000
SI0001SI#000350,2025-07-25 00:00:00.000,Go2(3+64),Main Location,2.0000,9433.0000,pcs,18866.0000,18866.0000,.0000
SI0001SI#000350,2025-07-25 00:00:00.000,Spark 20C 4+128,Main Location,3.0000,11320.0000,pcs,33960.0000,33960.0000,.0000
SI0001SI#000351,2025-07-25 00:00:00.000,Live 40c,Main Location,1.0000,8780.0000,pcs,8780.0000,8780.0000,.0000
PI0001PI#000047,2025-07-25 00:00:00.000,Spark40 (6+128),Main Location,20.0000,12874.8700,pcs,257497.4000,257497.4000,.0000
PI0001PI#000048,2025-07-25 00:00:00.000,Spark40 Pro Pius,Main Location,95.0000,22993.3400,pcs,2184367.3000,2184367.3000,.0000
SI0001SI#000338,2025-07-24 00:00:00.000,Go2,Main Location,100.0000,10145.0000,pcs,1014500.0000,1014500.0000,.0000
SI0001SI#000339,2025-07-24 00:00:00.000,Camon40 Pro,Main Location,3.0000,26410.0000,pcs,79230.0000,78041.5500,.0000
SI0001SI#000340,2025-07-24 00:00:00.000,GO1 4+64,Main Location,1.0000,10425.0000,pcs,10425.0000,10268.6200,.0000
SI0001SI#000341,2025-07-24 00:00:00.000,Spark 40 Pro,Main Location,2.0000,18870.0000,pcs,37740.0000,37173.9000,.0000
SI0001SI#000342,2025-07-24 00:00:00.000,Spark 40 Pro,Main Location,4.0000,18870.0000,pcs,75480.0000,74347.8000,.0000
SI0001SI#000342,2025-07-24 00:00:00.000,Spark 40(8+256),Main Location,3.0000,15570.0000,pcs,46710.0000,46009.3500,.0000
SI0001SI#000342,2025-07-24 00:00:00.000,Spark 40c (4+128),Main Location,1.0000,11790.0000,pcs,11790.0000,11613.1500,.0000
SI0001SI#000342,2025-07-24 00:00:00.000,Go2,Main Location,3.0000,10390.0000,pcs,31170.0000,30702.4500,.0000
SI0001SI#000336,2025-07-23 00:00:00.000,Camon40 Pro,Main Location,2.0000,26410.0000,pcs,52820.0000,52027.7000,.0000
SI0001SI#000337,2025-07-23 00:00:00.000,Go2,Main Location,1.0000,10390.0000,pcs,10390.0000,10234.1500,.0000
SI0001SI#000337,2025-07-23 00:00:00.000,Spark 40 Pro,Main Location,2.0000,18870.0000,pcs,37740.0000,37173.9000,.0000
SI0001SI#000337,2025-07-23 00:00:00.000,Spark 40(8+256),Main Location,1.0000,15570.0000,pcs,15570.0000,15336.4500,.0000
PI0001PI#000045,2025-07-23 00:00:00.000,Go2,Main Location,20.0000,10144.1000,pcs,202882.0000,202882.0000,.0000
PI0001PI#000045,2025-07-23 00:00:00.000,Camon40 Pro,Main Location,3.0000,25707.0000,pcs,77121.0000,77121.0000,.0000
PI0001PI#000046,2025-07-23 00:00:00.000,Live 40c,Main Location,2.0000,8776.0000,pcs,17552.0000,17552.0000,.0000
PI0001PI#000043,2025-07-22 00:00:00.000,Camon40 Pro,Main Location,20.0000,25707.0000,pcs,514140.0000,514140.0000,.0000
PI0001PI#000043,2025-07-22 00:00:00.000,Go2,Main Location,130.0000,10144.1000,pcs,1318733.0000,1318733.0000,.0000
PI0001PI#000044,2025-07-22 00:00:00.000,Live Demo 40pro+,Main Location,2.0000,17553.0000,pcs,35106.0000,35106.0000,.0000
SI0001SI#000328,2025-07-22 00:00:00.000,Camon40 Pro,Main Location,1.0000,26410.0000,pcs,26410.0000,26013.8500,.0000
SI0001SI#000329,2025-07-22 00:00:00.000,Camon40 Pro,Main Location,10.0000,26410.0000,pcs,264100.0000,260138.5000,.0000
SI0001SI#000330,2025-07-22 00:00:00.000,Camon40 Pro,Main Location,5.0000,26410.0000,pcs,132050.0000,130069.2500,.0000
SI0001SI#000331,2025-07-22 00:00:00.000,Camon40 Pro,Main Location,1.0000,26410.0000,pcs,26410.0000,26013.8500,.0000
SI0001SI#000332,2025-07-22 00:00:00.000,Go2(3+64),Main Location,2.0000,9433.0000,pcs,18866.0000,18583.0100,.0000
SI0001SI#000332,2025-07-22 00:00:00.000,Spark 40(8+256),Main Location,10.0000,15570.0000,pcs,155700.0000,153364.5000,.0000
SI0001SI#000332,2025-07-22 00:00:00.000,Camon40 Pro,Main Location,2.0000,26410.0000,pcs,52820.0000,52027.7000,.0000
SI0001SI#000333,2025-07-22 00:00:00.000,Go2,Main Location,2.0000,10390.0000,pcs,20780.0000,20468.3000,.0000
SI0001SI#000333,2025-07-22 00:00:00.000,Spark 40 Pro,Main Location,1.0000,18870.0000,pcs,18870.0000,18586.9500,.0000
SI0001SI#000333,2025-07-22 00:00:00.000,Spark 40(8+256),Main Location,1.0000,15570.0000,pcs,15570.0000,15336.4500,.0000
SI0001SI#000334,2025-07-22 00:00:00.000,Live Demo 40pro+,Main Location,1.0000,17553.0000,pcs,17553.0000,17553.0000,.0000
SI0001SI#000335,2025-07-22 00:00:00.000,Live Demo 40pro+,Main Location,1.0000,17553.0000,pcs,17553.0000,17553.0000,.0000
SI0001SI#000317,2025-07-21 00:00:00.000,Camon40 Pro,Main Location,4.0000,26410.0000,pcs,105640.0000,104055.4000,.0000
SI0001SI#000317,2025-07-21 00:00:00.000,Go2,Main Location,2.0000,10390.0000,pcs,20780.0000,20468.3000,.0000
SI0001SI#000317,2025-07-21 00:00:00.000,Go2(3+64),Main Location,6.0000,9433.0000,pcs,56598.0000,55749.0300,.0000
SI0001SI#000318,2025-07-21 00:00:00.000,Camon40 Pro,Main Location,5.0000,26410.0000,pcs,132050.0000,130069.2500,.0000
SI0001SI#000318,2025-07-21 00:00:00.000,Go2,Main Location,4.0000,10390.0000,pcs,41560.0000,40936.6000,.0000
SI0001SI#000318,2025-07-21 00:00:00.000,Go2(3+64),Main Location,6.0000,9433.0000,pcs,56598.0000,55749.0300,.0000
SI0001SI#000319,2025-07-21 00:00:00.000,Camon40 Pro,Main Location,2.0000,26410.0000,pcs,52820.0000,52027.7000,.0000
SI0001SI#000319,2025-07-21 00:00:00.000,Go2(3+64),Main Location,1.0000,9433.0000,pcs,9433.0000,9291.5000,.0000
SI0001SI#000320,2025-07-21 00:00:00.000,Spark 40c (4+128),Main Location,2.0000,11790.0000,pcs,23580.0000,23226.3000,.0000
SI0001SI#000321,2025-07-21 00:00:00.000,Camon40 Pro,Main Location,3.0000,26410.0000,pcs,79230.0000,78041.5500,.0000
SI0001SI#000321,2025-07-21 00:00:00.000,Go2(3+64),Main Location,3.0000,9433.0000,pcs,28299.0000,27874.5200,.0000
SI0001SI#000322,2025-07-21 00:00:00.000,Spark 40 Pro,Main Location,1.0000,18870.0000,pcs,18870.0000,18473.8500,.0000
SI0001SI#000323,2025-07-21 00:00:00.000,Go2,Main Location,1.0000,10390.0000,pcs,10390.0000,10234.1500,.0000
SI0001SI#000324,2025-07-21 00:00:00.000,Camon40 Pro,Main Location,10.0000,26410.0000,pcs,264100.0000,260138.5000,.0000
SI0001SI#000325,2025-07-21 00:00:00.000,Spark 40c (4+128),Main Location,2.0000,11790.0000,pcs,23580.0000,23226.3000,.0000
SI0001SI#000325,2025-07-21 00:00:00.000,Camon40 Pro,Main Location,15.0000,26410.0000,pcs,396150.0000,390207.7500,.0000
SI0001SI#000326,2025-07-21 00:00:00.000,Camon40 Pro,Main Location,3.0000,26410.0000,pcs,79230.0000,78437.7000,.0000
SI0001SI#000326,2025-07-21 00:00:00.000,Go2(3+64),Main Location,4.0000,9433.0000,pcs,37732.0000,37354.6800,.0000
SI0001SI#000327,2025-07-21 00:00:00.000,Go2(3+64),Main Location,3.0000,9433.0000,pcs,28299.0000,27874.5200,.0000
SI0001SI#000327,2025-07-21 00:00:00.000,Camon40 Pro,Main Location,7.0000,26410.0000,pcs,184870.0000,184870.0000,.0000
PI0001PI#000042,2025-07-21 00:00:00.000,Camon40 Pro,Main Location,50.0000,25707.0000,pcs,1285350.0000,1285350.0000,.0000
PI0001PI#000042,2025-07-21 00:00:00.000,Go2,Main Location,100.0000,10144.1000,pcs,1014410.0000,1014410.0000,.0000
SI0001SI#000314,2025-07-20 00:00:00.000,Spark 40c (4+128),Main Location,3.0000,11790.0000,pcs,35370.0000,34836.9800,.0000
SI0001SI#000314,2025-07-20 00:00:00.000,Spark 40(8+256),Main Location,3.0000,15570.0000,pcs,46710.0000,46009.3500,.0000
SI0001SI#000314,2025-07-20 00:00:00.000,Go2,Main Location,4.0000,10390.0000,pcs,41560.0000,40936.6000,.0000
SI0001SI#000314,2025-07-20 00:00:00.000,Spark 40 Pro,Main Location,3.0000,18870.0000,pcs,56610.0000,55760.8500,.0000
SI0001SI#000315,2025-07-20 00:00:00.000,Spark 40c (4+128),Main Location,2.0000,11790.0000,pcs,23580.0000,23580.0000,.0000
SI0001SI#000316,2025-07-20 00:00:00.000,Spark 40 Pro,Main Location,6.0000,18870.0000,pcs,113220.0000,110955.6000,.0000
SI0001SI#000311,2025-07-18 00:00:00.000,Spark 40c (4+128),Main Location,2.0000,11790.0000,pcs,23580.0000,23344.2000,.0000
SI0001SI#000311,2025-07-18 00:00:00.000,Spark 40(8+256),Main Location,1.0000,15570.0000,pcs,15570.0000,15414.3000,.0000
SI0001SI#000311,2025-07-18 00:00:00.000,Spark 40 Pro,Main Location,1.0000,18870.0000,pcs,18870.0000,18681.3000,.0000
SI0001SI#000311,2025-07-18 00:00:00.000,Go2,Main Location,2.0000,10390.0000,pcs,20780.0000,20572.2000,.0000
SI0001SI#000312,2025-07-18 00:00:00.000,Spark 40 Pro,Main Location,4.0000,18870.0000,pcs,75480.0000,74347.8000,.0000
SI0001SI#000312,2025-07-18 00:00:00.000,Spark 40(8+256),Main Location,3.0000,15570.0000,pcs,46710.0000,46009.3500,.0000
SI0001SI#000312,2025-07-18 00:00:00.000,Spark 40c (4+128),Main Location,3.0000,11790.0000,pcs,35370.0000,34839.4500,.0000
SI0001SI#000312,2025-07-18 00:00:00.000,Go2,Main Location,2.0000,10390.0000,pcs,20780.0000,20468.3000,.0000
SI0001SI#000313,2025-07-18 00:00:00.000,Spark 40 Pro,Main Location,2.0000,18870.0000,pcs,37740.0000,37173.9000,.0000
SI0001SI#000313,2025-07-18 00:00:00.000,Go2,Main Location,3.0000,10390.0000,pcs,31170.0000,30702.4500,.0000
PI0001PI#000041,2025-07-18 00:00:00.000,Spark 40 Pro,Main Location,30.0000,18392.6800,pcs,551780.4000,551780.4000,.0000
PI0001PI#000041,2025-07-18 00:00:00.000,Spark 40c (4+128),Main Location,30.0000,11491.6700,pcs,344750.1000,344750.1000,.0000
PI0001PI#000040,2025-07-17 00:00:00.000,Spark 40(8+256),Main Location,80.0000,15180.2200,pcs,1214417.6000,1214417.6000,.0000
PI0001PI#000040,2025-07-17 00:00:00.000,Spark 40c (4+128),Main Location,70.0000,11491.6700,pcs,804416.9000,804416.9000,.0000
SI0001SI#000307,2025-07-17 00:00:00.000,Spark 40(8+256),Main Location,29.0000,15570.0000,pcs,451530.0000,442499.4000,.0000
SI0001SI#000308,2025-07-17 00:00:00.000,Spark 40 Pro,Main Location,5.0000,18870.0000,pcs,94350.0000,92934.7500,.0000
SI0001SI#000308,2025-07-17 00:00:00.000,Spark 40(8+256),Main Location,4.0000,15570.0000,pcs,62280.0000,61345.8000,.0000
SI0001SI#000308,2025-07-17 00:00:00.000,Go2,Main Location,2.0000,10390.0000,pcs,20780.0000,20780.0000,.0000
SI0001SI#000309,2025-07-17 00:00:00.000,Spark 40(8+256),Main Location,10.0000,15570.0000,pcs,155700.0000,154143.0000,.0000
SI0001SI#000309,2025-07-17 00:00:00.000,Spark 40 Pro,Main Location,5.0000,18870.0000,pcs,94350.0000,93406.5000,.0000
SI0001SI#000310,2025-07-16 00:00:00.000,Spark 40(8+256),Main Location,5.0000,15570.0000,pcs,77850.0000,76682.2500,.0000
SI0001SI#000301,2025-07-16 00:00:00.000,Spark 40 Pro,Main Location,30.0000,18870.0000,pcs,566100.0000,557608.5000,.0000
SI0001SI#000301,2025-07-16 00:00:00.000,Spark 40c (4+128),Main Location,8.0000,11790.0000,pcs,94320.0000,92905.2000,.0000
SI0001SI#000301,2025-07-16 00:00:00.000,Go2,Main Location,34.0000,10390.0000,pcs,353260.0000,347961.1000,.0000
SI0001SI#000301,2025-07-16 00:00:00.000,Spark 40(8+256),Main Location,21.0000,15570.0000,pcs,326970.0000,322065.4500,.0000
SI0001SI#000302,2025-07-16 00:00:00.000,Go2,Main Location,80.0000,10390.0000,pcs,831200.0000,814576.0000,.0000
SI0001SI#000302,2025-07-16 00:00:00.000,Spark 40c (4+128),Main Location,20.0000,11790.0000,pcs,235800.0000,231084.0000,.0000
SI0001SI#000302,2025-07-16 00:00:00.000,Spark 40(8+256),Main Location,10.0000,15570.0000,pcs,155700.0000,152586.0000,.0000
SI0001SI#000302,2025-07-16 00:00:00.000,Spark 40 Pro,Main Location,2.0000,18870.0000,pcs,37740.0000,36985.2000,.0000
SI0001SI#000303,2025-07-16 00:00:00.000,GO1 4+64,Main Location,3.0000,10425.0000,pcs,31275.0000,30649.5000,.0000
SI0001SI#000303,2025-07-16 00:00:00.000,Go2,Main Location,2.0000,10390.0000,pcs,20780.0000,20364.4000,.0000
SI0001SI#000304,2025-07-16 00:00:00.000,Spark 40c (4+128),Main Location,2.0000,11790.0000,pcs,23580.0000,23226.3000,.0000
SI0001SI#000305,2025-07-16 00:00:00.000,Spark 40c (4+128),Main Location,4.0000,11790.0000,pcs,47160.0000,46452.6000,.0000
SI0001SI#000306,2025-07-16 00:00:00.000,Spark 40 Pro,Main Location,1.0000,18870.0000,pcs,18870.0000,18586.9500,.0000
SI0001SI#000306,2025-07-16 00:00:00.000,Go2(3+64),Main Location,2.0000,9433.0000,pcs,18866.0000,18583.0100,.0000
SI0001SI#000306,2025-07-16 00:00:00.000,Spark 40c (4+128),Main Location,13.0000,11790.0000,pcs,153270.0000,150970.9500,.0000
SI0001SI#000306,2025-07-16 00:00:00.000,Go2,Main Location,1.0000,10390.0000,pcs,10390.0000,10234.1500,.0000
SI0001SI#000306,2025-07-16 00:00:00.000,Spark 40(8+256),Main Location,5.0000,15570.0000,pcs,77850.0000,76682.2500,.0000
PI0001PI#000039,2025-07-16 00:00:00.000,Go2,Main Location,200.0000,10144.1000,pcs,2028820.0000,2028820.0000,.0000
PI0001PI#000039,2025-07-16 00:00:00.000,Go2(3+64),Main Location,10.0000,9181.8100,pcs,91818.1000,91818.1000,.0000
PI0001PI#000039,2025-07-16 00:00:00.000,Spark 40 Pro,Main Location,100.0000,18392.6800,pcs,1839268.0000,1839268.0000,.0000
PI0001PI#000039,2025-07-16 00:00:00.000,Spark 40c (4+128),Main Location,100.0000,11491.6700,pcs,1149167.0000,1149167.0000,.0000
SI0001SI#000299,2025-07-15 00:00:00.000,Spark 40(8+256),Main Location,22.0000,15570.0000,pcs,342540.0000,337401.9000,.0000
SI0001SI#000299,2025-07-15 00:00:00.000,Spark 40 Pro,Main Location,9.0000,18870.0000,pcs,169830.0000,167282.5500,.0000
SI0001SI#000300,2025-07-15 00:00:00.000,Spark 40(8+256),Main Location,5.0000,15570.0000,pcs,77850.0000,76682.2500,.0000
PI0001PI#000038,2025-07-14 00:00:00.000,Spark 40(8+256),Main Location,150.0000,15180.2200,pcs,2277033.0000,2277033.0000,.0000
PI0001PI#000038,2025-07-14 00:00:00.000,Camon40 Pro,Main Location,8.0000,25707.0000,pcs,205656.0000,205656.0000,.0000
SI0001SI#000289,2025-07-14 00:00:00.000,Go2,Main Location,10.0000,10390.0000,pcs,103900.0000,102341.5000,.0000
SI0001SI#000289,2025-07-14 00:00:00.000,Spark 40(8+256),Main Location,10.0000,15570.0000,pcs,155700.0000,153364.5000,.0000
SI0001SI#000289,2025-07-14 00:00:00.000,Spark 40 Pro,Main Location,5.0000,18870.0000,pcs,94350.0000,92934.7500,.0000
SI0001SI#000289,2025-07-14 00:00:00.000,GO1 4+128,Main Location,5.0000,11845.0000,pcs,59225.0000,58336.6200,.0000
SI0001SI#000289,2025-07-14 00:00:00.000,GO1 4+64,Main Location,5.0000,10425.0000,pcs,52125.0000,51343.1200,.0000
SI0001SI#000290,2025-07-14 00:00:00.000,Camon40 Pro,Main Location,1.0000,26410.0000,pcs,26410.0000,26013.8500,.0000
SI0001SI#000290,2025-07-14 00:00:00.000,Spark 40(8+256),Main Location,2.0000,15570.0000,pcs,31140.0000,30672.9000,.0000
SI0001SI#000291,2025-07-14 00:00:00.000,Spark 40(8+256),Main Location,2.0000,15570.0000,pcs,31140.0000,30672.9000,.0000
SI0001SI#000291,2025-07-14 00:00:00.000,Camon40 Pro,Main Location,1.0000,26410.0000,pcs,26410.0000,26013.8500,.0000
SI0001SI#000292,2025-07-14 00:00:00.000,Camon40 Pro,Main Location,1.0000,26410.0000,pcs,26410.0000,26013.8500,.0000
SI0001SI#000292,2025-07-14 00:00:00.000,Spark 40(8+256),Main Location,10.0000,15570.0000,pcs,155700.0000,153364.5000,.0000
SI0001SI#000293,2025-07-14 00:00:00.000,Go2,Main Location,13.0000,10390.0000,pcs,135070.0000,133043.9500,.0000
SI0001SI#000293,2025-07-14 00:00:00.000,Spark 40(8+256),Main Location,5.0000,15570.0000,pcs,77850.0000,76682.2500,.0000
SI0001SI#000293,2025-07-14 00:00:00.000,Spark 40 Pro,Main Location,6.0000,18870.0000,pcs,113220.0000,111521.7000,.0000
SI0001SI#000294,2025-07-14 00:00:00.000,Camon40 Pro,Main Location,3.0000,26410.0000,pcs,79230.0000,78041.5500,.0000
SI0001SI#000294,2025-07-14 00:00:00.000,Spark 40(8+256),Main Location,5.0000,15570.0000,pcs,77850.0000,76682.2500,.0000
SI0001SI#000294,2025-07-14 00:00:00.000,Go2,Main Location,5.0000,10390.0000,pcs,51950.0000,51170.7500,.0000
SI0001SI#000294,2025-07-14 00:00:00.000,Go2(3+64),Main Location,2.0000,9433.0000,pcs,18866.0000,18583.0100,.0000
SI0001SI#000295,2025-07-14 00:00:00.000,Spark 40 Pro,Main Location,6.0000,18870.0000,pcs,113220.0000,111521.7000,.0000
SI0001SI#000295,2025-07-14 00:00:00.000,Go2,Main Location,3.0000,10390.0000,pcs,31170.0000,30702.4500,.0000
SI0001SI#000296,2025-07-14 00:00:00.000,Spark 40(8+256),Main Location,3.0000,15570.0000,pcs,46710.0000,46009.3500,.0000
SI0001SI#000296,2025-07-14 00:00:00.000,Camon40 Pro,Main Location,1.0000,26410.0000,pcs,26410.0000,26013.8500,.0000
SI0001SI#000297,2025-07-14 00:00:00.000,Spark 40(8+256),Main Location,18.0000,15570.0000,pcs,280260.0000,276056.1000,.0000
SI0001SI#000297,2025-07-14 00:00:00.000,Camon40 Pro,Main Location,1.0000,26410.0000,pcs,26410.0000,26013.8500,.0000
SI0001SI#000298,2025-07-14 00:00:00.000,Go2,Main Location,20.0000,10390.0000,pcs,207800.0000,203644.0000,.0000
SI0001SI#000298,2025-07-14 00:00:00.000,Spark 40(8+256),Main Location,20.0000,15570.0000,pcs,311400.0000,305172.0000,.0000
SI0001SI#000285,2025-07-13 00:00:00.000,Go2,Main Location,2.0000,10390.0000,pcs,20780.0000,20572.2000,.0000
SI0001SI#000286,2025-07-13 00:00:00.000,Spark 40 Pro,Main Location,13.0000,18870.0000,pcs,245310.0000,241630.3500,.0000
SI0001SI#000287,2025-07-13 00:00:00.000,Spark 40 Pro,Main Location,1.0000,18870.0000,pcs,18870.0000,18586.9500,.0000
SI0001SI#000287,2025-07-13 00:00:00.000,Go2,Main Location,2.0000,10390.0000,pcs,20780.0000,20468.3000,.0000
SI0001SI#000288,2025-07-13 00:00:00.000,Go2,Main Location,1.0000,10390.0000,pcs,10390.0000,10388.5000,.0000
SI0001SI#000274,2025-07-11 00:00:00.000,Go2,Main Location,2.0000,10390.0000,pcs,20780.0000,20468.3000,.0000
SI0001SI#000274,2025-07-11 00:00:00.000,Spark 40 Pro,Main Location,1.0000,18870.0000,pcs,18870.0000,18586.9500,.0000
SI0001SI#000275,2025-07-11 00:00:00.000,Go2,Main Location,6.0000,10390.0000,pcs,62340.0000,61404.9000,.0000
SI0001SI#000276,2025-07-11 00:00:00.000,Spark 40 Pro,Main Location,20.0000,18870.0000,pcs,377400.0000,369852.0000,.0000
SI0001SI#000277,2025-07-11 00:00:00.000,Go2,Main Location,6.0000,10390.0000,pcs,62340.0000,61404.9000,.0000
SI0001SI#000277,2025-07-11 00:00:00.000,Spark 40 Pro,Main Location,5.0000,18870.0000,pcs,94350.0000,92934.7500,.0000
SI0001SI#000278,2025-07-11 00:00:00.000,Spark 40 Pro,Main Location,8.0000,18870.0000,pcs,150960.0000,148695.6000,.0000
SI0001SI#000278,2025-07-11 00:00:00.000,Go2,Main Location,6.0000,10390.0000,pcs,62340.0000,61404.9000,.0000
SI0001SI#000279,2025-07-11 00:00:00.000,Spark 40 Pro,Main Location,6.0000,18870.0000,pcs,113220.0000,111521.7000,.0000
SI0001SI#000279,2025-07-11 00:00:00.000,Go2,Main Location,3.0000,10390.0000,pcs,31170.0000,30702.4500,.0000
SI0001SI#000279,2025-07-11 00:00:00.000,Go2(3+64),Main Location,3.0000,9433.0000,pcs,28299.0000,27874.5200,.0000
SI0001SI#000280,2025-07-11 00:00:00.000,Live Demo Spark 40 Pro,Main Location,1.0000,14042.0000,pcs,14042.0000,14042.0000,.0000
SI0001SI#000281,2025-07-11 00:00:00.000,Spark 40 Pro,Main Location,2.0000,18870.0000,pcs,37740.0000,37173.9000,.0000
SI0001SI#000282,2025-07-11 00:00:00.000,Go2,Main Location,3.0000,10390.0000,pcs,31170.0000,31170.0000,.0000
SI0001SI#000282,2025-07-11 00:00:00.000,Spark 40 Pro,Main Location,2.0000,18870.0000,pcs,37740.0000,37740.0000,.0000
SI0001SI#000283,2025-07-11 00:00:00.000,Live Demo Spark 40 Pro,Main Location,1.0000,14042.0000,pcs,14042.0000,14042.0000,.0000
SI0001SI#000284,2025-07-11 00:00:00.000,Live Demo Spark 40 Pro,Main Location,1.0000,14042.0000,pcs,14042.0000,14042.0000,.0000
SI0001SI#000263,2025-07-11 00:00:00.000,Live Demo Spark 40,Main Location,1.0000,9830.0000,pcs,9830.0000,9830.0000,.0000
SI0001SI#000264,2025-07-11 00:00:00.000,Live Demo Spark 40,Main Location,1.0000,9830.0000,pcs,9830.0000,9830.0000,.0000
SI0001SI#000265,2025-07-11 00:00:00.000,Live Demo Spark 40,Main Location,1.0000,9830.0000,pcs,9830.0000,9830.0000,.0000
SI0001SI#000266,2025-07-11 00:00:00.000,Live Demo Spark 40,Main Location,1.0000,9830.0000,pcs,9830.0000,9830.0000,.0000
PI0001PI#000036,2025-07-11 00:00:00.000,Live Demo Spark 40,Main Location,5.0000,9830.0000,pcs,49150.0000,49150.0000,.0000
PI0001PI#000037,2025-07-11 00:00:00.000,Spark 40 Pro,Main Location,26.0000,18392.6800,pcs,478209.6800,478209.6800,.0000
PI0001PI#000037,2025-07-11 00:00:00.000,Live Demo Spark 40 Pro,Main Location,3.0000,14042.0000,pcs,42126.0000,42126.0000,.0000
PI0001PI#000034,2025-07-10 00:00:00.000,Spark 40 Pro,Main Location,112.0000,18392.6800,pcs,2059980.1600,2059980.1600,.0000
PI0001PI#000034,2025-07-10 00:00:00.000,Go2(3+64),Main Location,20.0000,9181.8100,pcs,183636.2000,183636.2000,.0000
SI0001SI#000267,2025-07-10 00:00:00.000,Spark 40 Pro,Main Location,6.0000,18870.0000,pcs,113220.0000,111521.7000,.0000
SI0001SI#000268,2025-07-10 00:00:00.000,Spark40 (6+128),Main Location,6.0000,13210.0000,pcs,79260.0000,78071.1000,.0000
SI0001SI#000268,2025-07-10 00:00:00.000,Go2,Main Location,1.0000,10390.0000,pcs,10390.0000,10234.1500,.0000
SI0001SI#000268,2025-07-10 00:00:00.000,Spark 40 Pro,Main Location,5.0000,18870.0000,pcs,94350.0000,92934.7500,.0000
SI0001SI#000269,2025-07-10 00:00:00.000,Spark 40 Pro,Main Location,2.0000,18870.0000,pcs,37740.0000,37173.9000,.0000
SI0001SI#000270,2025-07-10 00:00:00.000,Spark 40 Pro,Main Location,4.0000,18870.0000,pcs,75480.0000,74347.8000,.0000
SI0001SI#000270,2025-07-10 00:00:00.000,Go2,Main Location,3.0000,10390.0000,pcs,31170.0000,30702.4500,.0000
SI0001SI#000270,2025-07-10 00:00:00.000,Spark40 (6+128),Main Location,2.0000,13210.0000,pcs,26420.0000,26420.0000,.0000
SI0001SI#000271,2025-07-10 00:00:00.000,Spark 40 Pro,Main Location,3.0000,18870.0000,pcs,56610.0000,55760.8500,.0000
SI0001SI#000272,2025-07-10 00:00:00.000,Go2,Main Location,2.0000,10390.0000,pcs,20780.0000,20572.2000,.0000
SI0001SI#000272,2025-07-10 00:00:00.000,Spark40 (6+128),Main Location,3.0000,13210.0000,pcs,39630.0000,39233.7000,.0000
SI0001SI#000272,2025-07-10 00:00:00.000,Spark 40 Pro,Main Location,3.0000,18870.0000,pcs,56610.0000,56043.9000,.0000
SI0001SI#000273,2025-07-10 00:00:00.000,Go2,Main Location,20.0000,10390.0000,pcs,207800.0000,204683.0000,.0000
SI0001SI#000273,2025-07-10 00:00:00.000,Spark 40 Pro,Main Location,27.0000,18870.0000,pcs,509490.0000,501847.6500,.0000
SI0001SI#000273,2025-07-10 00:00:00.000,Spark40 (6+128),Main Location,14.0000,13210.0000,pcs,184940.0000,182165.9000,.0000
SI0001SI#000252,2025-07-09 00:00:00.000,Go2,Main Location,1.0000,10390.0000,pcs,10390.0000,10234.1500,.0000
SI0001SI#000253,2025-07-09 00:00:00.000,Go2(3+64),Main Location,2.0000,9433.0000,pcs,18866.0000,18583.0100,.0000
SI0001SI#000254,2025-07-09 00:00:00.000,Spark40 (6+128),Main Location,2.0000,13210.0000,pcs,26420.0000,26023.7000,.0000
SI0001SI#000255,2025-07-09 00:00:00.000,Spark40 (6+128),Main Location,3.0000,13210.0000,pcs,39630.0000,39630.0000,.0000
SI0001SI#000255,2025-07-09 00:00:00.000,Go2,Main Location,2.0000,10390.0000,pcs,20780.0000,20780.0000,.0000
SI0001SI#000256,2025-07-09 00:00:00.000,Go2,Main Location,1.0000,10390.0000,pcs,10390.0000,10234.1500,.0000
SI0001SI#000257,2025-07-09 00:00:00.000,Go2,Main Location,2.0000,10390.0000,pcs,20780.0000,20780.0000,.0000
SI0001SI#000258,2025-07-09 00:00:00.000,Spark40 (6+128),Main Location,1.0000,13210.0000,pcs,13210.0000,13210.0000,.0000
SI0001SI#000259,2025-07-09 00:00:00.000,Go2,Main Location,31.0000,10390.0000,pcs,322090.0000,315648.2000,.0000
SI0001SI#000259,2025-07-09 00:00:00.000,Spark40 (6+128),Main Location,1.0000,13210.0000,pcs,13210.0000,12945.8000,.0000
SI0001SI#000260,2025-07-09 00:00:00.000,Go2,Main Location,11.0000,10390.0000,pcs,114290.0000,112575.6500,.0000
SI0001SI#000261,2025-07-09 00:00:00.000,Go2,Main Location,1.0000,10390.0000,pcs,10390.0000,10233.6200,.0000
SI0001SI#000261,2025-07-09 00:00:00.000,GO1 4+64,Main Location,1.0000,10425.0000,pcs,10425.0000,10268.6200,.0000
SI0001SI#000249,2025-07-08 00:00:00.000,Go2,Main Location,4.0000,10390.0000,pcs,41560.0000,40936.6000,.0000
SI0001SI#000249,2025-07-08 00:00:00.000,Spark40 (6+128),Main Location,4.0000,13210.0000,pcs,52840.0000,52047.4000,.0000
SI0001SI#000250,2025-07-08 00:00:00.000,Go2,Main Location,1.0000,10390.0000,pcs,10390.0000,10390.0000,.0000
SI0001SI#000251,2025-07-08 00:00:00.000,Spark40 (6+128),Main Location,70.0000,13210.0000,pcs,924700.0000,906206.0000,.0000
PI0001PI#000033,2025-07-08 00:00:00.000,Go2,Main Location,100.0000,10144.1000,pcs,1014410.0000,1014410.0000,.0000
SI0001SI#000246,2025-07-07 00:00:00.000,Go2(3+64),Main Location,1.0000,9433.0000,pcs,9433.0000,9291.5000,.0000
SI0001SI#000247,2025-07-07 00:00:00.000,Go2,Main Location,2.0000,10390.0000,pcs,20780.0000,20468.3000,.0000
SI0001SI#000248,2025-07-07 00:00:00.000,Go2,Main Location,3.0000,10390.0000,pcs,31170.0000,30702.4500,.0000
SI0001SI#000248,2025-07-07 00:00:00.000,Go2(3+64),Main Location,1.0000,9433.0000,pcs,9433.0000,9291.5000,.0000
SI0001SI#000248,2025-07-07 00:00:00.000,Spark40 (6+128),Main Location,3.0000,13210.0000,pcs,39630.0000,39035.5500,.0000
SI0001SI#000237,2025-07-06 00:00:00.000,Spark40 (6+128),Main Location,4.0000,13210.0000,pcs,52840.0000,52311.6000,.0000
SI0001SI#000238,2025-07-06 00:00:00.000,Spark40 (6+128),Main Location,28.0000,13210.0000,pcs,369880.0000,364331.8000,.0000
SI0001SI#000238,2025-07-06 00:00:00.000,Go2,Main Location,10.0000,10390.0000,pcs,103900.0000,102341.5000,.0000
SI0001SI#000239,2025-07-06 00:00:00.000,Go2,Main Location,1.0000,10390.0000,pcs,10390.0000,10234.1500,.0000
SI0001SI#000240,2025-07-06 00:00:00.000,Spark40 (6+128),Main Location,9.0000,13210.0000,pcs,118890.0000,117106.6500,.0000
SI0001SI#000241,2025-07-06 00:00:00.000,Spark40 (6+128),Main Location,10.0000,13210.0000,pcs,132100.0000,130118.5000,.0000
SI0001SI#000242,2025-07-06 00:00:00.000,Go2,Main Location,2.0000,10390.0000,pcs,20780.0000,20468.3000,.0000
SI0001SI#000242,2025-07-06 00:00:00.000,Spark40 (6+128),Main Location,9.0000,13210.0000,pcs,118890.0000,117106.6500,.0000
SI0001SI#000243,2025-07-06 00:00:00.000,Go2,Main Location,5.0000,10390.0000,pcs,51950.0000,51170.7500,.0000
SI0001SI#000243,2025-07-06 00:00:00.000,Spark40 (6+128),Main Location,9.0000,13210.0000,pcs,118890.0000,117106.6500,.0000
SI0001SI#000244,2025-07-06 00:00:00.000,Spark40 (6+128),Main Location,6.0000,13210.0000,pcs,79260.0000,78071.1000,.0000
SI0001SI#000245,2025-07-06 00:00:00.000,Go2,Main Location,7.0000,10390.0000,pcs,72730.0000,71639.0500,.0000
SI0001SI#000245,2025-07-06 00:00:00.000,Spark40 (6+128),Main Location,16.0000,13210.0000,pcs,211360.0000,208189.6000,.0000
SI0001SI#000262,2025-07-06 00:00:00.000,Go2,Main Location,3.0000,10390.0000,pcs,31170.0000,30702.4500,.0000
PI0001PI#000032,2025-07-06 00:00:00.000,Spark40 (6+128),Main Location,200.0000,12874.8700,pcs,2574974.0000,2574974.0000,.0000
SI0001SI#000230,2025-07-04 00:00:00.000,Go2,Main Location,2.0000,10390.0000,pcs,20780.0000,20468.3000,.0000
SI0001SI#000230,2025-07-04 00:00:00.000,Go2(3+64),Main Location,2.0000,9433.0000,pcs,18866.0000,18583.0100,.0000
SI0001SI#000231,2025-07-04 00:00:00.000,Go2,Main Location,5.0000,10390.0000,pcs,51950.0000,51170.7500,.0000
SI0001SI#000232,2025-07-04 00:00:00.000,Go2,Main Location,4.0000,10390.0000,pcs,41560.0000,40936.6000,.0000
SI0001SI#000233,2025-07-04 00:00:00.000,Go2,Main Location,10.0000,10390.0000,pcs,103900.0000,102341.5000,.0000
SI0001SI#000233,2025-07-04 00:00:00.000,GO1 4+64,Main Location,30.0000,10425.0000,pcs,312750.0000,308058.7500,.0000
SI0001SI#000233,2025-07-04 00:00:00.000,GO1 4+128,Main Location,10.0000,11845.0000,pcs,118450.0000,116673.2500,.0000
SI0001SI#000233,2025-07-04 00:00:00.000,GO1 3+64,Main Location,15.0000,9480.0000,pcs,142200.0000,140067.0000,.0000
SI0001SI#000234,2025-07-04 00:00:00.000,Go2,Main Location,101.0000,10390.0000,pcs,1049390.0000,1025254.0300,.0000
SI0001SI#000235,2025-07-04 00:00:00.000,Go2,Main Location,30.0000,10390.0000,pcs,311700.0000,305466.0000,.0000
SI0001SI#000236,2025-07-04 00:00:00.000,Camon 40 Pro 5G,Main Location,1.0000,33020.0000,pcs,33020.0000,32524.7000,.0000
SI0001SI#000226,2025-07-03 00:00:00.000,Camon 40 Pro 5G,Main Location,1.0000,33020.0000,pcs,33020.0000,32524.7000,.0000
SI0001SI#000226,2025-07-03 00:00:00.000,Go2,Main Location,2.0000,10390.0000,pcs,20780.0000,20468.3000,.0000
SI0001SI#000227,2025-07-03 00:00:00.000,Camon 40 Pro 5G,Main Location,1.0000,33020.0000,pcs,33020.0000,32524.7000,.0000
SI0001SI#000228,2025-07-03 00:00:00.000,Camon 40 Pro 5G,Main Location,1.0000,33020.0000,pcs,33020.0000,32524.7000,.0000
SI0001SI#000229,2025-07-03 00:00:00.000,Camon 40 Pro 5G,Main Location,1.0000,33020.0000,pcs,33020.0000,32524.7000,.0000
PI0001PI#000031,2025-07-03 00:00:00.000,Camon 40 Pro 5G,Main Location,5.0000,32164.0000,pcs,160820.0000,160820.0000,.0000
SI0001SI#000225,2025-07-02 00:00:00.000,Go2,Main Location,1.0000,10390.0000,pcs,10390.0000,10234.1500,.0000
SI0001SI#000221,2025-07-01 00:00:00.000,Camon40 Pro,Main Location,15.0000,26410.0000,pcs,396150.0000,390207.7500,.0000
SI0001SI#000221,2025-07-01 00:00:00.000,Camon40 8+256,Main Location,8.0000,22640.0000,pcs,181120.0000,178403.2000,.0000
SI0001SI#000222,2025-07-01 00:00:00.000,Camon40 Pro,Main Location,6.0000,26410.0000,pcs,158460.0000,156083.1000,.0000
SI0001SI#000223,2025-07-01 00:00:00.000,Camon40 Pro,Main Location,2.0000,26410.0000,pcs,52820.0000,52027.7000,.0000
SI0001SI#000223,2025-07-01 00:00:00.000,Go2,Main Location,1.0000,10390.0000,pcs,10390.0000,10234.1500,.0000
SI0001SI#000224,2025-07-01 00:00:00.000,Camon40 8+256,Main Location,2.0000,22640.0000,pcs,45280.0000,44600.8000,.0000
SI0001SI#000215,2025-06-30 00:00:00.000,GO1 4+64,Main Location,10.0000,10425.0000,pcs,104250.0000,102686.2500,.0000
SI0001SI#000216,2025-06-30 00:00:00.000,Go2(3+64),Main Location,3.0000,9433.0000,pcs,28299.0000,27874.5200,.0000
SI0001SI#000216,2025-06-30 00:00:00.000,Go2,Main Location,3.0000,10390.0000,pcs,31170.0000,30702.4500,.0000
SI0001SI#000216,2025-06-30 00:00:00.000,GO1 4+128,Main Location,4.0000,11845.0000,pcs,47380.0000,46669.3000,.0000
SI0001SI#000217,2025-06-30 00:00:00.000,Camon40 Pro,Main Location,1.0000,26410.0000,pcs,26410.0000,26013.8500,.0000
SI0001SI#000218,2025-06-30 00:00:00.000,Camon40 Pro,Main Location,2.0000,26410.0000,pcs,52820.0000,52027.7000,.0000
SI0001SI#000219,2025-06-30 00:00:00.000,Camon40 Pro,Main Location,4.0000,26410.0000,pcs,105640.0000,104055.4000,.0000
SI0001SI#000219,2025-06-30 00:00:00.000,Go2,Main Location,1.0000,10390.0000,pcs,10390.0000,10234.1500,.0000
SI0001SI#000219,2025-06-30 00:00:00.000,GO1 4+64,Main Location,2.0000,10425.0000,pcs,20850.0000,20537.2500,.0000
SI0001SI#000220,2025-06-30 00:00:00.000,Camon40 Pro,Main Location,3.0000,26410.0000,pcs,79230.0000,78041.5500,.0000
SI0001SI#000220,2025-06-30 00:00:00.000,Camon40 8+256,Main Location,3.0000,22640.0000,pcs,67920.0000,66901.2000,.0000
PI0001PI#000029,2025-06-30 00:00:00.000,Camon40 Pro,Main Location,10.0000,25707.0000,pcs,257070.0000,257070.0000,.0000
PI0001PI#000030,2025-06-30 00:00:00.000,Camon40 Pro,Main Location,23.0000,25707.0000,pcs,591261.0000,591261.0000,.0000
PI0001PI#000030,2025-06-30 00:00:00.000,Camon40 8+256,Main Location,10.0000,22041.9000,pcs,220419.0000,220419.0000,.0000
SI0001SI#000210,2025-06-29 00:00:00.000,Go2(3+64),Main Location,1.0000,9433.0000,pcs,9433.0000,9291.5000,.0000
SI0001SI#000210,2025-06-29 00:00:00.000,Go2,Main Location,2.0000,10390.0000,pcs,20780.0000,20468.3000,.0000
SI0001SI#000210,2025-06-29 00:00:00.000,Camon40 8+256,Main Location,3.0000,22640.0000,pcs,67920.0000,66901.2000,.0000
SI0001SI#000211,2025-06-29 00:00:00.000,Go2,Main Location,1.0000,10390.0000,pcs,10390.0000,10234.1500,.0000
SI0001SI#000212,2025-06-29 00:00:00.000,Go2(3+64),Main Location,1.0000,9433.0000,pcs,9433.0000,9291.5000,.0000
SI0001SI#000212,2025-06-29 00:00:00.000,Go2,Main Location,1.0000,10390.0000,pcs,10390.0000,10234.1500,.0000
SI0001SI#000213,2025-06-29 00:00:00.000,Camon40 8+256,Main Location,1.0000,22640.0000,pcs,22640.0000,22300.4000,.0000
SI0001SI#000214,2025-06-29 00:00:00.000,Camon40 8+256,Main Location,3.0000,22640.0000,pcs,67920.0000,66901.2000,.0000
SI0001SI#000204,2025-06-27 00:00:00.000,Camon40 8+256,Main Location,10.0000,22640.0000,pcs,226400.0000,223004.0000,.0000
SI0001SI#000205,2025-06-27 00:00:00.000,Go2,Main Location,6.0000,10390.0000,pcs,62340.0000,61404.9000,.0000
SI0001SI#000205,2025-06-27 00:00:00.000,Go2(3+64),Main Location,4.0000,9433.0000,pcs,37732.0000,37166.0200,.0000
SI0001SI#000206,2025-06-27 00:00:00.000,Camon40 8+256,Main Location,3.0000,22640.0000,pcs,67920.0000,66901.2000,.0000
SI0001SI#000207,2025-06-27 00:00:00.000,Camon40 Pro,Main Location,4.0000,26410.0000,pcs,105640.0000,104055.4000,.0000
SI0001SI#000207,2025-06-27 00:00:00.000,Go2,Main Location,2.0000,10390.0000,pcs,20780.0000,20468.3000,.0000
SI0001SI#000208,2025-06-27 00:00:00.000,Camon40 8+256,Main Location,2.0000,22640.0000,pcs,45280.0000,44600.8000,.0000
SI0001SI#000209,2025-06-27 00:00:00.000,Camon40 8+256,Main Location,3.0000,22640.0000,pcs,67920.0000,66901.2000,.0000
SI0001SI#000209,2025-06-27 00:00:00.000,Camon40 Pro,Main Location,1.0000,26410.0000,pcs,26410.0000,26013.8500,.0000
SI0001SI#000209,2025-06-27 00:00:00.000,Go2,Main Location,1.0000,10390.0000,pcs,10390.0000,10234.1500,.0000
SI0001SI#000209,2025-06-27 00:00:00.000,Go2(3+64),Main Location,1.0000,9433.0000,pcs,9433.0000,9291.5000,.0000
PI0001PI#000028,2025-06-27 00:00:00.000,Camon40 Pro,Main Location,5.0000,25707.0000,pcs,128535.0000,128535.0000,.0000
PI0001PI#000026,2025-06-26 00:00:00.000,Go2(3+64),Main Location,90.0000,9181.8100,pcs,826362.9000,826362.9000,.0000
PI0001PI#000026,2025-06-26 00:00:00.000,Go2,Main Location,164.0000,10144.1000,pcs,1663632.4000,1663632.4000,.0000
PI0001PI#000026,2025-06-26 00:00:00.000,Camon40 8+256,Main Location,57.0000,22041.9000,pcs,1256388.3000,1256388.3000,.0000
PI0001PI#000027,2025-06-26 00:00:00.000,Live Demo Go2,Main Location,5.0000,7000.0000,pcs,35000.0000,35000.0000,.0000
SI0001SI#000195,2025-06-26 00:00:00.000,Camon40 8+256,Main Location,3.0000,22640.0000,pcs,67920.0000,66901.2000,.0000
SI0001SI#000196,2025-06-26 00:00:00.000,GO1 4+128,Main Location,1.0000,11845.0000,pcs,11845.0000,11667.3200,.0000
SI0001SI#000197,2025-06-26 00:00:00.000,Camon40 8+256,Main Location,5.0000,22640.0000,pcs,113200.0000,111502.0000,.0000
SI0001SI#000198,2025-06-26 00:00:00.000,Camon40 8+256,Main Location,1.0000,22640.0000,pcs,22640.0000,22300.4000,.0000
SI0001SI#000199,2025-06-26 00:00:00.000,Camon40 8+256,Main Location,20.0000,22640.0000,pcs,452800.0000,446008.0000,.0000
SI0001SI#000200,2025-06-26 00:00:00.000,Live Demo Go2,Main Location,1.0000,7000.0000,pcs,7000.0000,7000.0000,.0000
SI0001SI#000201,2025-06-26 00:00:00.000,Live Demo Go2,Main Location,1.0000,7000.0000,pcs,7000.0000,7000.0000,.0000
SI0001SI#000202,2025-06-26 00:00:00.000,Live Demo Go2,Main Location,1.0000,7000.0000,pcs,7000.0000,7000.0000,.0000
SI0001SI#000203,2025-06-26 00:00:00.000,Live Demo Go2,Main Location,1.0000,7000.0000,pcs,7000.0000,7000.0000,.0000
SI0001SI#000193,2025-06-25 00:00:00.000,Camon40 8+256,Main Location,30.0000,22640.0000,pcs,679200.0000,669021.0000,.0000
SI0001SI#000194,2025-06-25 00:00:00.000,GO1 4+64,Main Location,5.0000,10425.0000,pcs,52125.0000,51343.1200,.0000
PI0001PI#000025,2025-06-25 00:00:00.000,Camon40 8+256,Main Location,30.0000,22041.9000,pcs,661257.0000,661257.0000,.0000
PI0001PI#000025,2025-06-25 00:00:00.000,Go2,Main Location,40.0000,10144.1000,pcs,405764.0000,405764.0000,.0000
PI0001PI#000024,2025-06-24 00:00:00.000,Camon40 8+256,Main Location,15.0000,22041.9000,pcs,330628.5000,330628.5000,.0000
SI0001SI#000186,2025-06-24 00:00:00.000,GO1 4+64,Main Location,5.0000,10425.0000,pcs,52125.0000,51343.1200,.0000
SI0001SI#000186,2025-06-24 00:00:00.000,Go2,Main Location,20.0000,10390.0000,pcs,207800.0000,204683.0000,.0000
SI0001SI#000187,2025-06-24 00:00:00.000,Go2,Main Location,5.0000,10390.0000,pcs,51950.0000,51170.7500,.0000
SI0001SI#000187,2025-06-24 00:00:00.000,GO1 4+64,Main Location,5.0000,10425.0000,pcs,52125.0000,51343.1200,.0000
SI0001SI#000187,2025-06-24 00:00:00.000,Camon40 8+256,Main Location,1.0000,22620.0000,pcs,22620.0000,22280.7000,.0000
SI0001SI#000188,2025-06-24 00:00:00.000,GO1 4+64,Main Location,1.0000,10425.0000,pcs,10425.0000,10268.6200,.0000
SI0001SI#000189,2025-06-24 00:00:00.000,Camon40 8+256,Main Location,10.0000,22620.0000,pcs,226200.0000,222807.0000,.0000
SI0001SI#000190,2025-06-24 00:00:00.000,Camon40 8+256,Main Location,5.0000,22620.0000,pcs,113100.0000,111403.5000,.0000
SI0001SI#000179,2025-06-23 00:00:00.000,Go2,Main Location,1.0000,10390.0000,pcs,10390.0000,10234.1500,.0000
SI0001SI#000180,2025-06-23 00:00:00.000,GO1 4+64,Main Location,3.0000,10425.0000,pcs,31275.0000,30805.8800,.0000
SI0001SI#000181,2025-06-23 00:00:00.000,Camon40 8+256,Main Location,2.0000,22620.0000,pcs,45240.0000,44561.4000,.0000
SI0001SI#000182,2025-06-23 00:00:00.000,Camon40 8+256,Main Location,2.0000,22620.0000,pcs,45240.0000,44561.4000,.0000
SI0001SI#000183,2025-06-23 00:00:00.000,Camon40 8+256,Main Location,2.0000,22620.0000,pcs,45240.0000,44561.4000,.0000
SI0001SI#000184,2025-06-23 00:00:00.000,Camon40 8+256,Main Location,3.0000,22620.0000,pcs,67860.0000,66842.1000,.0000
SI0001SI#000184,2025-06-23 00:00:00.000,GO1 4+64,Main Location,7.0000,10425.0000,pcs,72975.0000,71880.3800,.0000
SI0001SI#000185,2025-06-23 00:00:00.000,Camon40 8+256,Main Location,5.0000,22620.0000,pcs,113100.0000,111403.5000,.0000
PI0001PI#000023,2025-06-23 00:00:00.000,Go2,Main Location,20.0000,10144.1000,pcs,202882.0000,202882.0000,.0000
PI0001PI#000023,2025-06-23 00:00:00.000,Camon40 8+256,Main Location,15.0000,22041.9000,pcs,330628.5000,330628.5000,.0000
SI0001SI#000176,2025-06-22 00:00:00.000,GO1 4+64,Main Location,5.0000,10425.0000,pcs,52125.0000,51343.1200,.0000
SI0001SI#000177,2025-06-22 00:00:00.000,GO1 4+64,Main Location,2.0000,10425.0000,pcs,20850.0000,20537.2500,.0000
SI0001SI#000178,2025-06-22 00:00:00.000,GO1 4+64,Main Location,19.0000,10425.0000,pcs,198075.0000,195103.8800,.0000
SI0001SI#000191,2025-06-20 00:00:00.000,Go2,Main Location,2.0000,10390.0000,pcs,20780.0000,20468.3000,.0000
SI0001SI#000191,2025-06-20 00:00:00.000,GO1 4+64,Main Location,2.0000,10425.0000,pcs,20850.0000,20537.2500,.0000
SI0001SI#000192,2025-06-20 00:00:00.000,GO1 4+64,Main Location,6.0000,10425.0000,pcs,62550.0000,61611.7500,.0000
SI0001SI#000172,2025-06-20 00:00:00.000,Spark 30C 6+128,Main Location,5.0000,13270.0000,pcs,66350.0000,65354.7500,.0000
SI0001SI#000173,2025-06-20 00:00:00.000,Spark 30C 6+128,Main Location,2.0000,13270.0000,pcs,26540.0000,26141.9000,.0000
SI0001SI#000174,2025-06-20 00:00:00.000,GO1 4+64,Main Location,10.0000,10425.0000,pcs,104250.0000,102165.0000,.0000
SI0001SI#000175,2025-06-20 00:00:00.000,GO1 4+128,Main Location,10.0000,11845.0000,pcs,118450.0000,116673.2500,.0000
SI0001SI#000175,2025-06-20 00:00:00.000,Spark 30C 6+128,Main Location,3.0000,13270.0000,pcs,39810.0000,39212.8500,.0000
SI0001SI#000175,2025-06-20 00:00:00.000,Camon40 Pro,Main Location,1.0000,26410.0000,pcs,26410.0000,26013.8500,.0000
PI0001PI#000022,2025-06-20 00:00:00.000,Go2,Main Location,95.0000,10144.1000,pcs,963689.5000,963689.5000,.0000
PI0001PI#000022,2025-06-20 00:00:00.000,Go2(3+64),Main Location,50.0000,9181.8100,pcs,459090.5000,459090.5000,.0000
PI0001PI#000022,2025-06-20 00:00:00.000,Spark 30C 6+128,Main Location,8.0000,12975.8200,pcs,103806.5600,103806.5600,.0000
PI0001PI#000021,2025-06-19 00:00:00.000,GO1 4+64,Main Location,20.0000,10194.2100,pcs,203884.2000,203884.2000,.0000
SI0001SI#000168,2025-06-19 00:00:00.000,GO1 4+64,Main Location,1.0000,10425.0000,pcs,10425.0000,10268.6200,.0000
SI0001SI#000169,2025-06-19 00:00:00.000,Go2,Main Location,1.0000,10390.0000,pcs,10390.0000,10234.1500,.0000
SI0001SI#000170,2025-06-19 00:00:00.000,Go2,Main Location,3.0000,10425.0000,pcs,31275.0000,30805.8800,.0000
SI0001SI#000170,2025-06-19 00:00:00.000,Go2(3+64),Main Location,3.0000,9433.0000,pcs,28299.0000,27874.5200,.0000
SI0001SI#000170,2025-06-19 00:00:00.000,GO1 4+64,Main Location,5.0000,10425.0000,pcs,52125.0000,51343.1200,.0000
SI0001SI#000171,2025-06-19 00:00:00.000,Spark 30 8+128,Main Location,1.0000,16970.0000,pcs,16970.0000,16715.4500,.0000
SI0001SI#000164,2025-06-18 00:00:00.000,Go2,Main Location,2.0000,10390.0000,pcs,20780.0000,20468.3000,.0000
SI0001SI#000164,2025-06-18 00:00:00.000,GO1 4+128,Main Location,1.0000,11845.0000,pcs,11845.0000,11667.3200,.0000
SI0001SI#000165,2025-06-18 00:00:00.000,Go2,Main Location,1.0000,10390.0000,pcs,10390.0000,10234.1500,.0000
SI0001SI#000165,2025-06-18 00:00:00.000,Spark 30C 6+128,Main Location,4.0000,13270.0000,pcs,53080.0000,52283.8000,.0000
SI0001SI#000165,2025-06-18 00:00:00.000,GO1 4+64,Main Location,2.0000,10425.0000,pcs,20850.0000,20537.2500,.0000
SI0001SI#000165,2025-06-18 00:00:00.000,Spark 30 8+128,Main Location,1.0000,16970.0000,pcs,16970.0000,16715.4500,.0000
SI0001SI#000166,2025-06-18 00:00:00.000,Camon40 Pro,Main Location,5.0000,26410.0000,pcs,132050.0000,130069.2500,.0000
SI0001SI#000166,2025-06-18 00:00:00.000,GO1 4+64,Main Location,51.0000,10425.0000,pcs,531675.0000,521041.5000,.0000
SI0001SI#000167,2025-06-18 00:00:00.000,GO1 4+128,Main Location,5.0000,11845.0000,pcs,59225.0000,58336.6200,.0000
SI0001SI#000167,2025-06-18 00:00:00.000,Camon40 Pro,Main Location,4.0000,26410.0000,pcs,105640.0000,104055.4000,.0000
PI0001PI#000020,2025-06-18 00:00:00.000,GO1 4+64,Main Location,50.0000,10194.2100,pcs,509710.5000,509710.5000,.0000
PI0001PI#000020,2025-06-18 00:00:00.000,Go2,Main Location,20.0000,10144.1000,pcs,202882.0000,202882.0000,.0000
PI0001PI#000020,2025-06-18 00:00:00.000,Camon40 Pro,Main Location,10.0000,25707.0000,pcs,257070.0000,257070.0000,.0000
PI0001PI#000019,2025-06-17 00:00:00.000,Go2(3+64),Main Location,10.0000,9181.8100,pcs,91818.1000,91818.1000,.0000
PI0001PI#000019,2025-06-17 00:00:00.000,Camon40 Pro,Main Location,14.0000,25707.0000,pcs,359898.0000,359898.0000,.0000
SI0001SI#000159,2025-06-17 00:00:00.000,Spark 30C 6+128,Main Location,20.0000,13270.0000,pcs,265400.0000,261419.0000,.0000
SI0001SI#000160,2025-06-17 00:00:00.000,Camon40 Pro,Main Location,3.0000,26410.0000,pcs,79230.0000,78041.5500,.0000
SI0001SI#000160,2025-06-17 00:00:00.000,Spark 30 8+128,Main Location,1.0000,16970.0000,pcs,16970.0000,16715.4500,.0000
SI0001SI#000160,2025-06-17 00:00:00.000,GO1 4+64,Main Location,5.0000,10425.0000,pcs,52125.0000,51343.1200,.0000
SI0001SI#000160,2025-06-17 00:00:00.000,GO1 4+128,Main Location,2.0000,11845.0000,pcs,23690.0000,23334.6500,.0000
SI0001SI#000161,2025-06-17 00:00:00.000,Spark 30C 6+128,Main Location,5.0000,13270.0000,pcs,66350.0000,65354.7500,.0000
SI0001SI#000161,2025-06-17 00:00:00.000,Go2,Main Location,3.0000,10390.0000,pcs,31170.0000,30702.4500,.0000
SI0001SI#000161,2025-06-17 00:00:00.000,Camon40 Pro,Main Location,6.0000,26410.0000,pcs,158460.0000,156083.1000,.0000
SI0001SI#000162,2025-06-17 00:00:00.000,GO1 4+64,Main Location,50.0000,10425.0000,pcs,521250.0000,513431.2500,.0000
SI0001SI#000162,2025-06-17 00:00:00.000,Camon40 Pro,Main Location,5.0000,26410.0000,pcs,132050.0000,130069.2500,.0000
SI0001SI#000163,2025-06-17 00:00:00.000,Spark 30 8+128,Main Location,1.0000,16970.0000,pcs,16970.0000,16715.4500,.0000
SI0001SI#000163,2025-06-17 00:00:00.000,GO1 4+64,Main Location,3.0000,10425.0000,pcs,31275.0000,30805.8800,.0000
SI0001SI#000163,2025-06-17 00:00:00.000,Spark 30C 6+128,Main Location,4.0000,13270.0000,pcs,53080.0000,52283.8000,.0000
SI0001SI#000163,2025-06-17 00:00:00.000,Go2,Main Location,1.0000,10390.0000,pcs,10390.0000,10234.1500,.0000
SI0001SI#000149,2025-06-16 00:00:00.000,Spark 30 8+128,Main Location,1.0000,16970.0000,pcs,16970.0000,16715.4500,.0000
SI0001SI#000150,2025-06-16 00:00:00.000,GO1 4+64,Main Location,3.0000,10425.0000,pcs,31275.0000,30805.8800,.0000
SI0001SI#000150,2025-06-16 00:00:00.000,Spark 30C 6+128,Main Location,2.0000,13270.0000,pcs,26540.0000,26141.9000,.0000
SI0001SI#000151,2025-06-16 00:00:00.000,Camon40 Pro,Main Location,1.0000,26410.0000,pcs,26410.0000,26013.8500,.0000
SI0001SI#000152,2025-06-16 00:00:00.000,Camon40 Pro,Main Location,2.0000,26410.0000,pcs,52820.0000,52027.7000,.0000
SI0001SI#000153,2025-06-16 00:00:00.000,Spark 30C 6+128,Main Location,1.0000,13270.0000,pcs,13270.0000,13070.9500,.0000
SI0001SI#000153,2025-06-16 00:00:00.000,GO1 4+64,Main Location,2.0000,10425.0000,pcs,20850.0000,20537.2500,.0000
SI0001SI#000153,2025-06-16 00:00:00.000,Go2,Main Location,1.0000,10390.0000,pcs,10390.0000,10234.1500,.0000
SI0001SI#000154,2025-06-16 00:00:00.000,Camon40 Pro,Main Location,1.0000,26410.0000,pcs,26410.0000,26013.8500,.0000
SI0001SI#000154,2025-06-16 00:00:00.000,Spark 30C 6+128,Main Location,2.0000,13270.0000,pcs,26540.0000,26141.9000,.0000
SI0001SI#000154,2025-06-16 00:00:00.000,Go2,Main Location,2.0000,10390.0000,pcs,20780.0000,20468.3000,.0000
SI0001SI#000155,2025-06-16 00:00:00.000,Camon40 Pro,Main Location,4.0000,26410.0000,pcs,105640.0000,104055.4000,.0000
SI0001SI#000156,2025-06-16 00:00:00.000,GO1 4+64,Main Location,51.0000,10425.0000,pcs,531675.0000,523699.8800,.0000
SI0001SI#000157,2025-06-16 00:00:00.000,Camon40 Pro,Main Location,17.0000,26410.0000,pcs,448970.0000,442235.4500,.0000
SI0001SI#000157,2025-06-16 00:00:00.000,Camon40 8+256,Main Location,5.0000,22640.0000,pcs,113200.0000,111502.0000,.0000
SI0001SI#000158,2025-06-16 00:00:00.000,Camon40 Pro,Main Location,1.0000,26410.0000,pcs,26410.0000,26013.8500,.0000
PI0001PI#000018,2025-06-16 00:00:00.000,Camon40 Pro,Main Location,26.0000,25707.0000,pcs,668382.0000,668382.0000,.0000
PI0001PI#000018,2025-06-16 00:00:00.000,Camon40 8+256,Main Location,5.0000,22041.9000,pcs,110209.5000,110209.5000,.0000
SI0001SI#000147,2025-06-15 00:00:00.000,GO1 4+64,Main Location,6.0000,10425.0000,pcs,62550.0000,61611.7500,.0000
SI0001SI#000147,2025-06-15 00:00:00.000,Go2,Main Location,1.0000,10390.0000,pcs,10390.0000,10234.1500,.0000
SI0001SI#000147,2025-06-15 00:00:00.000,Spark 30C 6+128,Main Location,5.0000,13270.0000,pcs,66350.0000,65354.7500,.0000
SI0001SI#000147,2025-06-15 00:00:00.000,GO1 4+128,Main Location,5.0000,11845.0000,pcs,59225.0000,58336.6200,.0000
SI0001SI#000148,2025-06-15 00:00:00.000,Spark 30 8+128,Main Location,1.0000,16970.0000,pcs,16970.0000,16715.4500,.0000
SI0001SI#000148,2025-06-15 00:00:00.000,Go2,Main Location,2.0000,10390.0000,pcs,20780.0000,20468.3000,.0000
SI0001SI#000148,2025-06-15 00:00:00.000,Spark 30C 6+128,Main Location,4.0000,13270.0000,pcs,53080.0000,52283.8000,.0000
SI0001SI#000148,2025-06-15 00:00:00.000,GO1 4+128,Main Location,3.0000,11845.0000,pcs,35535.0000,35001.9800,.0000
SI0001SI#000148,2025-06-15 00:00:00.000,GO1 3+64,Main Location,1.0000,9480.0000,pcs,9480.0000,9337.8000,.0000
SI0001SI#000138,2025-06-05 00:00:00.000,Go2,Main Location,3.0000,10390.0000,pcs,31170.0000,30702.4500,.0000
SI0001SI#000138,2025-06-05 00:00:00.000,Spark 30C 6+128,Main Location,2.0000,13270.0000,pcs,26540.0000,26141.9000,.0000
SI0001SI#000139,2025-06-05 00:00:00.000,Go2,Main Location,7.0000,10390.0000,pcs,72730.0000,71639.0500,.0000
SI0001SI#000139,2025-06-05 00:00:00.000,GO1 3+64,Main Location,2.0000,9480.0000,pcs,18960.0000,18675.6000,.0000
SI0001SI#000139,2025-06-05 00:00:00.000,GO1 4+128,Main Location,4.0000,11845.0000,pcs,47380.0000,46669.3000,.0000
SI0001SI#000139,2025-06-05 00:00:00.000,Spark 30 8+128,Main Location,1.0000,16970.0000,pcs,16970.0000,16715.4500,.0000
SI0001SI#000139,2025-06-05 00:00:00.000,Spark 30C 6+128,Main Location,5.0000,13270.0000,pcs,66350.0000,65354.7500,.0000
SI0001SI#000140,2025-06-05 00:00:00.000,Spark 30 8+128,Main Location,1.0000,16970.0000,pcs,16970.0000,16715.4500,.0000
SI0001SI#000140,2025-06-05 00:00:00.000,Spark 30C 6+128,Main Location,16.0000,13270.0000,pcs,212320.0000,209135.2000,.0000
SI0001SI#000140,2025-06-05 00:00:00.000,Go2,Main Location,5.0000,10390.0000,pcs,51950.0000,51170.7500,.0000
SI0001SI#000140,2025-06-05 00:00:00.000,GO1 4+64,Main Location,6.0000,10425.0000,pcs,62550.0000,61611.7500,.0000
SI0001SI#000141,2025-06-05 00:00:00.000,GO1 4+64,Main Location,10.0000,10425.0000,pcs,104250.0000,102686.2500,.0000
SI0001SI#000142,2025-06-05 00:00:00.000,GO1 4+64,Main Location,50.0000,10425.0000,pcs,521250.0000,513431.2500,.0000
SI0001SI#000142,2025-06-05 00:00:00.000,Go2,Main Location,20.0000,10390.0000,pcs,207800.0000,204683.0000,.0000
SI0001SI#000142,2025-06-05 00:00:00.000,Spark 30C 6+128,Main Location,20.0000,13270.0000,pcs,265400.0000,261419.0000,.0000
SI0001SI#000143,2025-06-05 00:00:00.000,Spark 30C 6+128,Main Location,8.0000,13270.0000,pcs,106160.0000,104567.6000,.0000
SI0001SI#000143,2025-06-05 00:00:00.000,GO1 4+64,Main Location,6.0000,10425.0000,pcs,62550.0000,61611.7500,.0000
SI0001SI#000144,2025-06-05 00:00:00.000,Go2,Main Location,4.0000,10390.0000,pcs,41560.0000,40936.6000,.0000
SI0001SI#000144,2025-06-05 00:00:00.000,GO1 4+128,Main Location,1.0000,11845.0000,pcs,11845.0000,11667.3200,.0000
SI0001SI#000145,2025-06-05 00:00:00.000,GO1 4+64,Main Location,10.0000,10425.0000,pcs,104250.0000,102686.2500,.0000
SI0001SI#000145,2025-06-05 00:00:00.000,Spark 30C 6+128,Main Location,2.0000,13270.0000,pcs,26540.0000,26141.9000,.0000
SI0001SI#000146,2025-06-05 00:00:00.000,GO1 4+64,Main Location,60.0000,10425.0000,pcs,625500.0000,612990.0000,.0000
PI0001PI#000017,2025-06-05 00:00:00.000,Go2,Main Location,50.0000,10144.1000,pcs,507205.0000,507205.0000,.0000
PI0001PI#000017,2025-06-05 00:00:00.000,Spark 30C 6+128,Main Location,100.0000,12975.8200,pcs,1297582.0000,1297582.0000,.0000
SI0001SI#000134,2025-06-04 00:00:00.000,GO1 4+64,Main Location,2.0000,10425.0000,pcs,20850.0000,20537.2500,.0000
SI0001SI#000134,2025-06-04 00:00:00.000,Spark 30 8+128,Main Location,1.0000,16970.0000,pcs,16970.0000,16715.4500,.0000
SI0001SI#000134,2025-06-04 00:00:00.000,GO1 3+64,Main Location,1.0000,9480.0000,pcs,9480.0000,9337.8000,.0000
SI0001SI#000135,2025-06-04 00:00:00.000,GO1 4+64,Main Location,10.0000,10425.0000,pcs,104250.0000,102686.2500,.0000
SI0001SI#000136,2025-06-04 00:00:00.000,Spark 30 8+128,Main Location,1.0000,16970.0000,pcs,16970.0000,16715.4500,.0000
SI0001SI#000137,2025-06-03 00:00:00.000,Spark30 Pro,Main Location,1.0000,18870.0000,pcs,18870.0000,18586.9500,.0000
SI0001SI#000128,2025-06-03 00:00:00.000,GO1 4+64,Main Location,2.0000,10425.0000,pcs,20850.0000,20537.2500,.0000
SI0001SI#000128,2025-06-03 00:00:00.000,GO1 4+128,Main Location,3.0000,11845.0000,pcs,35535.0000,35001.9800,.0000
SI0001SI#000128,2025-06-03 00:00:00.000,Spark30 Pro,Main Location,1.0000,18870.0000,pcs,18870.0000,18615.4500,.0000
SI0001SI#000129,2025-06-03 00:00:00.000,GO1 4+64,Main Location,6.0000,10425.0000,pcs,62550.0000,61611.7500,.0000
SI0001SI#000129,2025-06-03 00:00:00.000,Spark 30 8+128,Main Location,2.0000,16970.0000,pcs,33940.0000,33430.9000,.0000
SI0001SI#000130,2025-06-03 00:00:00.000,GO1 4+64,Main Location,3.0000,10425.0000,pcs,31275.0000,30805.8800,.0000
SI0001SI#000130,2025-06-03 00:00:00.000,Spark30 Pro,Main Location,1.0000,18870.0000,pcs,18870.0000,18586.9500,.0000
SI0001SI#000131,2025-06-03 00:00:00.000,GO1 4+128,Main Location,5.0000,11845.0000,pcs,59225.0000,58336.6200,.0000
SI0001SI#000131,2025-06-03 00:00:00.000,GO1 4+64,Main Location,10.0000,10425.0000,pcs,104250.0000,102686.2500,.0000
SI0001SI#000132,2025-06-03 00:00:00.000,GO1 4+64,Main Location,10.0000,10425.0000,pcs,104250.0000,102686.2500,.0000
SI0001SI#000133,2025-06-03 00:00:00.000,GO1 4+64,Main Location,2.0000,10425.0000,pcs,20850.0000,20537.2500,.0000
SI0001SI#000127,2025-06-02 00:00:00.000,GO1 4+64,Main Location,42.0000,10425.0000,pcs,437850.0000,427910.8000,.0000
SI0001SI#000124,2025-06-01 00:00:00.000,Spark 30C 6+128,Main Location,1.0000,13270.0000,pcs,13270.0000,13070.9500,.0000
SI0001SI#000125,2025-06-01 00:00:00.000,GO1 4+64,Main Location,7.0000,10425.0000,pcs,72975.0000,71880.3800,.0000
SI0001SI#000126,2025-06-01 00:00:00.000,GO1 4+64,Main Location,20.0000,10425.0000,pcs,208500.0000,203767.0500,.0000
SI0001SI#000121,2025-05-31 00:00:00.000,GO1 4+64,Main Location,1.0000,10425.0000,pcs,10425.0000,10268.6200,.0000
SI0001SI#000122,2025-05-31 00:00:00.000,Spark 30C 6+128,Main Location,1.0000,13270.0000,pcs,13270.0000,13070.9500,.0000
SR0001SR#000003,2025-05-31 00:00:00.000,Spark 30C 6+128,Main Location,1.0000,13270.0000,pcs,13270.0000,13270.0000,.0000
SR0001SR#000003,2025-05-31 00:00:00.000,GO1 4+128,Main Location,1.0000,10425.0000,pcs,10425.0000,10425.0000,.0000
SR0001SR#000004,2025-05-31 00:00:00.000,Spark 30 8+128,Main Location,1.0000,16970.0000,pcs,16970.0000,16970.0000,.0000
SR0001SR#000005,2025-05-31 00:00:00.000,Spark 30C 6+128,Main Location,1.0000,13270.0000,pcs,13270.0000,13270.0000,.0000
SR0001SR#000002,2025-05-30 00:00:00.000,GO1 4+128,Main Location,1.0000,11845.0000,pcs,11845.0000,11845.0000,.0000
SI0001SI#000118,2025-05-30 00:00:00.000,Spark 30C 6+128,Main Location,1.0000,13270.0000,pcs,13270.0000,13070.9500,.0000
SI0001SI#000118,2025-05-30 00:00:00.000,GO1 4+64,Main Location,5.0000,10425.0000,pcs,52125.0000,51343.1200,.0000
SI0001SI#000119,2025-05-30 00:00:00.000,Spark30 Pro,Main Location,1.0000,18870.0000,pcs,18870.0000,18586.9500,.0000
SI0001SI#000120,2025-05-30 00:00:00.000,Spark 30C 6+128,Main Location,2.0000,13270.0000,pcs,26540.0000,26141.9000,.0000
SI0001SI#000115,2025-05-29 00:00:00.000,Spark 30C 6+128,Main Location,5.0000,13270.0000,pcs,66350.0000,65354.7500,.0000
SI0001SI#000115,2025-05-29 00:00:00.000,Camon40 Pro,Main Location,5.0000,26410.0000,pcs,132050.0000,130069.2500,.0000
SI0001SI#000115,2025-05-29 00:00:00.000,GO1 4+64,Main Location,3.0000,10425.0000,pcs,31275.0000,30805.8800,.0000
SI0001SI#000116,2025-05-29 00:00:00.000,Camon40 8+256,Main Location,10.0000,22640.0000,pcs,226400.0000,223004.0000,.0000
SI0001SI#000117,2025-05-29 00:00:00.000,Camon40 Pro,Main Location,10.0000,26410.0000,pcs,264100.0000,260138.5000,.0000
SI0001SI#000112,2025-05-28 00:00:00.000,Spark30 Pro,Main Location,1.0000,18870.0000,pcs,18870.0000,18586.9500,.0000
SI0001SI#000113,2025-05-28 00:00:00.000,Camon40 8+256,Main Location,2.0000,22640.0000,pcs,45280.0000,44600.8000,.0000
SI0001SI#000114,2025-05-28 00:00:00.000,Spark 30C 6+128,Main Location,5.0000,13270.0000,pcs,66350.0000,65354.7500,.0000
PI0001PI#000016,2025-05-28 00:00:00.000,GO1 4+128,Main Location,15.0000,11582.5100,pcs,173737.6500,173737.6500,.0000
PI0001PI#000016,2025-05-28 00:00:00.000,Camon40 8+256,Main Location,10.0000,22041.9000,pcs,220419.0000,220419.0000,.0000
PI0001PI#000016,2025-05-28 00:00:00.000,Camon40 Pro,Main Location,15.0000,25707.0000,pcs,385605.0000,385605.0000,.0000
SR0001SR#000001,2025-05-28 00:00:00.000,GO1 4+64,Main Location,2.0000,10425.0000,pcs,20850.0000,20850.0000,.0000
SR0001SR#000001,2025-05-28 00:00:00.000,GO1 4+128,Main Location,1.0000,11845.0000,pcs,11845.0000,11845.0000,.0000
PI0001PI#000014,2025-05-27 00:00:00.000,Spark 30C 6+128,Main Location,10.0000,12975.8200,pcs,129758.2000,129758.2000,.0000
PI0001PI#000015,2025-05-27 00:00:00.000,Camon40 8+256,Main Location,15.0000,22041.9000,pcs,330628.5000,330628.5000,.0000
SI0001SI#000104,2025-05-27 00:00:00.000,Camon40 8+256,Main Location,3.0000,22640.0000,pcs,67920.0000,66901.2000,.0000
SI0001SI#000105,2025-05-27 00:00:00.000,Spark 30C 6+128,Main Location,1.0000,13270.0000,pcs,13270.0000,13070.9500,.0000
SI0001SI#000106,2025-05-27 00:00:00.000,Spark 30C 6+128,Main Location,1.0000,13270.0000,pcs,13270.0000,13070.9500,.0000
SI0001SI#000107,2025-05-27 00:00:00.000,Camon40 8+256,Main Location,2.0000,22640.0000,pcs,45280.0000,44600.8000,.0000
SI0001SI#000108,2025-05-27 00:00:00.000,Camon40 8+256,Main Location,3.0000,22640.0000,pcs,67920.0000,66901.2000,.0000
SI0001SI#000109,2025-05-27 00:00:00.000,Spark 30C 6+128,Main Location,3.0000,13270.0000,pcs,39810.0000,39212.8500,.0000
SI0001SI#000110,2025-05-27 00:00:00.000,Camon40 8+256,Main Location,5.0000,22640.0000,pcs,113200.0000,111502.0000,.0000
SI0001SI#000110,2025-05-27 00:00:00.000,Spark 30C 6+128,Main Location,1.0000,13270.0000,pcs,13270.0000,13070.9500,.0000
SI0001SI#000111,2025-05-27 00:00:00.000,GO1 4+64,Main Location,40.0000,10194.0000,pcs,407760.0000,407760.0000,.0000
SI0001SI#000102,2025-05-26 00:00:00.000,Spark 30C 6+128,Main Location,1.0000,13270.0000,pcs,13270.0000,13070.9500,.0000
SI0001SI#000103,2025-05-26 00:00:00.000,Spark 30C 6+128,Main Location,10.0000,13270.0000,pcs,132700.0000,130709.5000,.0000
PI0001PI#000013,2025-05-26 00:00:00.000,Spark 30C 6+128,Main Location,20.0000,12975.8200,pcs,259516.4000,259516.4000,.0000
PI0001PI#000012,2025-05-25 00:00:00.000,Camon40 Pro,Main Location,15.0000,25707.0000,pcs,385605.0000,385605.0000,.0000
PI0001PI#000012,2025-05-25 00:00:00.000,Spark 30 8+128,Main Location,5.0000,16509.2100,pcs,82546.0500,82546.0500,.0000
SI0001SI#000094,2025-05-25 00:00:00.000,Spark 30C 6+128,Main Location,1.0000,13270.0000,pcs,13270.0000,13070.9500,.0000
SI0001SI#000094,2025-05-25 00:00:00.000,GO1 4+64,Main Location,2.0000,10425.0000,pcs,20850.0000,20537.2500,.0000
SI0001SI#000095,2025-05-25 00:00:00.000,Spark 30C 6+128,Main Location,5.0000,13270.0000,pcs,66350.0000,65354.7500,.0000
SI0001SI#000095,2025-05-25 00:00:00.000,Spark30 Pro,Main Location,2.0000,18870.0000,pcs,37740.0000,37173.9000,.0000
SI0001SI#000095,2025-05-25 00:00:00.000,GO1 3+64,Main Location,2.0000,9480.0000,pcs,18960.0000,18675.6000,.0000
SI0001SI#000096,2025-05-25 00:00:00.000,Camon40 Pro,Main Location,5.0000,26410.0000,pcs,132050.0000,130069.2500,.0000
SI0001SI#000097,2025-05-25 00:00:00.000,Camon40 Pro,Main Location,2.0000,26410.0000,pcs,52820.0000,52027.7000,.0000
SI0001SI#000097,2025-05-25 00:00:00.000,Spark 30 8+128,Main Location,1.0000,16970.0000,pcs,16970.0000,16715.4500,.0000
SI0001SI#000098,2025-05-25 00:00:00.000,Camon 40(8+128),Main Location,1.0000,21220.0000,pcs,21220.0000,20901.7000,.0000
SI0001SI#000098,2025-05-25 00:00:00.000,GO1 4+128,Main Location,1.0000,11845.0000,pcs,11845.0000,11448.8500,.0000
SI0001SI#000098,2025-05-25 00:00:00.000,Spark 30C 6+128,Main Location,3.0000,13270.0000,pcs,39810.0000,39212.8500,.0000
SI0001SI#000099,2025-05-25 00:00:00.000,Camon40 Pro,Main Location,7.0000,26410.0000,pcs,184870.0000,182096.9500,.0000
SI0001SI#000099,2025-05-25 00:00:00.000,Spark30 Pro,Main Location,2.0000,18870.0000,pcs,37740.0000,37173.9000,.0000
SI0001SI#000100,2025-05-25 00:00:00.000,GO1 4+64,Main Location,61.0000,10194.0000,pcs,621834.0000,621834.0000,.0000
SI0001SI#000101,2025-05-25 00:00:00.000,GO1 4+64,Main Location,9.0000,10425.0000,pcs,93825.0000,92417.6200,.0000
SI0001SI#000101,2025-05-25 00:00:00.000,GO1 4+128,Main Location,5.0000,11845.0000,pcs,59225.0000,58336.6200,.0000
SI0001SI#000101,2025-05-25 00:00:00.000,Camon40 Pro,Main Location,1.0000,26410.0000,pcs,26410.0000,26013.8500,.0000
PI0001PI#000011,2025-05-23 00:00:00.000,GO1 4+64,Main Location,390.0000,10194.2100,pcs,3975741.9000,3975741.9000,.0000
SI0001SI#000089,2025-05-23 00:00:00.000,GO1 4+64,Main Location,100.0000,10194.0000,pcs,1019400.0000,1019400.0000,.0000
SI0001SI#000090,2025-05-23 00:00:00.000,Spark 30C 6+128,Main Location,5.0000,12975.0000,pcs,64875.0000,64875.0000,.0000
SI0001SI#000091,2025-05-23 00:00:00.000,Spark 30C 6+128,Main Location,4.0000,13270.0000,pcs,53080.0000,52283.8000,.0000
SI0001SI#000091,2025-05-23 00:00:00.000,GO1 4+64,Main Location,5.0000,10425.0000,pcs,52125.0000,51343.1200,.0000
SI0001SI#000092,2025-05-23 00:00:00.000,Spark30 Pro,Main Location,1.0000,18870.0000,pcs,18870.0000,18586.9500,.0000
SI0001SI#000092,2025-05-23 00:00:00.000,GO1 3+64,Main Location,1.0000,9480.0000,pcs,9480.0000,9337.8000,.0000
SI0001SI#000093,2025-05-23 00:00:00.000,GO1 4+64,Main Location,4.0000,10425.0000,pcs,41700.0000,41074.5000,.0000
SI0001SI#000093,2025-05-23 00:00:00.000,Spark 30C 6+128,Main Location,4.0000,13270.0000,pcs,53080.0000,52283.8000,.0000
SI0001SI#000093,2025-05-23 00:00:00.000,Camon 40(8+128),Main Location,2.0000,21220.0000,pcs,42440.0000,41803.4000,.0000
PI0001PI#000010,2025-05-22 00:00:00.000,GO1 4+64,Main Location,20.0000,10194.2100,pcs,203884.2000,203884.2000,.0000
PI0001PI#000010,2025-05-22 00:00:00.000,Spark 30C 6+128,Main Location,20.0000,12975.8200,pcs,259516.4000,259516.4000,.0000
PI0001PI#000010,2025-05-22 00:00:00.000,Camon40 Pro,Main Location,20.0000,25707.0000,pcs,514140.0000,514140.0000,.0000
SI0001SI#000085,2025-05-22 00:00:00.000,Spark 30C 6+128,Main Location,1.0000,13270.0000,pcs,13270.0000,13070.9500,.0000
SI0001SI#000086,2025-05-22 00:00:00.000,Camon40 Pro,Main Location,15.0000,26410.0000,pcs,396150.0000,390207.7500,.0000
SI0001SI#000087,2025-05-22 00:00:00.000,Camon 40(8+128),Main Location,1.0000,21220.0000,pcs,21220.0000,20901.7000,.0000
SI0001SI#000088,2025-05-22 00:00:00.000,Camon 40(8+128),Main Location,5.0000,21220.0000,pcs,106100.0000,104508.5000,.0000
SI0001SI#000088,2025-05-22 00:00:00.000,Camon40 Pro,Main Location,5.0000,26410.0000,pcs,132050.0000,130069.2500,.0000
PI0001PI#000009,2025-05-21 00:00:00.000,Camon 40(8+128),Main Location,15.0000,20653.6800,pcs,309805.2000,309805.2000,.0000
SI0001SI#000081,2025-05-21 00:00:00.000,GO1 4+64,Main Location,45.0000,10194.2100,pcs,458739.4500,458739.4500,.0000
SI0001SI#000082,2025-05-21 00:00:00.000,Spark 30C 6+128,Main Location,2.0000,13270.0000,pcs,26540.0000,26141.9000,.0000
SI0001SI#000082,2025-05-21 00:00:00.000,GO1 4+64,Main Location,2.0000,10425.0000,pcs,20850.0000,20537.2500,.0000
SI0001SI#000083,2025-05-21 00:00:00.000,GO1 4+64,Main Location,2.0000,10425.0000,pcs,20850.0000,20537.2500,.0000
SI0001SI#000083,2025-05-21 00:00:00.000,Camon 40(8+128),Main Location,2.0000,21220.0000,pcs,42440.0000,41803.4000,.0000
SI0001SI#000083,2025-05-21 00:00:00.000,Spark 30C 6+128,Main Location,1.0000,13270.0000,pcs,13270.0000,13070.9500,.0000
SI0001SI#000084,2025-05-21 00:00:00.000,Camon 40(8+128),Main Location,5.0000,21220.0000,pcs,106100.0000,104508.5000,.0000
SI0001SI#000077,2025-05-20 00:00:00.000,GO1 4+64,Main Location,4.0000,10425.0000,pcs,41700.0000,41074.5000,.0000
SI0001SI#000077,2025-05-20 00:00:00.000,GO1 4+128,Main Location,2.0000,11845.0000,pcs,23690.0000,23334.6500,.0000
SI0001SI#000077,2025-05-20 00:00:00.000,Spark 30C 6+128,Main Location,4.0000,13270.0000,pcs,53080.0000,52283.8000,.0000
SI0001SI#000078,2025-05-20 00:00:00.000,Camon 40(8+128),Main Location,2.0000,21220.0000,pcs,42440.0000,41803.4000,.0000
SI0001SI#000079,2025-05-20 00:00:00.000,Camon 40(8+128),Main Location,1.0000,21220.0000,pcs,21220.0000,20901.7000,.0000
SI0001SI#000079,2025-05-20 00:00:00.000,Spark30 Pro,Main Location,1.0000,18870.0000,pcs,18870.0000,18586.9500,.0000
SI0001SI#000079,2025-05-20 00:00:00.000,Spark 30C 6+128,Main Location,2.0000,13270.0000,pcs,26540.0000,26141.9000,.0000
SI0001SI#000079,2025-05-20 00:00:00.000,GO1 4+128,Main Location,2.0000,11845.0000,pcs,23690.0000,23334.6500,.0000
SI0001SI#000079,2025-05-20 00:00:00.000,GO1 4+64,Main Location,2.0000,10425.0000,pcs,20850.0000,20537.2500,.0000
SI0001SI#000080,2025-05-20 00:00:00.000,GO1 4+64,Main Location,1.0000,10425.0000,pcs,10425.0000,10268.6200,.0000
SI0001SI#000080,2025-05-20 00:00:00.000,Spark 30C 6+128,Main Location,1.0000,13270.0000,pcs,13270.0000,13070.9500,.0000
SI0001SI#000071,2025-05-19 00:00:00.000,GO1 4+128,Main Location,10.0000,11845.0000,pcs,118450.0000,116673.2500,.0000
SI0001SI#000071,2025-05-19 00:00:00.000,Spark 30C 6+128,Main Location,5.0000,13270.0000,pcs,66350.0000,65354.7500,.0000
SI0001SI#000072,2025-05-19 00:00:00.000,Camon 40(8+128),Main Location,1.0000,21220.0000,pcs,21220.0000,20901.7000,.0000
SI0001SI#000073,2025-05-19 00:00:00.000,Camon 40(8+128),Main Location,3.0000,21220.0000,pcs,63660.0000,62705.1000,.0000
SI0001SI#000074,2025-05-19 00:00:00.000,Camon 40(8+128),Main Location,2.0000,21220.0000,pcs,42440.0000,41803.4000,.0000
SI0001SI#000074,2025-05-19 00:00:00.000,Spark 30C 6+128,Main Location,5.0000,13270.0000,pcs,66350.0000,65354.7500,.0000
SI0001SI#000075,2025-05-19 00:00:00.000,Camon 40(8+128),Main Location,1.0000,21220.0000,pcs,21220.0000,20901.7000,.0000
SI0001SI#000076,2025-05-19 00:00:00.000,Camon 40(8+128),Main Location,3.0000,21220.0000,pcs,63660.0000,62705.1000,.0000
SI0001SI#000076,2025-05-19 00:00:00.000,GO1 4+64,Main Location,1.0000,10425.0000,pcs,10425.0000,10268.6200,.0000
PI0001PI#000008,2025-05-19 00:00:00.000,Camon 40(8+128),Main Location,14.0000,20653.6800,pcs,289151.5200,289151.5200,.0000
PI0001PI#000008,2025-05-19 00:00:00.000,Spark30 Pro,Main Location,10.0000,18366.6700,pcs,183666.7000,183666.7000,.0000
PI0001PI#000007,2025-05-18 00:00:00.000,GO1 4+64,Main Location,200.0000,10194.2100,pcs,2038842.0000,2038842.0000,.0000
SI0001SI#000068,2025-05-18 00:00:00.000,GO1 4+64,Main Location,1.0000,10425.0000,pcs,10425.0000,10268.6200,.0000
SI0001SI#000068,2025-05-18 00:00:00.000,Spark 30C 6+128,Main Location,11.0000,13270.0000,pcs,145970.0000,143780.4500,.0000
SI0001SI#000068,2025-05-18 00:00:00.000,Spark30 Pro,Main Location,1.0000,18870.0000,pcs,18870.0000,18586.9500,.0000
SI0001SI#000068,2025-05-18 00:00:00.000,Spark 20C 4+128,Main Location,1.0000,11320.0000,pcs,11320.0000,11150.2000,.0000
SI0001SI#000069,2025-05-18 00:00:00.000,Spark 30C 6+128,Main Location,1.0000,13270.0000,pcs,13270.0000,13070.9500,.0000
SI0001SI#000070,2025-05-18 00:00:00.000,Spark 30C 6+128,Main Location,2.0000,13270.0000,pcs,26540.0000,26141.9000,.0000
SI0001SI#000070,2025-05-18 00:00:00.000,GO1 4+128,Main Location,2.0000,11845.0000,pcs,23690.0000,23334.6500,.0000
SI0001SI#000070,2025-05-18 00:00:00.000,GO1 4+64,Main Location,1.0000,10425.0000,pcs,10425.0000,10268.6200,.0000
SI0001SI#000058,2025-05-16 00:00:00.000,GO1 4+64,Main Location,10.0000,10425.0000,pcs,104250.0000,102686.2500,.0000
SI0001SI#000059,2025-05-16 00:00:00.000,GO1 4+128,Main Location,1.0000,11845.0000,pcs,11845.0000,11667.3200,.0000
SI0001SI#000059,2025-05-16 00:00:00.000,GO1 4+64,Main Location,2.0000,10425.0000,pcs,20850.0000,20537.2500,.0000
SI0001SI#000060,2025-05-16 00:00:00.000,GO1 4+64,Main Location,3.0000,10425.0000,pcs,31275.0000,30799.6200,.0000
SI0001SI#000060,2025-05-16 00:00:00.000,Camon40 Pro,Main Location,1.0000,26410.0000,pcs,26410.0000,26013.8500,.0000
SI0001SI#000061,2025-05-16 00:00:00.000,Camon40 Pro,Main Location,1.0000,26410.0000,pcs,26410.0000,26013.8500,.0000
SI0001SI#000061,2025-05-16 00:00:00.000,GO1 4+64,Main Location,3.0000,10425.0000,pcs,31275.0000,30805.8800,.0000
SI0001SI#000062,2025-05-16 00:00:00.000,GO1 4+64,Main Location,6.0000,10425.0000,pcs,62550.0000,61611.7500,.0000
SI0001SI#000062,2025-05-16 00:00:00.000,Camon40 Pro,Main Location,2.0000,26410.0000,pcs,52820.0000,52027.7000,.0000
SI0001SI#000063,2025-05-16 00:00:00.000,Spark 30C 6+128,Main Location,8.0000,13270.0000,pcs,106160.0000,104567.6000,.0000
SI0001SI#000063,2025-05-16 00:00:00.000,GO1 4+64,Main Location,4.0000,10425.0000,pcs,41700.0000,41074.5000,.0000
SI0001SI#000064,2025-05-16 00:00:00.000,Camon40 Pro,Main Location,6.0000,26410.0000,pcs,158460.0000,156083.1000,.0000
PI0001PI#000006,2025-05-16 00:00:00.000,GO1 4+64,Main Location,50.0000,10194.2100,pcs,509710.5000,509710.5000,.0000
PI0001PI#000006,2025-05-16 00:00:00.000,Camon40 Pro,Main Location,10.0000,25707.0000,pcs,257070.0000,257070.0000,.0000
PI0001PI#000005,2025-05-15 00:00:00.000,Camon40 Pro,Main Location,20.0000,25707.0000,pcs,514140.0000,514140.0000,.0000
PI0001PI#000005,2025-05-15 00:00:00.000,GO1 4+64,Main Location,50.0000,10194.2100,pcs,509710.5000,509710.5000,.0000
SI0001SI#000050,2025-05-15 00:00:00.000,GO1 4+128,Main Location,5.0000,11845.0000,pcs,59225.0000,58336.6200,.0000
SI0001SI#000050,2025-05-15 00:00:00.000,GO1 4+64,Main Location,5.0000,10425.0000,pcs,52125.0000,51343.1200,.0000
SI0001SI#000050,2025-05-15 00:00:00.000,Spark 30C 6+128,Main Location,5.0000,13270.0000,pcs,66350.0000,65354.7500,.0000
SI0001SI#000051,2025-05-15 00:00:00.000,Camon40 Pro,Main Location,6.0000,26410.0000,pcs,158460.0000,156083.1000,.0000
SI0001SI#000052,2025-05-15 00:00:00.000,GO1 4+64,Main Location,2.0000,10425.0000,pcs,20850.0000,20537.2500,.0000
SI0001SI#000052,2025-05-15 00:00:00.000,Camon40 Pro,Main Location,1.0000,26410.0000,pcs,26410.0000,26013.8500,.0000
SI0001SI#000053,2025-05-15 00:00:00.000,Camon40 Pro,Main Location,3.0000,26410.0000,pcs,79230.0000,78041.5500,.0000
SI0001SI#000053,2025-05-15 00:00:00.000,Spark30 Pro,Main Location,5.0000,18870.0000,pcs,94350.0000,92934.7500,.0000
SI0001SI#000053,2025-05-15 00:00:00.000,GO1 4+64,Main Location,2.0000,10425.0000,pcs,20850.0000,20537.2500,.0000
SI0001SI#000053,2025-05-15 00:00:00.000,Spark 30C 6+128,Main Location,2.0000,13270.0000,pcs,26540.0000,26141.9000,.0000
SI0001SI#000054,2025-05-15 00:00:00.000,Camon30S 8+256,Main Location,1.0000,26410.0000,pcs,26410.0000,26013.8500,.0000
SI0001SI#000055,2025-05-15 00:00:00.000,Spark 30C 6+128,Main Location,2.0000,13270.0000,pcs,26540.0000,26141.9000,.0000
SI0001SI#000055,2025-05-15 00:00:00.000,GO1 4+64,Main Location,1.0000,10425.0000,pcs,10425.0000,10268.6200,.0000
SI0001SI#000055,2025-05-15 00:00:00.000,Spark 30 8+128,Main Location,1.0000,16970.0000,pcs,16970.0000,16715.4500,.0000
SI0001SI#000056,2025-05-15 00:00:00.000,GO1 4+64,Main Location,40.0000,10425.0000,pcs,417000.0000,410745.0000,.0000
SI0001SI#000056,2025-05-15 00:00:00.000,Camon40 Pro,Main Location,10.0000,26410.0000,pcs,264100.0000,260138.5000,.0000
SI0001SI#000057,2025-05-15 00:00:00.000,Spark30 Pro,Main Location,3.0000,18870.0000,pcs,56610.0000,55760.8500,.0000
SI0001SI#000123,2025-05-15 00:00:00.000,One Plus C4 Light,Main Location,1.0000,23430.0000,pcs,23430.0000,23430.0000,.0000
SI0001SI#000046,2025-05-14 00:00:00.000,Spark 30C 6+128,Main Location,1.0000,13270.0000,pcs,13270.0000,13070.9500,.0000
SI0001SI#000047,2025-05-14 00:00:00.000,GO1 4+128,Main Location,1.0000,11845.0000,pcs,11845.0000,11667.3200,.0000
SI0001SI#000047,2025-05-14 00:00:00.000,Spark 30C 6+128,Main Location,2.0000,13270.0000,pcs,26540.0000,26136.5900,.0000
SI0001SI#000047,2025-05-14 00:00:00.000,Camon40 Pro,Main Location,2.0000,26410.0000,pcs,52820.0000,52027.7000,.0000
SI0001SI#000048,2025-05-14 00:00:00.000,Camon40 Pro,Main Location,3.0000,26410.0000,pcs,79230.0000,78041.5500,.0000
SI0001SI#000049,2025-05-14 00:00:00.000,Camon40 Pro,Main Location,7.0000,26410.0000,pcs,184870.0000,182059.9800,.0000
SI0001SI#000035,2025-05-14 00:00:00.000,Camon40 Pro,Main Location,6.0000,26410.0000,pcs,158460.0000,156083.1000,.0000
SI0001SI#000035,2025-05-14 00:00:00.000,Spark30 Pro,Main Location,1.0000,18870.0000,pcs,18870.0000,18586.9500,.0000
SI0001SI#000035,2025-05-14 00:00:00.000,GO1 4+64,Main Location,3.0000,10425.0000,pcs,31275.0000,30805.8800,.0000
SI0001SI#000035,2025-05-14 00:00:00.000,GO1 4+128,Main Location,2.0000,11845.0000,pcs,23690.0000,23334.6500,.0000
SI0001SI#000036,2025-05-14 00:00:00.000,GO1 4+64,Main Location,10.0000,10425.0000,pcs,104250.0000,102686.2500,.0000
SI0001SI#000036,2025-05-14 00:00:00.000,Spark 30C 6+128,Main Location,3.0000,13270.0000,pcs,39810.0000,39212.8500,.0000
PI0001PI#000004,2025-05-14 00:00:00.000,Spark 30C 6+128,Main Location,20.0000,12975.8200,pcs,259516.4000,259516.4000,.0000
PI0001PI#000004,2025-05-14 00:00:00.000,Camon40 Pro,Main Location,18.0000,25707.0000,pcs,462726.0000,462726.0000,.0000
SI0001SI#000027,2025-05-13 00:00:00.000,Camon40 8+256,Main Location,1.0000,22640.0000,pcs,22640.0000,22300.4000,.0000
SI0001SI#000027,2025-05-13 00:00:00.000,GO1 4+64,Main Location,3.0000,10425.0000,pcs,31275.0000,30805.8800,.0000
SI0001SI#000027,2025-05-13 00:00:00.000,Spark 30C 6+128,Main Location,1.0000,13270.0000,pcs,13270.0000,13070.9500,.0000
SI0001SI#000034,2025-05-13 00:00:00.000,Spark30 Pro,Main Location,5.0000,18870.0000,pcs,94350.0000,92934.7500,.0000
SI0001SI#000034,2025-05-13 00:00:00.000,Spark 30C 6+128,Main Location,20.0000,13270.0000,pcs,265400.0000,261419.0000,.0000
SI0001SI#000034,2025-05-13 00:00:00.000,GO1 4+64,Main Location,5.0000,10425.0000,pcs,52125.0000,51343.1200,.0000
SI0001SI#000034,2025-05-13 00:00:00.000,GO1 4+128,Main Location,2.0000,11845.0000,pcs,23690.0000,23334.6500,.0000
PI0001PI#000003,2025-05-12 00:00:00.000,GO1 4+64,Main Location,40.0000,10194.2100,pcs,407768.4000,407768.4000,.0000
PI0001PI#000003,2025-05-12 00:00:00.000,Spark 30C 6+128,Main Location,60.0000,12975.8200,pcs,778549.2000,778549.2000,.0000
PI0001PI#000003,2025-05-12 00:00:00.000,Spark30 Pro,Main Location,10.0000,18366.6700,pcs,183666.7000,183666.7000,.0000
SI0001SI#000033,2025-05-12 00:00:00.000,GO1 4+128,Main Location,1.0000,11845.0000,pcs,11845.0000,11667.3200,.0000
SI0001SI#000033,2025-05-12 00:00:00.000,GO1 4+64,Main Location,15.0000,10425.0000,pcs,156375.0000,154029.3800,.0000
SI0001SI#000001,2025-05-11 00:00:00.000,GO1 4+128,Main Location,2.0000,11845.0000,pcs,23690.0000,23334.6500,.0000
SI0001SI#000001,2025-05-11 00:00:00.000,GO1 4+64,Main Location,8.0000,10425.0000,pcs,83400.0000,82149.0000,.0000
SI0001SI#000002,2025-05-11 00:00:00.000,GO1 4+64,Main Location,2.0000,10425.0000,pcs,20850.0000,20537.2500,.0000
SI0001SI#000002,2025-05-11 00:00:00.000,GO1 4+128,Main Location,2.0000,11845.0000,pcs,23690.0000,23334.6500,.0000
SI0001SI#000003,2025-05-11 00:00:00.000,GO1 4+64,Main Location,1.0000,10425.0000,pcs,10425.0000,10320.7500,.0000
SI0001SI#000004,2025-05-11 00:00:00.000,GO1 4+64,Main Location,30.0000,10425.0000,pcs,312750.0000,308058.7500,.0000
SI0001SI#000005,2025-05-11 00:00:00.000,GO1 4+64,Main Location,10.0000,10425.0000,pcs,104250.0000,102686.2500,.0000
SI0001SI#000006,2025-05-11 00:00:00.000,GO1 4+64,Main Location,10.0000,10425.0000,pcs,104250.0000,102686.2500,.0000
SI0001SI#000006,2025-05-11 00:00:00.000,GO1 4+128,Main Location,5.0000,11845.0000,pcs,59225.0000,58336.6200,.0000
SI0001SI#000006,2025-05-11 00:00:00.000,Camon30S 8+256,Main Location,3.0000,26410.0000,pcs,79230.0000,78041.5500,.0000
SI0001SI#000006,2025-05-11 00:00:00.000,Spark 20C 4+128,Main Location,1.0000,11320.0000,pcs,11320.0000,11150.2000,.0000
SI0001SI#000029,2025-05-09 00:00:00.000,Camon40 8+256,Main Location,1.0000,22640.0000,pcs,22640.0000,22413.6000,.0000
SI0001SI#000030,2025-05-09 00:00:00.000,Spark 30C 6+128,Main Location,2.0000,13270.0000,pcs,26540.0000,26141.9000,.0000
SI0001SI#000030,2025-05-09 00:00:00.000,GO1 4+64,Main Location,1.0000,10425.0000,pcs,10425.0000,10268.6200,.0000
SI0001SI#000030,2025-05-09 00:00:00.000,GO1 4+128,Main Location,1.0000,11845.0000,pcs,11845.0000,11667.3200,.0000
SI0001SI#000031,2025-05-09 00:00:00.000,Spark 30C 6+128,Main Location,4.0000,13270.0000,pcs,53080.0000,52283.8000,.0000
SI0001SI#000031,2025-05-09 00:00:00.000,GO1 4+128,Main Location,5.0000,11845.0000,pcs,59225.0000,58336.6200,.0000
SI0001SI#000032,2025-05-09 00:00:00.000,Spark 30C 6+128,Main Location,12.0000,13270.0000,pcs,159240.0000,156851.4000,.0000
SI0001SI#000032,2025-05-09 00:00:00.000,GO1 4+128,Main Location,3.0000,11845.0000,pcs,35535.0000,35001.9800,.0000
SI0001SI#000032,2025-05-09 00:00:00.000,Camon40 8+256,Main Location,3.0000,22640.0000,pcs,67920.0000,66901.2000,.0000
SI0001SI#000032,2025-05-09 00:00:00.000,GO1 4+64,Main Location,13.0000,10425.0000,pcs,135525.0000,133492.1200,.0000
SI0001SI#000032,2025-05-09 00:00:00.000,Camon30S 8+256,Main Location,1.0000,26410.0000,pcs,26410.0000,26013.8500,.0000
SI0001SI#000038,2025-05-09 00:00:00.000,Camon30S 8+256,Main Location,1.0000,26410.0000,pcs,26410.0000,26410.0000,.0000
SI0001SI#000038,2025-05-09 00:00:00.000,Spark 30C 6+128,Main Location,1.0000,13270.0000,pcs,13270.0000,13270.0000,.0000
SI0001SI#000038,2025-05-09 00:00:00.000,GO1 4+64,Main Location,1.0000,10425.0000,pcs,10425.0000,10425.0000,.0000
SI0001SI#000039,2025-05-09 00:00:00.000,GO1 4+128,Main Location,1.0000,11845.0000,pcs,11845.0000,11667.3200,.0000
SI0001SI#000039,2025-05-09 00:00:00.000,GO1 4+64,Main Location,1.0000,10425.0000,pcs,10425.0000,10268.6200,.0000
SI0001SI#000040,2025-05-09 00:00:00.000,GO1 4+64,Main Location,1.0000,10425.0000,pcs,10425.0000,10425.0000,.0000
SI0001SI#000041,2025-05-09 00:00:00.000,Spark30 Pro,Main Location,1.0000,18870.0000,pcs,18870.0000,18870.0000,.0000
SI0001SI#000042,2025-05-09 00:00:00.000,GO1 4+64,Main Location,2.0000,10425.0000,pcs,20850.0000,20537.2500,.0000
SI0001SI#000043,2025-05-09 00:00:00.000,Camon40 8+256,Main Location,1.0000,22640.0000,pcs,22640.0000,22300.4000,.0000
SI0001SI#000043,2025-05-09 00:00:00.000,GO1 4+128,Main Location,2.0000,11845.0000,pcs,23690.0000,23334.6500,.0000
SI0001SI#000043,2025-05-09 00:00:00.000,Spark 30C 6+128,Main Location,2.0000,13270.0000,pcs,26540.0000,26141.9000,.0000
SI0001SI#000044,2025-05-09 00:00:00.000,Camon40 8+256,Main Location,2.0000,22640.0000,pcs,45280.0000,44600.8000,.0000
SI0001SI#000045,2025-05-09 00:00:00.000,Spark 30C 6+128,Main Location,10.0000,13270.0000,pcs,132700.0000,130709.5000,.0000
SI0001SI#000045,2025-05-09 00:00:00.000,GO1 4+64,Main Location,20.0000,10425.0000,pcs,208500.0000,205372.5000,.0000
PI0001PI#000002,2025-05-09 00:00:00.000,GO1 4+64,Main Location,50.0000,10194.2100,pcs,509710.5000,509710.5000,.0000
PI0001PI#000002,2025-05-09 00:00:00.000,Spark 30C 6+128,Main Location,19.0000,12975.8200,pcs,246540.5800,246540.5800,.0000
SI0001SI#000028,2025-05-08 00:00:00.000,Spark30 Pro,Main Location,1.0000,18870.0000,pcs,18870.0000,18586.9500,.0000
SI0001SI#000024,2025-05-08 00:00:00.000,Spark 30C 6+128,Main Location,3.0000,13270.0000,pcs,39810.0000,39212.8500,.0000
SI0001SI#000024,2025-05-08 00:00:00.000,GO1 4+64,Main Location,2.0000,10425.0000,pcs,20850.0000,20537.2500,.0000
SI0001SI#000024,2025-05-08 00:00:00.000,GO1 4+128,Main Location,2.0000,11845.0000,pcs,23690.0000,23334.6500,.0000
SI0001SI#000024,2025-05-08 00:00:00.000,Spark30 Pro,Main Location,1.0000,18870.0000,pcs,18870.0000,18586.9500,.0000
SI0001SI#000024,2025-05-08 00:00:00.000,Spark 30 8+128,Main Location,1.0000,16970.0000,pcs,16970.0000,16715.4500,.0000
SI0001SI#000024,2025-05-08 00:00:00.000,Camon40 8+256,Main Location,1.0000,22640.0000,pcs,22640.0000,22300.4000,.0000
SI0001SI#000025,2025-05-08 00:00:00.000,GO1 4+64,Main Location,8.0000,10425.0000,pcs,83400.0000,82149.0000,.0000
SI0001SI#000025,2025-05-08 00:00:00.000,Spark 30C 6+128,Main Location,3.0000,13270.0000,pcs,39810.0000,39212.8500,.0000
SI0001SI#000025,2025-05-08 00:00:00.000,Spark30 Pro,Main Location,1.0000,18870.0000,pcs,18870.0000,18586.9500,.0000
SI0001SI#000025,2025-05-08 00:00:00.000,Camon40 8+256,Main Location,1.0000,22640.0000,pcs,22640.0000,22300.4000,.0000
SI0001SI#000026,2025-05-08 00:00:00.000,GO1 4+64,Main Location,2.0000,10425.0000,pcs,20850.0000,20537.2500,.0000
SI0001SI#000020,2025-05-07 00:00:00.000,Camon40 8+256,Main Location,1.0000,22640.0000,pcs,22640.0000,22300.4000,.0000
SI0001SI#000020,2025-05-07 00:00:00.000,Camon30S 8+256,Main Location,2.0000,26410.0000,pcs,52820.0000,52027.7000,.0000
SI0001SI#000020,2025-05-07 00:00:00.000,Spark 30C 6+128,Main Location,1.0000,13270.0000,pcs,13270.0000,13070.9500,.0000
SI0001SI#000021,2025-05-07 00:00:00.000,GO1 4+128,Main Location,3.0000,11845.0000,pcs,35535.0000,35001.9800,.0000
SI0001SI#000021,2025-05-07 00:00:00.000,GO1 4+64,Main Location,2.0000,10425.0000,pcs,20850.0000,20537.2500,.0000
SI0001SI#000022,2025-05-07 00:00:00.000,Spark 30C 6+128,Main Location,4.0000,13270.0000,pcs,53080.0000,52283.8000,.0000
SI0001SI#000022,2025-05-07 00:00:00.000,GO1 4+128,Main Location,1.0000,11845.0000,pcs,11845.0000,11667.3200,.0000
SI0001SI#000022,2025-05-07 00:00:00.000,GO1 4+64,Main Location,3.0000,10425.0000,pcs,31275.0000,30805.8800,.0000
SI0001SI#000022,2025-05-07 00:00:00.000,Camon40 8+256,Main Location,1.0000,22640.0000,pcs,22640.0000,22300.4000,.0000
SI0001SI#000023,2025-05-07 00:00:00.000,Camon40 8+256,Main Location,1.0000,22640.0000,pcs,22640.0000,22300.4000,.0000
PI0001PI#000001,2025-05-07 00:00:00.000,Spark 30C 6+128,Main Location,20.0000,12975.8200,pcs,259516.4000,259516.4000,.0000
SI0001SI#000017,2025-05-06 00:00:00.000,GO1 4+128,Main Location,1.0000,11845.0000,pcs,11845.0000,11667.3200,.0000
SI0001SI#000017,2025-05-06 00:00:00.000,GO1 4+64,Main Location,1.0000,10425.0000,pcs,10425.0000,10268.6200,.0000
SI0001SI#000017,2025-05-06 00:00:00.000,Spark 30C 6+128,Main Location,2.0000,13270.0000,pcs,26540.0000,26141.9000,.0000
SI0001SI#000018,2025-05-06 00:00:00.000,Camon40 8+256,Main Location,1.0000,22640.0000,pcs,22640.0000,22300.4000,.0000
SI0001SI#000019,2025-05-06 00:00:00.000,Spark 30C 6+128,Main Location,2.0000,13270.0000,pcs,26540.0000,26141.9000,.0000
SI0001SI#000014,2025-05-05 00:00:00.000,Camon40 8+256,Main Location,1.0000,22640.0000,pcs,22640.0000,22300.4000,.0000
SI0001SI#000014,2025-05-05 00:00:00.000,Spark 30C 6+128,Main Location,9.0000,13270.0000,pcs,119430.0000,117638.5500,.0000
SI0001SI#000015,2025-05-05 00:00:00.000,Spark 30C 6+128,Main Location,1.0000,13270.0000,pcs,13270.0000,13070.9500,.0000
SI0001SI#000016,2025-05-05 00:00:00.000,GO1 4+64,Main Location,10.0000,10425.0000,pcs,104250.0000,102686.2500,.0000
SI0001SI#000016,2025-05-05 00:00:00.000,GO1 4+128,Main Location,10.0000,11845.0000,pcs,118450.0000,116673.2500,.0000
SI0001SI#000012,2025-05-04 00:00:00.000,Spark 30C 6+128,Main Location,3.0000,13270.0000,pcs,39810.0000,39212.8500,.0000
SI0001SI#000012,2025-05-04 00:00:00.000,GO1 4+64,Main Location,2.0000,10425.0000,pcs,20850.0000,20537.2500,.0000
SI0001SI#000013,2025-05-04 00:00:00.000,Camon40 8+256,Main Location,3.0000,22640.0000,pcs,67920.0000,66901.2000,.0000
SI0001SI#000013,2025-05-04 00:00:00.000,GO1 4+64,Main Location,5.0000,10425.0000,pcs,52125.0000,51343.1200,.0000
SI0001SI#000013,2025-05-04 00:00:00.000,Spark 30C 6+128,Main Location,3.0000,13270.0000,pcs,39810.0000,39212.8500,.0000
SI0001SI#000013,2025-05-04 00:00:00.000,Spark 30 8+128,Main Location,1.0000,16970.0000,pcs,16970.0000,16715.4500,.0000
SI0001SI#000013,2025-05-04 00:00:00.000,Spark30 Pro,Main Location,1.0000,18870.0000,pcs,18870.0000,18586.9500,.0000
SI0001SI#000007,2025-05-02 00:00:00.000,Spark 30C 6+128,Main Location,4.0000,13270.0000,pcs,53080.0000,52283.8000,.0000
SI0001SI#000007,2025-05-02 00:00:00.000,Camon40 8+256,Main Location,3.0000,22640.0000,pcs,67920.0000,66901.2000,.0000
SI0001SI#000007,2025-05-02 00:00:00.000,GO1 3+64,Main Location,2.0000,9480.0000,pcs,18960.0000,18675.6000,.0000
SI0001SI#000007,2025-05-02 00:00:00.000,GO1 4+128,Main Location,3.0000,11845.0000,pcs,35535.0000,35001.9800,.0000
SI0001SI#000007,2025-05-02 00:00:00.000,Spark 30 8+128,Main Location,1.0000,16970.0000,pcs,16970.0000,16715.4500,.0000
SI0001SI#000007,2025-05-02 00:00:00.000,Spark30 Pro,Main Location,1.0000,18870.0000,pcs,18870.0000,18586.9500,.0000
SI0001SI#000008,2025-05-02 00:00:00.000,Spark 30C 6+128,Main Location,3.0000,13270.0000,pcs,39810.0000,39212.8500,.0000
SI0001SI#000008,2025-05-02 00:00:00.000,GO1 4+64,Main Location,1.0000,10425.0000,pcs,10425.0000,10268.6200,.0000
SI0001SI#000008,2025-05-02 00:00:00.000,Camon40 8+256,Main Location,5.0000,22640.0000,pcs,113200.0000,111502.0000,.0000
SI0001SI#000009,2025-05-02 00:00:00.000,GO1 4+64,Main Location,15.0000,10425.0000,pcs,156375.0000,154029.3800,.0000
SI0001SI#000009,2025-05-02 00:00:00.000,GO1 4+128,Main Location,15.0000,11845.0000,pcs,177675.0000,175009.8800,.0000
SI0001SI#000009,2025-05-02 00:00:00.000,Spark 30C 6+128,Main Location,10.0000,13270.0000,pcs,132700.0000,130709.5000,.0000
SI0001SI#000010,2025-05-02 00:00:00.000,Camon40 8+256,Main Location,3.0000,22640.0000,pcs,67920.0000,66901.2000,.0000
SI0001SI#000010,2025-05-02 00:00:00.000,Camon30S 8+256,Main Location,2.0000,26410.0000,pcs,52820.0000,52027.7000,.0000
SI0001SI#000011,2025-05-02 00:00:00.000,Spark 30C 6+128,Main Location,2.0000,13270.0000,pcs,26540.0000,26141.9000,.0000
