INV_REF_NO,INV_DATE,STOCKITEM_NAME,INV_VOUCHER_TYPE,INV_TRAN_QUANTITY,INV_TRAN_RATE,INV_TRAN_AMOUNT,INV_INOUT_FLAG,GODOWNS_NAME
SI0001SI#001865,2026-10-02 00:00:00.000,Pova Curve 2,16,-1.0000,37740.0000,-35531.5669,O,Main Location
SI0001SI#001863,2026-09-30 00:00:00.000,Spark 50 (6+128),16,-1.0000,20754.0000,-20122.4777,O,Main Location
PI0001PI#000221,2026-09-30 00:00:00.000,Go 3 (4+64),33,580.0000,15640.7400,9071629.2000,I,Main Location
SI0001SI#001864,2026-09-30 00:00:00.000,Go 3 (4+64),16,-100.0000,14300.0000,-1492845.5873,O,Main Location
PI0001PI#000220,2026-09-29 00:00:00.000,Go 3 (4+64),33,45.0000,15640.7400,703833.3000,I,Main Location
SI0001SI#001861,2026-09-29 00:00:00.000,Go 3 (4+64),16,-2.0000,16030.0000,-29442.7516,O,Main Location
SI0001SI#001862,2026-09-29 00:00:00.000,Camon 50 (8+128),16,-10.0000,32195.0000,-319495.8929,O,Main Location
PI0001PI#000219,2026-09-28 00:00:00.000,Spark 50 Pro (6-128),33,5.0000,24838.0000,124190.0000,I,Main Location
PI0001PI#000218,2026-09-27 00:00:00.000,Spark 50c (4+64),33,10.0000,20260.3300,202603.3000,I,Main Location
PI0001PI#000218,2026-09-27 00:00:00.000,Spark 50c (4+128),33,10.0000,22087.7000,220877.0000,I,Main Location
PI0001PI#000218,2026-09-27 00:00:00.000,Go 3 (4+64),33,80.0000,15640.7400,1251259.2000,I,Main Location
SI0001SI#001860,2026-09-27 00:00:00.000,Go 3 (4+64),16,-100.0000,14300.0000,-1470018.1416,O,Main Location
SI0001SI#001850,2026-09-24 00:00:00.000,Go 3 (4+64),16,-50.0000,15200.0000,-733101.2441,O,Main Location
SI0001SI#001849,2026-09-23 00:00:00.000,Spark 40(8+256),16,-1.0000,18880.0000,-17465.3538,O,Main Location
SI0001SI#001849,2026-09-23 00:00:00.000,Spark 40 5G,16,-1.0000,16040.0000,-15636.2800,O,Main Location
PI0001PI#000217,2026-09-23 00:00:00.000,Go 3 (4+64),33,80.0000,15640.7400,1251259.2000,I,Main Location
PI0001PI#000216,2026-09-23 00:00:00.000,Go 3 (4+64),33,44.0000,15640.7400,688192.5600,I,Main Location
PI0001PI#000216,2026-09-23 00:00:00.000,Camon Slim (8-256),33,3.0000,55211.0000,165633.0000,I,Main Location
SI0001SI#001846,2026-09-22 00:00:00.000,Pova Curve 2,16,-1.0000,36785.0000,-35531.5669,O,Main Location
SI0001SI#001845,2026-09-21 00:00:00.000,Pova Curve 2 (8+128),16,-1.0000,34910.0000,-34038.9800,O,Main Location
SI0001SI#001845,2026-09-21 00:00:00.000,Pova Curve 2,16,-1.0000,37740.0000,-35531.5669,O,Main Location
PI0001PI#000215,2026-09-21 00:00:00.000,Go 3 (4+64),33,50.0000,15640.7400,782037.0000,I,Main Location
SI0001SI#001843,2026-09-21 00:00:00.000,Go 3 (4+64),16,-2.0000,16030.0000,-29196.1671,O,Main Location
SI0001SI#001845,2026-09-21 00:00:00.000,Camon 50 (8+256),16,-1.0000,36800.0000,-32194.7000,O,Main Location
PI0001PI#000215,2026-09-21 00:00:00.000,Camon 50 (8+128),33,20.0000,32195.0000,643900.0000,I,Main Location
SI0001SI#001844,2026-09-21 00:00:00.000,Camon 50 (8+128),16,-1.0000,33020.0000,-31949.5893,O,Main Location
SI0001SI#001858,2026-09-20 00:00:00.000,Spark50 Pro (4-128),16,-1.0000,23019.0000,-22950.0000,O,Main Location
SI0001SI#001858,2026-09-20 00:00:00.000,Spark 50c (4+64),16,-1.0000,20260.0000,-20260.3300,O,Main Location
SI0001SI#001858,2026-09-20 00:00:00.000,Spark 50c (4+128),16,-1.0000,22087.0000,-22087.7000,O,Main Location
SI0001SI#001858,2026-09-20 00:00:00.000,Pova Curve 2,16,-1.0000,36785.0000,-35531.5669,O,Main Location
SI0001SI#001842,2026-09-20 00:00:00.000,Pova Curve 2,16,-1.0000,36800.0000,-35531.5669,O,Main Location
SI0001SI#001858,2026-09-20 00:00:00.000,Go 3 (4+128),16,-1.0000,15185.0000,-14684.6664,O,Main Location
SI0001SI#001858,2026-09-20 00:00:00.000,Camon Air (8-256),16,-1.0000,46011.0000,-46011.0000,O,Main Location
SI0001SI#001858,2026-09-20 00:00:00.000,Camon Air (8-128),16,-1.0000,41413.0000,-41413.0000,O,Main Location
SI0001SI#001847,2026-09-18 00:00:00.000,Spark 50c (4+64),16,-2.0000,20760.0000,-40520.6600,O,Main Location
SI0001SI#001847,2026-09-18 00:00:00.000,Spark 50c (4+128),16,-2.0000,22640.0000,-44175.4000,O,Main Location
SI0001SI#001841,2026-09-18 00:00:00.000,Pova Curve 2,16,-5.0000,36785.3400,-177657.8348,O,Main Location
SI0001SI#001847,2026-09-18 00:00:00.000,Go 3 (4+128),16,-10.0000,15570.0000,-146846.6638,O,Main Location
SI0001SI#001840,2026-09-18 00:00:00.000,Camon 50 (8+128),16,-1.0000,33020.0000,-31715.8648,O,Main Location
SI0001SI#001830,2026-09-17 00:00:00.000,Go 3 (4+128),16,-30.0000,15570.0000,-440539.9913,O,Main Location
SI0001SI#001831,2026-09-17 00:00:00.000,Camon 50 (8+128),16,-1.0000,33020.0000,-31715.8648,O,Main Location
PI0001PI#000213,2026-09-16 00:00:00.000,Go 3 (4+64),33,22.0000,15640.7400,344096.2800,I,Main Location
SI0001SI#001832,2026-09-16 00:00:00.000,Camon 50 (8+256),16,-2.0000,35883.0000,-64389.4000,O,Main Location
SI0001SI#001832,2026-09-16 00:00:00.000,Camon 50 (8+128),16,-5.0000,32194.0000,-158579.3241,O,Main Location
PI0001PI#000214,2026-09-15 00:00:00.000,Spark 50c (4+64),33,5.0000,20260.3300,101301.6500,I,Main Location
PI0001PI#000214,2026-09-15 00:00:00.000,Spark 50c (4+128),33,5.0000,22087.7000,110438.5000,I,Main Location
SI0001SI#001833,2026-09-15 00:00:00.000,Camon Slim (8-256),16,-1.0000,56600.0000,-55211.0000,O,Main Location
SI0001SI#001853,2026-09-15 00:00:00.000,Camon 50 (8+256),16,-30.0000,33000.0000,-965841.0000,O,Main Location
PI0001PI#000212,2026-09-14 00:00:00.000,Go 3 (4+64),33,5.0000,15640.7400,78203.7000,I,Main Location
SI0001SI#001835,2026-09-14 00:00:00.000,Go 3 (4+128),16,-5.0000,15570.0000,-73423.3319,O,Main Location
PI0001PI#000212,2026-09-14 00:00:00.000,Camon Slim (8-256),33,1.0000,55211.0000,55211.0000,I,Main Location
SR0001SR#000030,2026-09-14 00:00:00.000,Camon 50 (8+256),13,6.0000,.0000,193168.2000,I,Main Location
SI0001SI#001834,2026-09-14 00:00:00.000,Camon 50 (8+256),16,-1.0000,36800.0000,-32194.7000,O,Main Location
SI0001SI#001852,2026-09-13 00:00:00.000,Spark 50 (6+128),16,-60.0000,20246.0000,-1207348.6629,O,Main Location
SI0001SI#001852,2026-09-13 00:00:00.000,Go 3 (4+64),16,-60.0000,15200.0000,-873242.6244,O,Main Location
PI0001PI#000211,2026-09-13 00:00:00.000,Go 3 (4+64),33,250.0000,15640.7400,3910185.0000,I,Main Location
SI0001SI#001838,2026-09-12 00:00:00.000,Spark 50 (6+128),16,-2.0000,20754.0000,-40244.9554,O,Main Location
SI0001SI#001837,2026-09-12 00:00:00.000,Spark 50 (6+128),16,-20.0000,20754.0000,-402449.5543,O,Main Location
SI0001SI#001838,2026-09-12 00:00:00.000,Go 3 (4+128),16,-2.0000,15570.0000,-29369.3328,O,Main Location
SI0001SI#001839,2026-09-12 00:00:00.000,Camon 50 (8+128),16,-2.0000,33020.0000,-63431.7296,O,Main Location
SI0001SI#001851,2026-09-11 00:00:00.000,Spark 50 (6+128),16,-10.0000,20246.0000,-201224.7771,O,Main Location
SI0001SI#001827,2026-09-11 00:00:00.000,Spark 50 (6+128),16,-5.0000,20754.0000,-100612.3886,O,Main Location
SI0001SI#001826,2026-09-11 00:00:00.000,Spark 50 (6+128),16,-10.0000,20754.0000,-201224.7771,O,Main Location
SI0001SI#001825,2026-09-11 00:00:00.000,Spark 50 (6+128),16,-20.0000,20246.0000,-402449.5543,O,Main Location
SI0001SI#001824,2026-09-11 00:00:00.000,Spark 50 (6+128),16,-1.0000,20754.0000,-20122.4777,O,Main Location
SI0001SI#001823,2026-09-11 00:00:00.000,Spark 50 (6+128),16,-4.0000,20754.0000,-80489.9109,O,Main Location
SI0001SI#001822,2026-09-11 00:00:00.000,Spark 50 (6+128),16,-3.0000,20754.0000,-60367.4331,O,Main Location
SI0001SI#001851,2026-09-11 00:00:00.000,Go 3 (4+64),16,-20.0000,15200.0000,-287753.5745,O,Main Location
SI0001SI#001828,2026-09-11 00:00:00.000,Go 3 (4+128),16,-5.0000,15570.0000,-73423.3319,O,Main Location
SI0001SI#001822,2026-09-11 00:00:00.000,Go 3 (4+128),16,-3.0000,15570.0000,-44053.9991,O,Main Location
SI0001SI#001851,2026-09-11 00:00:00.000,Camon 50 (8+256),16,-2.0000,35500.0000,-64389.4000,O,Main Location
SI0001SI#001823,2026-09-11 00:00:00.000,Camon 50 (8+256),16,-1.0000,36800.0000,-32194.7000,O,Main Location
SI0001SI#001851,2026-09-11 00:00:00.000,Camon 50 (8+128),16,-10.0000,31500.0000,-317158.6481,O,Main Location
SI0001SI#001821,2026-09-10 00:00:00.000,Spark 50 (6+128),16,-2.0000,20754.0000,-40244.9554,O,Main Location
SI0001SI#001820,2026-09-10 00:00:00.000,Spark 50 (6+128),16,-3.0000,20754.0000,-60367.4331,O,Main Location
SI0001SI#001819,2026-09-10 00:00:00.000,Spark 50 (6+128),16,-3.0000,20754.0000,-60367.4331,O,Main Location
SI0001SI#001818,2026-09-10 00:00:00.000,Spark 50 (6+128),16,-3.0000,20754.0000,-60367.4331,O,Main Location
SI0001SI#001817,2026-09-10 00:00:00.000,Spark 50 (6+128),16,-20.0000,20246.9800,-402449.5543,O,Main Location
SI0001SI#001814,2026-09-10 00:00:00.000,Spark 50 (6+128),16,-1.0000,20754.0000,-20122.4777,O,Main Location
SI0001SI#001820,2026-09-10 00:00:00.000,Pova Curve 2 (8+128),16,-1.0000,34910.0000,-34038.9800,O,Main Location
SI0001SI#001820,2026-09-10 00:00:00.000,Go 3 (4+64),16,-3.0000,16030.0000,-43163.0362,O,Main Location
SI0001SI#001816,2026-09-10 00:00:00.000,Go 3 (4+64),16,-25.0000,15640.7400,-359691.9682,O,Main Location
SI0001SI#001814,2026-09-10 00:00:00.000,Go 3 (4+128),16,-3.0000,15570.0000,-44053.9991,O,Main Location
SI0001SI#001813,2026-09-10 00:00:00.000,Camon Slim (8-256),16,-1.0000,55220.0000,-55211.0000,O,Main Location
SI0001SI#001815,2026-09-10 00:00:00.000,Camon 50 (8+256),16,-8.0000,36800.0000,-257557.6000,O,Main Location
SI0001SI#001814,2026-09-10 00:00:00.000,Camon 50 (8+256),16,-1.0000,36800.0000,-32194.7000,O,Main Location
SI0001SI#001820,2026-09-10 00:00:00.000,Camon 50 (8+128),16,-2.0000,33020.0000,-63431.7296,O,Main Location
SI0001SI#001815,2026-09-10 00:00:00.000,Camon 50 (8+128),16,-5.0000,33020.0000,-158579.3241,O,Main Location
SI0001SI#001812,2026-09-09 00:00:00.000,Spark 50 (6+128),16,-50.0000,20246.0000,-1006123.8857,O,Main Location
SI0001SI#001810,2026-09-09 00:00:00.000,Spark 50 (4+128),16,-2.0000,17920.0000,-34849.2705,O,Main Location
SI0001SI#001811,2026-09-09 00:00:00.000,Pova Curve 2 (8+128),16,-1.0000,34910.0000,-34038.9800,O,Main Location
SI0001SI#001810,2026-09-09 00:00:00.000,Pova Curve 2 (8+128),16,-1.0000,34910.0000,-34038.9800,O,Main Location
SI0001SI#001811,2026-09-09 00:00:00.000,Pova Curve 2,16,-1.0000,37740.0000,-35531.5670,O,Main Location
SI0001SI#001812,2026-09-09 00:00:00.000,Go 3 (4+128),16,-30.0000,15185.0000,-440539.9913,O,Main Location
SI0001SI#001809,2026-09-09 00:00:00.000,Go 3 (4+128),16,-3.0000,15570.0000,-44053.9991,O,Main Location
SI0001SI#001806,2026-09-08 00:00:00.000,Spark50 Pro (4-128),16,-1.0000,23590.0000,-22950.0000,O,Main Location
SI0001SI#001807,2026-09-08 00:00:00.000,Spark 50 (4+128),16,-20.0000,17920.0000,-348492.7048,O,Main Location
SI0001SI#001806,2026-09-08 00:00:00.000,Spark 50 (4+128),16,-3.0000,17920.0000,-52273.9057,O,Main Location
SI0001SI#001805,2026-09-08 00:00:00.000,Spark 50 (4+128),16,-3.0000,17920.0000,-52273.9057,O,Main Location
SI0001SI#001802,2026-09-08 00:00:00.000,Spark 50 (4+128),16,-20.0000,17492.0000,-348492.7048,O,Main Location
SI0001SI#001803,2026-09-08 00:00:00.000,Spark 40 5G,16,-8.0000,15300.0000,-125090.2400,O,Main Location
PI0001PI#000210,2026-09-08 00:00:00.000,Pova Curve 2 (8+128),33,10.0000,34038.9800,340389.8000,I,Main Location
SI0001SI#001806,2026-09-08 00:00:00.000,Pova Curve 2 (8+128),16,-1.0000,37740.0000,-34038.9800,O,Main Location
SI0001SI#001804,2026-09-08 00:00:00.000,Go 3 (4+128),16,-3.0000,15570.0000,-44053.9991,O,Main Location
PI0001PI#000210,2026-09-08 00:00:00.000,Camon Slim (8-256),33,1.0000,55211.0000,55211.0000,I,Main Location
SI0001SI#001808,2026-09-08 00:00:00.000,Camon 50 Ultra (12+256),16,-1.0000,44350.0000,-45986.7000,O,Main Location
SI0001SI#001801,2026-09-07 00:00:00.000,Spark 50 (6+128),16,-10.0000,20754.0000,-201224.7771,O,Main Location
SI0001SI#001801,2026-09-07 00:00:00.000,Spark 50 (4+128),16,-5.0000,17920.0000,-87123.1762,O,Main Location
SI0001SI#001801,2026-09-07 00:00:00.000,Pova Curve 2,16,-8.0000,37740.0000,-284252.5357,O,Main Location
SI0001SI#001801,2026-09-07 00:00:00.000,Go 3 (4+128),16,-30.0000,15570.0000,-440539.9913,O,Main Location
SI0001SI#001801,2026-09-07 00:00:00.000,Camon Air (8-256),16,-1.0000,47170.0000,-46011.0000,O,Main Location
SI0001SI#001801,2026-09-07 00:00:00.000,Camon 50 (8+256),16,-5.0000,36800.0000,-160973.5000,O,Main Location
SI0001SI#001801,2026-09-07 00:00:00.000,Camon 50 (8+128),16,-15.0000,33020.0000,-475737.9722,O,Main Location
SI0001SI#001799,2026-09-05 00:00:00.000,Spark 50 Pro (6-128),16,-1.0000,25470.0000,-24780.0000,O,Main Location
SI0001SI#001796,2026-09-04 00:00:00.000,Spark 50 Pro (6-128),16,-5.0000,25470.0000,-123900.0000,O,Main Location
SI0001SI#001798,2026-09-04 00:00:00.000,Spark 50 (6+128),16,-1.0000,20754.0000,-20122.4777,O,Main Location
SI0001SI#001796,2026-09-04 00:00:00.000,Spark 50 (6+128),16,-10.0000,20754.0000,-201224.7771,O,Main Location
SI0001SI#001798,2026-09-04 00:00:00.000,Spark 50 (4+128),16,-2.0000,17920.0000,-34849.2705,O,Main Location
SI0001SI#001797,2026-09-04 00:00:00.000,Spark 50 (4+128),16,-1.0000,17920.0000,-17424.6352,O,Main Location
SI0001SI#001796,2026-09-04 00:00:00.000,Spark 50 (4+128),16,-10.0000,17920.0000,-174246.3524,O,Main Location
SI0001SI#001798,2026-09-04 00:00:00.000,Go 3 (4+64),16,-2.0000,16030.0000,-28775.3575,O,Main Location
SI0001SI#001796,2026-09-04 00:00:00.000,Go 3 (4+64),16,-10.0000,16030.0000,-143876.7873,O,Main Location
SI0001SI#001796,2026-09-04 00:00:00.000,Go 3 (4+128),16,-10.0000,15570.0000,-146846.6638,O,Main Location
SI0001SI#001796,2026-09-04 00:00:00.000,Camon 50 (8+256),16,-5.0000,36800.0000,-160973.5000,O,Main Location
SI0001SI#001796,2026-09-04 00:00:00.000,Camon 50 (8+128),16,-10.0000,33020.0000,-317158.6481,O,Main Location
SI0001SI#001792,2026-09-03 00:00:00.000,Spark 50 (4+128),16,-2.0000,17920.0000,-34849.2705,O,Main Location
SI0001SI#001794,2026-09-03 00:00:00.000,Pova Curve 2 (8+128),16,-1.0000,34910.0000,-34038.9800,O,Main Location
SI0001SI#001794,2026-09-03 00:00:00.000,Pova Curve 2,16,-1.0000,37740.0000,-35531.5670,O,Main Location
SI0001SI#001793,2026-09-03 00:00:00.000,Pova Curve 2,16,-1.0000,37740.0000,-35531.5670,O,Main Location
SI0001SI#001795,2026-09-03 00:00:00.000,Go 3 (4+64),16,-10.0000,15185.0000,-143876.7873,O,Main Location
SI0001SI#001793,2026-09-03 00:00:00.000,Go 3 (4+128),16,-5.0000,15570.0000,-73423.3319,O,Main Location
SI0001SI#001791,2026-09-02 00:00:00.000,Camon 50 (8+128),16,-1.0000,33020.0000,-31715.8648,O,Main Location
SI0001SI#001854,2026-09-01 00:00:00.000,Tablet Megapad 4+128,16,-1.0000,19315.0000,-19314.8100,O,Main Location
SI0001SI#001854,2026-09-01 00:00:00.000,Spark50 Pro (4-128),16,-1.0000,28516.0000,-22950.0000,O,Main Location
SI0001SI#001854,2026-09-01 00:00:00.000,Spark40 (6+128),16,-1.0000,15620.0000,-16050.0000,O,Main Location
SI0001SI#001854,2026-09-01 00:00:00.000,Spark 50 (4+128),16,-10.0000,17351.0000,-174246.3524,O,Main Location
SI0001SI#001854,2026-09-01 00:00:00.000,Spark 40(8+256),16,-5.0000,18350.0000,-87326.7690,O,Main Location
SI0001SI#001854,2026-09-01 00:00:00.000,Pova Slim,16,-1.0000,27594.0000,-27594.0200,O,Main Location
SI0001SI#001854,2026-09-01 00:00:00.000,Pova Curve 2 (8+128),16,-4.0000,34038.0000,-136155.9200,O,Main Location
SI0001SI#001854,2026-09-01 00:00:00.000,Go 3 (4+128),16,-1.0000,15185.0000,-14684.6664,O,Main Location
SI0001SI#001854,2026-09-01 00:00:00.000,Camon 50 (8+256),16,-5.0000,32195.0000,-160973.5000,O,Main Location
SI0001SI#001854,2026-09-01 00:00:00.000,Camon 50 (8+128),16,-11.0000,32195.0000,-348874.5129,O,Main Location
SI0001SI#001859,2026-08-31 00:00:00.000,Camon Air (8-128),16,-3.0000,42450.0000,-124239.0000,O,Main Location
PI0001PI#000209,2026-08-30 00:00:00.000,Go 3 (4+64),33,90.0000,15640.7400,1407666.6000,I,Main Location
SI0001SI#001787,2026-08-29 00:00:00.000,Spark 50 (6+128),16,-5.0000,20754.0000,-100612.3886,O,Main Location
SI0001SI#001787,2026-08-29 00:00:00.000,Camon 50 (8+128),16,-5.0000,33020.0000,-158579.3241,O,Main Location
SI0001SI#001786,2026-08-28 00:00:00.000,Spark 50 Pro (6-128),16,-1.0000,25470.0000,-24780.0000,O,Main Location
SI0001SI#001785,2026-08-28 00:00:00.000,Spark 50 (6+128),16,-1.0000,20754.0000,-20122.4777,O,Main Location
SI0001SI#001785,2026-08-28 00:00:00.000,Camon 50 (8+128),16,-1.0000,33020.0000,-31715.8648,O,Main Location
SI0001SI#001784,2026-08-27 00:00:00.000,Tablet Megapad 4+128,16,-1.0000,19810.0000,-19314.8100,O,Main Location
SI0001SI#001783,2026-08-27 00:00:00.000,Spark 40 5G,16,-1.0000,16020.0000,-15636.2800,O,Main Location
PI0001PI#000206,2026-08-27 00:00:00.000,Go 3 (4+64),33,91.0000,15640.7500,1423308.2500,I,Main Location
SI0001SI#001781,2026-08-27 00:00:00.000,Go 3 (4+64),16,-50.0000,14050.0000,-715888.1052,O,Main Location
SI0001SI#001780,2026-08-27 00:00:00.000,Go 3 (4+64),16,-100.0000,14050.0000,-1431776.2103,O,Main Location
SI0001SI#001782,2026-08-27 00:00:00.000,Go 3 (4+128),16,-5.0000,15570.0000,-73423.3319,O,Main Location
PI0001PI#000208,2026-08-27 00:00:00.000,Camon Air (8-256),33,2.0000,46011.0000,92022.0000,I,Main Location
PI0001PI#000208,2026-08-27 00:00:00.000,Camon Air (8-128),33,8.0000,41413.0000,331304.0000,I,Main Location
PI0001PI#000205,2026-08-26 00:00:00.000,Spark 50 (6+128),33,100.0000,20247.0000,2024700.0000,I,Main Location
SI0001SI#001779,2026-08-26 00:00:00.000,Spark 50 (6+128),16,-2.0000,20754.0000,-40244.9554,O,Main Location
SI0001SI#001778,2026-08-26 00:00:00.000,Camon 50 (8+128),16,-2.0000,32194.0000,-63431.7296,O,Main Location
SI0001SI#001777,2026-08-25 00:00:00.000,Pova Curve 2 (8+128),16,-1.0000,34910.0000,-34038.9800,O,Main Location
SI0001SI#001777,2026-08-25 00:00:00.000,Pova Curve 2,16,-1.0000,37740.0000,-35531.5670,O,Main Location
SI0001SI#001776,2026-08-24 00:00:00.000,Spark 50 Pro (6-128),16,-1.0000,25470.0000,-24780.0000,O,Main Location
PI0001PI#000204,2026-08-24 00:00:00.000,Spark 50 (4+128),33,100.0000,17491.0000,1749100.0000,I,Main Location
SI0001SI#001776,2026-08-24 00:00:00.000,Pova Curve 2 (8+128),16,-1.0000,34910.0000,-34038.9800,O,Main Location
SI0001SI#001775,2026-08-24 00:00:00.000,Camon 50 (8+256),16,-1.0000,36800.0000,-32194.7000,O,Main Location
SI0001SI#001776,2026-08-24 00:00:00.000,Camon 50 (8+128),16,-1.0000,33020.0000,-31715.8648,O,Main Location
SI0001SI#001771,2026-08-23 00:00:00.000,Spark 50 (6+128),16,-2.0000,20754.0000,-40193.3934,O,Main Location
SI0001SI#001773,2026-08-23 00:00:00.000,Pova Curve 2 (8+128),16,-1.0000,34190.0000,-34038.9800,O,Main Location
SI0001SI#001772,2026-08-23 00:00:00.000,Pova Curve 2,16,-1.0000,37740.0000,-35531.5670,O,Main Location
PI0001PI#000203,2026-08-23 00:00:00.000,Go 3 (4+64),33,70.0000,15640.7500,1094852.5000,I,Main Location
SI0001SI#001774,2026-08-23 00:00:00.000,Go 3 (4+64),16,-50.0000,14050.0000,-712287.8689,O,Main Location
SI0001SI#001771,2026-08-23 00:00:00.000,Go 3 (4+128),16,-8.0000,15570.0000,-117477.3310,O,Main Location
SI0001SI#001773,2026-08-23 00:00:00.000,Go 3 (4+128),16,-4.0000,15570.0000,-58738.6655,O,Main Location
SI0001SI#001773,2026-08-23 00:00:00.000,Camon 50 (8+256),16,-1.0000,36800.0000,-32194.7000,O,Main Location
SI0001SI#001773,2026-08-23 00:00:00.000,Camon 50 (8+128),16,-3.0000,33020.0000,-95147.5944,O,Main Location
SI0001SI#001857,2026-08-22 00:00:00.000,Go 3 (4+128),16,-40.0000,14600.0000,-587386.6550,O,Main Location
SI0001SI#001769,2026-08-21 00:00:00.000,Spark 50 5G (6+128),16,-2.0000,22890.0000,-44142.0000,O,Main Location
SI0001SI#001768,2026-08-21 00:00:00.000,Spark 50 (6+128),16,-5.0000,20754.0000,-100483.4835,O,Main Location
PI0001PI#000202,2026-08-20 00:00:00.000,Spark 50 (6+128),33,52.0000,20247.0000,1052844.0000,I,Main Location
SI0001SI#001766,2026-08-19 00:00:00.000,Spark 50 Pro (6-128),16,-2.0000,25470.0000,-49560.0000,O,Main Location
SI0001SI#001766,2026-08-19 00:00:00.000,Spark 50 (6+128),16,-2.0000,20754.0000,-40157.7050,O,Main Location
SI0001SI#001767,2026-08-19 00:00:00.000,Go 3 (4+64),16,-50.0000,14900.0000,-709332.3761,O,Main Location
SI0001SI#001766,2026-08-19 00:00:00.000,Go 3 (4+128),16,-3.0000,16030.0000,-44053.9991,O,Main Location
SI0001SI#001766,2026-08-19 00:00:00.000,Camon 50 (8+256),16,-1.0000,36800.0000,-32194.7000,O,Main Location
SI0001SI#001766,2026-08-19 00:00:00.000,Camon 50 (8+128),16,-2.0000,33020.0000,-63431.7296,O,Main Location
PI0001PI#000201,2026-08-18 00:00:00.000,Spark 50 (6+128),33,50.0000,20247.0000,1012350.0000,I,Main Location
SI0001SI#001764,2026-08-18 00:00:00.000,Spark 50 (6+128),16,-2.0000,20754.0000,-40157.7050,O,Main Location
SI0001SI#001765,2026-08-18 00:00:00.000,Pova Curve 2,16,-1.0000,37740.0000,-35531.5670,O,Main Location
SI0001SI#001761,2026-08-17 00:00:00.000,Spark 50 (6+128),16,-10.0000,20754.0000,-200574.0509,O,Main Location
SI0001SI#001759,2026-08-17 00:00:00.000,Spark 50 (6+128),16,-15.0000,20200.0000,-300861.0763,O,Main Location
SI0001SI#001761,2026-08-17 00:00:00.000,Spark 50 (4+128),16,-2.0000,16510.0000,-32194.6800,O,Main Location
SI0001SI#001762,2026-08-17 00:00:00.000,Spark 40 5G,16,-1.0000,16040.0000,-15636.2800,O,Main Location
SI0001SI#001760,2026-08-17 00:00:00.000,Pova Curve 2 (8+128),16,-1.0000,34910.0000,-34038.9800,O,Main Location
PI0001PI#000200,2026-08-17 00:00:00.000,Go 3 (4+64),33,491.0000,15640.7500,7679608.2500,I,Main Location
SI0001SI#001759,2026-08-17 00:00:00.000,Go 3 (4+128),16,-15.0000,15150.0000,-220269.9956,O,Main Location
SI0001SI#001761,2026-08-17 00:00:00.000,Camon 50 Ultra (8+256),16,-4.0000,44350.0000,-158207.0800,O,Main Location
PI0001PI#000200,2026-08-17 00:00:00.000,Camon 50 (8+128),33,80.0000,32195.0000,2575600.0000,I,Main Location
SI0001SI#001758,2026-08-16 00:00:00.000,Spark 40 5G,16,-3.0000,16020.0000,-46908.8400,O,Main Location
SI0001SI#001754,2026-08-16 00:00:00.000,Go 3 (4+128),16,-23.0000,15570.0000,-337747.3266,O,Main Location
SI0001SI#001757,2026-08-16 00:00:00.000,Camon 50 Ultra (8+256),16,-1.0000,44350.0000,-39551.7700,O,Main Location
SI0001SI#001755,2026-08-16 00:00:00.000,Camon 50 (8+128),16,-20.0000,31000.0000,-591727.5018,O,Main Location
SI0001SI#001756,2026-08-16 00:00:00.000,Camon 50 (8+128),16,-3.0000,32195.0000,-88759.1253,O,Main Location
SI0001SI#001750,2026-08-14 00:00:00.000,Spark 50 (4+128),16,-4.0000,16510.0000,-64389.3600,O,Main Location
SI0001SI#001752,2026-08-14 00:00:00.000,Spark 40(8+256),16,-2.0000,18870.0000,-34930.7076,O,Main Location
SI0001SI#001753,2026-08-14 00:00:00.000,Spark 40 5G,16,-5.0000,15636.0000,-78181.4000,O,Main Location
SI0001SI#001753,2026-08-14 00:00:00.000,Go 3 (4+64),16,-5.0000,15640.0000,-67985.4081,O,Main Location
SI0001SI#001751,2026-08-14 00:00:00.000,Go 3 (4+64),16,-3.0000,15640.0000,-40791.2448,O,Main Location
SI0001SI#001750,2026-08-14 00:00:00.000,Go 3 (4+128),16,-2.0000,15570.0000,-29369.3328,O,Main Location
SI0001SI#001751,2026-08-14 00:00:00.000,Camon 50 (8+128),16,-2.0000,32194.0000,-59172.7502,O,Main Location
SI0001SI#001750,2026-08-14 00:00:00.000,Camon 50 (8+128),16,-3.0000,33020.0000,-88759.1253,O,Main Location
SI0001SI#001744,2026-08-13 00:00:00.000,Spark 50 Pro (6-128),16,-1.0000,25470.0000,-24780.0000,O,Main Location
SI0001SI#001743,2026-08-13 00:00:00.000,Spark 50 (6+128),16,-1.0000,20754.0000,-20057.4051,O,Main Location
SI0001SI#001742,2026-08-13 00:00:00.000,Spark 50 (6+128),16,-2.0000,20754.0000,-40114.8102,O,Main Location
SI0001SI#001747,2026-08-13 00:00:00.000,Spark 50 (4+128),16,-5.0000,16510.0000,-80486.7000,O,Main Location
SI0001SI#001746,2026-08-13 00:00:00.000,Spark 40 5G,16,-10.0000,15000.0000,-156362.8000,O,Main Location
SI0001SI#001744,2026-08-13 00:00:00.000,Spark 40 5G,16,-1.0000,16040.0000,-15636.2800,O,Main Location
SI0001SI#001745,2026-08-13 00:00:00.000,Go 3 (4+64),16,-2.0000,16020.0000,-27194.1632,O,Main Location
SI0001SI#001744,2026-08-13 00:00:00.000,Go 3 (4+64),16,-4.0000,16030.0000,-54388.3265,O,Main Location
SI0001SI#001747,2026-08-13 00:00:00.000,Go 3 (4+128),16,-10.0000,15570.0000,-146846.6638,O,Main Location
SI0001SI#001744,2026-08-13 00:00:00.000,Camon 50 (8+128),16,-3.0000,33020.0000,-88759.1253,O,Main Location
SI0001SI#001742,2026-08-13 00:00:00.000,Camon 50 (8+128),16,-1.0000,33020.0000,-29586.3751,O,Main Location
SI0001SI#001741,2026-08-12 00:00:00.000,Spark 50 Pro (6-128),16,-1.0000,25470.0000,-24780.0000,O,Main Location
SI0001SI#001739,2026-08-12 00:00:00.000,Spark 50 Pro (6-128),16,-1.0000,25470.0000,-24780.0000,O,Main Location
PI0001PI#000199,2026-08-12 00:00:00.000,Spark 50 (6+128),33,130.0000,20200.0000,2626000.0000,I,Main Location
SI0001SI#001737,2026-08-12 00:00:00.000,Spark 50 (6+128),16,-3.0000,20754.0000,-60172.2153,O,Main Location
SI0001SI#001737,2026-08-12 00:00:00.000,Spark 50 (4+128),16,-5.0000,16510.0000,-80486.7000,O,Main Location
SI0001SI#001739,2026-08-12 00:00:00.000,Spark 40 5G,16,-1.0000,16040.0000,-15636.2800,O,Main Location
SI0001SI#001738,2026-08-12 00:00:00.000,Pova Slim,16,-1.0000,28300.0000,-27594.0200,O,Main Location
SI0001SI#001741,2026-08-12 00:00:00.000,Pova Curve 2 (8+128),16,-1.0000,34910.0000,-34038.9800,O,Main Location
SI0001SI#001741,2026-08-12 00:00:00.000,Go 3 (4+64),16,-4.0000,16030.0000,-54388.3265,O,Main Location
SI0001SI#001737,2026-08-12 00:00:00.000,Go 3 (4+128),16,-10.0000,15570.0000,-146846.6638,O,Main Location
SI0001SI#001740,2026-08-12 00:00:00.000,Camon 50 Ultra (8+256),16,-1.0000,44350.0000,-39551.7700,O,Main Location
SI0001SI#001741,2026-08-12 00:00:00.000,Camon 50 Ultra (8+256),16,-1.0000,37740.0000,-39551.7700,O,Main Location
SI0001SI#001741,2026-08-12 00:00:00.000,Camon 50 (8+128),16,-1.0000,33020.0000,-29586.3751,O,Main Location
SI0001SI#001735,2026-08-11 00:00:00.000,Spark 50 (6+128),16,-2.0000,20754.0000,-39988.2754,O,Main Location
SI0001SI#001733,2026-08-11 00:00:00.000,Spark 50 (6+128),16,-2.0000,20754.0000,-39988.2754,O,Main Location
SI0001SI#001735,2026-08-11 00:00:00.000,Go 3 (4+64),16,-2.0000,16030.0000,-27194.1632,O,Main Location
SI0001SI#001735,2026-08-11 00:00:00.000,Go 3 (4+128),16,-2.0000,15570.0000,-29369.3328,O,Main Location
SI0001SI#001734,2026-08-11 00:00:00.000,Camon 50 (8+128),16,-2.0000,33020.0000,-59172.7502,O,Main Location
PI0001PI#000198,2026-08-10 00:00:00.000,Spark 50 (6+128),33,40.0000,20247.0000,809880.0000,I,Main Location
PI0001PI#000198,2026-08-10 00:00:00.000,Spark 50 (4+128),33,5.0000,16097.3400,80486.7000,I,Main Location
SI0001SI#001732,2026-08-10 00:00:00.000,Spark 50 (4+128),16,-3.0000,16510.0000,-48292.0200,O,Main Location
SI0001SI#001732,2026-08-10 00:00:00.000,Pova Curve 2 (8+128),16,-1.0000,34910.0000,-34038.9800,O,Main Location
SI0001SI#001731,2026-08-10 00:00:00.000,Camon 50 Ultra (8+256),16,-1.0000,44350.0000,-39551.7700,O,Main Location
PI0001PI#000198,2026-08-10 00:00:00.000,Camon 50 (8+128),33,16.0000,32195.0000,515120.0000,I,Main Location
SI0001SI#001731,2026-08-10 00:00:00.000,Camon 50 (8+128),16,-2.0000,33020.0000,-59172.7502,O,Main Location
SI0001SI#001729,2026-08-09 00:00:00.000,Spark 50 (6+128),16,-2.0000,20754.0000,-39909.5634,O,Main Location
SI0001SI#001730,2026-08-09 00:00:00.000,Camon 50 (8+128),16,-3.0000,33020.0000,-85548.5100,O,Main Location
SI0001SI#001728,2026-08-08 00:00:00.000,Camon 50 (8+128),16,-3.0000,33020.0000,-85548.5100,O,Main Location
SI0001SI#001724,2026-08-07 00:00:00.000,Spark 50 (6+128),16,-1.0000,20754.0000,-19954.7817,O,Main Location
SI0001SI#001721,2026-08-07 00:00:00.000,Spark 50 (6+128),16,-20.0000,20240.0000,-399095.6345,O,Main Location
SI0001SI#001720,2026-08-07 00:00:00.000,Spark 40 5G,16,-2.0000,16020.0000,-31272.5600,O,Main Location
SI0001SI#001726,2026-08-07 00:00:00.000,Go 3 (4+64),16,-50.0000,13300.0000,-679854.0806,O,Main Location
SI0001SI#001719,2026-08-07 00:00:00.000,Go 3 (4+64),16,-30.0000,13792.0000,-407912.4484,O,Main Location
SI0001SI#001725,2026-08-07 00:00:00.000,Go 3 (4+64),16,-8.0000,14150.0000,-108776.6529,O,Main Location
SI0001SI#001724,2026-08-07 00:00:00.000,Go 3 (4+64),16,-5.0000,14150.0000,-67985.4081,O,Main Location
SI0001SI#001724,2026-08-07 00:00:00.000,Go 3 (4+128),16,-1.0000,15570.0000,-14684.6664,O,Main Location
SI0001SI#001722,2026-08-07 00:00:00.000,Go 3 (4+128),16,-1.0000,15570.0000,-14684.6664,O,Main Location
SI0001SI#001723,2026-08-07 00:00:00.000,Camon 50 (8+128),16,-1.0000,33020.0000,-28516.1700,O,Main Location
SI0001SI#001712,2026-08-06 00:00:00.000,Spark 50 Pro (6-128),16,-2.0000,25470.0000,-49560.0000,O,Main Location
SI0001SI#001710,2026-08-06 00:00:00.000,Spark 50 5G (6+128),16,-2.0000,22640.0000,-44142.0000,O,Main Location
SI0001SI#001714,2026-08-06 00:00:00.000,Spark 50 (6+128),16,-2.0000,20754.0000,-39909.5634,O,Main Location
SI0001SI#001711,2026-08-06 00:00:00.000,Spark 50 (6+128),16,-3.0000,20754.0000,-59864.3452,O,Main Location
SI0001SI#001709,2026-08-06 00:00:00.000,Spark 50 (4+128),16,-20.0000,16510.0000,-321946.8000,O,Main Location
SI0001SI#001710,2026-08-06 00:00:00.000,Pova Curve 2,16,-1.0000,37740.0000,-35531.5670,O,Main Location
SI0001SI#001717,2026-08-06 00:00:00.000,Go 3 (4+64),16,-50.0000,13300.0000,-679854.0806,O,Main Location
SI0001SI#001716,2026-08-06 00:00:00.000,Go 3 (4+64),16,-60.0000,13760.0000,-815824.8968,O,Main Location
SI0001SI#001712,2026-08-06 00:00:00.000,Go 3 (4+64),16,-5.0000,14150.0000,-67985.4081,O,Main Location
SI0001SI#001710,2026-08-06 00:00:00.000,Go 3 (4+64),16,-9.0000,14150.0000,-122373.7345,O,Main Location
SI0001SI#001710,2026-08-06 00:00:00.000,Camon 50 Ultra (8+256),16,-1.0000,44350.0000,-39551.7700,O,Main Location
SI0001SI#001713,2026-08-06 00:00:00.000,Camon 50 (8+256),16,-1.0000,34900.0000,-32194.7000,O,Main Location
SI0001SI#001703,2026-08-05 00:00:00.000,Spark50 Pro (4-128),16,-3.0000,23590.0000,-68850.0000,O,Main Location
SI0001SI#001699,2026-08-05 00:00:00.000,Spark 50 Pro (6-128),16,-2.0000,25470.0000,-49560.0000,O,Main Location
SI0001SI#001703,2026-08-05 00:00:00.000,Spark 50 5G (6+128),16,-5.0000,22640.0000,-110355.0000,O,Main Location
SI0001SI#001705,2026-08-05 00:00:00.000,Spark 50 (6+128),16,-2.0000,20754.0000,-39909.5634,O,Main Location
SI0001SI#001704,2026-08-05 00:00:00.000,Spark 50 (6+128),16,-3.0000,20754.0000,-59864.3452,O,Main Location
SI0001SI#001701,2026-08-05 00:00:00.000,Spark 50 (6+128),16,-1.0000,20754.0000,-19954.7817,O,Main Location
SI0001SI#001706,2026-08-05 00:00:00.000,Spark 50 (4+128),16,-1.0000,16510.0000,-16097.3400,O,Main Location
SI0001SI#001704,2026-08-05 00:00:00.000,Pova Slim,16,-1.0000,28300.0000,-27594.0200,O,Main Location
SI0001SI#001704,2026-08-05 00:00:00.000,Pova Curve 2,16,-1.0000,37740.0000,-35531.5670,O,Main Location
SI0001SI#001704,2026-08-05 00:00:00.000,Pova 7 Pro,16,-1.0000,33020.0000,-33020.0000,O,Main Location
SI0001SI#001707,2026-08-05 00:00:00.000,Go 3 (4+64),16,-27.0000,13792.0000,-367121.2035,O,Main Location
SI0001SI#001703,2026-08-05 00:00:00.000,Go 3 (4+64),16,-5.0000,14150.0000,-67985.4081,O,Main Location
SI0001SI#001702,2026-08-05 00:00:00.000,Go 3 (4+64),16,-20.0000,14150.0000,-271941.6323,O,Main Location
SI0001SI#001700,2026-08-05 00:00:00.000,Go 3 (4+64),16,-2.0000,14150.0000,-27194.1632,O,Main Location
SI0001SI#001699,2026-08-05 00:00:00.000,Go 3 (4+64),16,-5.0000,14150.0000,-67985.4081,O,Main Location
SI0001SI#001698,2026-08-05 00:00:00.000,Go 3 (4+64),16,-3.0000,14150.0000,-40791.2448,O,Main Location
SI0001SI#001705,2026-08-05 00:00:00.000,Go 3 (4+128),16,-2.0000,15570.0000,-29369.3328,O,Main Location
SI0001SI#001704,2026-08-05 00:00:00.000,Camon 50 (8+256),16,-2.0000,36800.0000,-64389.4000,O,Main Location
SI0001SI#001705,2026-08-05 00:00:00.000,Camon 50 (8+128),16,-1.0000,33020.0000,-28516.1700,O,Main Location
SI0001SI#001704,2026-08-05 00:00:00.000,Camon 50 (8+128),16,-1.0000,33020.0000,-28516.1700,O,Main Location
SI0001SI#001696,2026-08-04 00:00:00.000,Spark 50 Pro (6-128),16,-1.0000,25470.0000,-24780.0000,O,Main Location
SI0001SI#001696,2026-08-04 00:00:00.000,Spark 50 5G (6+128),16,-1.0000,22640.0000,-22071.0000,O,Main Location
SI0001SI#001695,2026-08-04 00:00:00.000,Spark 50 5G (6+128),16,-1.0000,22640.0000,-22071.0000,O,Main Location
SR0001SR#000029,2026-08-04 00:00:00.000,Spark 50 (6+128),13,2.0000,.0000,39909.5634,I,Main Location
SR0001SR#000028,2026-08-04 00:00:00.000,Spark 50 (6+128),13,3.0000,.0000,59864.3452,I,Main Location
SI0001SI#001697,2026-08-04 00:00:00.000,Spark 50 (6+128),16,-30.0000,20246.0000,-598643.4517,O,Main Location
SI0001SI#001696,2026-08-04 00:00:00.000,Spark 50 (4+128),16,-1.0000,16510.0000,-16097.3400,O,Main Location
SR0001SR#000028,2026-08-04 00:00:00.000,Pova Slim,13,1.0000,.0000,27594.0200,I,Main Location
SI0001SI#001695,2026-08-04 00:00:00.000,Pova Curve 2 (8+128),16,-1.0000,34910.0000,-34038.9800,O,Main Location
SR0001SR#000028,2026-08-04 00:00:00.000,Pova Curve 2,13,1.0000,.0000,35531.5670,I,Main Location
SI0001SI#001695,2026-08-04 00:00:00.000,Pova Curve 2,16,-1.0000,37740.0000,-35531.5670,O,Main Location
SR0001SR#000028,2026-08-04 00:00:00.000,Pova 7 Pro,13,1.0000,33020.0000,33020.0000,I,Main Location
SI0001SI#001691,2026-08-04 00:00:00.000,Go2,16,-2.0000,10390.0000,.0000,O,Main Location
SI0001SI#001697,2026-08-04 00:00:00.000,Go 3 (4+64),16,-90.0000,13792.0000,-1223737.3451,O,Main Location
SI0001SI#001696,2026-08-04 00:00:00.000,Go 3 (4+64),16,-6.0000,14150.0000,-81582.4897,O,Main Location
SI0001SI#001694,2026-08-04 00:00:00.000,Go 3 (4+64),16,-5.0000,14150.0000,-67985.4081,O,Main Location
SI0001SI#001693,2026-08-04 00:00:00.000,Go 3 (4+64),16,-20.0000,14150.0000,-271941.6323,O,Main Location
SI0001SI#001692,2026-08-04 00:00:00.000,Go 3 (4+64),16,-5.0000,14150.0000,-67985.4081,O,Main Location
SR0001SR#000029,2026-08-04 00:00:00.000,Go 3 (4+128),13,2.0000,.0000,29369.3328,I,Main Location
SI0001SI#001696,2026-08-04 00:00:00.000,Go 3 (4+128),16,-1.0000,15570.0000,-14684.6664,O,Main Location
SI0001SI#001692,2026-08-04 00:00:00.000,Go 3 (4+128),16,-2.0000,15570.0000,-29369.3328,O,Main Location
SR0001SR#000028,2026-08-04 00:00:00.000,Camon 50 (8+256),13,2.0000,.0000,64389.4000,I,Main Location
SI0001SI#001695,2026-08-04 00:00:00.000,Camon 50 (8+256),16,-1.0000,36800.0000,-32194.7000,O,Main Location
SR0001SR#000029,2026-08-04 00:00:00.000,Camon 50 (8+128),13,1.0000,.0000,28516.1700,I,Main Location
SR0001SR#000028,2026-08-04 00:00:00.000,Camon 50 (8+128),13,1.0000,.0000,28516.1700,I,Main Location
SI0001SI#001696,2026-08-04 00:00:00.000,Camon 50 (8+128),16,-1.0000,33020.0000,-28516.1700,O,Main Location
SI0001SI#001695,2026-08-04 00:00:00.000,Camon 50 (8+128),16,-1.0000,33020.0000,-28516.1700,O,Main Location
SI0001SI#001690,2026-08-02 00:00:00.000,Spark 50 5G (6+128),16,-1.0000,22640.0000,-22071.0000,O,Main Location
SR0001SR#000027,2026-07-31 00:00:00.000,Spark40 (6+128),13,1.0000,16050.0000,16050.0000,I,Main Location
SR0001SR#000027,2026-07-31 00:00:00.000,Spark 50 Pro (6-128),13,2.0000,.0000,49560.0000,I,Main Location
SR0001SR#000027,2026-07-31 00:00:00.000,Spark 50 5G (6+128),13,2.0000,.0000,44142.0000,I,Main Location
PI0001PI#000197,2026-07-31 00:00:00.000,Spark 50 5G (6+128),33,10.0000,22071.0000,220710.0000,I,Main Location
SR0001SR#000027,2026-07-31 00:00:00.000,Spark 50 (6+128),13,7.0000,.0000,139683.4721,I,Main Location
SR0001SR#000025,2026-07-31 00:00:00.000,Spark 50 (6+128),13,2.0000,.0000,39909.5634,I,Main Location
SI0001SI#001648,2026-07-31 00:00:00.000,Spark 50 (6+128),16,-2.0000,20246.0000,-39909.5634,O,Main Location
SR0001SR#000027,2026-07-31 00:00:00.000,Spark 50 (4+128),13,1.0000,.0000,16097.3400,I,Main Location
SI0001SI#001649,2026-07-31 00:00:00.000,Spark 50 (4+128),16,-2.0000,16510.0000,-32194.6800,O,Main Location
SR0001SR#000027,2026-07-31 00:00:00.000,Spark 40(8+256),13,8.0000,.0000,139722.8304,I,Main Location
SR0001SR#000027,2026-07-31 00:00:00.000,Spark 40 5G,13,1.0000,.0000,15636.2800,I,Main Location
SR0001SR#000025,2026-07-31 00:00:00.000,Spark 40 5G,13,2.0000,.0000,31272.5600,I,Main Location
SR0001SR#000027,2026-07-31 00:00:00.000,Pova Slim,13,1.0000,28300.0000,27594.0200,I,Main Location
SR0001SR#000025,2026-07-31 00:00:00.000,Pova Slim,13,1.0000,28300.0000,27594.0200,I,Main Location
SI0001SI#001708,2026-07-31 00:00:00.000,Go2,16,-1.0000,10300.0000,.0000,O,Main Location
SR0001SR#000027,2026-07-31 00:00:00.000,Go2,13,3.0000,10390.0000,.0000,I,Main Location
SR0001SR#000027,2026-07-31 00:00:00.000,Go 3 (4+64),13,74.0000,.0000,1006184.0393,I,Main Location
SI0001SI#001647,2026-07-31 00:00:00.000,Go 3 (4+64),16,-2.0000,14150.0000,-27194.1632,O,Main Location
SR0001SR#000027,2026-07-31 00:00:00.000,Go 3 (4+128),13,2.0000,.0000,29369.3328,I,Main Location
PI0001PI#000197,2026-07-31 00:00:00.000,Go 3 (4+128),33,200.0000,15186.0000,3037200.0000,I,Main Location
SI0001SI#001646,2026-07-31 00:00:00.000,Go 3 (4+128),16,-8.0000,15570.0000,-117477.3310,O,Main Location
PI0001PI#000197,2026-07-31 00:00:00.000,Camon 50 Ultra (8+256),33,10.0000,39551.7700,395517.7000,I,Main Location
SR0001SR#000027,2026-07-31 00:00:00.000,Camon 50 (8+256),13,2.0000,.0000,64389.4000,I,Main Location
SR0001SR#000027,2026-07-31 00:00:00.000,Camon 50 (8+128),13,1.0000,.0000,28516.1700,I,Main Location
SI0001SI#001652,2026-07-30 00:00:00.000,Spark 50 (4+128),16,-3.0000,16510.0000,-48292.0200,O,Main Location
SI0001SI#001651,2026-07-30 00:00:00.000,Go 3 (4+128),16,-4.0000,15570.0000,-54687.4847,O,Main Location
SI0001SI#001650,2026-07-30 00:00:00.000,Camon 50 Ultra (12+256),16,-1.0000,50610.0000,-45986.7000,O,Main Location
SI0001SI#001656,2026-07-29 00:00:00.000,Spark 50 (6+128),16,-3.0000,20754.0000,-59864.3452,O,Main Location
SI0001SI#001655,2026-07-29 00:00:00.000,Go 3 (4+64),16,-8.0000,14150.0000,-108776.6529,O,Main Location
SI0001SI#001654,2026-07-29 00:00:00.000,Go 3 (4+64),16,-2.0000,14150.0000,-27194.1632,O,Main Location
SI0001SI#001688,2026-07-29 00:00:00.000,Go 3 (4+128),16,-100.0000,15185.0000,-1367187.1174,O,Main Location
SI0001SI#001653,2026-07-29 00:00:00.000,Camon 50 (8+128),16,-1.0000,32195.0000,-28516.1700,O,Main Location
SI0001SI#001687,2026-07-28 00:00:00.000,Spark 50 (6+128),16,-50.0000,20246.0000,-997739.0862,O,Main Location
SI0001SI#001657,2026-07-28 00:00:00.000,Spark 50 (6+128),16,-1.0000,20754.0000,-19954.7817,O,Main Location
SI0001SI#001687,2026-07-28 00:00:00.000,Go 3 (4+64),16,-20.0000,13792.0000,-271941.6322,O,Main Location
SI0001SI#001660,2026-07-28 00:00:00.000,Go 3 (4+64),16,-2.0000,14150.0000,-27194.1632,O,Main Location
SI0001SI#001659,2026-07-28 00:00:00.000,Go 3 (4+64),16,-6.0000,14150.0000,-81582.4897,O,Main Location
SI0001SI#001658,2026-07-28 00:00:00.000,Go 3 (4+64),16,-3.0000,14150.0000,-40791.2448,O,Main Location
SI0001SI#001662,2026-07-27 00:00:00.000,Spark 50 (4+128),16,-1.0000,16510.0000,-16097.3400,O,Main Location
SI0001SI#001661,2026-07-27 00:00:00.000,Pova Curve 2,16,-1.0000,33020.0000,-35531.5670,O,Main Location
SI0001SI#001663,2026-07-26 00:00:00.000,Spark 50 (4+128),16,-2.0000,16510.0000,-32194.6800,O,Main Location
SI0001SI#001686,2026-07-26 00:00:00.000,Go 3 (4+64),16,-100.0000,13792.0000,-1359708.1612,O,Main Location
SI0001SI#001686,2026-07-26 00:00:00.000,Camon 50 (8+128),16,-20.0000,32194.0000,-570323.4000,O,Main Location
SI0001SI#001663,2026-07-26 00:00:00.000,Camon 50 (8+128),16,-1.0000,33020.0000,-28516.1700,O,Main Location
SI0001SI#001689,2026-07-25 00:00:00.000,Go 3 (4+64),16,-25.0000,13792.0000,-339927.0403,O,Main Location
SI0001SI#001665,2026-07-24 00:00:00.000,Spark 50 Pro (6-128),16,-5.0000,25470.0000,-123900.0000,O,Main Location
SI0001SI#001665,2026-07-24 00:00:00.000,Spark 50 (6+128),16,-5.0000,20754.0000,-99773.9086,O,Main Location
SI0001SI#001685,2026-07-24 00:00:00.000,Go 3 (4+64),16,-20.0000,13792.0000,-271941.6322,O,Main Location
SI0001SI#001667,2026-07-24 00:00:00.000,Go 3 (4+64),16,-2.0000,14150.0000,-27194.1632,O,Main Location
SI0001SI#001666,2026-07-24 00:00:00.000,Go 3 (4+64),16,-5.0000,14150.0000,-67985.4081,O,Main Location
SI0001SI#001667,2026-07-24 00:00:00.000,Camon 50 (8+256),16,-1.0000,36800.0000,-32194.7000,O,Main Location
PI0001PI#000196,2026-07-23 00:00:00.000,Spark 50 Pro (6-128),33,20.0000,24780.0000,495600.0000,I,Main Location
PI0001PI#000196,2026-07-23 00:00:00.000,Spark 50 (6+128),33,150.0000,20247.0000,3037050.0000,I,Main Location
SI0001SI#001668,2026-07-23 00:00:00.000,Spark 50 (6+128),16,-4.0000,20754.0000,-79819.1269,O,Main Location
SI0001SI#001669,2026-07-23 00:00:00.000,Spark 50 (4+128),16,-2.0000,16510.0000,-32194.6800,O,Main Location
SI0001SI#001668,2026-07-23 00:00:00.000,Go 3 (4+64),16,-3.0000,14150.0000,-40791.2448,O,Main Location
SI0001SI#001668,2026-07-23 00:00:00.000,Go 3 (4+128),16,-5.0000,15570.0000,-68359.3559,O,Main Location
PI0001PI#000195,2026-07-22 00:00:00.000,Spark50 Pro (4-128),33,10.0000,22950.0000,229500.0000,I,Main Location
PI0001PI#000195,2026-07-22 00:00:00.000,Spark 50 (6+128),33,100.0000,20247.0000,2024700.0000,I,Main Location
SI0001SI#001671,2026-07-22 00:00:00.000,Spark 50 (6+128),16,-10.0000,20754.0000,-197573.3694,O,Main Location
SI0001SI#001670,2026-07-22 00:00:00.000,Spark 50 (4+128),16,-2.0000,16510.0000,-32194.6800,O,Main Location
SI0001SI#001684,2026-07-22 00:00:00.000,Camon 50 (8+128),16,-50.0000,32194.0000,-1425808.5000,O,Main Location
SI0001SI#001670,2026-07-22 00:00:00.000,Camon 50 (8+128),16,-1.0000,33020.0000,-28516.1700,O,Main Location
SI0001SI#001673,2026-07-21 00:00:00.000,Spark 50 (6+128),16,-1.0000,20754.0000,-19386.3801,O,Main Location
SI0001SI#001683,2026-07-21 00:00:00.000,Go 3 (4+128),16,-30.0000,15185.0000,-410156.1352,O,Main Location
SI0001SI#001683,2026-07-21 00:00:00.000,Camon 50 (8+256),16,-2.0000,35883.0000,-64389.4000,O,Main Location
SI0001SI#001672,2026-07-21 00:00:00.000,Camon 50 (8+128),16,-5.0000,33020.0000,-142580.8500,O,Main Location
PI0001PI#000194,2026-07-20 00:00:00.000,Spark 50 (6+128),33,50.0000,20247.0000,1012350.0000,I,Main Location
SI0001SI#001682,2026-07-20 00:00:00.000,Spark 50 (6+128),16,-40.0000,20246.0000,-775455.2032,O,Main Location
SI0001SI#001682,2026-07-20 00:00:00.000,Go 3 (4+64),16,-40.0000,13792.0000,-543883.2645,O,Main Location
SI0001SI#001682,2026-07-20 00:00:00.000,Go 3 (4+128),16,-20.0000,15185.0000,-273437.4235,O,Main Location
PI0001PI#000193,2026-07-19 00:00:00.000,Spark 50 (6+128),33,50.0000,20247.0000,1012350.0000,I,Main Location
SI0001SI#001675,2026-07-19 00:00:00.000,Spark 50 (6+128),16,-20.0000,18650.0000,-380730.6917,O,Main Location
SI0001SI#001676,2026-07-19 00:00:00.000,Spark 50 (6+128),16,-1.0000,20754.0000,-19036.5346,O,Main Location
SI0001SI#001674,2026-07-19 00:00:00.000,Spark 50 (4+128),16,-1.0000,16510.0000,-16097.3400,O,Main Location
SI0001SI#001677,2026-07-17 00:00:00.000,Spark 50 (6+128),16,-1.0000,20754.0000,-18392.6700,O,Main Location
SR0001SR#000026,2026-07-17 00:00:00.000,Camon 50 (8+128),13,1.0000,.0000,28516.1700,I,Main Location
SI0001SI#001679,2026-07-16 00:00:00.000,Spark 50 (6+128),16,-2.0000,20754.0000,-36785.3400,O,Main Location
SI0001SI#001678,2026-07-16 00:00:00.000,Spark 50 (4+128),16,-5.0000,16097.0000,-80486.7000,O,Main Location
SI0001SI#001679,2026-07-16 00:00:00.000,Pova Curve 2 (8+128),16,-1.0000,34910.0000,-34038.9800,O,Main Location
SI0001SI#001679,2026-07-16 00:00:00.000,Go 3 (4+64),16,-5.0000,14150.0000,-67985.4081,O,Main Location
SI0001SI#001680,2026-07-16 00:00:00.000,Camon 50 (8+256),16,-1.0000,36800.0000,-32194.7000,O,Main Location
SI0001SI#001681,2026-07-16 00:00:00.000,Camon 50 (8+128),16,-1.0000,33020.0000,-28516.1700,O,Main Location
SI0001SI#001679,2026-07-16 00:00:00.000,Camon 50 (8+128),16,-2.0000,33020.0000,-57032.3400,O,Main Location
SI0001SI#001644,2026-07-15 00:00:00.000,Tablet Megapad 4+128,16,-1.0000,19810.0000,-19314.8100,O,Main Location
SI0001SI#001644,2026-07-15 00:00:00.000,Spark 50 (6+128),16,-2.0000,20754.0000,-36785.3400,O,Main Location
SI0001SI#001643,2026-07-15 00:00:00.000,Spark 50 (4+128),16,-3.0000,16510.0000,-48292.0200,O,Main Location
SI0001SI#001643,2026-07-15 00:00:00.000,Pova Slim,16,-1.0000,28300.0000,-27594.0200,O,Main Location
SI0001SI#001645,2026-07-15 00:00:00.000,Camon 50 (8+128),16,-1.0000,33020.0000,-28516.1700,O,Main Location
SI0001SI#001641,2026-07-14 00:00:00.000,Spark 50 (6+128),16,-20.0000,20246.0000,-367853.4000,O,Main Location
SI0001SI#001640,2026-07-14 00:00:00.000,Spark 50 (6+128),16,-13.0000,20246.0000,-239104.7100,O,Main Location
SI0001SI#001638,2026-07-14 00:00:00.000,Spark 50 (6+128),16,-2.0000,20754.0000,-36785.3400,O,Main Location
SI0001SI#001642,2026-07-14 00:00:00.000,Spark 50 (4+128),16,-2.0000,16510.0000,-32194.6800,O,Main Location
SI0001SI#001635,2026-07-14 00:00:00.000,Spark 50 (4+128),16,-1.0000,16510.0000,-16097.3400,O,Main Location
SI0001SI#001637,2026-07-14 00:00:00.000,Spark 40 5G,16,-4.0000,15636.0000,-62545.1200,O,Main Location
SI0001SI#001640,2026-07-14 00:00:00.000,Pova Slim,16,-17.0000,27594.0000,-469098.3400,O,Main Location
SI0001SI#001639,2026-07-14 00:00:00.000,Pova Slim,16,-10.0000,28300.0000,-275940.2000,O,Main Location
SI0001SI#001638,2026-07-14 00:00:00.000,Go 3 (4+64),16,-5.0000,14150.0000,-67985.4081,O,Main Location
SI0001SI#001638,2026-07-14 00:00:00.000,Camon 50 (8+128),16,-1.0000,33020.0000,-28516.1700,O,Main Location
SI0001SI#001636,2026-07-14 00:00:00.000,Camon 50 (8+128),16,-10.0000,32194.0000,-285161.7000,O,Main Location
SI0001SI#001632,2026-07-13 00:00:00.000,Spark 50 (6+128),16,-1.0000,20754.0000,-18392.6700,O,Main Location
SI0001SI#001628,2026-07-13 00:00:00.000,Spark 50 (4+128),16,-5.0000,16510.0000,-80486.7000,O,Main Location
SI0001SI#001627,2026-07-13 00:00:00.000,Spark 50 (4+128),16,-3.0000,16510.0000,-48292.0200,O,Main Location
SI0001SI#001634,2026-07-13 00:00:00.000,Pova Slim,16,-1.0000,27594.0000,-27594.0200,O,Main Location
SI0001SI#001632,2026-07-13 00:00:00.000,Pova Slim,16,-1.0000,28300.0000,-27594.0200,O,Main Location
SI0001SI#001630,2026-07-13 00:00:00.000,Pova Slim,16,-1.0000,28300.0000,-27594.0200,O,Main Location
SI0001SI#001629,2026-07-13 00:00:00.000,Go 3 (4+64),16,-1.0000,14150.0000,-13597.0816,O,Main Location
SI0001SI#001634,2026-07-13 00:00:00.000,Camon 50 (8+256),16,-1.0000,32195.0000,-32194.7000,O,Main Location
SI0001SI#001630,2026-07-13 00:00:00.000,Camon 50 (8+256),16,-1.0000,36800.0000,-32194.7000,O,Main Location
SI0001SI#001633,2026-07-13 00:00:00.000,Camon 50 (8+128),16,-10.0000,32194.0000,-285161.7000,O,Main Location
SI0001SI#001631,2026-07-13 00:00:00.000,Camon 50 (8+128),16,-1.0000,33020.0000,-28516.1700,O,Main Location
SI0001SI#001627,2026-07-13 00:00:00.000,Camon 50 (8+128),16,-2.0000,33020.0000,-57032.3400,O,Main Location
SI0001SI#001620,2026-07-12 00:00:00.000,Spark 50 Pro (6-128),16,-1.0000,25470.0000,-24780.0000,O,Main Location
SI0001SI#001623,2026-07-12 00:00:00.000,Spark 50 (6+128),16,-1.0000,20754.0000,-18392.6700,O,Main Location
SI0001SI#001622,2026-07-12 00:00:00.000,Spark 50 (6+128),16,-4.0000,20754.0000,-73570.6800,O,Main Location
SI0001SI#001621,2026-07-12 00:00:00.000,Spark 50 (6+128),16,-10.0000,20246.0000,-183926.7000,O,Main Location
SI0001SI#001624,2026-07-12 00:00:00.000,Spark 50 (4+128),16,-2.0000,16510.0000,-32194.6800,O,Main Location
SI0001SI#001621,2026-07-12 00:00:00.000,Spark 50 (4+128),16,-10.0000,16097.0000,-160973.4000,O,Main Location
SI0001SI#001620,2026-07-12 00:00:00.000,Spark 40 5G,16,-2.0000,16040.0000,-31272.5600,O,Main Location
SI0001SI#001623,2026-07-12 00:00:00.000,Pova Slim,16,-1.0000,28300.0000,-27594.0200,O,Main Location
SI0001SI#001622,2026-07-12 00:00:00.000,Pova Slim,16,-1.0000,28300.0000,-27594.0200,O,Main Location
SI0001SI#001620,2026-07-12 00:00:00.000,Pova Slim,16,-1.0000,28300.0000,-27594.0200,O,Main Location
SI0001SI#001620,2026-07-12 00:00:00.000,Pova Curve 2 (8+128),16,-1.0000,34910.0000,-34038.9800,O,Main Location
SI0001SI#001620,2026-07-12 00:00:00.000,Pova Curve 2,16,-1.0000,37740.0000,-35531.5670,O,Main Location
SI0001SI#001625,2026-07-12 00:00:00.000,Go 3 (4+64),16,-50.0000,13585.0000,-679854.0806,O,Main Location
SI0001SI#001624,2026-07-12 00:00:00.000,Go 3 (4+64),16,-3.0000,14150.0000,-40791.2448,O,Main Location
SI0001SI#001623,2026-07-12 00:00:00.000,Go 3 (4+64),16,-1.0000,14150.0000,-13597.0816,O,Main Location
SI0001SI#001622,2026-07-12 00:00:00.000,Go 3 (4+64),16,-3.0000,14150.0000,-40791.2448,O,Main Location
SI0001SI#001620,2026-07-12 00:00:00.000,Go 3 (4+64),16,-2.0000,14150.0000,-27194.1632,O,Main Location
SI0001SI#001619,2026-07-11 00:00:00.000,Spark 50 (4+128),16,-20.0000,16097.0000,-321946.8000,O,Main Location
SI0001SI#001618,2026-07-11 00:00:00.000,Go 3 (4+64),16,-4.0000,14150.0000,-54388.3264,O,Main Location
SI0001SI#001606,2026-07-10 00:00:00.000,Spark 50 Pro (6-128),16,-1.0000,25470.0000,-24780.0000,O,Main Location
SI0001SI#001612,2026-07-10 00:00:00.000,Spark 50 (6+128),16,-10.0000,20754.0000,-183926.7000,O,Main Location
SI0001SI#001611,2026-07-10 00:00:00.000,Spark 50 (6+128),16,-1.0000,20754.0000,-18392.6700,O,Main Location
SI0001SI#001610,2026-07-10 00:00:00.000,Spark 50 (6+128),16,-2.0000,20754.0000,-36785.3400,O,Main Location
SI0001SI#001608,2026-07-10 00:00:00.000,Spark 50 (6+128),16,-20.0000,20246.0000,-367853.4000,O,Main Location
SI0001SI#001606,2026-07-10 00:00:00.000,Spark 50 (6+128),16,-2.0000,20754.0000,-36785.3400,O,Main Location
SI0001SI#001604,2026-07-10 00:00:00.000,Spark 50 (6+128),16,-30.0000,20246.0000,-551780.1000,O,Main Location
SI0001SI#001615,2026-07-10 00:00:00.000,Spark 50 (4+128),16,-1.0000,16510.0000,-16097.3400,O,Main Location
SI0001SI#001614,2026-07-10 00:00:00.000,Spark 50 (4+128),16,-1.0000,16510.0000,-16097.3400,O,Main Location
SI0001SI#001611,2026-07-10 00:00:00.000,Spark 50 (4+128),16,-2.0000,16510.0000,-32194.6800,O,Main Location
SI0001SI#001605,2026-07-10 00:00:00.000,Spark 50 (4+128),16,-3.0000,16510.0000,-48292.0200,O,Main Location
SI0001SI#001617,2026-07-10 00:00:00.000,Pova Slim,16,-10.0000,27594.0000,-275940.2000,O,Main Location
SI0001SI#001606,2026-07-10 00:00:00.000,Pova Slim,16,-1.0000,28300.0000,-27594.0200,O,Main Location
SI0001SI#001611,2026-07-10 00:00:00.000,Pova Curve 2,16,-1.0000,37740.0000,-35531.5670,O,Main Location
SI0001SI#001616,2026-07-10 00:00:00.000,Go 3 (4+64),16,-4.0000,14150.0000,-54388.3264,O,Main Location
SI0001SI#001613,2026-07-10 00:00:00.000,Go 3 (4+64),16,-2.0000,14150.0000,-27194.1632,O,Main Location
SI0001SI#001611,2026-07-10 00:00:00.000,Go 3 (4+64),16,-1.0000,14150.0000,-13597.0816,O,Main Location
SI0001SI#001609,2026-07-10 00:00:00.000,Go 3 (4+64),16,-2.0000,14150.0000,-27194.1632,O,Main Location
SI0001SI#001607,2026-07-10 00:00:00.000,Go 3 (4+64),16,-80.0000,13792.0000,-1087766.5290,O,Main Location
SI0001SI#001606,2026-07-10 00:00:00.000,Go 3 (4+64),16,-2.0000,14150.0000,-27194.1632,O,Main Location
SI0001SI#001606,2026-07-10 00:00:00.000,Go 3 (4+128),16,-1.0000,15570.0000,-13671.8712,O,Main Location
SI0001SI#001606,2026-07-10 00:00:00.000,Camon 50 Ultra (12+256),16,-1.0000,51900.0000,-45986.7000,O,Main Location
SI0001SI#001606,2026-07-10 00:00:00.000,Camon 50 (8+128),16,-1.0000,33020.0000,-28516.1700,O,Main Location
SI0001SI#001604,2026-07-10 00:00:00.000,Camon 50 (8+128),16,-5.0000,32194.0000,-142580.8500,O,Main Location
SI0001SI#001603,2026-07-09 00:00:00.000,Spark 50 (6+128),16,-100.0000,19500.0000,-1839267.0000,O,Main Location
SI0001SI#001598,2026-07-09 00:00:00.000,Spark 50 (6+128),16,-20.0000,20754.0000,-367853.4000,O,Main Location
SI0001SI#001600,2026-07-09 00:00:00.000,Spark 50 (4+128),16,-2.0000,16510.0000,-32194.6800,O,Main Location
SI0001SI#001598,2026-07-09 00:00:00.000,Spark 40 5G,16,-9.0000,16040.0000,-140726.5200,O,Main Location
SI0001SI#001603,2026-07-09 00:00:00.000,Pova Slim,16,-60.0000,27594.0000,-1655641.2000,O,Main Location
SI0001SI#001602,2026-07-09 00:00:00.000,Pova Slim,16,-5.0000,27594.0000,-137970.1000,O,Main Location
SI0001SI#001601,2026-07-09 00:00:00.000,Pova Slim,16,-1.0000,28300.0000,-27594.0200,O,Main Location
SI0001SI#001598,2026-07-09 00:00:00.000,Pova Slim,16,-5.0000,28300.0000,-137970.1000,O,Main Location
SI0001SI#001601,2026-07-09 00:00:00.000,Pova Curve 2 (8+128),16,-1.0000,34910.0000,-34038.9800,O,Main Location
SI0001SI#001598,2026-07-09 00:00:00.000,Go 3 (4+128),16,-6.0000,15570.0000,-82031.2270,O,Main Location
SI0001SI#001602,2026-07-09 00:00:00.000,Camon 50 (8+256),16,-5.0000,35883.0000,-160973.5000,O,Main Location
SI0001SI#001602,2026-07-09 00:00:00.000,Camon 50 (8+128),16,-5.0000,32194.0000,-142580.8500,O,Main Location
SI0001SI#001599,2026-07-09 00:00:00.000,Camon 50 (8+128),16,-1.0000,32195.0000,-28516.1700,O,Main Location
SI0001SI#001597,2026-07-08 00:00:00.000,Spark 50 Pro (6-128),16,-1.0000,25470.0000,-24780.0000,O,Main Location
SI0001SI#001595,2026-07-08 00:00:00.000,Spark 50 Pro (6-128),16,-1.0000,25470.0000,-24780.0000,O,Main Location
SI0001SI#001593,2026-07-08 00:00:00.000,Spark 50 Pro (6-128),16,-1.0000,25470.0000,-24780.0000,O,Main Location
SI0001SI#001593,2026-07-08 00:00:00.000,Spark 50 (6+128),16,-3.0000,20754.0000,-55178.0100,O,Main Location
SI0001SI#001594,2026-07-08 00:00:00.000,Spark 50 (6+128),16,-1.0000,20754.0000,-18392.6700,O,Main Location
SI0001SI#001595,2026-07-08 00:00:00.000,Spark 50 (4+128),16,-1.0000,16510.0000,-16097.3400,O,Main Location
SI0001SI#001594,2026-07-08 00:00:00.000,Spark 50 (4+128),16,-1.0000,16510.0000,-16097.3400,O,Main Location
SI0001SI#001591,2026-07-08 00:00:00.000,Spark 50 (4+128),16,-10.0000,16097.0000,-160973.4000,O,Main Location
SI0001SI#001593,2026-07-08 00:00:00.000,Pova Slim,16,-1.0000,28300.0000,-27594.0200,O,Main Location
SI0001SI#001592,2026-07-08 00:00:00.000,Pova Curve 2,16,-1.0000,37740.0000,-35531.5670,O,Main Location
SI0001SI#001596,2026-07-08 00:00:00.000,Go 3 (4+64),16,-2.0000,14150.0000,-27194.1632,O,Main Location
SI0001SI#001593,2026-07-08 00:00:00.000,Go 3 (4+64),16,-5.0000,14150.0000,-67985.4081,O,Main Location
SI0001SI#001589,2026-07-07 00:00:00.000,Spark 50 (4+128),16,-1.0000,16510.0000,-16097.3400,O,Main Location
SI0001SI#001588,2026-07-07 00:00:00.000,Spark 40 5G,16,-14.0000,16040.0000,-218907.9200,O,Main Location
SI0001SI#001588,2026-07-07 00:00:00.000,Pova Curve 2 (8+128),16,-5.0000,34910.0000,-170194.9000,O,Main Location
SI0001SI#001590,2026-07-07 00:00:00.000,Go 3 (4+64),16,-2.0000,14150.0000,-27194.1632,O,Main Location
SI0001SI#001588,2026-07-07 00:00:00.000,Go 3 (4+64),16,-6.0000,14150.0000,-81582.4897,O,Main Location
SI0001SI#001586,2026-07-06 00:00:00.000,Tablet Megapad 4+128,16,-2.0000,19314.0000,-38629.6200,O,Main Location
SI0001SI#001586,2026-07-06 00:00:00.000,Spark 50 Pro (6-128),16,-2.0000,24837.0000,-49560.0000,O,Main Location
SI0001SI#001586,2026-07-06 00:00:00.000,Spark 50 (6+128),16,-2.0000,20246.0000,-36785.3400,O,Main Location
SI0001SI#001586,2026-07-06 00:00:00.000,Spark 50 (4+128),16,-2.0000,16097.0000,-32194.6800,O,Main Location
SI0001SI#001586,2026-07-06 00:00:00.000,Spark 40 5G,16,-2.0000,15636.0000,-31272.5600,O,Main Location
SI0001SI#001585,2026-07-06 00:00:00.000,Spark 40 5G,16,-50.0000,15636.0000,-781814.0000,O,Main Location
SI0001SI#001584,2026-07-06 00:00:00.000,Spark 40 5G,16,-1.0000,16020.0000,-15636.2800,O,Main Location
SI0001SI#001586,2026-07-06 00:00:00.000,Pova Slim,16,-2.0000,27594.0000,-55188.0400,O,Main Location
SI0001SI#001586,2026-07-06 00:00:00.000,Go 3 (4+64),16,-2.0000,13792.0000,-27194.1632,O,Main Location
SI0001SI#001582,2026-07-06 00:00:00.000,Go 3 (4+64),16,-2.0000,14150.0000,-27194.1632,O,Main Location
SI0001SI#001586,2026-07-06 00:00:00.000,Go 3 (4+128),16,-2.0000,15185.0000,-27343.7423,O,Main Location
SI0001SI#001582,2026-07-06 00:00:00.000,Go 3 (4+128),16,-2.0000,15570.0000,-27343.7423,O,Main Location
SI0001SI#001586,2026-07-06 00:00:00.000,Camon 50 (8+256),16,-2.0000,35883.0000,-64389.4000,O,Main Location
SI0001SI#001586,2026-07-06 00:00:00.000,Camon 50 (8+128),16,-2.0000,32194.0000,-57032.3400,O,Main Location
SI0001SI#001583,2026-07-06 00:00:00.000,Camon 50 (8+128),16,-1.0000,33020.0000,-28516.1700,O,Main Location
SI0001SI#001582,2026-07-06 00:00:00.000,Camon 50 (8+128),16,-1.0000,33020.0000,-28516.1700,O,Main Location
SI0001SI#001581,2026-07-05 00:00:00.000,Spark 50 (4+128),16,-1.0000,16510.0000,-16097.3400,O,Main Location
SI0001SI#001580,2026-07-05 00:00:00.000,Spark 40 5G,16,-50.0000,15636.0000,-781814.0000,O,Main Location
SI0001SI#001577,2026-07-05 00:00:00.000,Go 3 (4+64),16,-70.0000,13790.0000,-951795.7129,O,Main Location
SI0001SI#001579,2026-07-05 00:00:00.000,Go 3 (4+128),16,-1.0000,15570.0000,-13671.8712,O,Main Location
SI0001SI#001579,2026-07-05 00:00:00.000,Camon 50 Ultra (12+256),16,-2.0000,51900.0000,-91973.4000,O,Main Location
SI0001SI#001579,2026-07-05 00:00:00.000,Camon 50 (8+128),16,-1.0000,33020.0000,-28516.1700,O,Main Location
SI0001SI#001578,2026-07-05 00:00:00.000,Camon 50 (8+128),16,-1.0000,33020.0000,-28516.1700,O,Main Location
SI0001SI#001574,2026-07-03 00:00:00.000,Spark 50 (6+128),16,-10.0000,20247.0000,-183926.7000,O,Main Location
SI0001SI#001575,2026-07-03 00:00:00.000,Spark 50 (6+128),16,-1.0000,20754.0000,-18392.6700,O,Main Location
SI0001SI#001576,2026-07-03 00:00:00.000,Spark 50 (4+128),16,-3.0000,16510.0000,-48292.0200,O,Main Location
SI0001SI#001575,2026-07-03 00:00:00.000,Spark 50 (4+128),16,-1.0000,16510.0000,-16097.3400,O,Main Location
SI0001SI#001575,2026-07-03 00:00:00.000,Go 3 (4+64),16,-1.0000,14150.0000,-13597.0816,O,Main Location
SI0001SI#001573,2026-07-02 00:00:00.000,Spark 50 (4+128),16,-5.0000,16510.0000,-80486.7000,O,Main Location
SI0001SI#001572,2026-07-02 00:00:00.000,Spark 50 (4+128),16,-5.0000,16510.0000,-80486.7000,O,Main Location
SI0001SI#001573,2026-07-02 00:00:00.000,Go 3 (4+64),16,-2.0000,14150.0000,-27194.1632,O,Main Location
SI0001SI#001572,2026-07-02 00:00:00.000,Go 3 (4+64),16,-5.0000,14150.0000,-67985.4081,O,Main Location
SI0001SI#001571,2026-07-02 00:00:00.000,Go 3 (4+64),16,-1.0000,14150.0000,-13597.0816,O,Main Location
SI0001SI#001572,2026-07-02 00:00:00.000,Camon 50 (8+256),16,-1.0000,36800.0000,-32194.7000,O,Main Location
SI0001SI#001572,2026-07-02 00:00:00.000,Camon 50 (8+128),16,-2.0000,33020.0000,-57032.3400,O,Main Location
SI0001SI#001570,2026-06-30 00:00:00.000,Spark 50 (6+128),16,-50.0000,16097.0000,-919633.5000,O,Main Location
PI0001PI#000191,2026-06-30 00:00:00.000,Spark 50 (4+128),33,40.0000,16097.3400,643893.6000,I,Main Location
PI0001PI#000191,2026-06-30 00:00:00.000,Pova Slim,33,10.0000,27594.0200,275940.2000,I,Main Location
PI0001PI#000192,2026-06-30 00:00:00.000,Pova Curve 2 (8+128),33,20.0000,34038.9800,680779.6000,I,Main Location
PI0001PI#000192,2026-06-30 00:00:00.000,Pova Curve 2,33,25.0000,36785.3400,919633.5000,I,Main Location
SI0001SI#001569,2026-06-30 00:00:00.000,Go 3 (4+64),16,-1.0000,14150.0000,-13597.0816,O,Main Location
PI0001PI#000192,2026-06-30 00:00:00.000,Go 3 (4+64),33,300.0000,13792.0000,4137600.0000,I,Main Location
PI0001PI#000191,2026-06-30 00:00:00.000,Go 3 (4+64),33,70.0000,13792.0000,965440.0000,I,Main Location
SI0001SI#001568,2026-06-29 00:00:00.000,Spark 50 (4+128),16,-10.0000,16097.0000,-160973.4000,O,Main Location
SI0001SI#001567,2026-06-29 00:00:00.000,Spark 50 (4+128),16,-10.0000,16510.0000,-160973.4000,O,Main Location
SI0001SI#001568,2026-06-29 00:00:00.000,Go 3 (4+64),16,-30.0000,13792.0000,-406635.2382,O,Main Location
SI0001SI#001564,2026-06-28 00:00:00.000,Spark 50 (6+128),16,-10.0000,18500.0000,-183926.7000,O,Main Location
SI0001SI#001563,2026-06-28 00:00:00.000,Spark 50 (6+128),16,-4.0000,18392.0000,-73570.6800,O,Main Location
PI0001PI#000190,2026-06-28 00:00:00.000,Spark 50 (4+128),33,60.0000,16097.3400,965840.4000,I,Main Location
SI0001SI#001563,2026-06-28 00:00:00.000,Spark 50 (4+128),16,-10.0000,16097.0000,-160973.4000,O,Main Location
SI0001SI#001565,2026-06-28 00:00:00.000,Pova Curve 2,16,-2.0000,37740.0000,-68077.9600,O,Main Location
PI0001PI#000190,2026-06-28 00:00:00.000,Go 3 (4+64),33,160.0000,13792.0000,2206720.0000,I,Main Location
SI0001SI#001563,2026-06-28 00:00:00.000,Go 3 (4+64),16,-8.0000,13792.0000,-108436.0635,O,Main Location
SI0001SI#001560,2026-06-26 00:00:00.000,Spark 50 (4+128),16,-5.0000,16510.0000,-80486.7000,O,Main Location
SI0001SI#001562,2026-06-26 00:00:00.000,Spark 40 5G,16,-1.0000,16040.0000,-15636.2800,O,Main Location
SI0001SI#001562,2026-06-26 00:00:00.000,Go 3 (4+64),16,-1.0000,14150.0000,-13530.3357,O,Main Location
SI0001SI#001560,2026-06-26 00:00:00.000,Go 3 (4+64),16,-5.0000,14150.0000,-67651.6786,O,Main Location
SI0001SI#001561,2026-06-26 00:00:00.000,Camon 50 (8+256),16,-1.0000,36800.0000,-32194.7000,O,Main Location
SI0001SI#001557,2026-06-25 00:00:00.000,Tablet Megapad 4+128,16,-1.0000,19810.0000,-19314.8100,O,Main Location
SI0001SI#001559,2026-06-25 00:00:00.000,Spark 50 (6+128),16,-2.0000,20754.0000,-36785.3400,O,Main Location
SI0001SI#001559,2026-06-25 00:00:00.000,Spark 50 (4+128),16,-3.0000,16510.0000,-48292.0200,O,Main Location
PI0001PI#000189,2026-06-25 00:00:00.000,Spark 50 (4+128),33,20.0000,16097.3400,321946.8000,I,Main Location
SI0001SI#001559,2026-06-25 00:00:00.000,Spark 40 5G,16,-4.0000,16040.0000,-62545.1200,O,Main Location
SI0001SI#001559,2026-06-25 00:00:00.000,Pova Slim,16,-1.0000,28300.0000,-27594.0200,O,Main Location
SI0001SI#001557,2026-06-25 00:00:00.000,Pova Curve 2,16,-1.0000,37740.0000,-34038.9800,O,Main Location
SI0001SI#001559,2026-06-25 00:00:00.000,Go 3 (4+64),16,-5.0000,14150.0000,-67651.6786,O,Main Location
SI0001SI#001558,2026-06-25 00:00:00.000,Go 3 (4+64),16,-100.0000,13792.0000,-1353033.5719,O,Main Location
PI0001PI#000189,2026-06-25 00:00:00.000,Go 3 (4+64),33,60.0000,13792.0000,827520.0000,I,Main Location
SI0001SI#001559,2026-06-25 00:00:00.000,Go 3 (4+128),16,-2.0000,15570.0000,-27343.7423,O,Main Location
PI0001PI#000189,2026-06-25 00:00:00.000,Go 3 (4+128),33,39.0000,15186.0000,592254.0000,I,Main Location
SI0001SI#001555,2026-06-24 00:00:00.000,Spark 50 Pro (6-128),16,-1.0000,25470.0000,-24780.0000,O,Main Location
SI0001SI#001556,2026-06-24 00:00:00.000,Spark 50 (4+128),16,-5.0000,16510.0000,-80486.7000,O,Main Location
SI0001SI#001555,2026-06-24 00:00:00.000,Spark 50 (4+128),16,-2.0000,16510.0000,-32194.6800,O,Main Location
SI0001SI#001556,2026-06-24 00:00:00.000,Go 3 (4+64),16,-5.0000,14150.0000,-67603.3118,O,Main Location
SI0001SI#001555,2026-06-24 00:00:00.000,Go 3 (4+64),16,-1.0000,14150.0000,-13520.6624,O,Main Location
PI0001PI#000188,2026-06-23 00:00:00.000,Spark 50 (4+128),33,19.0000,16097.3400,305849.4600,I,Main Location
SI0001SI#001554,2026-06-23 00:00:00.000,Pova Slim,16,-1.0000,28300.0000,-27594.0200,O,Main Location
SI0001SI#001553,2026-06-22 00:00:00.000,Spark 50 Pro (6-128),16,-2.0000,25470.0000,-49560.0000,O,Main Location
SI0001SI#001551,2026-06-22 00:00:00.000,Spark 50 (4+128),16,-2.0000,16510.0000,-32194.6800,O,Main Location
SI0001SI#001552,2026-06-22 00:00:00.000,Go 3 (4+64),16,-1.0000,14150.0000,-13520.6624,O,Main Location
SI0001SI#001552,2026-06-22 00:00:00.000,Go 3 (4+128),16,-2.0000,15570.0000,-26836.8666,O,Main Location
SI0001SI#001550,2026-06-21 00:00:00.000,Spark 50 Pro (6-128),16,-1.0000,25470.0000,-24780.0000,O,Main Location
SI0001SI#001549,2026-06-21 00:00:00.000,Pova Slim,16,-1.0000,28300.0000,-27594.0200,O,Main Location
PI0001PI#000187,2026-06-21 00:00:00.000,Go 3 (4+64),33,100.0000,13792.0000,1379200.0000,I,Main Location
SI0001SI#001550,2026-06-21 00:00:00.000,Go 3 (4+64),16,-2.0000,14150.0000,-27041.3247,O,Main Location
SI0001SI#001549,2026-06-21 00:00:00.000,Go 3 (4+64),16,-1.0000,14150.0000,-13520.6624,O,Main Location
SI0001SI#001549,2026-06-21 00:00:00.000,Camon 50 (8+256),16,-1.0000,36800.0000,-32194.7000,O,Main Location
SI0001SI#001550,2026-06-21 00:00:00.000,Camon 50 (8+128),16,-1.0000,33020.0000,-28516.1700,O,Main Location
SI0001SI#001548,2026-06-19 00:00:00.000,Spark 50 Pro (6-128),16,-1.0000,25470.0000,-24780.0000,O,Main Location
SI0001SI#001548,2026-06-19 00:00:00.000,Spark 50 (6+128),16,-3.0000,18870.0000,-55178.0100,O,Main Location
SI0001SI#001547,2026-06-19 00:00:00.000,Spark 50 (6+128),16,-5.0000,20754.0000,-91963.3500,O,Main Location
SI0001SI#001548,2026-06-19 00:00:00.000,Spark 50 (4+128),16,-2.0000,16510.0000,-32194.6800,O,Main Location
SI0001SI#001547,2026-06-19 00:00:00.000,Spark 50 (4+128),16,-10.0000,16510.0000,-160973.4000,O,Main Location
SI0001SI#001546,2026-06-19 00:00:00.000,Spark 40 5G,16,-5.0000,16040.0000,-78181.4000,O,Main Location
SI0001SI#001547,2026-06-19 00:00:00.000,Pova Slim,16,-10.0000,28300.0000,-275940.2000,O,Main Location
SI0001SI#001545,2026-06-19 00:00:00.000,Pova Slim,16,-10.0000,28300.0000,-275940.2000,O,Main Location
SI0001SI#001548,2026-06-19 00:00:00.000,Go 3 (4+64),16,-2.0000,14150.0000,-27005.9252,O,Main Location
SI0001SI#001546,2026-06-19 00:00:00.000,Go 3 (4+64),16,-3.0000,14150.0000,-40508.8877,O,Main Location
SI0001SI#001546,2026-06-19 00:00:00.000,Go 3 (4+128),16,-2.0000,15570.0000,-26836.8666,O,Main Location
SI0001SI#001548,2026-06-19 00:00:00.000,Camon 50 (8+128),16,-1.0000,33020.0000,-28516.1700,O,Main Location
SI0001SI#001544,2026-06-18 00:00:00.000,Spark50 Pro Luiv Demo,16,-1.0000,18960.0000,-18500.0000,O,Main Location
SI0001SI#001541,2026-06-18 00:00:00.000,Spark 50 Pro (6-128),16,-2.0000,25470.0000,-49560.0000,O,Main Location
SI0001SI#001540,2026-06-18 00:00:00.000,Spark 50 Pro (6-128),16,-2.0000,25470.0000,-49560.0000,O,Main Location
SI0001SI#001541,2026-06-18 00:00:00.000,Spark 50 (6+128),16,-2.0000,18870.0000,-36785.3400,O,Main Location
SI0001SI#001541,2026-06-18 00:00:00.000,Spark 50 (4+128),16,-2.0000,16510.0000,-32194.6800,O,Main Location
SI0001SI#001542,2026-06-18 00:00:00.000,Pova Slim,16,-2.0000,28300.0000,-55188.0400,O,Main Location
SI0001SI#001541,2026-06-18 00:00:00.000,Go 3 (4+64),16,-1.0000,14150.0000,-13502.9626,O,Main Location
SI0001SI#001543,2026-06-18 00:00:00.000,Camon30 12+256,16,-1.0000,27700.0000,-27535.0000,O,Main Location
SI0001SI#001539,2026-06-17 00:00:00.000,Spark 50 Pro (6-128),16,-3.0000,25470.0000,-74340.0000,O,Main Location
PI0001PI#000185,2026-06-17 00:00:00.000,Spark 50 Pro (6-128),33,20.0000,24780.0000,495600.0000,I,Main Location
SI0001SI#001536,2026-06-17 00:00:00.000,Spark 40 5G,16,-2.0000,16040.0000,-31272.5600,O,Main Location
SI0001SI#001537,2026-06-17 00:00:00.000,Pova Slim,16,-1.0000,28300.0000,-27594.0200,O,Main Location
SI0001SI#001536,2026-06-17 00:00:00.000,Pova Slim,16,-1.0000,28300.0000,-27594.0200,O,Main Location
SI0001SI#001538,2026-06-17 00:00:00.000,Go 3 (4+64),16,-5.0000,14150.0000,-67514.8129,O,Main Location
PI0001PI#000186,2026-06-16 00:00:00.000,Spark50 Pro Luiv Demo,33,2.0000,18500.0000,37000.0000,I,Main Location
SI0001SI#001534,2026-06-16 00:00:00.000,Spark 50 (6+128),16,-5.0000,18870.0000,-91963.3500,O,Main Location
SI0001SI#001534,2026-06-16 00:00:00.000,Spark 50 (4+128),16,-5.0000,16510.0000,-80486.7000,O,Main Location
SI0001SI#001535,2026-06-16 00:00:00.000,Go 3 (4+128),16,-1.0000,15570.0000,-13418.4333,O,Main Location
SI0001SI#001533,2026-06-16 00:00:00.000,Camon 50 (8+128),16,-1.0000,33020.0000,-28516.1700,O,Main Location
SI0001SI#001566,2026-06-15 00:00:00.000,Spark 50 (6+128),16,-50.0000,18393.0000,-919633.5000,O,Main Location
SI0001SI#001532,2026-06-15 00:00:00.000,Spark 50 (6+128),16,-10.0000,18870.0000,-183926.7000,O,Main Location
SI0001SI#001566,2026-06-15 00:00:00.000,Spark 40 5G,16,-50.0000,15636.0000,-781814.0000,O,Main Location
SI0001SI#001532,2026-06-15 00:00:00.000,Spark 40 5G,16,-4.0000,16040.0000,-62545.1200,O,Main Location
SI0001SI#001531,2026-06-15 00:00:00.000,Spark 40 5G,16,-80.0000,15640.0000,-1250902.4000,O,Main Location
PI0001PI#000184,2026-06-15 00:00:00.000,Pova Slim,33,100.0000,27594.0200,2759402.0000,I,Main Location
SI0001SI#001587,2026-06-15 00:00:00.000,Go 3 (4+64),16,-60.0000,1392.0000,-810177.7549,O,Main Location
SI0001SI#001529,2026-06-15 00:00:00.000,Go 3 (4+64),16,-1.0000,14150.0000,-13502.9626,O,Main Location
SI0001SI#001528,2026-06-14 00:00:00.000,Spark 50 (6+128),16,-1.0000,18870.0000,-18392.6700,O,Main Location
SI0001SI#001527,2026-06-14 00:00:00.000,Spark 50 (6+128),16,-1.0000,18870.0000,-18392.6700,O,Main Location
SI0001SI#001525,2026-06-14 00:00:00.000,Spark 50 (6+128),16,-2.0000,18870.0000,-36785.3400,O,Main Location
SI0001SI#001524,2026-06-14 00:00:00.000,Spark 50 (6+128),16,-3.0000,18870.0000,-55178.0100,O,Main Location
PI0001PI#000183,2026-06-14 00:00:00.000,Spark 50 (4+128),33,70.0000,16097.3400,1126813.8000,I,Main Location
SI0001SI#001525,2026-06-14 00:00:00.000,Spark 40 5G,16,-1.0000,16040.0000,-15636.2800,O,Main Location
PI0001PI#000183,2026-06-14 00:00:00.000,Pova Slim,33,30.0000,27594.0200,827820.6000,I,Main Location
SI0001SI#001525,2026-06-14 00:00:00.000,Pova Slim,16,-1.0000,28300.0000,-27594.0200,O,Main Location
SI0001SI#001528,2026-06-14 00:00:00.000,Go 3 (4+64),16,-4.0000,14150.0000,-54011.8503,O,Main Location
SI0001SI#001526,2026-06-14 00:00:00.000,Go 3 (4+64),16,-10.0000,14150.0000,-135029.6258,O,Main Location
SI0001SI#001525,2026-06-14 00:00:00.000,Go 3 (4+64),16,-3.0000,14150.0000,-40508.8877,O,Main Location
SI0001SI#001525,2026-06-14 00:00:00.000,Camon 50 (8+128),16,-1.0000,33020.0000,-28516.1700,O,Main Location
SI0001SI#001523,2026-06-12 00:00:00.000,Spark 50 (6+128),16,-4.0000,18870.0000,-73570.6800,O,Main Location
SI0001SI#001522,2026-06-12 00:00:00.000,Spark 50 (6+128),16,-1.0000,18870.0000,-18392.6700,O,Main Location
SI0001SI#001520,2026-06-12 00:00:00.000,Spark 50 (6+128),16,-10.0000,18870.0000,-183926.7000,O,Main Location
SI0001SI#001520,2026-06-12 00:00:00.000,Pova Slim,16,-1.0000,28300.0000,-27594.0200,O,Main Location
SI0001SI#001519,2026-06-12 00:00:00.000,Pova Slim,16,-2.0000,28300.0000,-55188.0400,O,Main Location
SI0001SI#001521,2026-06-12 00:00:00.000,Go 3 (4+64),16,-3.0000,14150.0000,-40508.8877,O,Main Location
SI0001SI#001517,2026-06-11 00:00:00.000,Spark 50 (6+128),16,-3.0000,18870.0000,-55178.0100,O,Main Location
SI0001SI#001516,2026-06-11 00:00:00.000,Spark 50 (6+128),16,-8.0000,18870.0000,-147141.3600,O,Main Location
SI0001SI#001515,2026-06-11 00:00:00.000,Spark 50 (6+128),16,-1.0000,18870.0000,-18392.6700,O,Main Location
SI0001SI#001514,2026-06-11 00:00:00.000,Spark 50 (6+128),16,-1.0000,18870.0000,-18392.6700,O,Main Location
SI0001SI#001516,2026-06-11 00:00:00.000,Spark 40 5G,16,-12.0000,16040.0000,-187635.3600,O,Main Location
SI0001SI#001514,2026-06-11 00:00:00.000,Pova Slim,16,-1.0000,28300.0000,-27594.0200,O,Main Location
SI0001SI#001518,2026-06-11 00:00:00.000,Go 3 (4+64),16,-1.0000,14150.0000,-13502.9626,O,Main Location
SI0001SI#001516,2026-06-11 00:00:00.000,Go 3 (4+64),16,-12.0000,14150.0000,-162035.5510,O,Main Location
SI0001SI#001514,2026-06-11 00:00:00.000,Go 3 (4+64),16,-1.0000,14150.0000,-13502.9626,O,Main Location
SI0001SI#001516,2026-06-11 00:00:00.000,Go 3 (4+128),16,-12.0000,15570.0000,-161021.1996,O,Main Location
SI0001SI#001516,2026-06-11 00:00:00.000,Camon 50 (8+256),16,-1.0000,36800.0000,-32194.7000,O,Main Location
SI0001SI#001516,2026-06-11 00:00:00.000,Camon 50 (8+128),16,-4.0000,33020.0000,-114064.6800,O,Main Location
SI0001SI#001513,2026-06-10 00:00:00.000,Spark 50 (6+128),16,-6.0000,18870.0000,-110356.0200,O,Main Location
SI0001SI#001512,2026-06-10 00:00:00.000,Spark 50 (6+128),16,-5.0000,18870.0000,-91963.3500,O,Main Location
SI0001SI#001510,2026-06-10 00:00:00.000,Spark 50 (6+128),16,-15.0000,18393.0000,-275890.0500,O,Main Location
SI0001SI#001509,2026-06-10 00:00:00.000,Spark 50 (6+128),16,-2.0000,18870.0000,-36785.3400,O,Main Location
SI0001SI#001508,2026-06-10 00:00:00.000,Spark 50 (6+128),16,-4.0000,18870.0000,-73570.6800,O,Main Location
SI0001SI#001511,2026-06-10 00:00:00.000,Pova Slim,16,-1.0000,28300.0000,-27594.0200,O,Main Location
SI0001SI#001512,2026-06-10 00:00:00.000,Go 3 (4+64),16,-5.0000,14150.0000,-67514.8129,O,Main Location
SI0001SI#001509,2026-06-10 00:00:00.000,Go 3 (4+64),16,-1.0000,14150.0000,-13502.9626,O,Main Location
SI0001SI#001507,2026-06-09 00:00:00.000,Spark 50 (6+128),16,-1.0000,18870.0000,-18392.6700,O,Main Location
SI0001SI#001506,2026-06-09 00:00:00.000,Spark 50 (6+128),16,-1.0000,18870.0000,-18392.6700,O,Main Location
PI0001PI#000182,2026-06-09 00:00:00.000,Pova Slim,33,10.0000,27594.0200,275940.2000,I,Main Location
SI0001SI#001506,2026-06-09 00:00:00.000,Go 3 (4+64),16,-3.0000,14150.0000,-40508.8877,O,Main Location
SI0001SI#001505,2026-06-08 00:00:00.000,Spark 50 (6+128),16,-1.0000,18870.0000,-18392.6700,O,Main Location
SI0001SI#001503,2026-06-08 00:00:00.000,Spark 50 (6+128),16,-1.0000,18870.0000,-18392.6700,O,Main Location
SI0001SI#001505,2026-06-08 00:00:00.000,Spark 50 (4+128),16,-2.0000,16510.0000,-32194.6800,O,Main Location
SI0001SI#001503,2026-06-08 00:00:00.000,Spark 40 5G,16,-2.0000,16040.0000,-31272.5600,O,Main Location
SI0001SI#001504,2026-06-08 00:00:00.000,Pova Slim,16,-1.0000,28300.0000,-27594.0200,O,Main Location
SI0001SI#001503,2026-06-08 00:00:00.000,Go 3 (4+64),16,-2.0000,14150.0000,-27005.9252,O,Main Location
SI0001SI#001502,2026-06-08 00:00:00.000,Go 3 (4+64),16,-50.0000,13792.0000,-675148.1291,O,Main Location
SI0001SI#001505,2026-06-08 00:00:00.000,Camon 50 Ultra (12+256),16,-1.0000,51900.0000,-45986.7000,O,Main Location
SI0001SI#001501,2026-06-07 00:00:00.000,Spark 50 (6+128),16,-120.0000,18393.0000,-2207120.4000,O,Main Location
SI0001SI#001500,2026-06-07 00:00:00.000,Spark 50 (6+128),16,-1.0000,18870.0000,-18392.6700,O,Main Location
SI0001SI#001499,2026-06-07 00:00:00.000,Spark 50 (6+128),16,-3.0000,18870.0000,-55178.0100,O,Main Location
SI0001SI#001500,2026-06-07 00:00:00.000,Spark 50 (4+128),16,-3.0000,16510.0000,-48292.0200,O,Main Location
SI0001SI#001499,2026-06-07 00:00:00.000,Spark 50 (4+128),16,-1.0000,16510.0000,-16097.3400,O,Main Location
SI0001SI#001501,2026-06-07 00:00:00.000,Pova Slim,16,-10.0000,27594.0000,-275940.2000,O,Main Location
SI0001SI#001501,2026-06-07 00:00:00.000,Go 3 (4+64),16,-60.0000,13792.0000,-810177.7549,O,Main Location
SI0001SI#001501,2026-06-07 00:00:00.000,Go 3 (4+128),16,-40.0000,15185.0000,-536737.3321,O,Main Location
SI0001SI#001498,2026-06-06 00:00:00.000,Spark 50 (6+128),16,-2.0000,18870.0000,-36785.3400,O,Main Location
SI0001SI#001497,2026-06-06 00:00:00.000,Spark 50 (6+128),16,-5.0000,18870.0000,-91963.3500,O,Main Location
SI0001SI#001496,2026-06-06 00:00:00.000,Spark 50 (6+128),16,-2.0000,18870.0000,-36785.3400,O,Main Location
SI0001SI#001493,2026-06-06 00:00:00.000,Spark 50 (6+128),16,-3.0000,18870.0000,-55178.0100,O,Main Location
SI0001SI#001493,2026-06-06 00:00:00.000,Spark 40 5G,16,-2.0000,16040.0000,-31272.5600,O,Main Location
SI0001SI#001495,2026-06-06 00:00:00.000,Pova Slim,16,-1.0000,28300.0000,-27594.0200,O,Main Location
SI0001SI#001494,2026-06-06 00:00:00.000,Pova Slim,16,-5.0000,28300.0000,-137970.1000,O,Main Location
SI0001SI#001497,2026-06-06 00:00:00.000,Go 3 (4+64),16,-5.0000,14150.0000,-67514.8129,O,Main Location
SI0001SI#001494,2026-06-06 00:00:00.000,Go 3 (4+64),16,-5.0000,14150.0000,-67514.8129,O,Main Location
SI0001SI#001493,2026-06-06 00:00:00.000,Go 3 (4+64),16,-3.0000,14150.0000,-40508.8877,O,Main Location
SI0001SI#001497,2026-06-06 00:00:00.000,Go 3 (4+128),16,-2.0000,15570.0000,-26836.8666,O,Main Location
SI0001SI#001495,2026-06-06 00:00:00.000,Camon 50 Ultra (12+256),16,-1.0000,51900.0000,-45986.7000,O,Main Location
SI0001SI#001492,2026-06-05 00:00:00.000,Spark 50 (6+128),16,-3.0000,18870.0000,-55178.0100,O,Main Location
SI0001SI#001492,2026-06-05 00:00:00.000,Spark 50 (4+128),16,-3.0000,16510.0000,-48292.0200,O,Main Location
SI0001SI#001492,2026-06-05 00:00:00.000,Pova Slim,16,-5.0000,28300.0000,-137970.1000,O,Main Location
SI0001SI#001491,2026-05-26 00:00:00.000,Go 3 (4+64),16,-5.0000,14150.0000,-67514.8129,O,Main Location
SI0001SI#001490,2026-05-26 00:00:00.000,Go 3 (4+64),16,-1.0000,14150.0000,-13502.9626,O,Main Location
SI0001SI#001477,2026-05-26 00:00:00.000,Go 3 (4+64),16,-2.0000,14510.0000,-27005.9252,O,Main Location
SI0001SI#001476,2026-05-25 00:00:00.000,Spark 50 5G (6+128),16,-5.0000,22640.0000,-110355.0000,O,Main Location
SI0001SI#001476,2026-05-25 00:00:00.000,Spark 50 (6+128),16,-2.0000,18870.0000,-36785.3400,O,Main Location
SI0001SI#001475,2026-05-25 00:00:00.000,Spark 50 (6+128),16,-6.0000,18870.0000,-110356.0200,O,Main Location
SI0001SI#001474,2026-05-25 00:00:00.000,Spark 50 (6+128),16,-2.0000,18870.0000,-36785.3400,O,Main Location
PI0001PI#000181,2026-05-25 00:00:00.000,Spark 50 (6+128),33,342.0000,18392.6700,6290293.1400,I,Main Location
SI0001SI#001476,2026-05-25 00:00:00.000,Spark 50 (4+128),16,-2.0000,16510.0000,-32194.6800,O,Main Location
SI0001SI#001476,2026-05-25 00:00:00.000,Pova Slim,16,-2.0000,28300.0000,-55188.0400,O,Main Location
SI0001SI#001475,2026-05-25 00:00:00.000,Go 3 (4+64),16,-2.0000,14150.0000,-27005.9252,O,Main Location
PI0001PI#000181,2026-05-25 00:00:00.000,Go 3 (4+64),33,601.0000,13792.0000,8288992.0000,I,Main Location
SI0001SI#001475,2026-05-25 00:00:00.000,Go 3 (4+128),16,-1.0000,15570.0000,-13418.4333,O,Main Location
SI0001SI#001476,2026-05-25 00:00:00.000,Camon 50 (8+128),16,-1.0000,33020.0000,-28516.1700,O,Main Location
SI0001SI#001475,2026-05-25 00:00:00.000,Camon 50 (8+128),16,-1.0000,33020.0000,-28516.1700,O,Main Location
PI0001PI#000180,2026-05-24 00:00:00.000,Spark 50 (6+128),33,100.0000,18392.6700,1839267.0000,I,Main Location
SI0001SI#001473,2026-05-24 00:00:00.000,Spark 50 (6+128),16,-2.0000,18870.0000,-36785.3400,O,Main Location
PI0001PI#000180,2026-05-24 00:00:00.000,Spark 50 (4+128),33,10.0000,16097.3400,160973.4000,I,Main Location
SI0001SI#001473,2026-05-24 00:00:00.000,Spark 50 (4+128),16,-1.0000,16510.0000,-16097.3400,O,Main Location
SI0001SI#001473,2026-05-24 00:00:00.000,Pova Slim,16,-1.0000,28300.0000,-27594.0200,O,Main Location
SI0001SI#001473,2026-05-24 00:00:00.000,Pova Curve 2,16,-1.0000,34910.0000,-34038.9800,O,Main Location
SI0001SI#001488,2026-05-24 00:00:00.000,Go 3 (4+128),16,-60.0000,14400.0000,-805105.9981,O,Main Location
SI0001SI#001488,2026-05-24 00:00:00.000,Camon 50 (8+128),16,-30.0000,29400.0000,-855485.1000,O,Main Location
SI0001SI#001473,2026-05-24 00:00:00.000,Camon 50 (8+128),16,-1.0000,33020.0000,-28516.1700,O,Main Location
SI0001SI#001486,2026-05-23 00:00:00.000,Spark 50 5G (6+128),16,-4.0000,22071.0000,-88284.0000,O,Main Location
SI0001SI#001471,2026-05-23 00:00:00.000,Spark 50 5G (6+128),16,-1.0000,22640.0000,-22071.0000,O,Main Location
SI0001SI#001470,2026-05-23 00:00:00.000,Spark 50 5G (6+128),16,-2.0000,22640.0000,-44142.0000,O,Main Location
SI0001SI#001486,2026-05-23 00:00:00.000,Spark 50 (6+128),16,-26.0000,18393.0000,-478209.4200,O,Main Location
SI0001SI#001489,2026-05-23 00:00:00.000,Spark 50 (6+128),16,-50.0000,18392.0000,-919633.5000,O,Main Location
SI0001SI#001471,2026-05-23 00:00:00.000,Spark 50 (6+128),16,-2.0000,18870.0000,-36785.3400,O,Main Location
SI0001SI#001470,2026-05-23 00:00:00.000,Spark 50 (6+128),16,-2.0000,18870.0000,-36785.3400,O,Main Location
SI0001SI#001471,2026-05-23 00:00:00.000,Pova Curve 2,16,-1.0000,34910.0000,-34038.9800,O,Main Location
SI0001SI#001463,2026-05-22 00:00:00.000,Spark 50 5G (6+128),16,-2.0000,22640.0000,-44142.0000,O,Main Location
SI0001SI#001464,2026-05-22 00:00:00.000,Spark 50 (6+128),16,-10.0000,18393.0000,-183926.7000,O,Main Location
SI0001SI#001469,2026-05-22 00:00:00.000,Spark 50 (6+128),16,-2.0000,18393.0000,-36785.3400,O,Main Location
SI0001SI#001468,2026-05-22 00:00:00.000,Spark 50 (6+128),16,-2.0000,18870.0000,-36785.3400,O,Main Location
SI0001SI#001462,2026-05-22 00:00:00.000,Spark 50 (6+128),16,-2.0000,18870.0000,-36785.3400,O,Main Location
SI0001SI#001461,2026-05-22 00:00:00.000,Spark 50 (6+128),16,-2.0000,18870.0000,-36785.3400,O,Main Location
SI0001SI#001462,2026-05-22 00:00:00.000,Spark 50 (4+128),16,-2.0000,16510.0000,-32194.6800,O,Main Location
SI0001SI#001467,2026-05-22 00:00:00.000,Spark 40(8+256),16,-10.0000,18880.0000,-174653.5371,O,Main Location
SI0001SI#001466,2026-05-22 00:00:00.000,Spark 40(8+256),16,-4.0000,18880.0000,-69861.4148,O,Main Location
SI0001SI#001463,2026-05-22 00:00:00.000,Pova Slim,16,-3.0000,28300.0000,-82782.0600,O,Main Location
SI0001SI#001461,2026-05-22 00:00:00.000,Pova Slim,16,-2.0000,28300.0000,-55188.0400,O,Main Location
SI0001SI#001461,2026-05-22 00:00:00.000,Go 3 (4+64),16,-2.0000,14150.0000,-26711.9971,O,Main Location
SI0001SI#001465,2026-05-22 00:00:00.000,Camon 50 Ultra (12+256),16,-1.0000,52900.0000,-45986.7000,O,Main Location
SI0001SI#001461,2026-05-22 00:00:00.000,Camon 50 (8+128),16,-2.0000,33020.0000,-57032.3400,O,Main Location
PI0001PI#000179,2026-05-21 00:00:00.000,Spark 50 (6+128),33,54.0000,18392.6700,993204.1800,I,Main Location
SI0001SI#001460,2026-05-21 00:00:00.000,Pova Curve 2,16,-1.0000,37740.0000,-34038.9800,O,Main Location
SI0001SI#001487,2026-05-21 00:00:00.000,Go 3 (4+64),16,-100.0000,12400.0000,-1335599.8548,O,Main Location
SI0001SI#001487,2026-05-21 00:00:00.000,Camon 50 (8+128),16,-10.0000,29400.0000,-285161.7000,O,Main Location
SI0001SI#001456,2026-05-20 00:00:00.000,Spark 50 5G (6+128),16,-1.0000,22640.0000,-22071.0000,O,Main Location
PI0001PI#000178,2026-05-20 00:00:00.000,Spark 50 (6+128),33,50.0000,18392.6700,919633.5000,I,Main Location
SI0001SI#001458,2026-05-20 00:00:00.000,Spark 50 (6+128),16,-2.0000,18870.0000,-36785.3400,O,Main Location
SI0001SI#001457,2026-05-20 00:00:00.000,Spark 50 (6+128),16,-1.0000,18870.0000,-18392.6700,O,Main Location
SI0001SI#001456,2026-05-20 00:00:00.000,Spark 50 (6+128),16,-2.0000,18870.0000,-36785.3400,O,Main Location
SI0001SI#001456,2026-05-20 00:00:00.000,Spark 50 (4+128),16,-2.0000,16510.0000,-32194.6800,O,Main Location
SI0001SI#001456,2026-05-20 00:00:00.000,Spark 40 5G,16,-2.0000,16040.0000,-31272.5600,O,Main Location
SI0001SI#001457,2026-05-20 00:00:00.000,Pova Slim,16,-1.0000,28300.0000,-27594.0200,O,Main Location
SI0001SI#001457,2026-05-20 00:00:00.000,Pova Curve 2,16,-1.0000,34910.0000,-34038.9800,O,Main Location
SI0001SI#001458,2026-05-20 00:00:00.000,Go 3 (4+64),16,-5.0000,14150.0000,-66779.9927,O,Main Location
SI0001SI#001459,2026-05-20 00:00:00.000,Camon 50 Ultra (8+256),16,-1.0000,44350.0000,-39551.7700,O,Main Location
SI0001SI#001457,2026-05-20 00:00:00.000,Camon 50 Ultra (8+256),16,-1.0000,43250.0000,-39551.7700,O,Main Location
SI0001SI#001457,2026-05-20 00:00:00.000,Camon 50 (8+128),16,-1.0000,33020.0000,-28516.1700,O,Main Location
SI0001SI#001456,2026-05-20 00:00:00.000,Camon 50 (8+128),16,-1.0000,33020.0000,-28516.1700,O,Main Location
SI0001SI#001454,2026-05-19 00:00:00.000,Spark 50 (6+128),16,-2.0000,18870.0000,-36785.3400,O,Main Location
SI0001SI#001451,2026-05-19 00:00:00.000,Spark 50 (6+128),16,-1.0000,18870.0000,-18392.6700,O,Main Location
SI0001SI#001450,2026-05-19 00:00:00.000,Spark 50 (6+128),16,-2.0000,18393.0000,-36785.3400,O,Main Location
SI0001SI#001454,2026-05-19 00:00:00.000,Spark 50 (4+128),16,-2.0000,16510.0000,-32194.6800,O,Main Location
SI0001SI#001455,2026-05-19 00:00:00.000,Pova Slim,16,-6.0000,28300.0000,-165564.1200,O,Main Location
PI0001PI#000177,2026-05-19 00:00:00.000,Pova Slim,33,30.0000,27594.0200,827820.6000,I,Main Location
SI0001SI#001449,2026-05-19 00:00:00.000,Pova Slim,16,-2.0000,28300.0000,-55188.0400,O,Main Location
PI0001PI#000176,2026-05-19 00:00:00.000,Pova Slim,33,10.0000,27594.0200,275940.2000,I,Main Location
SI0001SI#001454,2026-05-19 00:00:00.000,Pova Curve 2 (8+128),16,-1.0000,34910.0000,-34038.9800,O,Main Location
SI0001SI#001455,2026-05-19 00:00:00.000,GO1 4+128,16,-1.0000,12500.0000,-11582.5100,O,Main Location
SI0001SI#001453,2026-05-19 00:00:00.000,Go 3 (4+64),16,-3.0000,14150.0000,-40067.9956,O,Main Location
SI0001SI#001452,2026-05-19 00:00:00.000,Go 3 (4+64),16,-3.0000,14150.0000,-40067.9956,O,Main Location
SI0001SI#001451,2026-05-19 00:00:00.000,Go 3 (4+128),16,-2.0000,15570.0000,-26836.8666,O,Main Location
SI0001SI#001448,2026-05-18 00:00:00.000,Spark 50 (6+128),16,-12.0000,18393.0000,-220712.0400,O,Main Location
SI0001SI#001445,2026-05-17 00:00:00.000,Spark 50 5G (6+128),16,-5.0000,22071.0000,-110355.0000,O,Main Location
SI0001SI#001444,2026-05-17 00:00:00.000,Spark 50 (6+128),16,-1.0000,18870.0000,-18392.6700,O,Main Location
PI0001PI#000175,2026-05-17 00:00:00.000,Spark 50 (6+128),33,100.0000,18392.6700,1839267.0000,I,Main Location
SI0001SI#001445,2026-05-17 00:00:00.000,Spark 50 (4+128),16,-5.0000,16097.0000,-80486.7000,O,Main Location
SI0001SI#001442,2026-05-17 00:00:00.000,Spark 50 (4+128),16,-2.0000,16510.0000,-32194.6800,O,Main Location
SR0001SR#000024,2026-05-17 00:00:00.000,GO1 4+128,13,1.0000,.0000,11582.5100,I,Main Location
PI0001PI#000175,2026-05-17 00:00:00.000,Go 3 (4+64),33,100.0000,13792.0000,1379200.0000,I,Main Location
SI0001SI#001440,2026-05-17 00:00:00.000,Go 3 (4+64),16,-1.0000,14150.0000,-13355.9985,O,Main Location
SI0001SI#001445,2026-05-17 00:00:00.000,Camon 50 (8+256),16,-2.0000,35883.0000,-64389.4000,O,Main Location
SI0001SI#001443,2026-05-17 00:00:00.000,Camon 50 (8+128),16,-1.0000,33020.0000,-28516.1700,O,Main Location
SI0001SI#001442,2026-05-17 00:00:00.000,Camon 50 (8+128),16,-2.0000,33020.0000,-57032.3400,O,Main Location
SI0001SI#001441,2026-05-16 00:00:00.000,Spark40 (6+128),16,-1.0000,16050.0000,-15616.7256,O,Main Location
SI0001SI#001441,2026-05-16 00:00:00.000,Spark 50 (6+128),16,-3.0000,18870.0000,-55178.0100,O,Main Location
SI0001SI#001439,2026-05-16 00:00:00.000,Spark 50 (6+128),16,-2.0000,18870.0000,-36785.3400,O,Main Location
SI0001SI#001441,2026-05-16 00:00:00.000,Spark 50 (4+128),16,-2.0000,16510.0000,-32194.6800,O,Main Location
SI0001SI#001439,2026-05-16 00:00:00.000,Spark 50 (4+128),16,-1.0000,16510.0000,-16097.3400,O,Main Location
SI0001SI#001441,2026-05-16 00:00:00.000,Spark 40(8+256),16,-1.0000,16050.0000,-17465.3537,O,Main Location
SI0001SI#001441,2026-05-16 00:00:00.000,Camon 50 Ultra (8+256),16,-1.0000,44350.0000,-39551.7700,O,Main Location
SI0001SI#001441,2026-05-16 00:00:00.000,Camon 50 (8+128),16,-2.0000,33020.0000,-57032.3400,O,Main Location
SI0001SI#001439,2026-05-16 00:00:00.000,Camon 50 (8+128),16,-1.0000,33020.0000,-28516.1700,O,Main Location
SI0001SI#001485,2026-05-15 00:00:00.000,Spark 50 (6+128),16,-50.0000,18393.0000,-919633.5000,O,Main Location
SI0001SI#001438,2026-05-15 00:00:00.000,Spark 50 (6+128),16,-1.0000,18870.0000,-18392.6700,O,Main Location
SI0001SI#001437,2026-05-15 00:00:00.000,Go 3 (4+64),16,-2.0000,13792.0000,-26639.0872,O,Main Location
SI0001SI#001446,2026-05-14 00:00:00.000,Spark 50 5G (6+128),16,-2.0000,22640.0000,-44142.0000,O,Main Location
SI0001SI#001435,2026-05-14 00:00:00.000,Spark 50 5G (6+128),16,-1.0000,22640.0000,-22071.0000,O,Main Location
SI0001SI#001446,2026-05-14 00:00:00.000,Spark 50 (6+128),16,-2.0000,18870.0000,-36785.3400,O,Main Location
SI0001SI#001446,2026-05-14 00:00:00.000,Spark 50 (4+128),16,-1.0000,16510.0000,-16097.3400,O,Main Location
SI0001SI#001436,2026-05-14 00:00:00.000,Go 3 (4+64),16,-20.0000,13792.0000,-266390.8715,O,Main Location
SI0001SI#001447,2026-05-14 00:00:00.000,Camon 50 Ultra (8+256),16,-1.0000,43250.0000,-39551.7700,O,Main Location
PI0001PI#000174,2026-05-14 00:00:00.000,Camon 50 Ultra (8+256),33,2.0000,39551.7700,79103.5400,I,Main Location
PI0001PI#000174,2026-05-14 00:00:00.000,Camon 50 Ultra (12+256),33,8.0000,45986.7000,367893.6000,I,Main Location
SI0001SI#001447,2026-05-14 00:00:00.000,Camon 50 (8+128),16,-2.0000,33020.0000,-57032.3400,O,Main Location
SI0001SI#001433,2026-05-13 00:00:00.000,Spark 50 5G (6+128),16,-2.0000,22640.0000,-44142.0000,O,Main Location
SI0001SI#001429,2026-05-13 00:00:00.000,Spark 50 5G (6+128),16,-2.0000,22640.0000,-44142.0000,O,Main Location
SI0001SI#001428,2026-05-13 00:00:00.000,Spark 50 5G (6+128),16,-2.0000,22640.0000,-44142.0000,O,Main Location
SI0001SI#001434,2026-05-13 00:00:00.000,Spark 50 (6+128),16,-1.0000,18870.0000,-18392.6700,O,Main Location
SI0001SI#001432,2026-05-13 00:00:00.000,Spark 50 (6+128),16,-3.0000,18870.0000,-55178.0100,O,Main Location
SI0001SI#001431,2026-05-13 00:00:00.000,Spark 50 (6+128),16,-1.0000,18870.0000,-18392.6700,O,Main Location
SI0001SI#001429,2026-05-13 00:00:00.000,Spark 50 (6+128),16,-1.0000,18870.0000,-18392.6700,O,Main Location
SI0001SI#001428,2026-05-13 00:00:00.000,Spark 50 (6+128),16,-2.0000,18870.0000,-36785.3400,O,Main Location
PI0001PI#000173,2026-05-13 00:00:00.000,Spark 50 (6+128),33,100.0000,18392.6700,1839267.0000,I,Main Location
SI0001SI#001431,2026-05-13 00:00:00.000,Spark 50 (4+128),16,-1.0000,16510.0000,-16097.3400,O,Main Location
SI0001SI#001428,2026-05-13 00:00:00.000,Spark 50 (4+128),16,-2.0000,16510.0000,-32194.6800,O,Main Location
PI0001PI#000173,2026-05-13 00:00:00.000,Spark 50 (4+128),33,10.0000,16097.3400,160973.4000,I,Main Location
SI0001SI#001434,2026-05-13 00:00:00.000,Spark 40(8+256),16,-2.0000,18880.0000,-34930.7074,O,Main Location
SI0001SI#001484,2026-05-13 00:00:00.000,Spark 40 5G,16,-4.0000,16040.0000,-62545.1200,O,Main Location
SI0001SI#001434,2026-05-13 00:00:00.000,Spark 40 5G,16,-4.0000,16040.0000,-62545.1200,O,Main Location
SI0001SI#001433,2026-05-13 00:00:00.000,Pova Curve 2,16,-1.0000,34910.0000,-34038.9800,O,Main Location
SI0001SI#001483,2026-05-13 00:00:00.000,Pova Carve,16,-8.0000,31150.0000,-242963.7600,O,Main Location
SI0001SI#001428,2026-05-13 00:00:00.000,Pova Carve,16,-1.0000,31150.0000,-30370.4700,O,Main Location
SI0001SI#001430,2026-05-13 00:00:00.000,GO1 4+128,16,-3.0000,11845.0000,-34747.5300,O,Main Location
SI0001SI#001432,2026-05-13 00:00:00.000,Go 3 (4+64),16,-2.0000,14150.0000,-26639.0872,O,Main Location
SI0001SI#001431,2026-05-13 00:00:00.000,Go 3 (4+128),16,-2.0000,15570.0000,-26836.8666,O,Main Location
SI0001SI#001428,2026-05-13 00:00:00.000,Camon 50 Ultra (8+256),16,-1.0000,44350.0000,-39551.7700,O,Main Location
SI0001SI#001428,2026-05-13 00:00:00.000,Camon 50 Ultra (12+256),16,-1.0000,51900.0000,-45986.7000,O,Main Location
SI0001SI#001428,2026-05-13 00:00:00.000,Camon 50 (8+128),16,-2.0000,33020.0000,-57032.3400,O,Main Location
SI0001SI#001426,2026-05-12 00:00:00.000,Spark 50 (4+128),16,-2.0000,16510.0000,-32194.6800,O,Main Location
SI0001SI#001427,2026-05-12 00:00:00.000,Pova Carve,16,-4.0000,33020.0000,-121481.8800,O,Main Location
SI0001SI#001482,2026-05-12 00:00:00.000,Go 3 (4+128),16,-50.0000,14300.0000,-670921.6651,O,Main Location
SI0001SI#001427,2026-05-12 00:00:00.000,Camon40 Pro,16,-2.0000,26410.0000,-51409.9600,O,Main Location
SI0001SI#001425,2026-05-12 00:00:00.000,Camon 50 Ultra (8+256),16,-1.0000,44350.0000,-39551.7700,O,Main Location
SI0001SI#001427,2026-05-12 00:00:00.000,Camon 50 Ultra (8+256),16,-3.0000,44350.0000,-118655.3100,O,Main Location
SI0001SI#001427,2026-05-12 00:00:00.000,Camon 50 Ultra (12+256),16,-2.0000,51900.0000,-91973.4000,O,Main Location
SI0001SI#001482,2026-05-12 00:00:00.000,Camon 50 (8+128),16,-50.0000,29450.0000,-1425808.5000,O,Main Location
SI0001SI#001422,2026-05-11 00:00:00.000,Spark40 (6+128),16,-2.0000,16050.0000,-31233.4511,O,Main Location
PI0001PI#000172,2026-05-11 00:00:00.000,Spark 50 (6+128),33,76.0000,18392.6700,1397842.9200,I,Main Location
SI0001SI#001422,2026-05-11 00:00:00.000,Spark 50 (6+128),16,-2.0000,18870.0000,-36785.3400,O,Main Location
SI0001SI#001421,2026-05-11 00:00:00.000,Spark 50 (6+128),16,-1.0000,18870.0000,-18392.6700,O,Main Location
PI0001PI#000172,2026-05-11 00:00:00.000,Spark 50 (4+128),33,5.0000,16097.3400,80486.7000,I,Main Location
SI0001SI#001421,2026-05-11 00:00:00.000,Spark 50 (4+128),16,-1.0000,16510.0000,-16097.3400,O,Main Location
SI0001SI#001422,2026-05-11 00:00:00.000,Pova Carve,16,-1.0000,31150.0000,-30370.4700,O,Main Location
SI0001SI#001424,2026-05-11 00:00:00.000,GO1 4+64,16,-4.0000,10425.0000,-40776.8400,O,Main Location
SI0001SI#001424,2026-05-11 00:00:00.000,GO1 4+128,16,-10.0000,11845.0000,-115825.1000,O,Main Location
SI0001SI#001423,2026-05-11 00:00:00.000,GO1 4+128,16,-4.0000,11845.0000,-46330.0400,O,Main Location
SI0001SI#001424,2026-05-11 00:00:00.000,GO1 3+64,16,-1.0000,9480.0000,-9272.6000,O,Main Location
PI0001PI#000172,2026-05-11 00:00:00.000,Camon 50 Ultra (8+256),33,7.0000,39551.7700,276862.3900,I,Main Location
PI0001PI#000172,2026-05-11 00:00:00.000,Camon 50 Ultra (12+256),33,3.0000,45986.7000,137960.1000,I,Main Location
SI0001SI#001422,2026-05-11 00:00:00.000,Camon 50 (8+256),16,-1.0000,36800.0000,-32194.7000,O,Main Location
SI0001SI#001422,2026-05-11 00:00:00.000,Camon 50 (8+128),16,-2.0000,33020.0000,-57032.3400,O,Main Location
SI0001SI#001419,2026-05-10 00:00:00.000,Spark 50 (6+128),16,-2.0000,18870.0000,-36785.3400,O,Main Location
SI0001SI#001420,2026-05-10 00:00:00.000,Spark 50 (4+128),16,-1.0000,16510.0000,-16097.3400,O,Main Location
SI0001SI#001420,2026-05-10 00:00:00.000,Pova Carve,16,-1.0000,31150.0000,-30370.4700,O,Main Location
SI0001SI#001419,2026-05-10 00:00:00.000,Pova Carve,16,-1.0000,31150.0000,-30370.4700,O,Main Location
SI0001SI#001481,2026-05-10 00:00:00.000,Go 3 (4+64),16,-60.0000,12440.0000,-799172.6146,O,Main Location
SI0001SI#001420,2026-05-10 00:00:00.000,Go 3 (4+64),16,-1.0000,14150.0000,-13319.5436,O,Main Location
SI0001SI#001419,2026-05-10 00:00:00.000,Go 3 (4+64),16,-2.0000,14150.0000,-26639.0872,O,Main Location
SI0001SI#001419,2026-05-10 00:00:00.000,Go 3 (4+128),16,-1.0000,15570.0000,-13418.4333,O,Main Location
SI0001SI#001417,2026-05-09 00:00:00.000,Spark 50 5G (6+128),16,-2.0000,22640.0000,-44142.0000,O,Main Location
SI0001SI#001417,2026-05-09 00:00:00.000,Spark 50 (4+128),16,-1.0000,16510.0000,-16097.3400,O,Main Location
SI0001SI#001416,2026-05-09 00:00:00.000,Spark 50 (4+128),16,-1.0000,16510.0000,-16097.3400,O,Main Location
SI0001SI#001415,2026-05-09 00:00:00.000,Spark 50 (4+128),16,-3.0000,16510.0000,-48292.0200,O,Main Location
SI0001SI#001417,2026-05-09 00:00:00.000,Pova Carve,16,-1.0000,31150.0000,-30370.4700,O,Main Location
SI0001SI#001415,2026-05-09 00:00:00.000,Pova Carve,16,-2.0000,31150.0000,-60740.9400,O,Main Location
SI0001SI#001480,2026-05-09 00:00:00.000,Go 3 (4+64),16,-40.0000,12440.0000,-532781.7431,O,Main Location
SI0001SI#001480,2026-05-09 00:00:00.000,Camon 50 (8+128),16,-30.0000,29050.0000,-855485.1000,O,Main Location
SI0001SI#001413,2026-05-08 00:00:00.000,Spark40 (6+128),16,-2.0000,16050.0000,-31233.4511,O,Main Location
SI0001SI#001412,2026-05-08 00:00:00.000,Spark40 (6+128),16,-10.0000,16050.0000,-156167.2556,O,Main Location
SI0001SI#001409,2026-05-08 00:00:00.000,Spark40 (6+128),16,-1.0000,16050.0000,-15616.7256,O,Main Location
SI0001SI#001409,2026-05-08 00:00:00.000,Spark 50 5G (6+128),16,-1.0000,22640.0000,-22071.0000,O,Main Location
SI0001SI#001407,2026-05-08 00:00:00.000,Spark 50 5G (6+128),16,-1.0000,22640.0000,-22071.0000,O,Main Location
SI0001SI#001413,2026-05-08 00:00:00.000,Spark 50 (6+128),16,-1.0000,18870.0000,-18392.6700,O,Main Location
SI0001SI#001411,2026-05-08 00:00:00.000,Spark 50 (6+128),16,-1.0000,18870.0000,-18392.6700,O,Main Location
SI0001SI#001410,2026-05-08 00:00:00.000,Spark 50 (6+128),16,-10.0000,18393.0000,-183926.7000,O,Main Location
SI0001SI#001409,2026-05-08 00:00:00.000,Spark 50 (6+128),16,-1.0000,19999.0000,-18392.6700,O,Main Location
SI0001SI#001408,2026-05-08 00:00:00.000,Spark 50 (6+128),16,-1.0000,18870.0000,-18392.6700,O,Main Location
SI0001SI#001407,2026-05-08 00:00:00.000,Spark 50 (6+128),16,-2.0000,18870.0000,-36785.3400,O,Main Location
SI0001SI#001413,2026-05-08 00:00:00.000,Spark 40(8+256),16,-2.0000,18880.0000,-34930.7074,O,Main Location
SI0001SI#001414,2026-05-08 00:00:00.000,Spark 40(8+256),16,-10.0000,18880.0000,-174653.5371,O,Main Location
SI0001SI#001409,2026-05-08 00:00:00.000,Spark 40(8+256),16,-1.0000,18880.0000,-17465.3537,O,Main Location
SI0001SI#001409,2026-05-08 00:00:00.000,Pova Curve 2,16,-1.0000,34910.0000,-34038.9800,O,Main Location
SI0001SI#001411,2026-05-08 00:00:00.000,Pova Carve,16,-1.0000,31150.0000,-30370.4700,O,Main Location
SI0001SI#001408,2026-05-08 00:00:00.000,Pova Carve,16,-1.0000,31150.0000,-30370.4700,O,Main Location
SI0001SI#001407,2026-05-08 00:00:00.000,Pova Carve,16,-1.0000,31150.0000,-30370.4700,O,Main Location
SI0001SI#001418,2026-05-08 00:00:00.000,GO1 4+128,16,-5.0000,11845.0000,-57912.5500,O,Main Location
SI0001SI#001479,2026-05-08 00:00:00.000,Go 3 (4+64),16,-20.0000,12440.0000,-266390.8715,O,Main Location
SI0001SI#001411,2026-05-08 00:00:00.000,Go 3 (4+64),16,-1.0000,14150.0000,-13319.5436,O,Main Location
SI0001SI#001410,2026-05-08 00:00:00.000,Go 3 (4+64),16,-8.0000,13792.0000,-106556.3486,O,Main Location
SI0001SI#001407,2026-05-08 00:00:00.000,Go 3 (4+64),16,-2.0000,14150.0000,-26639.0872,O,Main Location
SI0001SI#001410,2026-05-08 00:00:00.000,Go 3 (4+128),16,-10.0000,15185.0000,-134184.3330,O,Main Location
SI0001SI#001409,2026-05-08 00:00:00.000,Go 3 (4+128),16,-1.0000,16499.0000,-13418.4333,O,Main Location
SI0001SI#001410,2026-05-08 00:00:00.000,Camon 50 (8+256),16,-2.0000,35883.0000,-64389.4000,O,Main Location
SI0001SI#001411,2026-05-08 00:00:00.000,Camon 50 (8+128),16,-1.0000,33020.0000,-28516.1700,O,Main Location
SI0001SI#001410,2026-05-08 00:00:00.000,Camon 50 (8+128),16,-2.0000,32195.0000,-57032.3400,O,Main Location
SI0001SI#001409,2026-05-08 00:00:00.000,Camon 50 (8+128),16,-2.0000,33020.0000,-57032.3400,O,Main Location
SI0001SI#001405,2026-05-07 00:00:00.000,Spark40 (6+128),16,-2.0000,16050.0000,-31233.4511,O,Main Location
SI0001SI#001405,2026-05-07 00:00:00.000,Spark 50 (6+128),16,-3.0000,18870.0000,-55178.0100,O,Main Location
SI0001SI#001403,2026-05-07 00:00:00.000,Spark 50 (6+128),16,-1.0000,18870.0000,-18392.6700,O,Main Location
PI0001PI#000171,2026-05-07 00:00:00.000,Spark 50 (4+128),33,15.0000,16097.3400,241460.1000,I,Main Location
SI0001SI#001404,2026-05-07 00:00:00.000,Pova Carve,16,-2.0000,31150.0000,-60740.9400,O,Main Location
SI0001SI#001406,2026-05-07 00:00:00.000,Pova Carve,16,-3.0000,31150.0000,-91111.4100,O,Main Location
SI0001SI#001478,2026-05-07 00:00:00.000,Go 3 (4+64),16,-80.0000,12440.0000,-1065563.4862,O,Main Location
SI0001SI#001404,2026-05-07 00:00:00.000,Camon 50 (8+128),16,-1.0000,33020.0000,-28516.1700,O,Main Location
SI0001SI#001399,2026-05-06 00:00:00.000,Spark40 (6+128),16,-2.0000,16050.0000,-31233.4511,O,Main Location
SI0001SI#001401,2026-05-06 00:00:00.000,Spark40 (6+128),16,-1.0000,16050.0000,-15616.7256,O,Main Location
SI0001SI#001398,2026-05-06 00:00:00.000,Spark40 (6+128),16,-5.0000,16050.0000,-78083.6278,O,Main Location
SI0001SI#001399,2026-05-06 00:00:00.000,Spark 50 (6+128),16,-2.0000,18870.0000,-36785.3400,O,Main Location
SI0001SI#001401,2026-05-06 00:00:00.000,Spark 50 (6+128),16,-1.0000,18870.0000,-18392.6700,O,Main Location
SI0001SI#001397,2026-05-06 00:00:00.000,Spark 50 (6+128),16,-30.0000,18870.0000,-551780.1000,O,Main Location
SI0001SI#001400,2026-05-06 00:00:00.000,Spark 50 (6+128),16,-1.0000,18870.0000,-18392.6700,O,Main Location
SI0001SI#001399,2026-05-06 00:00:00.000,Spark 40(8+256),16,-1.0000,18880.0000,-17465.3537,O,Main Location
SI0001SI#001401,2026-05-06 00:00:00.000,Spark 40(8+256),16,-1.0000,18880.0000,-17465.3537,O,Main Location
SI0001SI#001397,2026-05-06 00:00:00.000,Spark 40 5G,16,-30.0000,16040.0000,-469088.4000,O,Main Location
SI0001SI#001399,2026-05-06 00:00:00.000,Pova Curve 2 (8+128),16,-1.0000,34910.0000,-34038.9800,O,Main Location
SI0001SI#001400,2026-05-06 00:00:00.000,Pova Curve 2,16,-1.0000,37740.0000,-34038.9800,O,Main Location
SI0001SI#001399,2026-05-06 00:00:00.000,Pova Carve,16,-2.0000,31150.0000,-60740.9400,O,Main Location
SI0001SI#001400,2026-05-06 00:00:00.000,Pova Carve,16,-1.0000,31150.0000,-30370.4700,O,Main Location
SI0001SI#001401,2026-05-06 00:00:00.000,Go 3 (4+64),16,-1.0000,14150.0000,-13319.5436,O,Main Location
SI0001SI#001396,2026-05-05 00:00:00.000,Spark40 (6+128),16,-2.0000,16050.0000,-31233.4511,O,Main Location
SI0001SI#001395,2026-05-05 00:00:00.000,Spark 50 5G (6+128),16,-1.0000,22640.0000,-22071.0000,O,Main Location
SI0001SI#001396,2026-05-05 00:00:00.000,Spark 50 (6+128),16,-1.0000,18870.0000,-18392.6700,O,Main Location
SI0001SI#001395,2026-05-05 00:00:00.000,Spark 50 (6+128),16,-1.0000,18870.0000,-18392.6700,O,Main Location
SI0001SI#001393,2026-05-05 00:00:00.000,Spark 50 (6+128),16,-4.0000,18870.0000,-73570.6800,O,Main Location
SI0001SI#001396,2026-05-05 00:00:00.000,Spark 50 (4+128),16,-3.0000,16510.0000,-48292.0200,O,Main Location
SI0001SI#001395,2026-05-05 00:00:00.000,Spark 50 (4+128),16,-1.0000,16510.0000,-16097.3400,O,Main Location
SI0001SI#001396,2026-05-05 00:00:00.000,Spark 40(8+256),16,-2.0000,18880.0000,-34930.7074,O,Main Location
SI0001SI#001394,2026-05-05 00:00:00.000,Pova Slim,16,-1.0000,28300.0000,-27594.0200,O,Main Location
SI0001SI#001396,2026-05-05 00:00:00.000,Pova Curve 2 (8+128),16,-1.0000,34910.0000,-34038.9800,O,Main Location
SI0001SI#001396,2026-05-05 00:00:00.000,Go 3 (4+64),16,-3.0000,14150.0000,-39958.6307,O,Main Location
SI0001SI#001395,2026-05-05 00:00:00.000,Go 3 (4+64),16,-1.0000,14150.0000,-13319.5436,O,Main Location
SI0001SI#001393,2026-05-05 00:00:00.000,Go 3 (4+64),16,-4.0000,14150.0000,-53278.1743,O,Main Location
SI0001SI#001396,2026-05-05 00:00:00.000,Go 3 (4+128),16,-2.0000,15570.0000,-26836.8666,O,Main Location
SI0001SI#001395,2026-05-05 00:00:00.000,Go 3 (4+128),16,-1.0000,15570.0000,-13418.4333,O,Main Location
SI0001SI#001396,2026-05-05 00:00:00.000,Camon 50 (8+128),16,-2.0000,33020.0000,-57032.3400,O,Main Location
SI0001SI#001391,2026-05-04 00:00:00.000,Spark 50 (6+128),16,-1.0000,18393.0000,-18392.6700,O,Main Location
SI0001SI#001388,2026-05-04 00:00:00.000,Spark 50 (6+128),16,-1.0000,18870.0000,-18392.6700,O,Main Location
SI0001SI#001389,2026-05-04 00:00:00.000,Spark 50 (4+128),16,-1.0000,16510.0000,-16097.3400,O,Main Location
SI0001SI#001389,2026-05-04 00:00:00.000,Spark 40 5G,16,-1.0000,16040.0000,-15636.2800,O,Main Location
SI0001SI#001392,2026-05-04 00:00:00.000,Go 3 (4+64),16,-4.0000,14150.0000,-53278.1743,O,Main Location
SI0001SI#001390,2026-05-04 00:00:00.000,Go 3 (4+128),16,-1.0000,15570.0000,-13418.4333,O,Main Location
SI0001SI#001402,2026-05-03 00:00:00.000,Pova Carve,16,-2.0000,31150.0000,-60740.9400,O,Main Location
SI0001SI#001387,2026-05-03 00:00:00.000,Go 3 (4+128),16,-1.0000,15570.0000,-13418.4333,O,Main Location
SI0001SI#001386,2026-05-02 00:00:00.000,Camon40 Pro,16,-2.0000,26410.0000,-51409.9600,O,Main Location
SI0001SI#001385,2026-05-01 00:00:00.000,Camon40 Pro,16,-15.0000,26410.0000,-385574.7000,O,Main Location
PI0001PI#000169,2026-04-30 00:00:00.000,Spark 50 5G (6+128),33,25.0000,22071.0000,551775.0000,I,Main Location
PI0001PI#000169,2026-04-30 00:00:00.000,Spark 50 (6+128),33,120.0000,18392.6700,2207120.4000,I,Main Location
SI0001SI#001384,2026-04-30 00:00:00.000,Pova Carve,16,-1.0000,31150.0000,-30370.4700,O,Main Location
PI0001PI#000170,2026-04-30 00:00:00.000,Go 3 (4+64),33,145.0000,13792.0000,1999840.0000,I,Main Location
PI0001PI#000169,2026-04-30 00:00:00.000,Go 3 (4+64),33,150.0000,13792.0000,2068800.0000,I,Main Location
PI0001PI#000169,2026-04-30 00:00:00.000,Go 3 (4+128),33,20.0000,15186.0000,303720.0000,I,Main Location
PI0001PI#000170,2026-04-30 00:00:00.000,Camon40 Pro,33,19.0000,25704.9800,488394.6200,I,Main Location
SI0001SI#001380,2026-04-29 00:00:00.000,Spark 40(8+256),16,-1.0000,18870.0000,-17465.3537,O,Main Location
SI0001SI#001381,2026-04-29 00:00:00.000,GO1 4+128,16,-5.0000,11845.0000,-57912.5500,O,Main Location
SI0001SI#001382,2026-04-29 00:00:00.000,Go 3 (4+64),16,-5.0000,14150.0000,-65992.7932,O,Main Location
SI0001SI#001378,2026-04-28 00:00:00.000,Spark 50 (6+128),16,-1.0000,18870.0000,-18392.6700,O,Main Location
SI0001SI#001378,2026-04-28 00:00:00.000,Spark 50 (4+128),16,-1.0000,16510.0000,-16097.3400,O,Main Location
SI0001SI#001379,2026-04-28 00:00:00.000,Pova Curve 2 (8+128),16,-3.0000,34910.0000,-102116.9400,O,Main Location
PI0001PI#000168,2026-04-28 00:00:00.000,Go 3 (4+64),33,780.0000,13792.0000,10757760.0000,I,Main Location
SI0001SI#001374,2026-04-27 00:00:00.000,Spark40 (6+128),16,-1.0000,16050.0000,-15616.7256,O,Main Location
SI0001SI#001377,2026-04-27 00:00:00.000,Spark 50 (6+128),16,-1.0000,18870.0000,-18392.6700,O,Main Location
SI0001SI#001375,2026-04-27 00:00:00.000,Spark 50 (6+128),16,-1.0000,18870.0000,-18392.6700,O,Main Location
SI0001SI#001375,2026-04-27 00:00:00.000,Spark 50 (4+128),16,-3.0000,16510.0000,-48292.0200,O,Main Location
SI0001SI#001373,2026-04-26 00:00:00.000,Spark 50 5G (6+128),16,-2.0000,22071.0000,-44142.0000,O,Main Location
SI0001SI#001373,2026-04-26 00:00:00.000,Spark 50 (6+128),16,-3.0000,18393.0000,-55178.0100,O,Main Location
SI0001SI#001370,2026-04-24 00:00:00.000,Spark40 (6+128),16,-20.0000,16050.0000,-312334.5112,O,Main Location
SI0001SI#001369,2026-04-24 00:00:00.000,Spark 50 (6+128),16,-1.0000,18870.0000,-18392.6700,O,Main Location
SR0001SR#000023,2026-04-24 00:00:00.000,Spark 40 5G,13,18.0000,.0000,281453.0400,I,Main Location
SI0001SI#001372,2026-04-24 00:00:00.000,Go 3 (4+64),16,-300.0000,13112.0000,-3591224.6809,O,Main Location
SI0001SI#001371,2026-04-24 00:00:00.000,Go 3 (4+64),16,-17.0000,13792.0000,-203502.7319,O,Main Location
SI0001SI#001365,2026-04-23 00:00:00.000,Spark 50 (6+128),16,-2.0000,18393.0000,-36785.3400,O,Main Location
SI0001SI#001366,2026-04-23 00:00:00.000,Spark 40(8+256),16,-5.0000,18880.0000,-87326.7685,O,Main Location
SI0001SI#001368,2026-04-23 00:00:00.000,Pova Slim,16,-20.0000,27594.0000,-551880.4000,O,Main Location
SI0001SI#001367,2026-04-23 00:00:00.000,Pova Slim,16,-2.0000,28300.0000,-55188.0400,O,Main Location
SI0001SI#001368,2026-04-23 00:00:00.000,Pova Carve,16,-20.0000,30370.0000,-607409.4000,O,Main Location
SI0001SI#001364,2026-04-22 00:00:00.000,Spark40 (6+128),16,-20.0000,16050.0000,-312334.5112,O,Main Location
SI0001SI#001363,2026-04-22 00:00:00.000,Spark40 (6+128),16,-10.0000,16050.0000,-156167.2556,O,Main Location
SI0001SI#001361,2026-04-22 00:00:00.000,Spark 50 (6+128),16,-2.0000,18870.0000,-36785.3400,O,Main Location
SI0001SI#001362,2026-04-22 00:00:00.000,Go 3 (4+64),16,-1.0000,13680.0000,-11970.7489,O,Main Location
SI0001SI#001358,2026-04-21 00:00:00.000,Spark40 (6+128),16,-5.0000,16050.0000,-78083.6278,O,Main Location
SI0001SI#001356,2026-04-21 00:00:00.000,Spark40 (6+128),16,-5.0000,16050.0000,-78083.6278,O,Main Location
SI0001SI#001357,2026-04-21 00:00:00.000,Spark 50 5G (6+128),16,-1.0000,22640.0000,-22071.0000,O,Main Location
SI0001SI#001357,2026-04-21 00:00:00.000,Spark 50 (6+128),16,-2.0000,18870.0000,-36785.3400,O,Main Location
SI0001SI#001355,2026-04-21 00:00:00.000,Spark 50 (6+128),16,-2.0000,18393.0000,-36785.3400,O,Main Location
PI0001PI#000165,2026-04-21 00:00:00.000,Spark 50 (4+128),33,10.0000,16097.3400,160973.4000,I,Main Location
SI0001SI#001359,2026-04-21 00:00:00.000,Spark 40(8+256),16,-1.0000,18880.0000,-17465.3537,O,Main Location
PI0001PI#000166,2026-04-21 00:00:00.000,Pova Curve 2 (8+128),33,10.0000,34038.9800,340389.8000,I,Main Location
SI0001SI#001360,2026-04-21 00:00:00.000,Pova Carve,16,-2.0000,31150.0000,-60740.9400,O,Main Location
SI0001SI#001383,2026-04-21 00:00:00.000,Go 3 (4+64),16,-1.0000,10390.0000,-11970.7489,O,Main Location
SI0001SI#001354,2026-04-21 00:00:00.000,Go 3 (4+64),16,-1.0000,14150.0000,-11970.7489,O,Main Location
SI0001SI#001356,2026-04-21 00:00:00.000,Camon 50 Ultra (12+256),16,-1.0000,51900.0000,-45986.7000,O,Main Location
SI0001SI#001351,2026-04-20 00:00:00.000,Spark40 (6+128),16,-50.0000,15656.0000,-780836.2781,O,Main Location
SI0001SI#001351,2026-04-20 00:00:00.000,Spark 40 5G,16,-50.0000,15636.0000,-781814.0000,O,Main Location
SI0001SI#001351,2026-04-20 00:00:00.000,Pova Slim,16,-25.0000,27594.0000,-689850.5000,O,Main Location
SI0001SI#001351,2026-04-20 00:00:00.000,Pova Carve,16,-25.0000,30370.0000,-759261.7500,O,Main Location
SI0001SI#001348,2026-04-19 00:00:00.000,Spark40 (6+128),16,-1.0000,16050.0000,-15616.7256,O,Main Location
SI0001SI#001349,2026-04-19 00:00:00.000,Spark 50 5G (6+128),16,-1.0000,22640.0000,-22071.0000,O,Main Location
SI0001SI#001348,2026-04-19 00:00:00.000,Spark 50 (6+128),16,-1.0000,18870.0000,-18392.6700,O,Main Location
SI0001SI#001349,2026-04-19 00:00:00.000,Spark 50 (4+128),16,-1.0000,16510.0000,-16097.3400,O,Main Location
SI0001SI#001346,2026-04-19 00:00:00.000,Spark 50 (4+128),16,-1.0000,16510.0000,-16097.3400,O,Main Location
SI0001SI#001345,2026-04-19 00:00:00.000,Spark 50 (4+128),16,-1.0000,16510.0000,-16097.3400,O,Main Location
SI0001SI#001348,2026-04-19 00:00:00.000,Spark 40(8+256),16,-1.0000,18880.0000,-17465.3537,O,Main Location
SI0001SI#001347,2026-04-19 00:00:00.000,Pova Curve 2,16,-1.0000,37740.0000,-34038.9800,O,Main Location
SI0001SI#001349,2026-04-19 00:00:00.000,Pova Carve,16,-1.0000,31150.0000,-30370.4700,O,Main Location
SI0001SI#001350,2026-04-19 00:00:00.000,Go 3 (4+64),16,-5.0000,14150.0000,-59853.7447,O,Main Location
SI0001SI#001349,2026-04-19 00:00:00.000,Go 3 (4+64),16,-2.0000,14150.0000,-23941.4979,O,Main Location
SI0001SI#001347,2026-04-19 00:00:00.000,Camon 50 (8+256),16,-1.0000,36800.0000,-32194.7000,O,Main Location
SI0001SI#001349,2026-04-19 00:00:00.000,Camon 50 (8+128),16,-1.0000,33020.0000,-28516.1700,O,Main Location
SI0001SI#001347,2026-04-19 00:00:00.000,Camon 50 (8+128),16,-1.0000,33020.0000,-28516.1700,O,Main Location
SI0001SI#001339,2026-04-17 00:00:00.000,Spark40 (6+128),16,-10.0000,16050.0000,-156167.2556,O,Main Location
SI0001SI#001342,2026-04-17 00:00:00.000,Spark40 (6+128),16,-2.0000,16050.0000,-31233.4511,O,Main Location
SI0001SI#001341,2026-04-17 00:00:00.000,Spark40 (6+128),16,-2.0000,16050.0000,-31233.4511,O,Main Location
SI0001SI#001340,2026-04-17 00:00:00.000,Spark40 (6+128),16,-1.0000,16050.0000,-15616.7256,O,Main Location
SI0001SI#001342,2026-04-17 00:00:00.000,Spark 50 (6+128),16,-2.0000,18870.0000,-36785.3400,O,Main Location
SI0001SI#001342,2026-04-17 00:00:00.000,Spark 50 (4+128),16,-1.0000,16510.0000,-16097.3400,O,Main Location
SI0001SI#001342,2026-04-17 00:00:00.000,Spark 40(8+256),16,-1.0000,18880.0000,-17465.3537,O,Main Location
SI0001SI#001341,2026-04-17 00:00:00.000,Spark 40(8+256),16,-2.0000,18880.0000,-34930.7074,O,Main Location
SI0001SI#001339,2026-04-17 00:00:00.000,Pova Slim,16,-5.0000,28300.0000,-137970.1000,O,Main Location
SI0001SI#001342,2026-04-17 00:00:00.000,Pova Slim,16,-2.0000,28300.0000,-55188.0400,O,Main Location
SI0001SI#001341,2026-04-17 00:00:00.000,Pova Carve,16,-1.0000,31150.0000,-30370.4700,O,Main Location
PI0001PI#000163,2026-04-17 00:00:00.000,Go 3 (4+64),33,5.0000,13792.0000,68960.0000,I,Main Location
SI0001SI#001340,2026-04-17 00:00:00.000,Go 3 (4+64),16,-1.0000,14150.0000,-11970.7489,O,Main Location
SI0001SI#001337,2026-04-16 00:00:00.000,Spark40 (6+128),16,-1.0000,16050.0000,-15616.7256,O,Main Location
SI0001SI#001336,2026-04-16 00:00:00.000,Spark40 (6+128),16,-4.0000,16050.0000,-62466.9022,O,Main Location
SI0001SI#001333,2026-04-16 00:00:00.000,Spark40 (6+128),16,-6.0000,16050.0000,-93700.3534,O,Main Location
SI0001SI#001332,2026-04-16 00:00:00.000,Spark40 (6+128),16,-2.0000,16050.0000,-31233.4511,O,Main Location
SI0001SI#001336,2026-04-16 00:00:00.000,Spark 50 5G (6+128),16,-1.0000,22640.0000,-22071.0000,O,Main Location
SI0001SI#001337,2026-04-16 00:00:00.000,Spark 50 (6+128),16,-3.0000,18870.0000,-55178.0100,O,Main Location
SI0001SI#001333,2026-04-16 00:00:00.000,Spark 50 (6+128),16,-3.0000,18870.0000,-55178.0100,O,Main Location
SI0001SI#001337,2026-04-16 00:00:00.000,Spark 50 (4+128),16,-2.0000,16510.0000,-32194.6800,O,Main Location
SI0001SI#001337,2026-04-16 00:00:00.000,Spark 40(8+256),16,-1.0000,18880.0000,-17465.3537,O,Main Location
SI0001SI#001336,2026-04-16 00:00:00.000,Spark 40(8+256),16,-3.0000,18880.0000,-52396.0611,O,Main Location
SI0001SI#001336,2026-04-16 00:00:00.000,Pova Slim,16,-2.0000,28300.0000,-55188.0400,O,Main Location
SI0001SI#001335,2026-04-16 00:00:00.000,Pova Slim,16,-5.0000,28300.0000,-137970.1000,O,Main Location
SI0001SI#001338,2026-04-16 00:00:00.000,Pova Curve 2,16,-3.0000,37740.0000,-102116.9400,O,Main Location
SI0001SI#001338,2026-04-16 00:00:00.000,Pova Carve,16,-2.0000,31150.0000,-60740.9400,O,Main Location
SI0001SI#001336,2026-04-16 00:00:00.000,Pova Carve,16,-1.0000,31150.0000,-30370.4700,O,Main Location
SI0001SI#001334,2026-04-16 00:00:00.000,Pova Carve,16,-7.0000,31150.0000,-212593.2900,O,Main Location
SI0001SI#001333,2026-04-16 00:00:00.000,Go2,16,-5.0000,10375.0000,-50718.0434,O,Main Location
SI0001SI#001331,2026-04-16 00:00:00.000,Go2,16,-1.0000,10390.0000,-10143.6087,O,Main Location
SI0001SI#001333,2026-04-16 00:00:00.000,GO1 4+128,16,-5.0000,11845.0000,-57912.5500,O,Main Location
SI0001SI#001344,2026-04-16 00:00:00.000,Go 3 (4+64),16,-20.0000,13112.0000,-239154.8000,O,Main Location
SI0001SI#001330,2026-04-15 00:00:00.000,Spark40 (6+128),16,-160.0000,16050.0000,-2498676.0899,O,Main Location
SI0001SI#001327,2026-04-15 00:00:00.000,Spark40 (6+128),16,-3.0000,16050.0000,-46850.1767,O,Main Location
SI0001SI#001325,2026-04-15 00:00:00.000,Spark40 (6+128),16,-50.0000,16050.0000,-780836.2781,O,Main Location
SI0001SI#001329,2026-04-15 00:00:00.000,Spark 50 5G (6+128),16,-1.0000,22640.0000,-22071.0000,O,Main Location
SI0001SI#001328,2026-04-15 00:00:00.000,Spark 50 5G (6+128),16,-1.0000,22640.0000,-22071.0000,O,Main Location
SI0001SI#001326,2026-04-15 00:00:00.000,Spark 50 (6+128),16,-1.0000,18870.0000,-18392.6700,O,Main Location
SI0001SI#001325,2026-04-15 00:00:00.000,Spark 40(8+256),16,-10.0000,18880.0000,-174653.5371,O,Main Location
SI0001SI#001353,2026-04-15 00:00:00.000,Live Demo Spark 50 5G,16,-1.0000,16800.0000,-16800.0000,O,Main Location
SI0001SI#001352,2026-04-15 00:00:00.000,Live Demo Spark 50 5G,16,-1.0000,16800.0000,-16800.0000,O,Main Location
PI0001PI#000164,2026-04-15 00:00:00.000,Live Demo Spark 50 5G,33,2.0000,16800.0000,33600.0000,I,Main Location
SI0001SI#001353,2026-04-15 00:00:00.000,Live Demo Spark 50 (4+128),16,-1.0000,12250.0000,-12250.0000,O,Main Location
SI0001SI#001352,2026-04-15 00:00:00.000,Live Demo Spark 50 (4+128),16,-1.0000,12250.0000,-12250.0000,O,Main Location
PI0001PI#000164,2026-04-15 00:00:00.000,Live Demo Spark 50 (4+128),33,2.0000,12250.0000,24500.0000,I,Main Location
SI0001SI#001343,2026-04-15 00:00:00.000,Go 3 (4+64),16,-100.0000,13792.0000,-1195774.0000,O,Main Location
SI0001SI#001326,2026-04-15 00:00:00.000,Go 3 (4+64),16,-1.0000,14150.0000,-11957.7400,O,Main Location
SI0001SI#001327,2026-04-15 00:00:00.000,Camon 50 (8+128),16,-2.0000,33020.0000,-57032.3400,O,Main Location
SI0001SI#001324,2026-04-14 00:00:00.000,Spark 50 5G (6+128),16,-4.0000,22640.0000,-88284.0000,O,Main Location
SI0001SI#001322,2026-04-14 00:00:00.000,Spark 50 (6+128),16,-1.0000,18870.0000,-18392.6700,O,Main Location
SI0001SI#001323,2026-04-14 00:00:00.000,Pova Slim,16,-6.0000,28300.0000,-165564.1200,O,Main Location
SI0001SI#001324,2026-04-14 00:00:00.000,GO1 4+64,16,-3.0000,10425.0000,-30582.6300,O,Main Location
SI0001SI#001324,2026-04-14 00:00:00.000,GO1 4+128,16,-2.0000,11845.0000,-23165.0200,O,Main Location
SI0001SI#001321,2026-04-13 00:00:00.000,Spark40 (6+128),16,-50.0000,15656.0000,-780836.2781,O,Main Location
SI0001SI#001319,2026-04-13 00:00:00.000,Spark40 (6+128),16,-1.0000,16050.0000,-15616.7256,O,Main Location
PI0001PI#000162,2026-04-13 00:00:00.000,Spark 50 5G (6+128),33,20.0000,22071.0000,441420.0000,I,Main Location
SI0001SI#001319,2026-04-13 00:00:00.000,Spark 50 (6+128),16,-1.0000,18870.0000,-18392.6700,O,Main Location
SI0001SI#001319,2026-04-13 00:00:00.000,Spark 40(8+256),16,-1.0000,18880.0000,-17465.3537,O,Main Location
SI0001SI#001320,2026-04-13 00:00:00.000,Pova Slim,16,-1.0000,28300.0000,-27594.0200,O,Main Location
SI0001SI#001321,2026-04-13 00:00:00.000,Go 3 (4+64),16,-100.0000,13112.0000,-1195774.0000,O,Main Location
SI0001SI#001318,2026-04-12 00:00:00.000,Spark 50 (6+128),16,-1.0000,18870.0000,-18392.6700,O,Main Location
SI0001SI#001317,2026-04-12 00:00:00.000,Spark 50 (6+128),16,-1.0000,18870.0000,-18392.6700,O,Main Location
SI0001SI#001318,2026-04-12 00:00:00.000,Spark 50 (4+128),16,-1.0000,16510.0000,-16097.3400,O,Main Location
SI0001SI#001317,2026-04-12 00:00:00.000,Spark 50 (4+128),16,-1.0000,16510.0000,-16097.3400,O,Main Location
SI0001SI#001316,2026-04-12 00:00:00.000,Spark 40(8+256),16,-1.0000,18880.0000,-17465.3537,O,Main Location
SI0001SI#001316,2026-04-12 00:00:00.000,Pova Slim,16,-2.0000,28300.0000,-55188.0400,O,Main Location
SI0001SI#001314,2026-04-10 00:00:00.000,Spark40 (6+128),16,-3.0000,16050.0000,-46850.1767,O,Main Location
SI0001SI#001311,2026-04-10 00:00:00.000,Spark40 (6+128),16,-20.0000,16050.0000,-312334.5112,O,Main Location
SI0001SI#001310,2026-04-10 00:00:00.000,Spark40 (6+128),16,-2.0000,16050.0000,-31233.4511,O,Main Location
SI0001SI#001309,2026-04-10 00:00:00.000,Spark40 (6+128),16,-1.0000,16050.0000,-15616.7256,O,Main Location
SI0001SI#001314,2026-04-10 00:00:00.000,Spark 50 (6+128),16,-4.0000,18870.0000,-73570.6800,O,Main Location
SI0001SI#001313,2026-04-10 00:00:00.000,Spark 50 (6+128),16,-1.0000,18870.0000,-18392.6700,O,Main Location
SI0001SI#001312,2026-04-10 00:00:00.000,Spark 50 (6+128),16,-2.0000,18870.0000,-36785.3400,O,Main Location
SI0001SI#001309,2026-04-10 00:00:00.000,Spark 50 (6+128),16,-1.0000,18870.0000,-18392.6700,O,Main Location
SI0001SI#001308,2026-04-10 00:00:00.000,Spark 50 (6+128),16,-1.0000,18870.0000,-18392.6700,O,Main Location
PI0001PI#000160,2026-04-10 00:00:00.000,Spark 50 (6+128),33,65.0000,18392.6700,1195523.5500,I,Main Location
SI0001SI#001314,2026-04-10 00:00:00.000,Spark 50 (4+128),16,-3.0000,16510.0000,-48292.0200,O,Main Location
SI0001SI#001313,2026-04-10 00:00:00.000,Spark 50 (4+128),16,-1.0000,16510.0000,-16097.3400,O,Main Location
SI0001SI#001312,2026-04-10 00:00:00.000,Spark 50 (4+128),16,-1.0000,16510.0000,-16097.3400,O,Main Location
SI0001SI#001309,2026-04-10 00:00:00.000,Spark 50 (4+128),16,-1.0000,16510.0000,-16097.3400,O,Main Location
SI0001SI#001308,2026-04-10 00:00:00.000,Spark 50 (4+128),16,-1.0000,16510.0000,-16097.3400,O,Main Location
PI0001PI#000160,2026-04-10 00:00:00.000,Spark 50 (4+128),33,15.0000,16097.3400,241460.1000,I,Main Location
SI0001SI#001314,2026-04-10 00:00:00.000,Pova Slim,16,-2.0000,28300.0000,-55188.0400,O,Main Location
SI0001SI#001315,2026-04-10 00:00:00.000,Go 3 (4+64),16,-30.0000,11958.0000,-358732.2000,O,Main Location
SI0001SI#001314,2026-04-10 00:00:00.000,Go 3 (4+64),16,-4.0000,12270.0000,-47830.9600,O,Main Location
SI0001SI#001303,2026-04-09 00:00:00.000,Spark40 (6+128),16,-1.0000,16050.0000,-15616.7256,O,Main Location
SI0001SI#001306,2026-04-09 00:00:00.000,Spark40 (6+128),16,-2.0000,16050.0000,-31233.4511,O,Main Location
SI0001SI#001307,2026-04-09 00:00:00.000,Pova Slim,16,-1.0000,28300.0000,-27594.0200,O,Main Location
SI0001SI#001305,2026-04-09 00:00:00.000,Pova Slim,16,-2.0000,28300.0000,-55188.0400,O,Main Location
SI0001SI#001305,2026-04-09 00:00:00.000,Pova Curve 2,16,-2.0000,34910.0000,-68077.9600,O,Main Location
SI0001SI#001304,2026-04-09 00:00:00.000,Pova Curve 2,16,-1.0000,34910.0000,-34038.9800,O,Main Location
SI0001SI#001305,2026-04-09 00:00:00.000,Pova Carve,16,-2.0000,31150.0000,-60740.9400,O,Main Location
SI0001SI#001304,2026-04-09 00:00:00.000,Pova Carve,16,-1.0000,31150.0000,-30370.4700,O,Main Location
SI0001SI#001303,2026-04-09 00:00:00.000,Camon 50 (8+256),16,-1.0000,33020.0000,-32194.7000,O,Main Location
SI0001SI#001304,2026-04-09 00:00:00.000,Camon 50 (8+256),16,-1.0000,33020.0000,-32194.7000,O,Main Location
SI0001SI#001300,2026-04-08 00:00:00.000,Spark40 (6+128),16,-3.0000,16050.0000,-46850.1767,O,Main Location
SI0001SI#001298,2026-04-08 00:00:00.000,Spark 40 Pro,16,-4.0000,21700.0000,-83923.3394,O,Main Location
SI0001SI#001302,2026-04-08 00:00:00.000,Pova Curve 2,16,-1.0000,34910.0000,-34038.9800,O,Main Location
SI0001SI#001301,2026-04-08 00:00:00.000,Pova Curve 2,16,-1.0000,34910.0000,-34038.9800,O,Main Location
SI0001SI#001300,2026-04-08 00:00:00.000,Go 3 (4+64),16,-2.0000,12270.0000,-23915.4800,O,Main Location
SI0001SI#001298,2026-04-08 00:00:00.000,Go 3 (4+64),16,-1.0000,12270.0000,-11957.7400,O,Main Location
SI0001SI#001299,2026-04-08 00:00:00.000,Camon 50 Ultra (12+256),16,-1.0000,47170.0000,-45986.7000,O,Main Location
SI0001SI#001302,2026-04-08 00:00:00.000,Camon 50 (8+256),16,-1.0000,33020.0000,-32194.7000,O,Main Location
SI0001SI#001302,2026-04-08 00:00:00.000,Camon 50 (8+128),16,-1.0000,29250.0000,-28516.1700,O,Main Location
SI0001SI#001297,2026-04-07 00:00:00.000,Go 3 (4+64),16,-14.0000,11958.0000,-167408.3600,O,Main Location
SI0001SI#001291,2026-04-06 00:00:00.000,Pova Slim,16,-2.0000,28300.0000,-55188.0400,O,Main Location
SI0001SI#001296,2026-04-06 00:00:00.000,Go 3 (4+64),16,-40.0000,11958.0000,-478309.6000,O,Main Location
SI0001SI#001295,2026-04-06 00:00:00.000,Go 3 (4+64),16,-50.0000,11958.0000,-597887.0000,O,Main Location
SI0001SI#001294,2026-04-06 00:00:00.000,Go 3 (4+64),16,-2.0000,12270.0000,-23915.4800,O,Main Location
SI0001SI#001293,2026-04-06 00:00:00.000,Go 3 (4+64),16,-5.0000,12270.0000,-59788.7000,O,Main Location
SI0001SI#001292,2026-04-06 00:00:00.000,Go 3 (4+64),16,-20.0000,12270.0000,-239154.8000,O,Main Location
SI0001SI#001290,2026-04-06 00:00:00.000,Go 3 (4+64),16,-10.0000,12270.0000,-119577.4000,O,Main Location
SI0001SI#001289,2026-04-05 00:00:00.000,Spark40 (6+128),16,-40.0000,15657.0000,-624669.0225,O,Main Location
SI0001SI#001285,2026-04-05 00:00:00.000,Spark40 (6+128),16,-2.0000,16050.0000,-31233.4511,O,Main Location
SI0001SI#001286,2026-04-05 00:00:00.000,Spark 40(8+256),16,-1.0000,18880.0000,-17465.3537,O,Main Location
SI0001SI#001285,2026-04-05 00:00:00.000,Spark 40(8+256),16,-2.0000,18880.0000,-34930.7074,O,Main Location
SI0001SI#001288,2026-04-05 00:00:00.000,Pova Slim,16,-2.0000,28300.0000,-55188.0400,O,Main Location
SI0001SI#001287,2026-04-05 00:00:00.000,Pova Curve 2,16,-1.0000,34910.0000,-34038.9800,O,Main Location
SI0001SI#001287,2026-04-05 00:00:00.000,Pova Carve,16,-1.0000,31150.0000,-30370.4700,O,Main Location
SI0001SI#001289,2026-04-05 00:00:00.000,Go 3 (4+64),16,-130.0000,11958.0000,-1554506.2000,O,Main Location
SI0001SI#001287,2026-04-05 00:00:00.000,Go 3 (4+64),16,-3.0000,12270.0000,-35873.2200,O,Main Location
SI0001SI#001285,2026-04-05 00:00:00.000,Go 3 (4+64),16,-2.0000,12270.0000,-23915.4800,O,Main Location
SI0001SI#001287,2026-04-05 00:00:00.000,Go 3 (4+128),16,-2.0000,13680.0000,-26661.8600,O,Main Location
SI0001SI#001285,2026-04-05 00:00:00.000,Go 3 (4+128),16,-2.0000,13680.0000,-26661.8600,O,Main Location
SI0001SI#001288,2026-04-05 00:00:00.000,Camon 50 (8+256),16,-1.0000,33020.0000,-32194.7000,O,Main Location
SI0001SI#001287,2026-04-05 00:00:00.000,Camon 50 (8+256),16,-1.0000,33020.0000,-32194.7000,O,Main Location
SI0001SI#001287,2026-04-05 00:00:00.000,Camon 50 (8+128),16,-1.0000,29250.0000,-28516.1700,O,Main Location
SI0001SI#001284,2026-04-03 00:00:00.000,Spark40 (6+128),16,-2.0000,16050.0000,-31233.4511,O,Main Location
SI0001SI#001283,2026-04-03 00:00:00.000,Spark40 (6+128),16,-3.0000,16050.0000,-46850.1767,O,Main Location
SI0001SI#001284,2026-04-03 00:00:00.000,Pova Slim,16,-2.0000,28300.0000,-55188.0400,O,Main Location
SI0001SI#001284,2026-04-03 00:00:00.000,Pova Curve 2,16,-1.0000,34910.0000,-34038.9800,O,Main Location
SI0001SI#001283,2026-04-03 00:00:00.000,Pova Curve 2,16,-1.0000,34910.0000,-34038.9800,O,Main Location
SI0001SI#001284,2026-04-03 00:00:00.000,Pova Carve,16,-2.0000,31150.0000,-60740.9400,O,Main Location
SI0001SI#001283,2026-04-03 00:00:00.000,Pova Carve,16,-2.0000,31150.0000,-60740.9400,O,Main Location
SI0001SI#001279,2026-04-02 00:00:00.000,Spark40 Pro Pius,16,-1.0000,23590.0000,-22993.3400,O,Main Location
SR0001SR#000022,2026-04-02 00:00:00.000,Spark40 (6+128),13,4.0000,.0000,62466.9022,I,Main Location
SI0001SI#001282,2026-04-02 00:00:00.000,Spark40 (6+128),16,-1.0000,16050.0000,-15616.7256,O,Main Location
SI0001SI#001280,2026-04-02 00:00:00.000,Spark40 (6+128),16,-20.0000,15657.0000,-312334.5112,O,Main Location
SI0001SI#001281,2026-04-02 00:00:00.000,Pova Slim,16,-1.0000,28300.0000,-27594.0200,O,Main Location
SI0001SI#001279,2026-04-02 00:00:00.000,Pova Slim,16,-2.0000,28300.0000,-55188.0400,O,Main Location
SR0001SR#000022,2026-04-02 00:00:00.000,Go 3 (4+64),13,5.0000,.0000,59788.7000,I,Main Location
SI0001SI#001281,2026-04-02 00:00:00.000,Go 3 (4+64),16,-5.0000,12270.0000,-59788.7000,O,Main Location
SR0001SR#000022,2026-04-02 00:00:00.000,Go 3 (4+128),13,4.0000,.0000,53323.7200,I,Main Location
SI0001SI#001279,2026-04-02 00:00:00.000,Camon 50 Ultra (12+256),16,-1.0000,47170.0000,-45986.7000,O,Main Location
SR0001SR#000022,2026-04-02 00:00:00.000,Camon 50 (8+128),13,2.0000,.0000,57032.3400,I,Main Location
SI0001SI#001277,2026-04-01 00:00:00.000,Spark 40 Pro,16,-1.0000,21700.0000,-20980.8348,O,Main Location
SI0001SI#001278,2026-04-01 00:00:00.000,Pova Slim,16,-1.0000,28300.0000,-27594.0200,O,Main Location
SI0001SI#001276,2026-04-01 00:00:00.000,Go 3 (4+64),16,-20.0000,11958.0000,-239154.8000,O,Main Location
SI0001SI#001278,2026-04-01 00:00:00.000,Camon 50 (8+256),16,-1.0000,33020.0000,-32194.7000,O,Main Location
SR0001SR#000021,2026-03-31 00:00:00.000,Spark40 (6+128),13,2.0000,.0000,31233.4511,I,Main Location
SR0001SR#000021,2026-03-31 00:00:00.000,Spark 40(8+256),13,1.0000,.0000,17465.3537,I,Main Location
SR0001SR#000020,2026-03-31 00:00:00.000,Spark 40 Pro,13,1.0000,.0000,20980.8347,I,Main Location
PI0001PI#000159,2026-03-31 00:00:00.000,Pova Curve 2,33,35.0000,34038.9800,1191364.3000,I,Main Location
PI0001PI#000159,2026-03-31 00:00:00.000,Pova Carve,33,25.0000,30370.4700,759261.7500,I,Main Location
SI0001SI#001275,2026-03-31 00:00:00.000,Live Demo Camon 50,16,-1.0000,21765.0000,-21765.4600,O,Main Location
SI0001SI#001274,2026-03-31 00:00:00.000,Live Demo Camon 50,16,-1.0000,21765.0000,-21765.4600,O,Main Location
SR0001SR#000021,2026-03-31 00:00:00.000,Go2,13,3.0000,.0000,30430.8261,I,Main Location
PI0001PI#000159,2026-03-31 00:00:00.000,Go 3 (4+64),33,40.0000,11957.7400,478309.6000,I,Main Location
SR0001SR#000020,2026-03-31 00:00:00.000,Go 3 (4+64),13,2.0000,.0000,23915.4800,I,Main Location
SI0001SI#001273,2026-03-31 00:00:00.000,Go 3 (4+64),16,-2.0000,12270.0000,-23915.4800,O,Main Location
SR0001SR#000020,2026-03-31 00:00:00.000,Go 3 (4+128),13,1.0000,.0000,13330.9300,I,Main Location
SR0001SR#000021,2026-03-31 00:00:00.000,Camon30S 8+256,13,1.0000,27875.0000,27875.0000,I,Main Location
PI0001PI#000159,2026-03-31 00:00:00.000,Camon 50 (8+256),33,68.0000,32194.7000,2189239.6000,I,Main Location
PI0001PI#000159,2026-03-31 00:00:00.000,Camon 50 (8+128),33,100.0000,28516.1700,2851617.0000,I,Main Location
SR0001SR#000019,2026-03-31 00:00:00.000,Camon 50 (8+128),13,2.0000,.0000,57032.3400,I,Main Location
PI0001PI#000158,2026-03-30 00:00:00.000,Spark40 (6+128),33,40.0000,15656.3300,626253.2000,I,Main Location
SI0001SI#001272,2026-03-30 00:00:00.000,Spark40 (6+128),16,-1.0000,15656.0000,-15616.7256,O,Main Location
PI0001PI#000158,2026-03-30 00:00:00.000,Spark 40(8+256),33,5.0000,18392.6700,91963.3500,I,Main Location
SI0001SI#001271,2026-03-30 00:00:00.000,Pova Carve,16,-2.0000,31150.0000,-60740.9400,O,Main Location
PI0001PI#000158,2026-03-30 00:00:00.000,Go 3 (4+64),33,50.0000,11957.7400,597887.0000,I,Main Location
SR0001SR#000018,2026-03-30 00:00:00.000,Go 3 (4+64),13,11.0000,.0000,131535.1400,I,Main Location
PI0001PI#000158,2026-03-30 00:00:00.000,Go 3 (4+128),33,10.0000,13330.9300,133309.3000,I,Main Location
PI0001PI#000158,2026-03-30 00:00:00.000,Camon 50 (8+256),33,25.0000,32194.7000,804867.5000,I,Main Location
SI0001SI#001271,2026-03-30 00:00:00.000,Camon 50 (8+256),16,-2.0000,33020.0000,-64389.4000,O,Main Location
PI0001PI#000158,2026-03-30 00:00:00.000,Camon 50 (8+128),33,60.0000,28516.1700,1710970.2000,I,Main Location
SI0001SI#001271,2026-03-30 00:00:00.000,Camon 50 (8+128),16,-6.0000,29250.0000,-171097.0200,O,Main Location
SI0001SI#001267,2026-03-29 00:00:00.000,Spark40 (6+128),16,-2.0000,16050.0000,-31226.9453,O,Main Location
SI0001SI#001270,2026-03-29 00:00:00.000,Spark 40 Pro,16,-1.0000,21700.0000,-20980.8347,O,Main Location
SI0001SI#001267,2026-03-29 00:00:00.000,Pova Slim,16,-2.0000,28300.0000,-55188.0400,O,Main Location
SI0001SI#001268,2026-03-29 00:00:00.000,Pova Curve 2,16,-1.0000,34910.0000,-34038.9800,O,Main Location
SI0001SI#001266,2026-03-29 00:00:00.000,Pova Carve,16,-2.0000,31150.0000,-60740.9400,O,Main Location
SI0001SI#001269,2026-03-29 00:00:00.000,Go 3 (4+64),16,-1.0000,12270.0000,-11957.7400,O,Main Location
SI0001SI#001269,2026-03-29 00:00:00.000,Camon 50 (8+128),16,-1.0000,29250.0000,-28516.1700,O,Main Location
SI0001SI#001265,2026-03-27 00:00:00.000,GO1 4+64,16,-2.0000,10430.0000,-20388.4200,O,Main Location
SI0001SI#001265,2026-03-27 00:00:00.000,GO1 4+128,16,-4.0000,11790.0000,-46330.0400,O,Main Location
SI0001SI#001264,2026-03-27 00:00:00.000,Camon 50 Ultra (8+256),16,-1.0000,40570.0000,-39551.7700,O,Main Location
SI0001SI#001263,2026-03-26 00:00:00.000,GO1 4+128,16,-1.0000,11000.0000,-11582.5100,O,Main Location
SI0001SI#001262,2026-03-19 00:00:00.000,Go 3 (4+64),16,-1.0000,12270.0000,-11957.7400,O,Main Location
SI0001SI#001262,2026-03-19 00:00:00.000,Go 3 (4+128),16,-1.0000,13680.0000,-13330.9300,O,Main Location
SI0001SI#001261,2026-03-19 00:00:00.000,Camon 50 Ultra (8+256),16,-1.0000,40570.0000,-39551.7700,O,Main Location
SI0001SI#001260,2026-03-18 00:00:00.000,Spark40 (6+128),16,-3.0000,16050.0000,-46840.4179,O,Main Location
SI0001SI#001260,2026-03-18 00:00:00.000,Spark 40(8+256),16,-1.0000,18880.0000,-17388.0774,O,Main Location
SI0001SI#001259,2026-03-18 00:00:00.000,Spark 40(8+256),16,-2.0000,18880.0000,-34776.1547,O,Main Location
SI0001SI#001256,2026-03-18 00:00:00.000,Spark 40(8+256),16,-1.0000,18880.0000,-17388.0774,O,Main Location
SI0001SI#001260,2026-03-18 00:00:00.000,Spark 40 Pro,16,-2.0000,21700.0000,-41961.6695,O,Main Location
SI0001SI#001256,2026-03-18 00:00:00.000,Spark 40 Pro,16,-4.0000,21700.0000,-83923.3390,O,Main Location
SI0001SI#001256,2026-03-18 00:00:00.000,Pova Slim,16,-2.0000,28300.0000,-55188.0400,O,Main Location
SI0001SI#001260,2026-03-18 00:00:00.000,Pova Curve 2,16,-1.0000,34910.0000,-34038.9800,O,Main Location
SI0001SI#001256,2026-03-18 00:00:00.000,Pova Curve 2,16,-3.0000,34910.0000,-102116.9400,O,Main Location
SI0001SI#001256,2026-03-18 00:00:00.000,Pova Carve,16,-2.0000,31150.0000,-60740.9400,O,Main Location
SI0001SI#001260,2026-03-18 00:00:00.000,Pova 7 Pro,16,-1.0000,33020.0000,-32194.7000,O,Main Location
SI0001SI#001259,2026-03-18 00:00:00.000,Go 3 (4+64),16,-6.0000,12270.0000,-71746.4400,O,Main Location
SI0001SI#001257,2026-03-18 00:00:00.000,Go 3 (4+64),16,-10.0000,11958.0000,-119577.4000,O,Main Location
SI0001SI#001259,2026-03-18 00:00:00.000,Go 3 (4+128),16,-4.0000,13680.0000,-53323.7200,O,Main Location
SI0001SI#001259,2026-03-18 00:00:00.000,Camon 50 Ultra (8+256),16,-1.0000,40570.0000,-39551.7700,O,Main Location
SI0001SI#001256,2026-03-18 00:00:00.000,Camon 50 Ultra (12+256),16,-1.0000,47170.0000,-45986.7000,O,Main Location
SI0001SI#001260,2026-03-18 00:00:00.000,Camon 50 (8+256),16,-2.0000,33020.0000,-64389.4000,O,Main Location
SI0001SI#001260,2026-03-18 00:00:00.000,Camon 50 (8+128),16,-3.0000,29250.0000,-85548.5100,O,Main Location
SI0001SI#001258,2026-03-18 00:00:00.000,Camon 50 (8+128),16,-2.0000,29250.0000,-57032.3400,O,Main Location
PI0001PI#000157,2026-03-17 00:00:00.000,Spark40 (6+128),33,300.0000,15656.3300,4696899.0000,I,Main Location
PI0001PI#000157,2026-03-17 00:00:00.000,Spark 40(8+256),33,10.0000,18392.6700,183926.7000,I,Main Location
SI0001SI#001253,2026-03-17 00:00:00.000,Pova Curve 2,16,-2.0000,34910.0000,-68077.9600,O,Main Location
PI0001PI#000157,2026-03-17 00:00:00.000,Pova Curve 2,33,15.0000,34038.9800,510584.7000,I,Main Location
SI0001SI#001253,2026-03-17 00:00:00.000,Pova Carve,16,-2.0000,31150.0000,-60740.9400,O,Main Location
PI0001PI#000157,2026-03-17 00:00:00.000,Pova Carve,33,10.0000,30370.4700,303704.7000,I,Main Location
SI0001SI#001254,2026-03-17 00:00:00.000,GO1 4+64,16,-2.0000,10390.0000,-20388.4200,O,Main Location
PI0001PI#000157,2026-03-17 00:00:00.000,Go 3 (4+64),33,150.0000,11957.7400,1793661.0000,I,Main Location
PI0001PI#000157,2026-03-17 00:00:00.000,Go 3 (4+128),33,180.0000,13330.9300,2399567.4000,I,Main Location
SI0001SI#001252,2026-03-17 00:00:00.000,Camon 50 Ultra (8+256),16,-3.0000,40570.0000,-118655.3100,O,Main Location
SI0001SI#001253,2026-03-17 00:00:00.000,Camon 50 (8+256),16,-2.0000,33020.0000,-64389.4000,O,Main Location
PI0001PI#000157,2026-03-17 00:00:00.000,Camon 50 (8+256),33,15.0000,32194.7000,482920.5000,I,Main Location
SI0001SI#001255,2026-03-17 00:00:00.000,Camon 50 (8+128),16,-4.0000,29250.0000,-114064.6800,O,Main Location
SI0001SI#001254,2026-03-17 00:00:00.000,Camon 50 (8+128),16,-4.0000,29250.0000,-114064.6800,O,Main Location
PI0001PI#000157,2026-03-17 00:00:00.000,Camon 50 (8+128),33,30.0000,28516.1700,855485.1000,I,Main Location
SI0001SI#001251,2026-03-16 00:00:00.000,Spark40 (6+128),16,-40.0000,15656.0000,-621860.3195,O,Main Location
SI0001SI#001247,2026-03-16 00:00:00.000,Spark40 (6+128),16,-3.0000,15656.0000,-46639.5240,O,Main Location
PI0001PI#000156,2026-03-16 00:00:00.000,Spark40 (6+128),33,20.0000,15656.3300,313126.6000,I,Main Location
SI0001SI#001251,2026-03-16 00:00:00.000,Pova Slim,16,-60.0000,27594.0000,-1655641.2000,O,Main Location
SI0001SI#001246,2026-03-16 00:00:00.000,Pova Slim,16,-2.0000,28300.0000,-55188.0400,O,Main Location
SI0001SI#001250,2026-03-16 00:00:00.000,Pova Carve,16,-2.0000,31150.0000,-60740.9400,O,Main Location
SI0001SI#001250,2026-03-16 00:00:00.000,GO1 4+128,16,-2.0000,11845.0000,-23165.0200,O,Main Location
SI0001SI#001251,2026-03-16 00:00:00.000,Go 3 (4+64),16,-180.0000,11958.0000,-2152393.2000,O,Main Location
SI0001SI#001247,2026-03-16 00:00:00.000,Go 3 (4+64),16,-4.0000,11958.0000,-47830.9600,O,Main Location
PI0001PI#000156,2026-03-16 00:00:00.000,Go 3 (4+64),33,100.0000,11957.7400,1195774.0000,I,Main Location
SI0001SI#001250,2026-03-16 00:00:00.000,Go 3 (4+128),16,-4.0000,13680.0000,-53323.7200,O,Main Location
SI0001SI#001247,2026-03-16 00:00:00.000,Go 3 (4+128),16,-2.0000,13333.0000,-26661.8600,O,Main Location
PI0001PI#000156,2026-03-16 00:00:00.000,Go 3 (4+128),33,30.0000,13330.9300,399927.9000,I,Main Location
SI0001SI#001249,2026-03-16 00:00:00.000,Camon 50 (8+256),16,-1.0000,33020.0000,-32194.7000,O,Main Location
SI0001SI#001248,2026-03-16 00:00:00.000,Camon 50 (8+256),16,-1.0000,33020.0000,-32194.7000,O,Main Location
SI0001SI#001246,2026-03-16 00:00:00.000,Camon 50 (8+256),16,-1.0000,33020.0000,-32194.7000,O,Main Location
SI0001SI#001245,2026-03-15 00:00:00.000,Spark40 (6+128),16,-2.0000,16050.0000,-31072.5840,O,Main Location
SI0001SI#001242,2026-03-15 00:00:00.000,Spark40 (6+128),16,-1.0000,16050.0000,-15536.2920,O,Main Location
SI0001SI#001243,2026-03-15 00:00:00.000,Spark 40 5G,16,-1.0000,16040.0000,-15636.2800,O,Main Location
SI0001SI#001245,2026-03-15 00:00:00.000,Pova Slim,16,-2.0000,28300.0000,-55188.0400,O,Main Location
SI0001SI#001243,2026-03-15 00:00:00.000,Pova Curve 2,16,-1.0000,34910.0000,-34038.9800,O,Main Location
SI0001SI#001245,2026-03-15 00:00:00.000,Go 3 (4+64),16,-2.0000,12270.0000,-23915.4800,O,Main Location
SI0001SI#001244,2026-03-15 00:00:00.000,Camon 50 Ultra (8+256),16,-2.0000,40570.0000,-79103.5400,O,Main Location
SI0001SI#001240,2026-03-15 00:00:00.000,Camon 50 Ultra (8+256),16,-1.0000,40570.0000,-39551.7700,O,Main Location
SI0001SI#001243,2026-03-15 00:00:00.000,Camon 50 (8+256),16,-1.0000,33020.0000,-32194.7000,O,Main Location
SI0001SI#001243,2026-03-15 00:00:00.000,Camon 50 (8+128),16,-2.0000,29250.0000,-57032.3400,O,Main Location
SI0001SI#001241,2026-03-15 00:00:00.000,Camon 50 (8+128),16,-1.0000,29250.0000,-28516.1700,O,Main Location
SI0001SI#001238,2026-03-14 00:00:00.000,Spark40 (6+128),16,-2.0000,16050.0000,-31072.5840,O,Main Location
SI0001SI#001236,2026-03-14 00:00:00.000,Spark 40(8+256),16,-3.0000,18880.0000,-51606.1250,O,Main Location
SI0001SI#001236,2026-03-14 00:00:00.000,GO1 4+64,16,-1.0000,10340.0000,-10194.2100,O,Main Location
SI0001SI#001239,2026-03-14 00:00:00.000,Go 3 (4+128),16,-1.0000,13330.0000,-13330.9300,O,Main Location
SI0001SI#001238,2026-03-14 00:00:00.000,Go 3 (4+128),16,-2.0000,13680.0000,-26661.8600,O,Main Location
SI0001SI#001236,2026-03-14 00:00:00.000,Go 3 (4+128),16,-2.0000,13680.0000,-26661.8600,O,Main Location
SI0001SI#001238,2026-03-14 00:00:00.000,Camon 50 Ultra (8+256),16,-1.0000,40570.0000,-39551.7700,O,Main Location
SI0001SI#001238,2026-03-14 00:00:00.000,Camon 50 (8+128),16,-2.0000,29250.0000,-57032.3400,O,Main Location
SI0001SI#001237,2026-03-14 00:00:00.000,Camon 50 (8+128),16,-1.0000,29250.0000,-28516.1700,O,Main Location
SI0001SI#001236,2026-03-14 00:00:00.000,Camon 50 (8+128),16,-2.0000,29250.0000,-57032.3400,O,Main Location
SI0001SI#001232,2026-03-13 00:00:00.000,Spark40 (6+128),16,-1.0000,16050.0000,-15536.2920,O,Main Location
SI0001SI#001216,2026-03-13 00:00:00.000,Spark40 (6+128),16,-5.0000,16050.0000,-77681.4599,O,Main Location
PI0001PI#000153,2026-03-13 00:00:00.000,Spark40 (6+128),33,5.0000,15656.3300,78281.6500,I,Main Location
SI0001SI#001235,2026-03-13 00:00:00.000,Spark 40 Pro,16,-2.0000,21700.0000,-41961.6695,O,Main Location
SI0001SI#001232,2026-03-13 00:00:00.000,Spark 40 Pro,16,-1.0000,21700.0000,-20980.8347,O,Main Location
SI0001SI#001235,2026-03-13 00:00:00.000,Spark 40 5G,16,-2.0000,16040.0000,-31272.5600,O,Main Location
SI0001SI#001229,2026-03-13 00:00:00.000,Pova Slim,16,-1.0000,28300.0000,-27594.0200,O,Main Location
SI0001SI#001227,2026-03-13 00:00:00.000,Pova Slim,16,-3.0000,27594.0000,-82782.0600,O,Main Location
SI0001SI#001231,2026-03-13 00:00:00.000,Pova 7 Pro,16,-1.0000,33020.0000,-32194.7000,O,Main Location
SI0001SI#001230,2026-03-13 00:00:00.000,Pova 7 Pro,16,-1.0000,33020.0000,-32194.7000,O,Main Location
SI0001SI#001228,2026-03-13 00:00:00.000,Go 3 (4+64),16,-5.0000,11958.0000,-59788.7000,O,Main Location
SI0001SI#001227,2026-03-13 00:00:00.000,Go 3 (4+64),16,-20.0000,11958.0000,-239154.8000,O,Main Location
PI0001PI#000155,2026-03-13 00:00:00.000,Go 3 (4+64),33,100.0000,11957.7400,1195774.0000,I,Main Location
SI0001SI#001216,2026-03-13 00:00:00.000,Go 3 (4+64),16,-5.0000,12270.0000,-59788.7000,O,Main Location
PI0001PI#000153,2026-03-13 00:00:00.000,Go 3 (4+64),33,5.0000,11957.7400,59788.7000,I,Main Location
SI0001SI#001234,2026-03-13 00:00:00.000,Camon 50 Ultra (8+256),16,-1.0000,40570.0000,-39551.7700,O,Main Location
SI0001SI#001233,2026-03-13 00:00:00.000,Camon 50 Ultra (8+256),16,-1.0000,40570.0000,-39551.7700,O,Main Location
SI0001SI#001234,2026-03-13 00:00:00.000,Camon 50 Ultra (12+256),16,-1.0000,47170.0000,-45986.7000,O,Main Location
SI0001SI#001233,2026-03-13 00:00:00.000,Camon 50 Ultra (12+256),16,-1.0000,47170.0000,-45986.7000,O,Main Location
SI0001SI#001235,2026-03-13 00:00:00.000,Camon 50 (8+128),16,-2.0000,29250.0000,-57032.3400,O,Main Location
SI0001SI#001227,2026-03-13 00:00:00.000,Camon 50 (8+128),16,-2.0000,28516.0000,-57032.3400,O,Main Location
SI0001SI#001226,2026-03-13 00:00:00.000,Camon 50 (8+128),16,-2.0000,29250.0000,-57032.3400,O,Main Location
SI0001SI#001224,2026-03-12 00:00:00.000,Spark40 (6+128),16,-2.0000,16050.0000,-31067.1524,O,Main Location
SI0001SI#001224,2026-03-12 00:00:00.000,Spark 40(8+256),16,-2.0000,18880.0000,-34404.0833,O,Main Location
SI0001SI#001223,2026-03-12 00:00:00.000,Spark 40 Pro,16,-7.0000,21700.0000,-146865.8432,O,Main Location
SI0001SI#001224,2026-03-12 00:00:00.000,Pova Slim,16,-1.0000,28300.0000,-27594.0200,O,Main Location
SI0001SI#001223,2026-03-12 00:00:00.000,Pova Slim,16,-1.0000,28300.0000,-27594.0200,O,Main Location
SI0001SI#001223,2026-03-12 00:00:00.000,Pova 7 Pro,16,-7.0000,33020.0000,-225362.9000,O,Main Location
SI0001SI#001225,2026-03-12 00:00:00.000,Go 3 (4+64),16,-10.0000,11598.0000,-119577.4000,O,Main Location
SI0001SI#001225,2026-03-12 00:00:00.000,Go 3 (4+128),16,-10.0000,13331.0000,-133309.3000,O,Main Location
SI0001SI#001224,2026-03-12 00:00:00.000,Go 3 (4+128),16,-1.0000,13680.0000,-13330.9300,O,Main Location
SI0001SI#001223,2026-03-12 00:00:00.000,Camon 50 Ultra (8+256),16,-3.0000,40570.0000,-118655.3100,O,Main Location
PI0001PI#000154,2026-03-12 00:00:00.000,Camon 50 Ultra (8+256),33,15.0000,39551.7700,593276.5500,I,Main Location
SI0001SI#001223,2026-03-12 00:00:00.000,Camon 50 Ultra (12+256),16,-2.0000,47170.0000,-91973.4000,O,Main Location
PI0001PI#000154,2026-03-12 00:00:00.000,Camon 50 Ultra (12+256),33,8.0000,45986.7000,367893.6000,I,Main Location
SI0001SI#001225,2026-03-12 00:00:00.000,Camon 50 (8+128),16,-2.0000,28516.0000,-57032.3400,O,Main Location
SI0001SI#001221,2026-03-11 00:00:00.000,Spark40 (6+128),16,-4.0000,15656.0000,-62134.3048,O,Main Location
SI0001SI#001220,2026-03-11 00:00:00.000,Spark40 (6+128),16,-2.0000,16050.0000,-31067.1524,O,Main Location
SI0001SI#001217,2026-03-11 00:00:00.000,Spark 40(8+256),16,-2.0000,18880.0000,-34404.0833,O,Main Location
SI0001SI#001221,2026-03-11 00:00:00.000,Spark 40 Pro,16,-1.0000,21149.0000,-20980.8347,O,Main Location
SI0001SI#001217,2026-03-11 00:00:00.000,Spark 40 Pro,16,-2.0000,21700.0000,-41961.6695,O,Main Location
SI0001SI#001222,2026-03-11 00:00:00.000,Pova Slim,16,-1.0000,28300.0000,-27594.0200,O,Main Location
SI0001SI#001220,2026-03-11 00:00:00.000,Pova Slim,16,-1.0000,28300.0000,-27594.0200,O,Main Location
SI0001SI#001217,2026-03-11 00:00:00.000,Pova Slim,16,-2.0000,28300.0000,-55188.0400,O,Main Location
SI0001SI#001219,2026-03-11 00:00:00.000,Pova Curve 2,16,-1.0000,34910.0000,-34038.9800,O,Main Location
SI0001SI#001222,2026-03-11 00:00:00.000,Pova Carve,16,-1.0000,31150.0000,-30370.4700,O,Main Location
SI0001SI#001219,2026-03-11 00:00:00.000,Pova Carve,16,-1.0000,31150.0000,-30370.4700,O,Main Location
SI0001SI#001221,2026-03-11 00:00:00.000,Go 3 (4+64),16,-4.0000,11958.0000,-47830.9600,O,Main Location
SI0001SI#001220,2026-03-11 00:00:00.000,Go 3 (4+64),16,-1.0000,12270.0000,-11957.7400,O,Main Location
SI0001SI#001217,2026-03-11 00:00:00.000,Go 3 (4+64),16,-2.0000,12270.0000,-23915.4800,O,Main Location
SI0001SI#001217,2026-03-11 00:00:00.000,Go 3 (4+128),16,-2.0000,13680.0000,-26661.8600,O,Main Location
SI0001SI#001221,2026-03-11 00:00:00.000,Camon 50 (8+256),16,-2.0000,32195.0000,-64389.4000,O,Main Location
SI0001SI#001219,2026-03-11 00:00:00.000,Camon 50 (8+256),16,-1.0000,33020.0000,-32194.7000,O,Main Location
SI0001SI#001217,2026-03-11 00:00:00.000,Camon 50 (8+256),16,-1.0000,33020.0000,-32194.7000,O,Main Location
SI0001SI#001221,2026-03-11 00:00:00.000,Camon 50 (8+128),16,-3.0000,28516.0000,-85548.5100,O,Main Location
SI0001SI#001220,2026-03-11 00:00:00.000,Camon 50 (8+128),16,-1.0000,29250.0000,-28516.1700,O,Main Location
SI0001SI#001218,2026-03-11 00:00:00.000,Camon 50 (8+128),16,-2.0000,29250.0000,-57032.3400,O,Main Location
SI0001SI#001217,2026-03-11 00:00:00.000,Camon 50 (8+128),16,-3.0000,29250.0000,-85548.5100,O,Main Location
SI0001SI#001214,2026-03-10 00:00:00.000,Spark40 (6+128),16,-30.0000,15657.0000,-466007.2858,O,Main Location
SI0001SI#001210,2026-03-10 00:00:00.000,Spark40 (6+128),16,-1.0000,16050.0000,-15533.5762,O,Main Location
PI0001PI#000152,2026-03-10 00:00:00.000,Spark40 (6+128),33,50.0000,15656.3300,782816.5000,I,Main Location
SI0001SI#001210,2026-03-10 00:00:00.000,Spark 40(8+256),16,-1.0000,18880.0000,-17202.0417,O,Main Location
SI0001SI#001213,2026-03-10 00:00:00.000,Spark 40 Pro,16,-80.0000,21700.0000,-1678466.7793,O,Main Location
SI0001SI#001212,2026-03-10 00:00:00.000,Spark 40 Pro,16,-5.0000,21700.0000,-104904.1737,O,Main Location
SI0001SI#001215,2026-03-10 00:00:00.000,Pova Carve,16,-2.0000,31150.0000,-60740.9400,O,Main Location
PI0001PI#000152,2026-03-10 00:00:00.000,Pova 7 Pro,33,10.0000,32194.7000,321947.0000,I,Main Location
SI0001SI#001210,2026-03-10 00:00:00.000,Go 3 (4+64),16,-1.0000,12270.0000,-11957.7400,O,Main Location
PI0001PI#000152,2026-03-10 00:00:00.000,Go 3 (4+64),33,25.0000,11957.7400,298943.5000,I,Main Location
PI0001PI#000152,2026-03-10 00:00:00.000,Go 3 (4+128),33,25.0000,13330.9300,333273.2500,I,Main Location
SI0001SI#001211,2026-03-10 00:00:00.000,Camon 50 (8+128),16,-1.0000,29250.0000,-28516.1700,O,Main Location
SI0001SI#001209,2026-03-09 00:00:00.000,Spark40 (6+128),16,-5.0000,16050.0000,-77521.7455,O,Main Location
PI0001PI#000151,2026-03-09 00:00:00.000,Spark40 (6+128),33,30.0000,15656.3300,469689.9000,I,Main Location
SI0001SI#001209,2026-03-09 00:00:00.000,Spark 40(8+256),16,-5.0000,18880.0000,-86010.2084,O,Main Location
SI0001SI#001209,2026-03-09 00:00:00.000,Spark 40 Pro,16,-5.0000,21700.0000,-104904.1737,O,Main Location
PI0001PI#000151,2026-03-09 00:00:00.000,Pova Carve,33,10.0000,30370.4700,303704.7000,I,Main Location
SI0001SI#001209,2026-03-09 00:00:00.000,Go 3 (4+64),16,-5.0000,12270.0000,-59788.7000,O,Main Location
SI0001SI#001209,2026-03-09 00:00:00.000,Go 3 (4+128),16,-5.0000,13680.0000,-66654.6500,O,Main Location
PI0001PI#000151,2026-03-09 00:00:00.000,Go 3 (4+128),33,25.0000,13330.9300,333273.2500,I,Main Location
SI0001SI#001205,2026-03-08 00:00:00.000,Spark40 (6+128),16,-10.0000,15657.0000,-154797.0355,O,Main Location
SI0001SI#001203,2026-03-08 00:00:00.000,Spark40 (6+128),16,-1.0000,16050.0000,-15479.7035,O,Main Location
SI0001SI#001208,2026-03-08 00:00:00.000,Spark 40(8+256),16,-2.0000,18880.0000,-34404.0833,O,Main Location
SI0001SI#001206,2026-03-08 00:00:00.000,Spark 40 Pro,16,-10.0000,21700.0000,-209808.3474,O,Main Location
SI0001SI#001203,2026-03-08 00:00:00.000,Spark 40 Pro,16,-2.0000,21700.0000,-41961.6695,O,Main Location
SI0001SI#001204,2026-03-08 00:00:00.000,Pova Slim,16,-1.0000,28300.0000,-27594.0200,O,Main Location
SI0001SI#001207,2026-03-08 00:00:00.000,Pova Curve 2,16,-1.0000,34910.0000,-34038.9800,O,Main Location
SI0001SI#001208,2026-03-08 00:00:00.000,Go2,16,-4.0000,10390.0000,-40574.4348,O,Main Location
SI0001SI#001204,2026-03-08 00:00:00.000,Camon 50 (8+256),16,-1.0000,33020.0000,-32194.7000,O,Main Location
SI0001SI#001208,2026-03-08 00:00:00.000,Camon 50 (8+128),16,-4.0000,29250.0000,-114064.6800,O,Main Location
SI0001SI#001204,2026-03-08 00:00:00.000,Camon 50 (8+128),16,-2.0000,29250.0000,-57032.3400,O,Main Location
SI0001SI#001202,2026-03-08 00:00:00.000,Camon 50 (8+128),16,-1.0000,29250.0000,-28516.1700,O,Main Location
SI0001SI#001200,2026-03-07 00:00:00.000,Spark40 (6+128),16,-2.0000,16050.0000,-30959.4071,O,Main Location
SI0001SI#001200,2026-03-07 00:00:00.000,Spark 40(8+256),16,-1.0000,18880.0000,-17202.0417,O,Main Location
SI0001SI#001201,2026-03-07 00:00:00.000,Go 3 (4+64),16,-5.0000,11958.0000,-59788.7000,O,Main Location
SI0001SI#001196,2026-03-06 00:00:00.000,Spark40 Pro Pius,16,-1.0000,23590.0000,-22993.3400,O,Main Location
SI0001SI#001199,2026-03-06 00:00:00.000,Spark40 (6+128),16,-1.0000,16050.0000,-15479.7035,O,Main Location
SI0001SI#001198,2026-03-06 00:00:00.000,Spark40 (6+128),16,-1.0000,16050.0000,-15479.7035,O,Main Location
SI0001SI#001198,2026-03-06 00:00:00.000,Spark 40(8+256),16,-2.0000,18880.0000,-34404.0834,O,Main Location
SI0001SI#001197,2026-03-06 00:00:00.000,Spark 40 Pro,16,-5.0000,21150.0000,-104904.1737,O,Main Location
SI0001SI#001199,2026-03-06 00:00:00.000,Pova Carve,16,-1.0000,31150.0000,-30370.4700,O,Main Location
SI0001SI#001198,2026-03-06 00:00:00.000,Go 3 (4+64),16,-3.0000,12270.0000,-35873.2200,O,Main Location
SI0001SI#001198,2026-03-06 00:00:00.000,Go 3 (4+128),16,-2.0000,13680.0000,-26661.8600,O,Main Location
SI0001SI#001199,2026-03-06 00:00:00.000,Camon 50 (8+128),16,-1.0000,29250.0000,-28516.1700,O,Main Location
SI0001SI#001198,2026-03-06 00:00:00.000,Camon 50 (8+128),16,-1.0000,29250.0000,-28516.1700,O,Main Location
SI0001SI#001192,2026-03-05 00:00:00.000,Spark40 (6+128),16,-3.0000,16050.0000,-46439.1106,O,Main Location
SI0001SI#001192,2026-03-05 00:00:00.000,Spark 40(8+256),16,-2.0000,18880.0000,-34404.0834,O,Main Location
SI0001SI#001195,2026-03-05 00:00:00.000,Spark 40 Pro,16,-4.0000,21700.0000,-83923.3390,O,Main Location
SI0001SI#001192,2026-03-05 00:00:00.000,Spark 40 Pro,16,-2.0000,21700.0000,-41961.6695,O,Main Location
SI0001SI#001194,2026-03-05 00:00:00.000,Pova Slim,16,-1.0000,28300.0000,-27594.0200,O,Main Location
SI0001SI#001192,2026-03-05 00:00:00.000,Pova Slim,16,-1.0000,28300.0000,-27594.0200,O,Main Location
SI0001SI#001194,2026-03-05 00:00:00.000,Pova Curve 2,16,-1.0000,34910.0000,-34038.9800,O,Main Location
SI0001SI#001195,2026-03-05 00:00:00.000,Go2,16,-1.0000,10390.0000,-10143.6087,O,Main Location
SI0001SI#001194,2026-03-05 00:00:00.000,GO1 3+64,16,-2.0000,9430.0000,-18545.2000,O,Main Location
SI0001SI#001194,2026-03-05 00:00:00.000,Go 3 (4+64),16,-2.0000,12270.0000,-23915.4800,O,Main Location
SI0001SI#001192,2026-03-05 00:00:00.000,Go 3 (4+64),16,-3.0000,12270.0000,-35873.2200,O,Main Location
SI0001SI#001191,2026-03-05 00:00:00.000,Go 3 (4+64),16,-6.0000,11958.0000,-71746.4400,O,Main Location
SI0001SI#001192,2026-03-05 00:00:00.000,Go 3 (4+128),16,-2.0000,13680.0000,-26661.8600,O,Main Location
SI0001SI#001191,2026-03-05 00:00:00.000,Go 3 (4+128),16,-2.0000,13331.0000,-26661.8600,O,Main Location
SI0001SI#001193,2026-03-05 00:00:00.000,Camon 50 (8+256),16,-1.0000,33020.0000,-32194.7000,O,Main Location
SI0001SI#001193,2026-03-05 00:00:00.000,Camon 50 (8+128),16,-1.0000,29250.0000,-28516.1700,O,Main Location
SI0001SI#001192,2026-03-05 00:00:00.000,Camon 50 (8+128),16,-1.0000,29250.0000,-28516.1700,O,Main Location
SI0001SI#001188,2026-03-04 00:00:00.000,Spark40 (6+128),16,-1.0000,16050.0000,-15479.7035,O,Main Location
SI0001SI#001190,2026-03-04 00:00:00.000,Pova Slim,16,-3.0000,28300.0000,-82782.0600,O,Main Location
SI0001SI#001190,2026-03-04 00:00:00.000,Pova Curve 2,16,-3.0000,34910.0000,-102116.9400,O,Main Location
SI0001SI#001188,2026-03-04 00:00:00.000,Pova Curve 2,16,-1.0000,34910.0000,-34038.9800,O,Main Location
SI0001SI#001190,2026-03-04 00:00:00.000,Pova Carve,16,-3.0000,31150.0000,-91111.4100,O,Main Location
SI0001SI#001190,2026-03-04 00:00:00.000,Camon 50 (8+256),16,-3.0000,33020.0000,-96584.1000,O,Main Location
SI0001SI#001189,2026-03-04 00:00:00.000,Camon 50 (8+128),16,-1.0000,29250.0000,-28516.1700,O,Main Location
SI0001SI#001188,2026-03-04 00:00:00.000,Camon 50 (8+128),16,-2.0000,29250.0000,-57032.3400,O,Main Location
SI0001SI#001183,2026-03-03 00:00:00.000,Spark40 (6+128),16,-2.0000,16050.0000,-30959.4071,O,Main Location
SI0001SI#001182,2026-03-03 00:00:00.000,Spark40 (6+128),16,-3.0000,16050.0000,-46439.1106,O,Main Location
SI0001SI#001185,2026-03-03 00:00:00.000,Spark 40(8+256),16,-10.0000,18393.0000,-172020.4168,O,Main Location
SI0001SI#001182,2026-03-03 00:00:00.000,Spark 40(8+256),16,-3.0000,18880.0000,-51606.1250,O,Main Location
SI0001SI#001182,2026-03-03 00:00:00.000,Spark 40 Pro,16,-2.0000,21700.0000,-41961.6695,O,Main Location
SI0001SI#001183,2026-03-03 00:00:00.000,Pova Slim,16,-1.0000,28300.0000,-27594.0200,O,Main Location
SI0001SI#001187,2026-03-03 00:00:00.000,Pova Curve 2,16,-1.0000,34910.0000,-34038.9800,O,Main Location
SI0001SI#001182,2026-03-03 00:00:00.000,Pova Carve,16,-1.0000,31150.0000,-30370.4700,O,Main Location
SI0001SI#001186,2026-03-03 00:00:00.000,Go 3 (4+64),16,-15.0000,12270.0000,-179366.1000,O,Main Location
SI0001SI#001185,2026-03-03 00:00:00.000,Go 3 (4+64),16,-25.0000,11958.0000,-298943.5000,O,Main Location
SI0001SI#001184,2026-03-03 00:00:00.000,Go 3 (4+64),16,-2.0000,12270.0000,-23915.4800,O,Main Location
SI0001SI#001183,2026-03-03 00:00:00.000,Go 3 (4+64),16,-2.0000,12270.0000,-23915.4800,O,Main Location
SI0001SI#001182,2026-03-03 00:00:00.000,Go 3 (4+64),16,-3.0000,12270.0000,-35873.2200,O,Main Location
SI0001SI#001185,2026-03-03 00:00:00.000,Go 3 (4+128),16,-10.0000,13331.0000,-133309.3000,O,Main Location
SI0001SI#001184,2026-03-03 00:00:00.000,Go 3 (4+128),16,-1.0000,13680.0000,-13330.9300,O,Main Location
SI0001SI#001183,2026-03-03 00:00:00.000,Go 3 (4+128),16,-1.0000,13680.0000,-13330.9300,O,Main Location
SI0001SI#001182,2026-03-03 00:00:00.000,Go 3 (4+128),16,-3.0000,13680.0000,-39992.7900,O,Main Location
SI0001SI#001187,2026-03-03 00:00:00.000,Camon 50 (8+256),16,-1.0000,33020.0000,-32194.7000,O,Main Location
SI0001SI#001183,2026-03-03 00:00:00.000,Camon 50 (8+128),16,-1.0000,29250.0000,-28516.1700,O,Main Location
SI0001SI#001181,2026-03-02 00:00:00.000,Spark40 (6+128),16,-5.0000,16050.0000,-77398.5177,O,Main Location
SI0001SI#001180,2026-03-02 00:00:00.000,Spark40 (6+128),16,-2.0000,16050.0000,-30959.4071,O,Main Location
SI0001SI#001178,2026-03-02 00:00:00.000,Spark40 (6+128),16,-2.0000,16050.0000,-30959.4071,O,Main Location
SI0001SI#001177,2026-03-02 00:00:00.000,Spark40 (6+128),16,-2.0000,16050.0000,-30959.4071,O,Main Location
SI0001SI#001176,2026-03-02 00:00:00.000,Spark40 (6+128),16,-1.0000,16050.0000,-15479.7035,O,Main Location
SI0001SI#001175,2026-03-02 00:00:00.000,Spark40 (6+128),16,-2.0000,16050.0000,-30959.4071,O,Main Location
SI0001SI#001174,2026-03-02 00:00:00.000,Spark40 (6+128),16,-2.0000,16050.0000,-30959.4071,O,Main Location
SI0001SI#001173,2026-03-02 00:00:00.000,Spark40 (6+128),16,-2.0000,16050.0000,-30959.4071,O,Main Location
SI0001SI#001172,2026-03-02 00:00:00.000,Spark40 (6+128),16,-1.0000,16050.0000,-15479.7035,O,Main Location
SI0001SI#001181,2026-03-02 00:00:00.000,Spark 40(8+256),16,-2.0000,18880.0000,-34404.0833,O,Main Location
SI0001SI#001178,2026-03-02 00:00:00.000,Spark 40(8+256),16,-2.0000,18880.0000,-34404.0833,O,Main Location
SI0001SI#001177,2026-03-02 00:00:00.000,Spark 40(8+256),16,-2.0000,18880.0000,-34404.0833,O,Main Location
SI0001SI#001176,2026-03-02 00:00:00.000,Spark 40(8+256),16,-1.0000,18880.0000,-17202.0417,O,Main Location
SI0001SI#001181,2026-03-02 00:00:00.000,Spark 40 Pro,16,-2.0000,21700.0000,-41961.6695,O,Main Location
SI0001SI#001177,2026-03-02 00:00:00.000,Spark 40 Pro,16,-1.0000,21700.0000,-20980.8347,O,Main Location
SI0001SI#001176,2026-03-02 00:00:00.000,Spark 40 Pro,16,-1.0000,21700.0000,-20980.8347,O,Main Location
SI0001SI#001174,2026-03-02 00:00:00.000,Spark 40 Pro,16,-1.0000,21700.0000,-20980.8347,O,Main Location
SI0001SI#001173,2026-03-02 00:00:00.000,Spark 40 Pro,16,-1.0000,21700.0000,-20980.8347,O,Main Location
SI0001SI#001172,2026-03-02 00:00:00.000,Spark 40 Pro,16,-1.0000,21700.0000,-20980.8347,O,Main Location
SI0001SI#001181,2026-03-02 00:00:00.000,Pova Slim,16,-1.0000,28300.0000,-27594.0200,O,Main Location
SI0001SI#001180,2026-03-02 00:00:00.000,Pova Slim,16,-1.0000,28300.0000,-27594.0200,O,Main Location
SI0001SI#001177,2026-03-02 00:00:00.000,Pova Slim,16,-2.0000,28300.0000,-55188.0400,O,Main Location
SI0001SI#001175,2026-03-02 00:00:00.000,Pova Slim,16,-1.0000,28300.0000,-27594.0200,O,Main Location
SI0001SI#001178,2026-03-02 00:00:00.000,Pova Curve 2,16,-1.0000,34910.0000,-34038.9800,O,Main Location
SI0001SI#001175,2026-03-02 00:00:00.000,Pova Curve 2,16,-1.0000,34910.0000,-34038.9800,O,Main Location
SI0001SI#001181,2026-03-02 00:00:00.000,Pova Carve,16,-1.0000,31150.0000,-30370.4700,O,Main Location
SI0001SI#001181,2026-03-02 00:00:00.000,Go 3 (4+64),16,-3.0000,12270.0000,-35873.2200,O,Main Location
SI0001SI#001180,2026-03-02 00:00:00.000,Go 3 (4+64),16,-1.0000,12270.0000,-11957.7400,O,Main Location
SI0001SI#001178,2026-03-02 00:00:00.000,Go 3 (4+64),16,-2.0000,12270.0000,-23915.4800,O,Main Location
SI0001SI#001177,2026-03-02 00:00:00.000,Go 3 (4+64),16,-1.0000,12270.0000,-11957.7400,O,Main Location
SI0001SI#001176,2026-03-02 00:00:00.000,Go 3 (4+64),16,-1.0000,12270.0000,-11957.7400,O,Main Location
SI0001SI#001175,2026-03-02 00:00:00.000,Go 3 (4+64),16,-2.0000,12270.0000,-23915.4800,O,Main Location
SI0001SI#001174,2026-03-02 00:00:00.000,Go 3 (4+64),16,-2.0000,12270.0000,-23915.4800,O,Main Location
SI0001SI#001173,2026-03-02 00:00:00.000,Go 3 (4+64),16,-2.0000,12270.0000,-23915.4800,O,Main Location
SI0001SI#001172,2026-03-02 00:00:00.000,Go 3 (4+64),16,-2.0000,12270.0000,-23915.4800,O,Main Location
SI0001SI#001177,2026-03-02 00:00:00.000,Go 3 (4+128),16,-1.0000,13680.0000,-13330.9300,O,Main Location
SI0001SI#001176,2026-03-02 00:00:00.000,Go 3 (4+128),16,-1.0000,13680.0000,-13330.9300,O,Main Location
SI0001SI#001174,2026-03-02 00:00:00.000,Go 3 (4+128),16,-1.0000,13680.0000,-13330.9300,O,Main Location
SI0001SI#001173,2026-03-02 00:00:00.000,Go 3 (4+128),16,-2.0000,13680.0000,-26661.8600,O,Main Location
SI0001SI#001172,2026-03-02 00:00:00.000,Go 3 (4+128),16,-1.0000,13680.0000,-13330.9300,O,Main Location
SI0001SI#001179,2026-03-02 00:00:00.000,Camon 50 (8+256),16,-1.0000,33020.0000,-32194.7000,O,Main Location
SI0001SI#001175,2026-03-02 00:00:00.000,Camon 50 (8+256),16,-1.0000,33020.0000,-32194.7000,O,Main Location
SI0001SI#001181,2026-03-02 00:00:00.000,Camon 50 (8+128),16,-1.0000,29250.0000,-28516.1700,O,Main Location
SI0001SI#001180,2026-03-02 00:00:00.000,Camon 50 (8+128),16,-1.0000,29250.0000,-28516.1700,O,Main Location
SI0001SI#001177,2026-03-02 00:00:00.000,Camon 50 (8+128),16,-1.0000,29250.0000,-28516.1700,O,Main Location
SI0001SI#001175,2026-03-02 00:00:00.000,Camon 50 (8+128),16,-1.0000,29250.0000,-28516.1700,O,Main Location
SI0001SI#001174,2026-03-02 00:00:00.000,Camon 50 (8+128),16,-1.0000,29250.0000,-28516.1700,O,Main Location
SI0001SI#001173,2026-03-02 00:00:00.000,Camon 50 (8+128),16,-1.0000,29250.0000,-28516.1700,O,Main Location
SI0001SI#001168,2026-03-01 00:00:00.000,Spark40 (6+128),16,-10.0000,16050.0000,-154797.0355,O,Main Location
SI0001SI#001168,2026-03-01 00:00:00.000,Spark 40(8+256),16,-10.0000,18880.0000,-172020.4168,O,Main Location
SI0001SI#001168,2026-03-01 00:00:00.000,Spark 40 Pro,16,-20.0000,21700.0000,-419616.6948,O,Main Location
SI0001SI#001168,2026-03-01 00:00:00.000,Pova Slim,16,-6.0000,28300.0000,-165564.1200,O,Main Location
SI0001SI#001167,2026-03-01 00:00:00.000,Pova Curve 2,16,-1.0000,34910.0000,-34038.9800,O,Main Location
SI0001SI#001168,2026-03-01 00:00:00.000,Pova Carve,16,-6.0000,31150.0000,-182222.8200,O,Main Location
SI0001SI#001167,2026-03-01 00:00:00.000,Pova Carve,16,-1.0000,31150.0000,-30370.4700,O,Main Location
SI0001SI#001171,2026-03-01 00:00:00.000,Go 3 (4+64),16,-50.0000,11958.0000,-597887.0000,O,Main Location
SI0001SI#001170,2026-03-01 00:00:00.000,Go 3 (4+64),16,-6.0000,12270.0000,-71746.4400,O,Main Location
SI0001SI#001168,2026-03-01 00:00:00.000,Go 3 (4+64),16,-6.0000,12270.0000,-71746.4400,O,Main Location
SI0001SI#001167,2026-03-01 00:00:00.000,Go 3 (4+64),16,-1.0000,12270.0000,-11957.7400,O,Main Location
SI0001SI#001170,2026-03-01 00:00:00.000,Go 3 (4+128),16,-4.0000,13680.0000,-53323.7200,O,Main Location
SI0001SI#001168,2026-03-01 00:00:00.000,Go 3 (4+128),16,-6.0000,13680.0000,-79985.5800,O,Main Location
SI0001SI#001168,2026-03-01 00:00:00.000,Camon 50 (8+256),16,-6.0000,33020.0000,-193168.2000,O,Main Location
SI0001SI#001169,2026-03-01 00:00:00.000,Camon 50 (8+128),16,-1.0000,29250.0000,-28516.1700,O,Main Location
SI0001SI#001168,2026-03-01 00:00:00.000,Camon 50 (8+128),16,-10.0000,29250.0000,-285161.7000,O,Main Location
SI0001SI#001166,2026-02-27 00:00:00.000,N30 SE,16,-1.0000,15000.0000,-14750.0000,O,Main Location
SI0001SI#001164,2026-02-27 00:00:00.000,Go2,16,-2.0000,10390.0000,-20287.2174,O,Main Location
SI0001SI#001165,2026-02-27 00:00:00.000,Go 3 (4+64),16,-3.0000,12270.0000,-35873.2200,O,Main Location
SI0001SI#001163,2026-02-27 00:00:00.000,Go 3 (4+64),16,-10.0000,11958.0000,-119577.4000,O,Main Location
SI0001SI#001165,2026-02-27 00:00:00.000,Camon 50 (8+256),16,-1.0000,33020.0000,-32194.7000,O,Main Location
SI0001SI#001161,2026-02-26 00:00:00.000,Spark40 (6+128),16,-1.0000,16050.0000,-15479.7035,O,Main Location
SI0001SI#001162,2026-02-26 00:00:00.000,Pova Curve 2,16,-5.0000,34910.0000,-170194.9000,O,Main Location
SI0001SI#001161,2026-02-26 00:00:00.000,Pova Curve 2,16,-1.0000,34910.0000,-34038.9800,O,Main Location
SI0001SI#001160,2026-02-26 00:00:00.000,Pova Curve 2,16,-1.0000,34910.0000,-34038.9800,O,Main Location
SI0001SI#001159,2026-02-26 00:00:00.000,Pova Curve 2,16,-1.0000,34910.0000,-34038.9800,O,Main Location
SI0001SI#001162,2026-02-26 00:00:00.000,GO1 4+64,16,-1.0000,10340.0000,-10194.2100,O,Main Location
SI0001SI#001161,2026-02-26 00:00:00.000,Camon 50 (8+256),16,-1.0000,33020.0000,-32194.7000,O,Main Location
PI0001PI#000147,2026-02-25 00:00:00.000,Spark40 (6+128),33,60.0000,15656.3300,939379.8000,I,Main Location
SI0001SI#001156,2026-02-25 00:00:00.000,Spark 40 Pro,16,-1.0000,21700.0000,-20980.8347,O,Main Location
SI0001SI#001155,2026-02-25 00:00:00.000,Pova Slim,16,-4.0000,28300.0000,-110376.0800,O,Main Location
PI0001PI#000147,2026-02-25 00:00:00.000,Pova Slim,33,100.0000,27594.0200,2759402.0000,I,Main Location
PI0001PI#000149,2026-02-25 00:00:00.000,Pova Curve 2,33,20.0000,34038.9800,680779.6000,I,Main Location
SI0001SI#001155,2026-02-25 00:00:00.000,Pova Carve,16,-4.0000,31150.0000,-121481.8800,O,Main Location
SI0001SI#001158,2026-02-25 00:00:00.000,LIVE DEMO Pova Curve 2,16,-1.0000,25900.0000,-25900.0000,O,Main Location
SI0001SI#001157,2026-02-25 00:00:00.000,LIVE DEMO Pova Curve 2,16,-1.0000,25900.0000,-25900.0000,O,Main Location
PI0001PI#000147,2026-02-25 00:00:00.000,Go 3 (4+64),33,300.0000,11957.7400,3587322.0000,I,Main Location
SI0001SI#001156,2026-02-25 00:00:00.000,Camon 50 (8+128),16,-1.0000,29250.0000,-28516.1700,O,Main Location
SI0001SI#001154,2026-02-24 00:00:00.000,Spark40 (6+128),16,-1.0000,16050.0000,-15420.4991,O,Main Location
PI0001PI#000148,2026-02-24 00:00:00.000,LIVE DEMO Pova Curve 2,33,2.0000,25900.0000,51800.0000,I,Main Location
SI0001SI#001150,2026-02-24 00:00:00.000,Go2,16,-3.0000,10390.0000,-30430.8261,O,Main Location
SI0001SI#001153,2026-02-24 00:00:00.000,Go 3 (4+64),16,-5.0000,12270.0000,-59788.7000,O,Main Location
SI0001SI#001152,2026-02-24 00:00:00.000,Go 3 (4+64),16,-2.0000,12270.0000,-23915.4800,O,Main Location
SI0001SI#001153,2026-02-24 00:00:00.000,Go 3 (4+128),16,-2.0000,13680.0000,-26661.8600,O,Main Location
SI0001SI#001152,2026-02-24 00:00:00.000,Camon 50 (8+256),16,-2.0000,33020.0000,-64389.4000,O,Main Location
SI0001SI#001151,2026-02-24 00:00:00.000,Camon 50 (8+256),16,-1.0000,33020.0000,-32194.7000,O,Main Location
SI0001SI#001152,2026-02-24 00:00:00.000,Camon 50 (8+128),16,-1.0000,29250.0000,-28516.1700,O,Main Location
SI0001SI#001151,2026-02-24 00:00:00.000,Camon 50 (8+128),16,-1.0000,29250.0000,-28516.1700,O,Main Location
SI0001SI#001147,2026-02-23 00:00:00.000,Spark 40(8+256),16,-1.0000,18880.0000,-17202.0417,O,Main Location
PI0001PI#000146,2026-02-23 00:00:00.000,Pova Slim,33,10.0000,27594.0200,275940.2000,I,Main Location
SI0001SI#001149,2026-02-23 00:00:00.000,Pova Carve,16,-1.0000,30370.0000,-30370.4700,O,Main Location
SI0001SI#001148,2026-02-23 00:00:00.000,Pova 7 Pro,16,-1.0000,33020.0000,-32194.7000,O,Main Location
SI0001SI#001148,2026-02-23 00:00:00.000,Go 3 (4+64),16,-2.0000,12270.0000,-23915.4800,O,Main Location
SI0001SI#001146,2026-02-22 00:00:00.000,Spark 40 Pro,16,-2.0000,21149.0000,-41961.6695,O,Main Location
SI0001SI#001146,2026-02-22 00:00:00.000,Go 3 (4+64),16,-2.0000,11958.0000,-23915.4800,O,Main Location
SI0001SI#001145,2026-02-22 00:00:00.000,Camon 50 (8+128),16,-1.0000,29250.0000,-28516.1700,O,Main Location
SI0001SI#001143,2026-02-21 00:00:00.000,Pova 7 Pro,16,-1.0000,33020.0000,-32194.7000,O,Main Location
PI0001PI#000144,2026-02-21 00:00:00.000,Live Demo Camon 50,33,2.0000,21765.4600,43530.9200,I,Main Location
SI0001SI#001144,2026-02-21 00:00:00.000,Go 3 (4+64),16,-2.0000,12270.0000,-23915.4800,O,Main Location
SI0001SI#001144,2026-02-21 00:00:00.000,Camon 50 (8+256),16,-1.0000,33020.0000,-32194.7000,O,Main Location
SI0001SI#001144,2026-02-21 00:00:00.000,Camon 50 (8+128),16,-1.0000,29250.0000,-28516.1700,O,Main Location
SI0001SI#001141,2026-02-20 00:00:00.000,Spark 40(8+256),16,-3.0000,18880.0000,-51606.1250,O,Main Location
SI0001SI#001140,2026-02-20 00:00:00.000,Spark 40(8+256),16,-2.0000,18880.0000,-34404.0834,O,Main Location
SI0001SI#001141,2026-02-20 00:00:00.000,Spark 40 Pro,16,-3.0000,21700.0000,-62942.5042,O,Main Location
SI0001SI#001140,2026-02-20 00:00:00.000,Spark 40 Pro,16,-1.0000,21700.0000,-20980.8347,O,Main Location
SI0001SI#001141,2026-02-20 00:00:00.000,Pova Slim,16,-3.0000,28300.0000,-82782.0600,O,Main Location
PI0001PI#000143,2026-02-20 00:00:00.000,Pova Slim,33,30.0000,27594.0200,827820.6000,I,Main Location
SI0001SI#001141,2026-02-20 00:00:00.000,Pova Carve,16,-2.0000,31150.0000,-60740.9400,O,Main Location
SI0001SI#001141,2026-02-20 00:00:00.000,Pova 7 Pro,16,-2.0000,33020.0000,-64389.4000,O,Main Location
SI0001SI#001140,2026-02-20 00:00:00.000,Go 3 (4+64),16,-1.0000,12270.0000,-11957.7400,O,Main Location
SI0001SI#001141,2026-02-20 00:00:00.000,Go 3 (4+128),16,-3.0000,13680.0000,-39992.7900,O,Main Location
SI0001SI#001138,2026-02-20 00:00:00.000,Camon 50 (8+256),16,-1.0000,33020.0000,-32194.7000,O,Main Location
SI0001SI#001142,2026-02-20 00:00:00.000,Camon 50 (8+256),16,-6.0000,33020.0000,-193168.2000,O,Main Location
SI0001SI#001140,2026-02-20 00:00:00.000,Camon 50 (8+256),16,-1.0000,33020.0000,-32194.7000,O,Main Location
SI0001SI#001139,2026-02-20 00:00:00.000,Camon 50 (8+256),16,-1.0000,33020.0000,-32194.7000,O,Main Location
PI0001PI#000143,2026-02-20 00:00:00.000,Camon 50 (8+256),33,50.0000,32194.7000,1609735.0000,I,Main Location
SI0001SI#001138,2026-02-20 00:00:00.000,Camon 50 (8+128),16,-1.0000,29250.0000,-28516.1700,O,Main Location
SI0001SI#001142,2026-02-20 00:00:00.000,Camon 50 (8+128),16,-4.0000,29250.0000,-114064.6800,O,Main Location
SI0001SI#001140,2026-02-20 00:00:00.000,Camon 50 (8+128),16,-2.0000,29250.0000,-57032.3400,O,Main Location
SI0001SI#001139,2026-02-20 00:00:00.000,Camon 50 (8+128),16,-1.0000,29250.0000,-28516.1700,O,Main Location
PI0001PI#000143,2026-02-20 00:00:00.000,Camon 50 (8+128),33,230.0000,28516.1700,6558719.1000,I,Main Location
SI0001SI#001137,2026-02-19 00:00:00.000,Spark40 Pro Pius,16,-4.0000,23590.0000,-91973.3600,O,Main Location
SI0001SI#001136,2026-02-19 00:00:00.000,Pova Slim,16,-1.0000,28300.0000,-27594.0200,O,Main Location
SI0001SI#001134,2026-02-18 00:00:00.000,Spark40 (6+128),16,-5.0000,16050.0000,-77102.4957,O,Main Location
SI0001SI#001135,2026-02-18 00:00:00.000,Spark 40(8+256),16,-2.0000,18393.0000,-34404.0834,O,Main Location
SI0001SI#001135,2026-02-18 00:00:00.000,Spark 40 Pro,16,-3.0000,21149.0000,-62942.5042,O,Main Location
SI0001SI#001131,2026-02-17 00:00:00.000,Tablet Megapad 4+128,16,-2.0000,19810.0000,-38629.6200,O,Main Location
SI0001SI#001133,2026-02-17 00:00:00.000,Spark40 (6+128),16,-10.0000,16050.0000,-154204.9915,O,Main Location
SI0001SI#001132,2026-02-17 00:00:00.000,Spark40 (6+128),16,-3.0000,16050.0000,-46261.4974,O,Main Location
SI0001SI#001131,2026-02-17 00:00:00.000,Spark 40 Pro,16,-1.0000,21700.0000,-20980.8347,O,Main Location
SI0001SI#001131,2026-02-17 00:00:00.000,Pova Slim,16,-1.0000,28300.0000,-27594.0200,O,Main Location
PI0001PI#000142,2026-02-17 00:00:00.000,Go 3 (4+64),33,200.0000,11957.7400,2391548.0000,I,Main Location
SI0001SI#001132,2026-02-17 00:00:00.000,Go 3 (4+64),16,-3.0000,12270.0000,-35873.2200,O,Main Location
SI0001SI#001131,2026-02-17 00:00:00.000,Go 3 (4+64),16,-2.0000,12270.0000,-23915.4800,O,Main Location
SI0001SI#001126,2026-02-16 00:00:00.000,Spark40 Pro Pius,16,-3.0000,23590.0000,-68980.0200,O,Main Location
SI0001SI#001129,2026-02-16 00:00:00.000,Spark40 (6+128),16,-2.0000,16050.0000,-30840.9983,O,Main Location
SI0001SI#001128,2026-02-16 00:00:00.000,Spark40 (6+128),16,-2.0000,16050.0000,-30840.9983,O,Main Location
SI0001SI#001128,2026-02-16 00:00:00.000,Spark 40(8+256),16,-2.0000,18880.0000,-34404.0834,O,Main Location
SI0001SI#001129,2026-02-16 00:00:00.000,Spark 40 Pro,16,-1.0000,21700.0000,-20980.8347,O,Main Location
SI0001SI#001128,2026-02-16 00:00:00.000,Spark 40 Pro,16,-3.0000,21700.0000,-62942.5042,O,Main Location
SI0001SI#001127,2026-02-16 00:00:00.000,Spark 40 Pro,16,-1.0000,21700.0000,-20980.8347,O,Main Location
SI0001SI#001130,2026-02-16 00:00:00.000,Spark 40 5G,16,-2.0000,16040.0000,-31272.5600,O,Main Location
SI0001SI#001128,2026-02-16 00:00:00.000,Pova Slim,16,-1.0000,28300.0000,-27594.0200,O,Main Location
SI0001SI#001126,2026-02-16 00:00:00.000,Pova Slim,16,-1.0000,28300.0000,-27594.0200,O,Main Location
SI0001SI#001128,2026-02-16 00:00:00.000,Pova 7 Pro,16,-1.0000,33020.0000,-32194.7000,O,Main Location
SI0001SI#001129,2026-02-16 00:00:00.000,Go 3 (4+64),16,-2.0000,12270.0000,-23915.4800,O,Main Location
SI0001SI#001126,2026-02-16 00:00:00.000,Go 3 (4+64),16,-1.0000,12270.0000,-11957.7400,O,Main Location
SI0001SI#001129,2026-02-16 00:00:00.000,Go 3 (4+128),16,-2.0000,13680.0000,-26661.8600,O,Main Location
SI0001SI#001128,2026-02-16 00:00:00.000,Go 3 (4+128),16,-1.0000,13680.0000,-13330.9300,O,Main Location
SI0001SI#001125,2026-02-15 00:00:00.000,Spark40 (6+128),16,-40.0000,15656.0000,-616819.9659,O,Main Location
SI0001SI#001124,2026-02-15 00:00:00.000,Spark40 (6+128),16,-2.0000,16050.0000,-30840.9983,O,Main Location
SI0001SI#001125,2026-02-15 00:00:00.000,Spark 40 Pro,16,-20.0000,21149.0000,-419616.6948,O,Main Location
SI0001SI#001123,2026-02-15 00:00:00.000,Spark 40 Pro,16,-2.0000,21700.0000,-41961.6695,O,Main Location
SI0001SI#001125,2026-02-15 00:00:00.000,Pova Slim,16,-30.0000,27594.0000,-827820.6000,O,Main Location
SI0001SI#001123,2026-02-15 00:00:00.000,Pova Slim,16,-2.0000,28300.0000,-55188.0400,O,Main Location
SI0001SI#001125,2026-02-15 00:00:00.000,Pova Carve,16,-30.0000,30370.0000,-911114.1000,O,Main Location
SI0001SI#001125,2026-02-15 00:00:00.000,Pova 7 Pro,16,-20.0000,32194.0000,-643894.0000,O,Main Location
SI0001SI#001123,2026-02-15 00:00:00.000,Pova 7 Pro,16,-1.0000,33020.0000,-32194.7000,O,Main Location
SI0001SI#001124,2026-02-15 00:00:00.000,Go 3 (4+64),16,-1.0000,12270.0000,-11957.7400,O,Main Location
SI0001SI#001123,2026-02-15 00:00:00.000,Go 3 (4+64),16,-2.0000,12270.0000,-23915.4800,O,Main Location
SI0001SI#001123,2026-02-15 00:00:00.000,Camon40 Pro,16,-2.0000,26410.0000,-51409.9600,O,Main Location
SI0001SI#001122,2026-02-14 00:00:00.000,Spark40 Pro Pius,16,-2.0000,23590.0000,-45986.6800,O,Main Location
SI0001SI#001120,2026-02-14 00:00:00.000,Spark40 (6+128),16,-20.0000,15656.0000,-308409.9830,O,Main Location
SI0001SI#001122,2026-02-14 00:00:00.000,Spark40 (6+128),16,-2.0000,16050.0000,-30840.9983,O,Main Location
SI0001SI#001120,2026-02-14 00:00:00.000,Spark 40(8+256),16,-5.0000,18392.0000,-86010.2084,O,Main Location
SI0001SI#001122,2026-02-14 00:00:00.000,Spark 40(8+256),16,-2.0000,18880.0000,-34404.0834,O,Main Location
SI0001SI#001120,2026-02-14 00:00:00.000,Spark 40 Pro,16,-5.0000,21149.0000,-104904.1737,O,Main Location
SI0001SI#001120,2026-02-14 00:00:00.000,Pova Slim,16,-17.0000,27594.0000,-469098.3400,O,Main Location
SI0001SI#001122,2026-02-14 00:00:00.000,Pova Slim,16,-1.0000,28300.0000,-27594.0200,O,Main Location
SI0001SI#001120,2026-02-14 00:00:00.000,Pova Carve,16,-5.0000,30370.0000,-151852.3500,O,Main Location
SI0001SI#001120,2026-02-14 00:00:00.000,Pova 7 Pro,16,-3.0000,32194.0000,-96584.1000,O,Main Location
SI0001SI#001122,2026-02-14 00:00:00.000,Go 3 (4+64),16,-3.0000,12270.0000,-35873.2200,O,Main Location
SI0001SI#001121,2026-02-14 00:00:00.000,Go 3 (4+64),16,-3.0000,12270.0000,-35873.2200,O,Main Location
SI0001SI#001117,2026-02-10 00:00:00.000,Spark40 Pro Pius,16,-5.0000,23590.0000,-114966.7000,O,Main Location
SI0001SI#001116,2026-02-10 00:00:00.000,Spark40 Pro Pius,16,-2.0000,23590.0000,-45986.6800,O,Main Location
SI0001SI#001116,2026-02-10 00:00:00.000,Spark40 (6+128),16,-4.0000,16050.0000,-61681.9966,O,Main Location
SI0001SI#001113,2026-02-10 00:00:00.000,Spark40 (6+128),16,-5.0000,16050.0000,-77102.4957,O,Main Location
SI0001SI#001112,2026-02-10 00:00:00.000,Spark40 (6+128),16,-1.0000,16050.0000,-15420.4991,O,Main Location
SI0001SI#001111,2026-02-10 00:00:00.000,Spark40 (6+128),16,-4.0000,16050.0000,-61681.9966,O,Main Location
SI0001SI#001110,2026-02-10 00:00:00.000,Spark40 (6+128),16,-3.0000,16050.0000,-46261.4974,O,Main Location
SI0001SI#001116,2026-02-10 00:00:00.000,Spark 40(8+256),16,-2.0000,18880.0000,-34404.0834,O,Main Location
SI0001SI#001113,2026-02-10 00:00:00.000,Spark 40(8+256),16,-5.0000,18880.0000,-86010.2084,O,Main Location
SI0001SI#001111,2026-02-10 00:00:00.000,Spark 40(8+256),16,-4.0000,18880.0000,-68808.1667,O,Main Location
SI0001SI#001117,2026-02-10 00:00:00.000,Spark 40 Pro,16,-4.0000,21700.0000,-83923.3390,O,Main Location
PI0001PI#000141,2026-02-10 00:00:00.000,Spark 40 Pro,33,200.0000,21149.0700,4229814.0000,I,Main Location
SI0001SI#001115,2026-02-10 00:00:00.000,Spark 40 5G,16,-2.0000,16040.0000,-31272.5600,O,Main Location
SI0001SI#001116,2026-02-10 00:00:00.000,Pova Slim,16,-2.0000,28300.0000,-55188.0400,O,Main Location
PI0001PI#000141,2026-02-10 00:00:00.000,Pova Carve,33,100.0000,30370.4700,3037047.0000,I,Main Location
SI0001SI#001116,2026-02-10 00:00:00.000,Pova 7 Pro,16,-1.0000,33020.0000,-32194.7000,O,Main Location
PI0001PI#000141,2026-02-10 00:00:00.000,Pova 7 Pro,33,20.0000,32194.7000,643894.0000,I,Main Location
SI0001SI#001116,2026-02-10 00:00:00.000,Go 3 (4+64),16,-3.0000,12270.0000,-35873.2200,O,Main Location
SI0001SI#001115,2026-02-10 00:00:00.000,Go 3 (4+64),16,-2.0000,12270.0000,-23915.4800,O,Main Location
SI0001SI#001114,2026-02-10 00:00:00.000,Go 3 (4+64),16,-2.0000,12270.0000,-23915.4800,O,Main Location
PI0001PI#000141,2026-02-10 00:00:00.000,Go 3 (4+64),33,200.0000,11957.7400,2391548.0000,I,Main Location
SI0001SI#001116,2026-02-10 00:00:00.000,Go 3 (4+128),16,-4.0000,13680.0000,-53323.7200,O,Main Location
SI0001SI#001114,2026-02-10 00:00:00.000,Go 3 (4+128),16,-2.0000,13680.0000,-26661.8600,O,Main Location
SI0001SI#001110,2026-02-10 00:00:00.000,Camon40 Pro,16,-6.0000,21700.0000,-154229.8800,O,Main Location
PI0001PI#000141,2026-02-10 00:00:00.000,Camon40 Pro,33,8.0000,25704.9800,205639.8400,I,Main Location
SI0001SI#001108,2026-02-09 00:00:00.000,Spark40 (6+128),16,-6.0000,16050.0000,-92522.9949,O,Main Location
SI0001SI#001107,2026-02-09 00:00:00.000,Spark40 (6+128),16,-1.0000,16050.0000,-15420.4991,O,Main Location
PI0001PI#000140,2026-02-09 00:00:00.000,Spark40 (6+128),33,100.0000,15656.3300,1565633.0000,I,Main Location
SI0001SI#001108,2026-02-09 00:00:00.000,Spark 40(8+256),16,-3.0000,18880.0000,-51606.1250,O,Main Location
SI0001SI#001108,2026-02-09 00:00:00.000,Spark 40 Pro,16,-3.0000,21700.0000,-55177.8000,O,Main Location
SI0001SI#001107,2026-02-09 00:00:00.000,Spark 40 Pro,16,-1.0000,21700.0000,-18392.6000,O,Main Location
SI0001SI#001109,2026-02-09 00:00:00.000,Pova Slim,16,-1.0000,28300.0000,-27594.0200,O,Main Location
SI0001SI#001108,2026-02-09 00:00:00.000,Pova Slim,16,-2.0000,28300.0000,-55188.0400,O,Main Location
SI0001SI#001108,2026-02-09 00:00:00.000,Pova Carve,16,-2.0000,31150.0000,-60740.9400,O,Main Location
SI0001SI#001108,2026-02-09 00:00:00.000,Pova 7 Pro,16,-1.0000,33020.0000,-32194.7000,O,Main Location
SI0001SI#001118,2026-02-09 00:00:00.000,Go2,16,-27.0000,10144.0000,-273877.4346,O,Main Location
SI0001SI#001108,2026-02-09 00:00:00.000,Go 3 (4+64),16,-6.0000,12270.0000,-71746.4400,O,Main Location
SI0001SI#001107,2026-02-09 00:00:00.000,Go 3 (4+64),16,-2.0000,12270.0000,-23915.4800,O,Main Location
SI0001SI#001108,2026-02-09 00:00:00.000,Go 3 (4+128),16,-1.0000,13680.0000,-13330.9300,O,Main Location
SI0001SI#001107,2026-02-09 00:00:00.000,Go 3 (4+128),16,-1.0000,13680.0000,-13330.9300,O,Main Location
SI0001SI#001106,2026-02-08 00:00:00.000,Spark40 Pro Pius,16,-4.0000,23590.0000,-91973.3600,O,Main Location
SI0001SI#001105,2026-02-08 00:00:00.000,Spark40 Pro Pius,16,-8.0000,23590.0000,-183946.7200,O,Main Location
SI0001SI#001104,2026-02-08 00:00:00.000,Spark40 (6+128),16,-30.0000,15656.0000,-458891.3294,O,Main Location
SR0001SR#000017,2026-02-08 00:00:00.000,Spark40 (6+128),13,5.0000,.0000,76481.8882,I,Main Location
SR0001SR#000017,2026-02-08 00:00:00.000,Spark 40(8+256),13,5.0000,.0000,86010.2084,I,Main Location
SR0001SR#000017,2026-02-08 00:00:00.000,Spark 40 Pro,13,4.0000,.0000,73570.4000,I,Main Location
SI0001SI#001104,2026-02-08 00:00:00.000,Pova Slim,16,-10.0000,27594.0000,-275940.2000,O,Main Location
SI0001SI#001104,2026-02-08 00:00:00.000,Pova Carve,16,-30.0000,30370.0000,-911114.1000,O,Main Location
SI0001SI#001103,2026-02-08 00:00:00.000,Pova Carve,16,-4.0000,31150.0000,-121481.8800,O,Main Location
SI0001SI#001104,2026-02-08 00:00:00.000,Go2,16,-150.0000,10145.0000,-1521541.3034,O,Main Location
SI0001SI#001105,2026-02-08 00:00:00.000,Go2,16,-10.0000,10390.0000,-101436.0869,O,Main Location
SI0001SI#001103,2026-02-08 00:00:00.000,Go2,16,-5.0000,10390.0000,-50718.0434,O,Main Location
SR0001SR#000017,2026-02-08 00:00:00.000,Go 3 (4+64),13,2.0000,.0000,23915.4800,I,Main Location
SR0001SR#000017,2026-02-08 00:00:00.000,Go 3 (4+128),13,2.0000,.0000,26661.8600,I,Main Location
SI0001SI#001102,2026-02-07 00:00:00.000,Spark 40(8+256),16,-1.0000,18880.0000,-17202.0417,O,Main Location
SI0001SI#001102,2026-02-07 00:00:00.000,Go 3 (4+64),16,-1.0000,12270.0000,-11957.7400,O,Main Location
SI0001SI#001100,2026-02-06 00:00:00.000,Spark40 Pro Pius,16,-2.0000,22993.0000,-45986.6800,O,Main Location
SI0001SI#001101,2026-02-06 00:00:00.000,Spark40 Pro Pius,16,-3.0000,23590.0000,-68980.0200,O,Main Location
SI0001SI#001097,2026-02-06 00:00:00.000,Spark40 Pro Pius,16,-11.0000,23590.0000,-252926.7400,O,Main Location
SI0001SI#001097,2026-02-06 00:00:00.000,Spark40 (6+128),16,-1.0000,16050.0000,-15296.3776,O,Main Location
SI0001SI#001100,2026-02-06 00:00:00.000,Spark 40 Pro,16,-2.0000,21149.0000,-36785.2000,O,Main Location
SI0001SI#001098,2026-02-06 00:00:00.000,Spark 40 Pro,16,-1.0000,21700.0000,-18392.6000,O,Main Location
SI0001SI#001100,2026-02-06 00:00:00.000,Pova Carve,16,-2.0000,30370.0000,-60740.9400,O,Main Location
SI0001SI#001100,2026-02-06 00:00:00.000,Pova 7 Pro,16,-2.0000,32195.0000,-64389.4000,O,Main Location
SI0001SI#001099,2026-02-06 00:00:00.000,Go2,16,-25.0000,10390.0000,-253590.2172,O,Main Location
SI0001SI#001101,2026-02-06 00:00:00.000,Go2,16,-10.0000,10390.0000,-101436.0869,O,Main Location
SI0001SI#001101,2026-02-06 00:00:00.000,Go 3 (4+64),16,-2.0000,12270.0000,-23915.4800,O,Main Location
SI0001SI#001094,2026-02-05 00:00:00.000,Spark40 Pro Pius,16,-5.0000,23590.0000,-114966.7000,O,Main Location
SI0001SI#001096,2026-02-05 00:00:00.000,Spark40 (6+128),16,-5.0000,16050.0000,-76481.8882,O,Main Location
SI0001SI#001096,2026-02-05 00:00:00.000,Spark 40(8+256),16,-5.0000,18880.0000,-86010.2084,O,Main Location
SI0001SI#001095,2026-02-05 00:00:00.000,Spark 40(8+256),16,-2.0000,18880.0000,-34404.0834,O,Main Location
SI0001SI#001096,2026-02-05 00:00:00.000,Spark 40 Pro,16,-4.0000,21700.0000,-73570.4000,O,Main Location
SI0001SI#001096,2026-02-05 00:00:00.000,Go 3 (4+64),16,-2.0000,12270.0000,-23915.4800,O,Main Location
SI0001SI#001096,2026-02-05 00:00:00.000,Go 3 (4+128),16,-2.0000,13680.0000,-26661.8600,O,Main Location
SI0001SI#001091,2026-02-04 00:00:00.000,Tablet Megapad 4+128,16,-1.0000,19810.0000,-19314.8100,O,Main Location
SI0001SI#001085,2026-02-04 00:00:00.000,Tablet Megapad 4+128,16,-1.0000,19810.0000,-19314.8100,O,Main Location
SI0001SI#001092,2026-02-04 00:00:00.000,Spark40 Pro Pius,16,-2.0000,23590.0000,-45986.6800,O,Main Location
SI0001SI#001086,2026-02-04 00:00:00.000,Spark40 Pro Pius,16,-1.0000,23590.0000,-22993.3400,O,Main Location
SI0001SI#001092,2026-02-04 00:00:00.000,Spark40 (6+128),16,-1.0000,16050.0000,-15296.3776,O,Main Location
SI0001SI#001090,2026-02-04 00:00:00.000,Spark40 (6+128),16,-3.0000,16050.0000,-45889.1329,O,Main Location
SI0001SI#001087,2026-02-04 00:00:00.000,Spark40 (6+128),16,-4.0000,16050.0000,-61185.5106,O,Main Location
SI0001SI#001086,2026-02-04 00:00:00.000,Spark40 (6+128),16,-3.0000,16050.0000,-45889.1329,O,Main Location
SI0001SI#001088,2026-02-04 00:00:00.000,Spark 40 Pro,16,-2.0000,21700.0000,-36785.2000,O,Main Location
SI0001SI#001086,2026-02-04 00:00:00.000,Spark 40 Pro,16,-2.0000,21700.0000,-36785.2000,O,Main Location
SI0001SI#001088,2026-02-04 00:00:00.000,Spark 40 5G,16,-1.0000,16040.0000,-15636.2800,O,Main Location
SI0001SI#001093,2026-02-04 00:00:00.000,Pova Slim,16,-2.0000,28300.0000,-55188.0400,O,Main Location
SI0001SI#001092,2026-02-04 00:00:00.000,Pova Slim,16,-1.0000,28300.0000,-27594.0200,O,Main Location
SI0001SI#001091,2026-02-04 00:00:00.000,Pova Slim,16,-1.0000,28300.0000,-27594.0200,O,Main Location
SI0001SI#001087,2026-02-04 00:00:00.000,Pova Slim,16,-4.0000,28300.0000,-110376.0800,O,Main Location
SI0001SI#001086,2026-02-04 00:00:00.000,Pova Slim,16,-1.0000,28300.0000,-27594.0200,O,Main Location
SI0001SI#001093,2026-02-04 00:00:00.000,Pova Carve,16,-5.0000,31150.0000,-151852.3500,O,Main Location
SI0001SI#001091,2026-02-04 00:00:00.000,Pova Carve,16,-1.0000,31150.0000,-30370.4700,O,Main Location
SI0001SI#001089,2026-02-04 00:00:00.000,Pova Carve,16,-1.0000,31150.0000,-30370.4700,O,Main Location
SI0001SI#001090,2026-02-04 00:00:00.000,Go2,16,-5.0000,10390.0000,-50718.0435,O,Main Location
SI0001SI#001086,2026-02-04 00:00:00.000,Go2,16,-2.0000,10390.0000,-20287.2174,O,Main Location
SI0001SI#001093,2026-02-04 00:00:00.000,Go 3 (4+64),16,-4.0000,12270.0000,-47830.9600,O,Main Location
SI0001SI#001092,2026-02-04 00:00:00.000,Go 3 (4+64),16,-1.0000,12270.0000,-11957.7400,O,Main Location
SI0001SI#001091,2026-02-04 00:00:00.000,Go 3 (4+64),16,-2.0000,12270.0000,-23915.4800,O,Main Location
SI0001SI#001090,2026-02-04 00:00:00.000,Go 3 (4+64),16,-2.0000,12270.0000,-23915.4800,O,Main Location
SI0001SI#001086,2026-02-04 00:00:00.000,Go 3 (4+64),16,-2.0000,12270.0000,-23915.4800,O,Main Location
SI0001SI#001093,2026-02-04 00:00:00.000,Go 3 (4+128),16,-1.0000,13680.0000,-13330.9300,O,Main Location
SI0001SI#001119,2026-02-03 00:00:00.000,Spark40 Pro Pius,16,-2.0000,23590.0000,-45986.6800,O,Main Location
SI0001SI#001119,2026-02-03 00:00:00.000,Spark40 (6+128),16,-3.0000,16050.0000,-45889.1329,O,Main Location
SI0001SI#001081,2026-02-03 00:00:00.000,Spark40 (6+128),16,-1.0000,16050.0000,-15296.3776,O,Main Location
SI0001SI#001080,2026-02-03 00:00:00.000,Spark40 (6+128),16,-2.0000,16050.0000,-30592.7553,O,Main Location
SI0001SI#001079,2026-02-03 00:00:00.000,Spark40 (6+128),16,-10.0000,16050.0000,-152963.7765,O,Main Location
SI0001SI#001119,2026-02-03 00:00:00.000,Spark 40(8+256),16,-2.0000,18880.0000,-34404.0834,O,Main Location
SI0001SI#001080,2026-02-03 00:00:00.000,Spark 40(8+256),16,-1.0000,18880.0000,-17202.0417,O,Main Location
SI0001SI#001119,2026-02-03 00:00:00.000,Spark 40 Pro,16,-1.0000,21700.0000,-18392.6000,O,Main Location
SI0001SI#001084,2026-02-03 00:00:00.000,Spark 40 Pro,16,-1.0000,21700.0000,-18392.6000,O,Main Location
SI0001SI#001080,2026-02-03 00:00:00.000,Spark 40 Pro,16,-1.0000,21700.0000,-18392.6000,O,Main Location
SI0001SI#001080,2026-02-03 00:00:00.000,Spark 40 5G,16,-2.0000,16040.0000,-31272.5600,O,Main Location
SI0001SI#001119,2026-02-03 00:00:00.000,Pova Slim,16,-1.0000,28300.0000,-27594.0200,O,Main Location
SI0001SI#001083,2026-02-03 00:00:00.000,Pova Slim,16,-1.0000,28300.0000,-27594.0200,O,Main Location
SI0001SI#001119,2026-02-03 00:00:00.000,Go2,16,-2.0000,10390.0000,-20287.2174,O,Main Location
SI0001SI#001080,2026-02-03 00:00:00.000,Go2,16,-2.0000,10390.0000,-20287.2174,O,Main Location
SI0001SI#001119,2026-02-03 00:00:00.000,Go 3 (4+64),16,-2.0000,12270.0000,-23915.4800,O,Main Location
SI0001SI#001082,2026-02-03 00:00:00.000,Go 3 (4+64),16,-2.0000,12270.0000,-23915.4800,O,Main Location
SI0001SI#001080,2026-02-03 00:00:00.000,Go 3 (4+64),16,-2.0000,12270.0000,-23915.4800,O,Main Location
SI0001SI#001079,2026-02-03 00:00:00.000,Go 3 (4+64),16,-5.0000,12270.0000,-59788.7000,O,Main Location
SI0001SI#001077,2026-02-02 00:00:00.000,Spark40 (6+128),16,-2.0000,16050.0000,-30592.7553,O,Main Location
SI0001SI#001077,2026-02-02 00:00:00.000,Spark 40 5G,16,-1.0000,16040.0000,-15636.2800,O,Main Location
SI0001SI#001077,2026-02-02 00:00:00.000,Pova Slim,16,-1.0000,28300.0000,-27594.0200,O,Main Location
SI0001SI#001077,2026-02-02 00:00:00.000,Pova 7 Pro,16,-1.0000,33020.0000,-32194.7000,O,Main Location
SI0001SI#001078,2026-02-02 00:00:00.000,Go2,16,-3.0000,10390.0000,-30430.8261,O,Main Location
SI0001SI#001077,2026-02-02 00:00:00.000,Go2,16,-2.0000,10390.0000,-20287.2174,O,Main Location
SI0001SI#001078,2026-02-02 00:00:00.000,Go 3 (4+64),16,-1.0000,12270.0000,-11957.7400,O,Main Location
SI0001SI#001077,2026-02-02 00:00:00.000,Go 3 (4+64),16,-2.0000,12270.0000,-23915.4800,O,Main Location
PI0001PI#000139,2026-01-30 00:00:00.000,Spark40 (6+128),33,100.0000,15656.3300,1565633.0000,I,Main Location
SI0001SI#001075,2026-01-30 00:00:00.000,Go2,16,-10.0000,10390.0000,-101436.0869,O,Main Location
PI0001PI#000139,2026-01-30 00:00:00.000,Go 3 (4+64),33,90.0000,11957.7400,1076196.6000,I,Main Location
SI0001SI#001076,2026-01-30 00:00:00.000,Go 3 (4+64),16,-3.0000,12270.0000,-35873.2200,O,Main Location
PI0001PI#000139,2026-01-30 00:00:00.000,Go 3 (4+128),33,165.0000,13330.9300,2199603.4500,I,Main Location
SI0001SI#001074,2026-01-29 00:00:00.000,Spark40 Pro Pius,16,-1.0000,23590.0000,-22993.3400,O,Main Location
SI0001SI#001074,2026-01-29 00:00:00.000,Go2,16,-2.0000,10390.0000,-20287.2174,O,Main Location
SI0001SI#001074,2026-01-29 00:00:00.000,Go 3 (4+64),16,-1.0000,12270.0000,-11957.7400,O,Main Location
PI0001PI#000138,2026-01-29 00:00:00.000,Go 3 (4+64),33,48.0000,11957.7400,573971.5200,I,Main Location
SI0001SI#001073,2026-01-28 00:00:00.000,Spark40 Pro Pius,16,-1.0000,23590.0000,-22993.3400,O,Main Location
SI0001SI#001073,2026-01-28 00:00:00.000,Spark40 (6+128),16,-3.0000,16050.0000,-45169.2282,O,Main Location
SI0001SI#001073,2026-01-28 00:00:00.000,Spark 40(8+256),16,-2.0000,18880.0000,-34404.0834,O,Main Location
SI0001SI#001073,2026-01-28 00:00:00.000,Go2,16,-1.0000,10390.0000,-10143.6087,O,Main Location
SI0001SI#001073,2026-01-28 00:00:00.000,Go 3 (4+64),16,-2.0000,12270.0000,-23915.4800,O,Main Location
PI0001PI#000137,2026-01-28 00:00:00.000,Go 3 (4+64),33,120.0000,11957.7400,1434928.8000,I,Main Location
PI0001PI#000136,2026-01-27 00:00:00.000,Spark40 (6+128),33,120.0000,15656.3300,1878759.6000,I,Main Location
PI0001PI#000136,2026-01-27 00:00:00.000,Spark 40(8+256),33,80.0000,18392.6700,1471413.6000,I,Main Location
SI0001SI#001072,2026-01-27 00:00:00.000,Pova Carve,16,-3.0000,31150.0000,-91111.4100,O,Main Location
PI0001PI#000136,2026-01-27 00:00:00.000,Go 3 (4+64),33,250.0000,11957.7400,2989435.0000,I,Main Location
SI0001SI#001069,2026-01-26 00:00:00.000,Tablet Megapad 4+128,16,-1.0000,19810.0000,-19314.8100,O,Main Location
SI0001SI#001071,2026-01-26 00:00:00.000,Spark40 Pro Pius,16,-1.0000,23590.0000,-22993.3400,O,Main Location
SI0001SI#001071,2026-01-26 00:00:00.000,Spark40 (6+128),16,-2.0000,16050.0000,-25749.7600,O,Main Location
SI0001SI#001067,2026-01-26 00:00:00.000,Spark40 (6+128),16,-1.0000,16050.0000,-12874.8800,O,Main Location
SI0001SI#001071,2026-01-26 00:00:00.000,Pova 7 Pro,16,-1.0000,33020.0000,-32194.7000,O,Main Location
SI0001SI#001071,2026-01-26 00:00:00.000,Go2,16,-2.0000,10390.0000,-20287.2174,O,Main Location
SI0001SI#001071,2026-01-26 00:00:00.000,Go 3 (4+64),16,-1.0000,12270.0000,-11957.7400,O,Main Location
SI0001SI#001068,2026-01-26 00:00:00.000,Go 3 (4+64),16,-1.0000,12270.0000,-11957.7400,O,Main Location
SI0001SI#001070,2026-01-26 00:00:00.000,Go 3 (4+128),16,-1.0000,13680.0000,-13330.9300,O,Main Location
SI0001SI#001066,2026-01-25 00:00:00.000,Spark40 Pro Pius,16,-1.0000,23590.0000,-22993.3400,O,Main Location
SI0001SI#001065,2026-01-25 00:00:00.000,Pova Slim,16,-1.0000,28300.0000,-27594.0200,O,Main Location
SI0001SI#001066,2026-01-25 00:00:00.000,Pova 7 Pro,16,-1.0000,33020.0000,-32194.7000,O,Main Location
SI0001SI#001063,2026-01-25 00:00:00.000,Go2,16,-4.0000,10390.0000,-40574.4348,O,Main Location
SI0001SI#001066,2026-01-25 00:00:00.000,Go 3 (4+64),16,-3.0000,12270.0000,-35873.2200,O,Main Location
SI0001SI#001064,2026-01-25 00:00:00.000,Go 3 (4+128),16,-2.0000,13680.0000,-26661.8600,O,Main Location
SI0001SI#001058,2026-01-23 00:00:00.000,Tablet Megapad 4+128,16,-1.0000,19810.0000,-19314.8100,O,Main Location
PI0001PI#000135,2026-01-23 00:00:00.000,Spark 40(8+256),33,10.0000,18392.6700,183926.7000,I,Main Location
SI0001SI#001062,2026-01-23 00:00:00.000,Spark 40 5G,16,-6.0000,16040.0000,-93817.6800,O,Main Location
SI0001SI#001059,2026-01-23 00:00:00.000,Pova Slim,16,-2.0000,28300.0000,-55188.0400,O,Main Location
SI0001SI#001058,2026-01-23 00:00:00.000,Pova Slim,16,-1.0000,28300.0000,-27594.0200,O,Main Location
SI0001SI#001061,2026-01-23 00:00:00.000,Pova 7 Pro,16,-2.0000,33020.0000,-64389.4000,O,Main Location
SI0001SI#001060,2026-01-23 00:00:00.000,Go2,16,-1.0000,10390.0000,-10143.6087,O,Main Location
SI0001SI#001059,2026-01-23 00:00:00.000,Go 3 (4+64),16,-4.0000,12270.0000,-47830.9600,O,Main Location
PI0001PI#000135,2026-01-23 00:00:00.000,Go 3 (4+64),33,20.0000,11957.7400,239154.8000,I,Main Location
PI0001PI#000135,2026-01-23 00:00:00.000,Go 3 (4+128),33,20.0000,13330.9300,266618.6000,I,Main Location
SI0001SI#001055,2026-01-22 00:00:00.000,Spark40 (6+128),16,-1.0000,16050.0000,-12874.8800,O,Main Location
SI0001SI#001055,2026-01-22 00:00:00.000,Spark 40(8+256),16,-1.0000,18880.0000,-15180.2200,O,Main Location
SI0001SI#001057,2026-01-22 00:00:00.000,Pova Carve,16,-1.0000,31150.0000,-30370.4700,O,Main Location
SI0001SI#001056,2026-01-22 00:00:00.000,Go2,16,-100.0000,10145.0000,-1014360.8690,O,Main Location
SI0001SI#001055,2026-01-22 00:00:00.000,Go2,16,-1.0000,10390.0000,-10143.6087,O,Main Location
SI0001SI#001054,2026-01-22 00:00:00.000,Go2,16,-70.0000,10390.0000,-710052.6083,O,Main Location
SI0001SI#001055,2026-01-22 00:00:00.000,Go 3 (4+64),16,-1.0000,12270.0000,-11957.7400,O,Main Location
SI0001SI#001055,2026-01-22 00:00:00.000,Go 3 (4+128),16,-1.0000,13680.0000,-13330.9300,O,Main Location
SI0001SI#001051,2026-01-21 00:00:00.000,Spark40 Pro Pius,16,-3.0000,23590.0000,-68980.0200,O,Main Location
SI0001SI#001053,2026-01-21 00:00:00.000,Spark 40 Pro,16,-60.0000,21149.0000,-1103556.0000,O,Main Location
SI0001SI#001053,2026-01-21 00:00:00.000,Spark 40 5G,16,-40.0000,15636.0000,-625451.2000,O,Main Location
SI0001SI#001053,2026-01-21 00:00:00.000,Pova Slim,16,-10.0000,27592.0000,-275940.2000,O,Main Location
SI0001SI#001052,2026-01-21 00:00:00.000,Go2,16,-80.0000,10390.0000,-811488.6952,O,Main Location
SI0001SI#001053,2026-01-21 00:00:00.000,Go2,16,-140.0000,10390.0000,-1420105.2166,O,Main Location
SI0001SI#001051,2026-01-21 00:00:00.000,Go2,16,-20.0000,10390.0000,-202872.1738,O,Main Location
SI0001SI#001051,2026-01-21 00:00:00.000,Go 3 (4+64),16,-2.0000,12270.0000,-23915.4800,O,Main Location
SI0001SI#001049,2026-01-20 00:00:00.000,Tablet Megapad 4+128,16,-1.0000,19810.0000,-19314.8100,O,Main Location
SI0001SI#001049,2026-01-20 00:00:00.000,Spark 40 Pro,16,-1.0000,21700.0000,-18392.6000,O,Main Location
SI0001SI#001049,2026-01-20 00:00:00.000,Pova Carve,16,-1.0000,31150.0000,-30370.4700,O,Main Location
SI0001SI#001045,2026-01-20 00:00:00.000,Pova 7 Pro,16,-1.0000,33020.0000,-32194.7000,O,Main Location
SI0001SI#001048,2026-01-20 00:00:00.000,Go2,16,-30.0000,10390.0000,-304308.2607,O,Main Location
SI0001SI#001047,2026-01-20 00:00:00.000,Go2,16,-50.0000,10390.0000,-507180.4345,O,Main Location
SI0001SI#001046,2026-01-20 00:00:00.000,Go2,16,-2.0000,10390.0000,-20287.2174,O,Main Location
SI0001SI#001050,2026-01-20 00:00:00.000,Go 3 (4+64),16,-1.0000,12270.0000,-11957.7400,O,Main Location
SI0001SI#001050,2026-01-20 00:00:00.000,Go 3 (4+128),16,-1.0000,13680.0000,-13330.9300,O,Main Location
SI0001SI#001035,2026-01-19 00:00:00.000,Spark40 Pro Pius,16,-1.0000,23590.0000,-22993.3400,O,Main Location
SI0001SI#001035,2026-01-19 00:00:00.000,Spark40 (6+128),16,-1.0000,16050.0000,-12874.8800,O,Main Location
SI0001SI#001038,2026-01-19 00:00:00.000,Spark 40c (4+128),16,-20.0000,11790.0000,-229833.4000,O,Main Location
SI0001SI#001039,2026-01-19 00:00:00.000,Spark 40 Pro,16,-1.0000,21150.0000,-18392.6000,O,Main Location
SI0001SI#001037,2026-01-19 00:00:00.000,Pova Slim,16,-1.0000,28300.0000,-27594.0200,O,Main Location
SI0001SI#001038,2026-01-19 00:00:00.000,Go2,16,-70.0000,10390.0000,-710052.6083,O,Main Location
SI0001SI#001036,2026-01-19 00:00:00.000,Go2,16,-5.0000,10390.0000,-50718.0435,O,Main Location
SI0001SI#001035,2026-01-19 00:00:00.000,Go2,16,-4.0000,10390.0000,-40574.4348,O,Main Location
SI0001SI#001035,2026-01-19 00:00:00.000,Go 3 (4+64),16,-1.0000,12270.0000,-11957.7400,O,Main Location
SI0001SI#001034,2026-01-18 00:00:00.000,Tablet Megapad 4+128,16,-2.0000,19810.0000,-38629.6200,O,Main Location
SI0001SI#001029,2026-01-18 00:00:00.000,Spark40 (6+128),16,-30.0000,15656.0000,-386246.4000,O,Main Location
SI0001SI#001029,2026-01-18 00:00:00.000,Spark 40c (4+128),16,-20.0000,11790.0000,-229833.4000,O,Main Location
SI0001SI#001029,2026-01-18 00:00:00.000,Pova Slim,16,-20.0000,27594.0000,-551880.4000,O,Main Location
SI0001SI#001029,2026-01-18 00:00:00.000,Go2,16,-120.0000,10390.0000,-1217233.0428,O,Main Location
SI0001SI#001032,2026-01-18 00:00:00.000,Go2,16,-2.0000,10390.0000,-20287.2174,O,Main Location
SI0001SI#001034,2026-01-18 00:00:00.000,Go 3 (4+64),16,-2.0000,12270.0000,-23915.4800,O,Main Location
SI0001SI#001033,2026-01-18 00:00:00.000,Go 3 (4+64),16,-1.0000,12270.0000,-11957.7400,O,Main Location
SI0001SI#001031,2026-01-18 00:00:00.000,Go 3 (4+64),16,-2.0000,12270.0000,-23915.4800,O,Main Location
SI0001SI#001030,2026-01-18 00:00:00.000,Go 3 (4+64),16,-2.0000,12270.0000,-23915.4800,O,Main Location
SI0001SI#001034,2026-01-18 00:00:00.000,Go 3 (4+128),16,-2.0000,13680.0000,-26661.8600,O,Main Location
SI0001SI#001032,2026-01-18 00:00:00.000,Go 3 (4+128),16,-1.0000,13680.0000,-13330.9300,O,Main Location
SI0001SI#001031,2026-01-18 00:00:00.000,Go 3 (4+128),16,-2.0000,13680.0000,-26661.8600,O,Main Location
SI0001SI#001030,2026-01-18 00:00:00.000,Go 3 (4+128),16,-2.0000,13680.0000,-26661.8600,O,Main Location
PI0001PI#000133,2026-01-16 00:00:00.000,Tablet Megapad 4+128,33,20.0000,19314.8100,386296.2000,I,Main Location
SI0001SI#001024,2026-01-16 00:00:00.000,Spark40 (6+128),16,-10.0000,15656.0000,-128748.8000,O,Main Location
SI0001SI#001023,2026-01-16 00:00:00.000,Spark40 (6+128),16,-1.0000,16050.0000,-12874.8800,O,Main Location
SI0001SI#001014,2026-01-16 00:00:00.000,Spark40 (6+128),16,-2.0000,16050.0000,-25749.7600,O,Main Location
SI0001SI#001015,2026-01-16 00:00:00.000,Spark 40c (4+128),16,-7.0000,11790.0000,-80441.6900,O,Main Location
SI0001SI#001023,2026-01-16 00:00:00.000,Spark 40(8+256),16,-1.0000,18880.0000,-15180.2200,O,Main Location
SI0001SI#001014,2026-01-16 00:00:00.000,Spark 40(8+256),16,-2.0000,18880.0000,-30360.4400,O,Main Location
SI0001SI#001023,2026-01-16 00:00:00.000,Spark 40 Pro,16,-1.0000,21700.0000,-18392.6000,O,Main Location
SI0001SI#001014,2026-01-16 00:00:00.000,Spark 40 Pro,16,-1.0000,21700.0000,-18392.6000,O,Main Location
SI0001SI#001028,2026-01-16 00:00:00.000,Pova Slim,16,-1.0000,28300.0000,-27594.0200,O,Main Location
SI0001SI#001019,2026-01-16 00:00:00.000,Pova Slim,16,-1.0000,28300.0000,-27594.0200,O,Main Location
SI0001SI#001015,2026-01-16 00:00:00.000,Pova Slim,16,-1.0000,28300.0000,-27594.0200,O,Main Location
SI0001SI#001014,2026-01-16 00:00:00.000,Pova Slim,16,-1.0000,28300.0000,-27594.0200,O,Main Location
SI0001SI#001028,2026-01-16 00:00:00.000,Pova 7 Pro,16,-1.0000,33020.0000,-32194.7000,O,Main Location
SI0001SI#001021,2026-01-16 00:00:00.000,Pova 7 Pro,16,-1.0000,33020.0000,-32194.7000,O,Main Location
SI0001SI#001027,2026-01-16 00:00:00.000,Go2,16,-20.0000,10390.0000,-202872.1738,O,Main Location
SI0001SI#001026,2026-01-16 00:00:00.000,Go2,16,-3.0000,10390.0000,-30430.8261,O,Main Location
SI0001SI#001022,2026-01-16 00:00:00.000,Go2,16,-7.0000,10390.0000,-71005.2608,O,Main Location
SI0001SI#001020,2026-01-16 00:00:00.000,Go2,16,-1.0000,10500.0000,-10143.6087,O,Main Location
SI0001SI#001016,2026-01-16 00:00:00.000,Go2,16,-2.0000,10390.0000,-20287.2174,O,Main Location
SI0001SI#001015,2026-01-16 00:00:00.000,Go2,16,-10.0000,10390.0000,-101436.0869,O,Main Location
SI0001SI#001013,2026-01-16 00:00:00.000,Go2,16,-10.0000,10390.0000,-101436.0869,O,Main Location
SI0001SI#001025,2026-01-16 00:00:00.000,Go 3 (4+64),16,-1.0000,12270.0000,-11957.7400,O,Main Location
SI0001SI#001023,2026-01-16 00:00:00.000,Go 3 (4+64),16,-1.0000,12270.0000,-11957.7400,O,Main Location
SI0001SI#001019,2026-01-16 00:00:00.000,Go 3 (4+64),16,-2.0000,12270.0000,-23915.4800,O,Main Location
PI0001PI#000133,2026-01-16 00:00:00.000,Go 3 (4+64),33,65.0000,11957.7400,777253.1000,I,Main Location
SI0001SI#001025,2026-01-16 00:00:00.000,Go 3 (4+128),16,-1.0000,13680.0000,-13330.9300,O,Main Location
SI0001SI#001023,2026-01-16 00:00:00.000,Go 3 (4+128),16,-1.0000,13680.0000,-13330.9300,O,Main Location
PI0001PI#000133,2026-01-16 00:00:00.000,Go 3 (4+128),33,50.0000,13330.9300,666546.5000,I,Main Location
SI0001SI#001018,2026-01-15 00:00:00.000,Spark40 Pro Pius,16,-1.0000,23590.0000,-22993.3400,O,Main Location
SI0001SI#001009,2026-01-15 00:00:00.000,Spark40 (6+128),16,-1.0000,16050.0000,-12874.8800,O,Main Location
SI0001SI#001012,2026-01-15 00:00:00.000,Spark 40c (4+128),16,-2.0000,11790.0000,-22983.3400,O,Main Location
SI0001SI#001011,2026-01-15 00:00:00.000,Spark 40 Pro,16,-3.0000,21700.0000,-55177.8000,O,Main Location
SI0001SI#001012,2026-01-15 00:00:00.000,Spark 40 5G,16,-3.0000,16020.0000,-46908.8400,O,Main Location
SI0001SI#001009,2026-01-15 00:00:00.000,Pova Slim,16,-1.0000,28300.0000,-27594.0200,O,Main Location
SI0001SI#001012,2026-01-15 00:00:00.000,Go2,16,-10.0000,10390.0000,-101436.0869,O,Main Location
SI0001SI#001011,2026-01-15 00:00:00.000,Go2,16,-5.0000,10390.0000,-50718.0435,O,Main Location
SI0001SI#001010,2026-01-15 00:00:00.000,Go2,16,-4.0000,10390.0000,-40574.4348,O,Main Location
SI0001SI#001005,2026-01-14 00:00:00.000,Spark40 Pro Pius,16,-10.0000,23590.0000,-229933.4000,O,Main Location
SI0001SI#001017,2026-01-14 00:00:00.000,Spark40 (6+128),16,-50.0000,15256.0000,-643744.0000,O,Main Location
SI0001SI#001006,2026-01-14 00:00:00.000,Spark40 (6+128),16,-100.0000,15656.0000,-1287488.0000,O,Main Location
SI0001SI#001005,2026-01-14 00:00:00.000,Spark 40c (4+128),16,-15.0000,11790.0000,-172375.0500,O,Main Location
SI0001SI#001008,2026-01-14 00:00:00.000,Pova Carve,16,-2.0000,31150.0000,-60740.9400,O,Main Location
SI0001SI#001008,2026-01-14 00:00:00.000,Pova 7 Pro,16,-1.0000,33020.0000,-32194.7000,O,Main Location
SI0001SI#001006,2026-01-14 00:00:00.000,Go2,16,-220.0000,10390.0000,-2231593.9119,O,Main Location
SI0001SI#001007,2026-01-14 00:00:00.000,Go2,16,-5.0000,10390.0000,-50718.0435,O,Main Location
SI0001SI#001005,2026-01-14 00:00:00.000,Go2,16,-30.0000,10390.0000,-304308.2607,O,Main Location
SI0001SI#001001,2026-01-13 00:00:00.000,Spark40 Pro Pius,16,-1.0000,23590.0000,-22993.3400,O,Main Location
SI0001SI#001002,2026-01-13 00:00:00.000,Spark 40(8+256),16,-4.0000,23590.0000,-60720.8800,O,Main Location
SI0001SI#001001,2026-01-13 00:00:00.000,Spark 40(8+256),16,-1.0000,15570.0000,-15180.2200,O,Main Location
SI0001SI#001004,2026-01-13 00:00:00.000,Go2,16,-150.0000,10390.0000,-1521541.3036,O,Main Location
SI0001SI#001003,2026-01-13 00:00:00.000,Go2,16,-1.0000,10390.0000,-10143.6087,O,Main Location
SI0001SI#000999,2026-01-12 00:00:00.000,Spark40 Pro Pius,16,-1.0000,23590.0000,-22993.3400,O,Main Location
SI0001SI#000999,2026-01-12 00:00:00.000,Spark40 (6+128),16,-3.0000,13210.0000,-38624.6400,O,Main Location
SI0001SI#001000,2026-01-12 00:00:00.000,Spark 40c (4+128),16,-20.0000,11790.0000,-229833.4000,O,Main Location
SI0001SI#000999,2026-01-12 00:00:00.000,Spark 40c (4+128),16,-3.0000,11790.0000,-34475.0100,O,Main Location
SI0001SI#000998,2026-01-12 00:00:00.000,Spark 40c (4+128),16,-4.0000,11790.0000,-45966.6800,O,Main Location
SI0001SI#000999,2026-01-12 00:00:00.000,Spark 40(8+256),16,-2.0000,15570.0000,-30360.4400,O,Main Location
SI0001SI#000999,2026-01-12 00:00:00.000,Spark 40 Pro,16,-2.0000,18870.0000,-36785.2000,O,Main Location
SI0001SI#000996,2026-01-12 00:00:00.000,Pova Carve,16,-1.0000,31150.0000,-30370.4700,O,Main Location
SI0001SI#000999,2026-01-12 00:00:00.000,Pova 7 Pro,16,-1.0000,33020.0000,-32194.7000,O,Main Location
SI0001SI#001000,2026-01-12 00:00:00.000,Go2,16,-17.0000,10390.0000,-172441.3477,O,Main Location
SI0001SI#000999,2026-01-12 00:00:00.000,Go2,16,-5.0000,10390.0000,-50718.0435,O,Main Location
SI0001SI#000998,2026-01-12 00:00:00.000,Go2,16,-4.0000,10390.0000,-40574.4348,O,Main Location
SI0001SI#000997,2026-01-12 00:00:00.000,Go2,16,-3.0000,10390.0000,-30430.8261,O,Main Location
SI0001SI#000994,2026-01-11 00:00:00.000,Spark40 Pro Pius,16,-3.0000,23590.0000,-68980.0200,O,Main Location
SI0001SI#000991,2026-01-11 00:00:00.000,Spark40 Pro Pius,16,-5.0000,23590.0000,-114966.7000,O,Main Location
SI0001SI#000995,2026-01-11 00:00:00.000,Spark40 (6+128),16,-2.0000,13210.0000,-25749.7600,O,Main Location
SI0001SI#000994,2026-01-11 00:00:00.000,Spark40 (6+128),16,-4.0000,13210.0000,-51499.5200,O,Main Location
SI0001SI#000992,2026-01-11 00:00:00.000,Spark40 (6+128),16,-2.0000,13210.0000,-25749.7600,O,Main Location
SI0001SI#000989,2026-01-11 00:00:00.000,Spark 40c (4+128),16,-30.0000,11790.0000,-344750.1000,O,Main Location
SI0001SI#000993,2026-01-11 00:00:00.000,Spark 40c (4+128),16,-55.0000,11790.0000,-632041.8500,O,Main Location
SI0001SI#000995,2026-01-11 00:00:00.000,Spark 40c (4+128),16,-5.0000,11790.0000,-57458.3500,O,Main Location
SI0001SI#000994,2026-01-11 00:00:00.000,Spark 40c (4+128),16,-5.0000,11790.0000,-57458.3500,O,Main Location
SI0001SI#000995,2026-01-11 00:00:00.000,Spark 40(8+256),16,-2.0000,15570.0000,-30360.4400,O,Main Location
SI0001SI#000995,2026-01-11 00:00:00.000,Spark 40 Pro,16,-3.0000,18870.0000,-55177.8000,O,Main Location
SI0001SI#000994,2026-01-11 00:00:00.000,Spark 40 Pro,16,-2.0000,18870.0000,-36785.2000,O,Main Location
SI0001SI#000994,2026-01-11 00:00:00.000,Pova Carve,16,-1.0000,31150.0000,-30370.4700,O,Main Location
SI0001SI#000995,2026-01-11 00:00:00.000,Pova 7 Pro,16,-1.0000,33020.0000,-32194.7000,O,Main Location
SI0001SI#000994,2026-01-11 00:00:00.000,Pova 7 Pro,16,-2.0000,33020.0000,-64389.4000,O,Main Location
SI0001SI#000991,2026-01-11 00:00:00.000,Pova 7 Pro,16,-1.0000,33020.0000,-32194.7000,O,Main Location
SI0001SI#000990,2026-01-11 00:00:00.000,Pova 7 Pro,16,-2.0000,33020.0000,-64389.4000,O,Main Location
SI0001SI#000993,2026-01-11 00:00:00.000,Go2,16,-120.0000,10390.0000,-1217233.0428,O,Main Location
SI0001SI#000995,2026-01-11 00:00:00.000,Go2,16,-10.0000,10390.0000,-101436.0869,O,Main Location
SI0001SI#000992,2026-01-11 00:00:00.000,Go2,16,-10.0000,10390.0000,-101436.0869,O,Main Location
SI0001SI#000986,2026-01-09 00:00:00.000,Spark40 Pro Pius,16,-4.0000,23590.0000,-91973.3600,O,Main Location
SI0001SI#000980,2026-01-09 00:00:00.000,Spark40 Pro Pius,16,-2.0000,23590.0000,-45986.6800,O,Main Location
SI0001SI#000982,2026-01-09 00:00:00.000,Spark40 (6+128),16,-3.0000,13210.0000,-38624.6400,O,Main Location
SI0001SI#000988,2026-01-09 00:00:00.000,Spark 40c (4+128),16,-1.0000,11790.0000,-11491.6700,O,Main Location
SI0001SI#000982,2026-01-09 00:00:00.000,Spark 40(8+256),16,-2.0000,15570.0000,-30360.4400,O,Main Location
SI0001SI#000982,2026-01-09 00:00:00.000,Spark 40 Pro,16,-1.0000,18870.0000,-18392.6000,O,Main Location
SI0001SI#000988,2026-01-09 00:00:00.000,Pova Slim,16,-1.0000,28300.0000,-27594.0200,O,Main Location
SI0001SI#000982,2026-01-09 00:00:00.000,Pova Slim,16,-1.0000,28300.0000,-27594.0200,O,Main Location
SI0001SI#000986,2026-01-09 00:00:00.000,Pova Carve,16,-2.0000,31150.0000,-60740.9400,O,Main Location
SI0001SI#000985,2026-01-09 00:00:00.000,Go2,16,-40.0000,10390.0000,-405744.3476,O,Main Location
SI0001SI#000984,2026-01-09 00:00:00.000,Go2,16,-12.0000,10390.0000,-121723.3043,O,Main Location
SI0001SI#000983,2026-01-09 00:00:00.000,Go2,16,-2.0000,10390.0000,-20287.2174,O,Main Location
SI0001SI#000982,2026-01-09 00:00:00.000,Go2,16,-4.0000,10390.0000,-40574.4348,O,Main Location
SI0001SI#000981,2026-01-09 00:00:00.000,Go2,16,-2.0000,10390.0000,-20287.2174,O,Main Location
SI0001SI#000983,2026-01-09 00:00:00.000,GO1 4+128,16,-3.0000,11845.0000,-34747.5300,O,Main Location
SI0001SI#000988,2026-01-09 00:00:00.000,Camon40 Pro,16,-5.0000,26410.0000,-128524.9000,O,Main Location
SI0001SI#000987,2026-01-09 00:00:00.000,Camon40 Pro,16,-10.0000,26410.0000,-257049.8000,O,Main Location
SI0001SI#000976,2026-01-08 00:00:00.000,Spark40 (6+128),16,-3.0000,13210.0000,-38624.6400,O,Main Location
SI0001SI#000977,2026-01-08 00:00:00.000,Spark 40c (4+128),16,-40.0000,11790.0000,-459666.8000,O,Main Location
SI0001SI#000976,2026-01-08 00:00:00.000,Spark 40(8+256),16,-2.0000,15570.0000,-30360.4400,O,Main Location
SI0001SI#000976,2026-01-08 00:00:00.000,Spark 40 Pro,16,-3.0000,18870.0000,-55177.8000,O,Main Location
SI0001SI#000976,2026-01-08 00:00:00.000,Pova Slim,16,-1.0000,28300.0000,-27594.0200,O,Main Location
SI0001SI#000977,2026-01-08 00:00:00.000,Go2,16,-60.0000,10390.0000,-608616.5214,O,Main Location
SI0001SI#000978,2026-01-08 00:00:00.000,Go2,16,-2.0000,10390.0000,-20287.2174,O,Main Location
SI0001SI#000976,2026-01-08 00:00:00.000,Go2,16,-2.0000,10390.0000,-20287.2174,O,Main Location
SI0001SI#000979,2026-01-08 00:00:00.000,Camon40 Pro,16,-2.0000,26410.0000,-51409.9600,O,Main Location
SI0001SI#000974,2026-01-07 00:00:00.000,Pova Slim,16,-5.0000,28300.0000,-137970.1000,O,Main Location
SI0001SI#000973,2026-01-07 00:00:00.000,Pova Carve,16,-2.0000,31150.0000,-60740.9400,O,Main Location
SI0001SI#000975,2026-01-07 00:00:00.000,Pova Carve,16,-1.0000,31150.0000,-30370.4700,O,Main Location
SI0001SI#000974,2026-01-07 00:00:00.000,Pova Carve,16,-3.0000,31150.0000,-91111.4100,O,Main Location
SI0001SI#000974,2026-01-07 00:00:00.000,Pova 7 Pro,16,-1.0000,33020.0000,-32194.7000,O,Main Location
SI0001SI#000972,2026-01-07 00:00:00.000,Go2,16,-10.0000,10390.0000,-101436.0869,O,Main Location
SI0001SI#000971,2026-01-07 00:00:00.000,Go2,16,-1.0000,10390.0000,-10143.6087,O,Main Location
SI0001SI#000970,2026-01-07 00:00:00.000,Go2,16,-40.0000,10390.0000,-405744.3476,O,Main Location
SI0001SI#000969,2026-01-06 00:00:00.000,Spark40 Pro Pius,16,-2.0000,23590.0000,-45986.6800,O,Main Location
SI0001SI#000969,2026-01-06 00:00:00.000,Spark 40c (4+128),16,-10.0000,11790.0000,-114916.7000,O,Main Location
SI0001SI#000969,2026-01-06 00:00:00.000,Spark 40 Pro,16,-1.0000,18870.0000,-18392.6000,O,Main Location
SI0001SI#000969,2026-01-06 00:00:00.000,Go2,16,-10.0000,10390.0000,-101436.0869,O,Main Location
SI0001SI#000967,2026-01-05 00:00:00.000,Pova Slim,16,-2.0000,28300.0000,-55188.0400,O,Main Location
SI0001SI#000968,2026-01-05 00:00:00.000,Go2,16,-11.0000,10390.0000,-111579.6956,O,Main Location
SI0001SI#000966,2026-01-04 00:00:00.000,Spark40 (6+128),16,-10.0000,13210.0000,-128748.8000,O,Main Location
SI0001SI#000965,2026-01-04 00:00:00.000,Spark40 (6+128),16,-3.0000,13210.0000,-38624.6400,O,Main Location
SI0001SI#000966,2026-01-04 00:00:00.000,Spark 40 Pro,16,-6.0000,18870.0000,-110355.6000,O,Main Location
SI0001SI#000965,2026-01-04 00:00:00.000,Spark 40 Pro,16,-3.0000,18870.0000,-55177.8000,O,Main Location
SI0001SI#000964,2026-01-04 00:00:00.000,Spark 40 Pro,16,-1.0000,18870.0000,-18392.6000,O,Main Location
SI0001SI#000964,2026-01-04 00:00:00.000,Pova Slim,16,-1.0000,28300.0000,-27594.0200,O,Main Location
SI0001SI#000966,2026-01-04 00:00:00.000,Go2,16,-4.0000,10390.0000,-40574.4348,O,Main Location
SI0001SI#000966,2026-01-04 00:00:00.000,Camon40 Pro,16,-10.0000,26410.0000,-257049.8000,O,Main Location
SI0001SI#000963,2026-01-02 00:00:00.000,Spark40 Pro Pius,16,-2.0000,23590.0000,-45986.6800,O,Main Location
SI0001SI#000963,2026-01-02 00:00:00.000,Spark40 (6+128),16,-5.0000,13210.0000,-64374.4000,O,Main Location
SI0001SI#000963,2026-01-02 00:00:00.000,Spark 40c (4+128),16,-3.0000,11790.0000,-34475.0100,O,Main Location
SI0001SI#000961,2026-01-02 00:00:00.000,Spark 40c (4+128),16,-1.0000,11790.0000,-11491.6700,O,Main Location
SI0001SI#000960,2026-01-02 00:00:00.000,Spark 40c (4+128),16,-10.0000,11790.0000,-114916.7000,O,Main Location
SI0001SI#000963,2026-01-02 00:00:00.000,Spark 40(8+256),16,-3.0000,15570.0000,-45540.6600,O,Main Location
SI0001SI#000961,2026-01-02 00:00:00.000,Spark 40(8+256),16,-1.0000,15570.0000,-15180.2200,O,Main Location
SI0001SI#000963,2026-01-02 00:00:00.000,Spark 40 5G,16,-1.0000,16020.0000,-15636.2800,O,Main Location
SI0001SI#000963,2026-01-02 00:00:00.000,Pova Slim,16,-2.0000,28300.0000,-55188.0400,O,Main Location
SI0001SI#000963,2026-01-02 00:00:00.000,Pova Carve,16,-1.0000,31150.0000,-30370.4700,O,Main Location
SI0001SI#000963,2026-01-02 00:00:00.000,Pova 7 Pro,16,-2.0000,33020.0000,-64389.4000,O,Main Location
SI0001SI#000962,2026-01-02 00:00:00.000,Pova 7 Pro,16,-1.0000,33020.0000,-32194.7000,O,Main Location
SI0001SI#000963,2026-01-02 00:00:00.000,Go2,16,-5.0000,10390.0000,-50718.0435,O,Main Location
SI0001SI#000961,2026-01-02 00:00:00.000,Go2,16,-1.0000,10390.0000,-10143.6087,O,Main Location
SI0001SI#000960,2026-01-02 00:00:00.000,Go2,16,-15.0000,10390.0000,-152154.1304,O,Main Location
SI0001SI#000959,2026-01-01 00:00:00.000,Spark40 (6+128),16,-5.0000,13210.0000,-64374.4000,O,Main Location
SI0001SI#000958,2026-01-01 00:00:00.000,Spark40 (6+128),16,-6.0000,13210.0000,-77249.2800,O,Main Location
SI0001SI#000958,2026-01-01 00:00:00.000,Spark 40(8+256),16,-4.0000,15570.0000,-60720.8800,O,Main Location
SI0001SI#000957,2026-01-01 00:00:00.000,Pova Slim,16,-1.0000,28300.0000,-27594.0200,O,Main Location
PI0001PI#000131,2025-12-31 00:00:00.000,Spark40 Pro Pius,33,31.0000,22993.3400,712793.5400,I,Main Location
SI0001SI#000956,2025-12-31 00:00:00.000,Spark40 Pro Pius,16,-2.0000,23590.0000,-45986.6800,O,Main Location
SR0001SR#000013,2025-12-31 00:00:00.000,Spark40 Pro Pius,13,1.0000,.0000,22993.3400,I,Main Location
SI0001SI#000956,2025-12-31 00:00:00.000,Spark40 (6+128),16,-5.0000,13210.0000,-64374.4000,O,Main Location
SI0001SI#000955,2025-12-31 00:00:00.000,Spark40 (6+128),16,-1.0000,13210.0000,-12874.8800,O,Main Location
SR0001SR#000015,2025-12-31 00:00:00.000,Spark40 (6+128),13,10.0000,.0000,128748.8000,I,Main Location
SR0001SR#000014,2025-12-31 00:00:00.000,Spark40 (6+128),13,5.0000,.0000,64374.4000,I,Main Location
SR0001SR#000013,2025-12-31 00:00:00.000,Spark40 (6+128),13,2.0000,.0000,25749.7600,I,Main Location
SI0001SI#000954,2025-12-31 00:00:00.000,Spark40 (6+128),16,-10.0000,12875.0000,-128748.8000,O,Main Location
PI0001PI#000130,2025-12-31 00:00:00.000,Spark40 (6+128),33,44.0000,12874.8800,566494.7200,I,Main Location
SR0001SR#000015,2025-12-31 00:00:00.000,Spark 40c (4+128),13,1.0000,.0000,11491.6700,I,Main Location
PI0001PI#000130,2025-12-31 00:00:00.000,Spark 40c (4+128),33,10.0000,11491.6700,114916.7000,I,Main Location
SI0001SI#000956,2025-12-31 00:00:00.000,Spark 40(8+256),16,-5.0000,15570.0000,-75901.1000,O,Main Location
SI0001SI#000955,2025-12-31 00:00:00.000,Spark 40(8+256),16,-1.0000,15570.0000,-15180.2200,O,Main Location
SR0001SR#000015,2025-12-31 00:00:00.000,Spark 40(8+256),13,1.0000,.0000,15180.2200,I,Main Location
SR0001SR#000013,2025-12-31 00:00:00.000,Spark 40(8+256),13,2.0000,.0000,30360.4400,I,Main Location
PI0001PI#000130,2025-12-31 00:00:00.000,Spark 40(8+256),33,5.0000,15180.2200,75901.1000,I,Main Location
SR0001SR#000013,2025-12-31 00:00:00.000,Spark 40 Pro,13,7.0000,.0000,128748.2000,I,Main Location
PI0001PI#000130,2025-12-31 00:00:00.000,Spark 40 Pro,33,78.0000,18392.6000,1434622.8000,I,Main Location
PI0001PI#000131,2025-12-31 00:00:00.000,Spark 40 5G,33,318.0000,15636.2800,4972337.0400,I,Main Location
SR0001SR#000013,2025-12-31 00:00:00.000,Spark 40 5G,13,2.0000,.0000,31272.5600,I,Main Location
SR0001SR#000012,2025-12-31 00:00:00.000,Spark 40 5G,13,10.0000,.0000,156362.8000,I,Main Location
PI0001PI#000131,2025-12-31 00:00:00.000,Pova Slim,33,26.0000,27594.0200,717444.5200,I,Main Location
SI0001SI#000956,2025-12-31 00:00:00.000,Pova Slim,16,-1.0000,28300.0000,-27594.0200,O,Main Location
SI0001SI#000954,2025-12-31 00:00:00.000,Pova Slim,16,-1.0000,27594.0000,-27594.0200,O,Main Location
PI0001PI#000131,2025-12-31 00:00:00.000,Pova Carve,33,25.0000,30370.4700,759261.7500,I,Main Location
SR0001SR#000013,2025-12-31 00:00:00.000,Pova Carve,13,1.0000,.0000,30370.4700,I,Main Location
PI0001PI#000131,2025-12-31 00:00:00.000,Pova 7 Pro,33,9.0000,32194.7000,289752.3000,I,Main Location
SI0001SI#000956,2025-12-31 00:00:00.000,Pova 7 Pro,16,-1.0000,33020.0000,-32194.7000,O,Main Location
SR0001SR#000015,2025-12-31 00:00:00.000,Pova 7 Pro,13,1.0000,.0000,32194.7000,I,Main Location
SR0001SR#000013,2025-12-31 00:00:00.000,Pova 7 Pro,13,1.0000,.0000,32194.7000,I,Main Location
SI0001SI#000954,2025-12-31 00:00:00.000,Pova 7 Pro,16,-2.0000,32195.0000,-64389.4000,O,Main Location
PI0001PI#000131,2025-12-31 00:00:00.000,Go2,33,31.0000,10143.5300,314449.4300,I,Main Location
SR0001SR#000015,2025-12-31 00:00:00.000,Go2,13,10.0000,.0000,101436.0869,I,Main Location
SR0001SR#000014,2025-12-31 00:00:00.000,Go2,13,2.0000,.0000,20287.2174,I,Main Location
SR0001SR#000013,2025-12-31 00:00:00.000,Go2,13,3.0000,.0000,30430.8261,I,Main Location
SI0001SI#000954,2025-12-31 00:00:00.000,Go2,16,-8.0000,10145.0000,-81148.8695,O,Main Location
SR0001SR#000015,2025-12-31 00:00:00.000,GO1 3+64,13,1.0000,.0000,9272.6000,I,Main Location
SR0001SR#000016,2025-12-31 00:00:00.000,Camon 40 Pro 5G,13,1.0000,33020.0000,32164.3444,I,Main Location
SI0001SI#000953,2025-12-30 00:00:00.000,Spark40 (6+128),16,-2.0000,13210.0000,-25749.7600,O,Main Location
SR0001SR#000011,2025-12-30 00:00:00.000,Go2,13,1.0000,.0000,10143.6100,I,Main Location
SI0001SI#000952,2025-12-29 00:00:00.000,Spark40 (6+128),16,-20.0000,13210.0000,-257497.6000,O,Main Location
SI0001SI#000952,2025-12-29 00:00:00.000,Spark 40 Pro,16,-3.0000,18870.0000,-55177.8000,O,Main Location
SI0001SI#000951,2025-12-29 00:00:00.000,Camon40 Pro,16,-5.0000,26410.0000,-128524.9000,O,Main Location
PI0001PI#000128,2025-12-28 00:00:00.000,Spark40 (6+128),33,20.0000,12874.8800,257497.6000,I,Main Location
SI0001SI#000949,2025-12-28 00:00:00.000,Spark40 (6+128),16,-1.0000,13210.0000,-12874.8800,O,Main Location
SI0001SI#000948,2025-12-28 00:00:00.000,Spark40 (6+128),16,-20.0000,12875.0000,-257497.6000,O,Main Location
PI0001PI#000129,2025-12-28 00:00:00.000,Spark 40c (4+128),33,42.0000,11491.6700,482650.1400,I,Main Location
PI0001PI#000128,2025-12-28 00:00:00.000,Spark 40c (4+128),33,50.0000,11491.6700,574583.5000,I,Main Location
SI0001SI#000948,2025-12-28 00:00:00.000,Spark 40(8+256),16,-5.0000,15181.0000,-75901.1000,O,Main Location
PI0001PI#000128,2025-12-28 00:00:00.000,Spark 40 Pro,33,30.0000,18392.6000,551778.0000,I,Main Location
SI0001SI#000950,2025-12-28 00:00:00.000,Spark 40 Pro,16,-2.0000,18870.0000,-36785.2000,O,Main Location
SI0001SI#000949,2025-12-28 00:00:00.000,Go2,16,-1.0000,10390.0000,-10143.6100,O,Main Location
SI0001SI#000948,2025-12-28 00:00:00.000,Go2,16,-20.0000,10145.0000,-202872.2009,O,Main Location
SI0001SI#000946,2025-12-25 00:00:00.000,Spark40 (6+128),16,-3.0000,13210.0000,-38624.6400,O,Main Location
PI0001PI#000127,2025-12-25 00:00:00.000,Spark40 (6+128),33,25.0000,12874.8800,321872.0000,I,Main Location
SI0001SI#000947,2025-12-25 00:00:00.000,Spark 40c (4+128),16,-40.0000,11492.0000,-459666.8000,O,Main Location
PI0001PI#000127,2025-12-25 00:00:00.000,Spark 40c (4+128),33,15.0000,11491.6700,172375.0500,I,Main Location
SI0001SI#000947,2025-12-25 00:00:00.000,Spark 40 Pro,16,-35.0000,18392.0000,-643741.0000,O,Main Location
SI0001SI#000946,2025-12-25 00:00:00.000,Spark 40 Pro,16,-2.0000,18870.0000,-36785.2000,O,Main Location
SI0001SI#000947,2025-12-25 00:00:00.000,Pova Slim,16,-15.0000,27594.0000,-413910.3000,O,Main Location
SI0001SI#000945,2025-12-24 00:00:00.000,Spark40 Pro Pius,16,-10.0000,22993.0000,-229933.4000,O,Main Location
SI0001SI#000945,2025-12-24 00:00:00.000,Spark 40 Pro,16,-10.0000,18393.0000,-183926.0000,O,Main Location
SI0001SI#000945,2025-12-24 00:00:00.000,Go2,16,-30.0000,10145.0000,-304308.3014,O,Main Location
SI0001SI#000938,2025-12-23 00:00:00.000,Spark40 Pro Pius,16,-2.0000,23590.0000,-45986.6800,O,Main Location
PI0001PI#000125,2025-12-23 00:00:00.000,Spark40 Pro Pius,33,50.0000,22993.3400,1149667.0000,I,Main Location
SI0001SI#000938,2025-12-23 00:00:00.000,Spark40 (6+128),16,-3.0000,13210.0000,-38624.6400,O,Main Location
SI0001SI#000937,2025-12-23 00:00:00.000,Spark40 (6+128),16,-1.0000,13210.0000,-12874.8800,O,Main Location
PI0001PI#000125,2025-12-23 00:00:00.000,Spark40 (6+128),33,10.0000,12874.8800,128748.8000,I,Main Location
PI0001PI#000125,2025-12-23 00:00:00.000,Spark40 (6+128),33,35.0000,12874.8800,450620.8000,I,Main Location
SI0001SI#000938,2025-12-23 00:00:00.000,Spark 40(8+256),16,-2.0000,15570.0000,-30360.4400,O,Main Location
PI0001PI#000125,2025-12-23 00:00:00.000,Spark 40(8+256),33,41.0000,15180.2200,622389.0200,I,Main Location
SI0001SI#000938,2025-12-23 00:00:00.000,Pova Slim,16,-1.0000,28300.0000,-27594.0200,O,Main Location
PI0001PI#000125,2025-12-23 00:00:00.000,Pova Slim,33,150.0000,27594.0200,4139103.0000,I,Main Location
PI0001PI#000125,2025-12-23 00:00:00.000,Pova Carve,33,50.0000,30370.4700,1518523.5000,I,Main Location
PI0001PI#000125,2025-12-23 00:00:00.000,Pova 7 Pro,33,20.0000,32194.7000,643894.0000,I,Main Location
PI0001PI#000125,2025-12-23 00:00:00.000,Go2,33,150.0000,10143.5300,1521529.5000,I,Main Location
PI0001PI#000125,2025-12-23 00:00:00.000,Go2,33,100.0000,10143.5300,1014353.0000,I,Main Location
SI0001SI#000936,2025-12-22 00:00:00.000,Spark40 (6+128),16,-6.0000,13210.0000,-77249.2800,O,Main Location
PI0001PI#000124,2025-12-22 00:00:00.000,Spark40 (6+128),33,18.0000,12874.8800,231747.8400,I,Main Location
SI0001SI#000936,2025-12-22 00:00:00.000,Spark 40c (4+128),16,-2.0000,11790.0000,-22983.3400,O,Main Location
PI0001PI#000124,2025-12-22 00:00:00.000,Spark 40(8+256),33,15.0000,15180.2200,227703.3000,I,Main Location
PI0001PI#000124,2025-12-22 00:00:00.000,Spark 40 Pro,33,10.0000,18392.6000,183926.0000,I,Main Location
SI0001SI#000944,2025-12-22 00:00:00.000,Camon40 Pro,16,-2.0000,25708.0000,-51409.9600,O,Main Location
SI0001SI#000943,2025-12-22 00:00:00.000,Camon40 Pro,16,-10.0000,26400.0000,-257049.8000,O,Main Location
PI0001PI#000124,2025-12-22 00:00:00.000,Camon40 Pro,33,40.0000,25704.9800,1028199.2000,I,Main Location
SR0001SR#000009,2025-12-21 00:00:00.000,Spark40 Pro Pius,13,1.0000,.0000,22993.3400,I,Main Location
SI0001SI#000941,2025-12-21 00:00:00.000,Spark40 Pro Pius,16,-10.0000,22993.0000,-229933.4000,O,Main Location
SR0001SR#000010,2025-12-21 00:00:00.000,Spark40 (6+128),13,2.0000,.0000,25749.7600,I,Main Location
SR0001SR#000009,2025-12-21 00:00:00.000,Spark40 (6+128),13,1.0000,.0000,12874.8800,I,Main Location
SI0001SI#000940,2025-12-21 00:00:00.000,Spark40 (6+128),16,-15.0000,12875.0000,-193123.2000,O,Main Location
SI0001SI#000934,2025-12-21 00:00:00.000,Spark40 (6+128),16,-10.0000,12845.0000,-128748.8000,O,Main Location
SR0001SR#000010,2025-12-21 00:00:00.000,Spark 40c (4+128),13,1.0000,.0000,11491.6700,I,Main Location
SR0001SR#000009,2025-12-21 00:00:00.000,Spark 40c (4+128),13,1.0000,.0000,11491.6700,I,Main Location
SI0001SI#000933,2025-12-21 00:00:00.000,Spark 40c (4+128),16,-2.0000,11790.0000,-22983.3400,O,Main Location
SR0001SR#000010,2025-12-21 00:00:00.000,Spark 40(8+256),13,1.0000,.0000,15180.2200,I,Main Location
SI0001SI#000940,2025-12-21 00:00:00.000,Spark 40(8+256),16,-5.0000,15181.0000,-75901.1000,O,Main Location
SR0001SR#000010,2025-12-21 00:00:00.000,Spark 40 Pro,13,1.0000,.0000,18392.6000,I,Main Location
SI0001SI#000941,2025-12-21 00:00:00.000,Spark 40 Pro,16,-10.0000,18392.0000,-183926.0000,O,Main Location
SI0001SI#000940,2025-12-21 00:00:00.000,Spark 40 Pro,16,-5.0000,18392.0000,-91963.0000,O,Main Location
SI0001SI#000932,2025-12-21 00:00:00.000,Pova Slim,16,-1.0000,28300.0000,-27594.0200,O,Main Location
SI0001SI#000935,2025-12-21 00:00:00.000,Pova 7 Pro,16,-2.0000,33020.0000,-64389.4000,O,Main Location
SR0001SR#000010,2025-12-21 00:00:00.000,Go2,13,2.0000,.0000,20287.2451,I,Main Location
SR0001SR#000009,2025-12-21 00:00:00.000,Go2,13,2.0000,.0000,20287.2451,I,Main Location
SI0001SI#000942,2025-12-21 00:00:00.000,Go2,16,-1.0000,10145.0000,-10143.6226,O,Main Location
SI0001SI#000941,2025-12-21 00:00:00.000,Go2,16,-30.0000,10145.0000,-304308.6766,O,Main Location
SI0001SI#000935,2025-12-21 00:00:00.000,Camon40 Pro,16,-5.0000,26410.0000,-128524.9000,O,Main Location
SI0001SI#000931,2025-12-19 00:00:00.000,Spark40 Pro Pius,16,-1.0000,22940.0000,-22993.3400,O,Main Location
SR0001SR#000008,2025-12-19 00:00:00.000,Spark40 (6+128),13,1.0000,.0000,12874.8800,I,Main Location
SR0001SR#000008,2025-12-19 00:00:00.000,Spark 40 Pro,13,1.0000,.0000,18392.6000,I,Main Location
SR0001SR#000008,2025-12-19 00:00:00.000,Pova Slim,13,1.0000,.0000,27594.0200,I,Main Location
SR0001SR#000008,2025-12-19 00:00:00.000,Pova 7 Pro,13,1.0000,.0000,32194.7000,I,Main Location
SR0001SR#000008,2025-12-19 00:00:00.000,Go2,13,3.0000,.0000,30430.8677,I,Main Location
SI0001SI#000930,2025-12-18 00:00:00.000,Spark40 (6+128),16,-2.0000,13210.0000,-25749.7600,O,Main Location
SI0001SI#000928,2025-12-18 00:00:00.000,Spark40 (6+128),16,-2.0000,13210.0000,-25749.7600,O,Main Location
PI0001PI#000123,2025-12-18 00:00:00.000,Spark40 (6+128),33,60.0000,12874.8800,772492.8000,I,Main Location
SI0001SI#000928,2025-12-18 00:00:00.000,Spark 40(8+256),16,-1.0000,15570.0000,-15180.2200,O,Main Location
SI0001SI#000930,2025-12-18 00:00:00.000,Spark 40 Pro,16,-1.0000,18870.0000,-18392.6000,O,Main Location
PI0001PI#000123,2025-12-18 00:00:00.000,Spark 40 Pro,33,30.0000,18392.6000,551778.0000,I,Main Location
SI0001SI#000930,2025-12-18 00:00:00.000,Pova 7 Pro,16,-1.0000,33020.0000,-32194.7000,O,Main Location
SI0001SI#000929,2025-12-18 00:00:00.000,Camon40 Pro,16,-1.0000,26410.0000,-25704.9800,O,Main Location
SI0001SI#000926,2025-12-17 00:00:00.000,Spark40 Pro Pius,16,-2.0000,23590.0000,-45986.6800,O,Main Location
SI0001SI#000926,2025-12-17 00:00:00.000,Spark40 (6+128),16,-2.0000,13210.0000,-25749.7600,O,Main Location
SI0001SI#000924,2025-12-17 00:00:00.000,Spark 40c (4+128),16,-1.0000,11790.0000,-11491.6700,O,Main Location
SI0001SI#000927,2025-12-17 00:00:00.000,Spark 40(8+256),16,-10.0000,15145.0000,-151802.2000,O,Main Location
SI0001SI#000924,2025-12-17 00:00:00.000,Spark 40 Pro,16,-3.0000,18870.0000,-55177.8000,O,Main Location
SI0001SI#000926,2025-12-17 00:00:00.000,Pova Slim,16,-1.0000,28300.0000,-27594.0200,O,Main Location
SI0001SI#000925,2025-12-17 00:00:00.000,Pova Slim,16,-1.0000,28300.0000,-27594.0200,O,Main Location
SI0001SI#000926,2025-12-17 00:00:00.000,Pova Carve,16,-1.0000,31150.0000,-30370.4700,O,Main Location
SI0001SI#000927,2025-12-17 00:00:00.000,Camon40 Pro,16,-35.0000,25640.0000,-899674.3000,O,Main Location
PI0001PI#000126,2025-12-16 00:00:00.000,Spark40 (6+128),33,30.0000,12874.8800,386246.4000,I,Main Location
PI0001PI#000126,2025-12-16 00:00:00.000,Spark 40c (4+128),33,5.0000,11491.6700,57458.3500,I,Main Location
PI0001PI#000126,2025-12-16 00:00:00.000,Spark 40 Pro,33,30.0000,18392.6000,551778.0000,I,Main Location
SI0001SI#000923,2025-12-16 00:00:00.000,Pova Carve,16,-5.0000,31150.0000,-151852.3500,O,Main Location
SI0001SI#000922,2025-12-16 00:00:00.000,Camon40 Pro,16,-4.0000,26410.0000,-102819.9200,O,Main Location
SR0001SR#000007,2025-12-15 00:00:00.000,Spark40 Pro Pius,13,1.0000,.0000,22993.3400,I,Main Location
SI0001SI#000939,2025-12-15 00:00:00.000,Spark40 (6+128),16,-50.0000,12875.0000,-643744.0000,O,Main Location
SI0001SI#000920,2025-12-15 00:00:00.000,Spark40 (6+128),16,-5.0000,13210.0000,-64374.4000,O,Main Location
SI0001SI#000918,2025-12-15 00:00:00.000,Spark40 (6+128),16,-1.0000,13210.0000,-12874.8800,O,Main Location
SI0001SI#000917,2025-12-15 00:00:00.000,Spark40 (6+128),16,-3.0000,13210.0000,-38624.6400,O,Main Location
PI0001PI#000122,2025-12-15 00:00:00.000,Spark40 (6+128),33,150.0000,12874.8800,1931232.0000,I,Main Location
SI0001SI#000939,2025-12-15 00:00:00.000,Spark 40c (4+128),16,-10.0000,11492.0000,-114916.7000,O,Main Location
SI0001SI#000917,2025-12-15 00:00:00.000,Spark 40c (4+128),16,-1.0000,11790.0000,-11491.6700,O,Main Location
SR0001SR#000007,2025-12-15 00:00:00.000,Spark 40(8+256),13,1.0000,.0000,15180.2200,I,Main Location
SI0001SI#000939,2025-12-15 00:00:00.000,Spark 40(8+256),16,-20.0000,15181.0000,-303604.4000,O,Main Location
SI0001SI#000917,2025-12-15 00:00:00.000,Spark 40(8+256),16,-2.0000,15570.0000,-30360.4400,O,Main Location
SI0001SI#000920,2025-12-15 00:00:00.000,Spark 40 Pro,16,-1.0000,18870.0000,-18392.6480,O,Main Location
SR0001SR#000007,2025-12-15 00:00:00.000,Go2,13,5.0000,.0000,50718.1128,I,Main Location
SI0001SI#000921,2025-12-15 00:00:00.000,Go2,16,-3.0000,10390.0000,-30430.8677,O,Main Location
SI0001SI#000920,2025-12-15 00:00:00.000,Go2,16,-9.0000,10390.0000,-91292.6030,O,Main Location
SI0001SI#000916,2025-12-15 00:00:00.000,Go2,16,-6.0000,10390.0000,-60861.7353,O,Main Location
SI0001SI#000939,2025-12-15 00:00:00.000,Camon40 Pro,16,-2.0000,25708.0000,-51409.9600,O,Main Location
SI0001SI#000921,2025-12-15 00:00:00.000,Camon40 Pro,16,-3.0000,26410.0000,-77114.9400,O,Main Location
SI0001SI#000920,2025-12-15 00:00:00.000,Camon40 Pro,16,-3.0000,26410.0000,-77114.9400,O,Main Location
SI0001SI#000919,2025-12-15 00:00:00.000,Camon40 Pro,16,-5.0000,26410.0000,-128524.9000,O,Main Location
SI0001SI#000916,2025-12-15 00:00:00.000,Camon40 Pro,16,-3.0000,26410.0000,-77114.9400,O,Main Location
PI0001PI#000122,2025-12-15 00:00:00.000,Camon40 Pro,33,65.0000,25704.9800,1670823.7000,I,Main Location
SI0001SI#000914,2025-12-14 00:00:00.000,Spark40 (6+128),16,-1.0000,13210.0000,-12874.8800,O,Main Location
SI0001SI#000913,2025-12-14 00:00:00.000,Spark40 (6+128),16,-10.0000,12875.0000,-128748.8000,O,Main Location
SI0001SI#000913,2025-12-14 00:00:00.000,Spark 40c (4+128),16,-20.0000,11492.0000,-229833.4000,O,Main Location
SI0001SI#000911,2025-12-14 00:00:00.000,Spark 40c (4+128),16,-1.0000,11790.0000,-11491.6700,O,Main Location
SI0001SI#000914,2025-12-14 00:00:00.000,Spark 40(8+256),16,-1.0000,15570.0000,-15180.2200,O,Main Location
SI0001SI#000913,2025-12-14 00:00:00.000,Spark 40(8+256),16,-60.0000,15181.0000,-910813.2000,O,Main Location
SI0001SI#000915,2025-12-14 00:00:00.000,Pova 7 Pro,16,-3.0000,33020.0000,-96584.1000,O,Main Location
SI0001SI#000912,2025-12-14 00:00:00.000,Go2,16,-20.0000,10145.0000,-202872.4511,O,Main Location
SI0001SI#000910,2025-12-13 00:00:00.000,Spark40 Pro Pius,16,-20.0000,22993.0000,-459866.8000,O,Main Location
SI0001SI#000910,2025-12-13 00:00:00.000,Spark40 (6+128),16,-20.0000,12875.0000,-257497.6000,O,Main Location
SI0001SI#000910,2025-12-13 00:00:00.000,Spark 40c (4+128),16,-10.0000,11492.0000,-114916.7000,O,Main Location
SI0001SI#000910,2025-12-13 00:00:00.000,Spark 40 5G,16,-10.0000,15636.0000,-156362.8000,O,Main Location
SI0001SI#000910,2025-12-13 00:00:00.000,Pova Slim,16,-10.0000,27594.0000,-275940.2000,O,Main Location
SI0001SI#000908,2025-12-12 00:00:00.000,Spark40 Pro Pius,16,-1.0000,23590.0000,-22993.3400,O,Main Location
PI0001PI#000121,2025-12-12 00:00:00.000,Spark40 Pro Pius,33,10.0000,22993.3400,229933.4000,I,Main Location
SI0001SI#000908,2025-12-12 00:00:00.000,Spark40 (6+128),16,-2.0000,13210.0000,-25749.7600,O,Main Location
SI0001SI#000906,2025-12-12 00:00:00.000,Spark40 (6+128),16,-2.0000,13210.0000,-25749.7600,O,Main Location
SI0001SI#000905,2025-12-12 00:00:00.000,Spark40 (6+128),16,-4.0000,13210.0000,-51499.5200,O,Main Location
PI0001PI#000121,2025-12-12 00:00:00.000,Spark40 (6+128),33,20.0000,12874.8800,257497.6000,I,Main Location
SI0001SI#000905,2025-12-12 00:00:00.000,Spark 40c (4+128),16,-2.0000,11790.0000,-22983.3400,O,Main Location
PI0001PI#000121,2025-12-12 00:00:00.000,Spark 40c (4+128),33,60.0000,11491.6700,689500.2000,I,Main Location
SI0001SI#000909,2025-12-12 00:00:00.000,Spark 40(8+256),16,-2.0000,15570.0000,-30360.4400,O,Main Location
SI0001SI#000908,2025-12-12 00:00:00.000,Spark 40(8+256),16,-1.0000,15570.0000,-15180.2200,O,Main Location
SI0001SI#000907,2025-12-12 00:00:00.000,Spark 40(8+256),16,-1.0000,15570.0000,-15180.2200,O,Main Location
SI0001SI#000905,2025-12-12 00:00:00.000,Spark 40(8+256),16,-2.0000,15570.0000,-30360.4400,O,Main Location
PI0001PI#000121,2025-12-12 00:00:00.000,Spark 40 5G,33,100.0000,15636.2800,1563628.0000,I,Main Location
PI0001PI#000121,2025-12-12 00:00:00.000,Pova Slim,33,10.0000,27594.0200,275940.2000,I,Main Location
PI0001PI#000121,2025-12-12 00:00:00.000,Pova Carve,33,10.0000,30370.4700,303704.7000,I,Main Location
PI0001PI#000121,2025-12-12 00:00:00.000,Pova 7 Pro,33,10.0000,32194.7000,321947.0000,I,Main Location
SI0001SI#000908,2025-12-12 00:00:00.000,Go2,16,-1.0000,10390.0000,-10143.6226,O,Main Location
SI0001SI#000901,2025-12-11 00:00:00.000,Spark40 Pro Pius,16,-1.0000,23590.0000,-22993.3400,O,Main Location
SI0001SI#000899,2025-12-11 00:00:00.000,Spark40 Pro Pius,16,-1.0000,23590.0000,-22993.3400,O,Main Location
SI0001SI#000902,2025-12-11 00:00:00.000,Spark40 (6+128),16,-3.0000,13210.0000,-38624.6400,O,Main Location
SI0001SI#000901,2025-12-11 00:00:00.000,Spark40 (6+128),16,-4.0000,13210.0000,-51499.5200,O,Main Location
SI0001SI#000900,2025-12-11 00:00:00.000,Spark40 (6+128),16,-1.0000,13210.0000,-12874.8800,O,Main Location
SI0001SI#000897,2025-12-11 00:00:00.000,Spark 40c (4+128),16,-2.0000,11790.0000,-22983.3400,O,Main Location
SI0001SI#000901,2025-12-11 00:00:00.000,Spark 40(8+256),16,-3.0000,15570.0000,-45540.6600,O,Main Location
SI0001SI#000900,2025-12-11 00:00:00.000,Spark 40(8+256),16,-1.0000,15570.0000,-15180.2200,O,Main Location
SI0001SI#000899,2025-12-11 00:00:00.000,Spark 40(8+256),16,-2.0000,15570.0000,-30360.4400,O,Main Location
SI0001SI#000903,2025-12-11 00:00:00.000,Spark 40 Pro,16,-5.0000,18870.0000,-91963.2400,O,Main Location
SI0001SI#000899,2025-12-11 00:00:00.000,Spark 40 Pro,16,-2.0000,18870.0000,-36785.2960,O,Main Location
SI0001SI#000898,2025-12-11 00:00:00.000,Spark 40 Pro,16,-1.0000,18870.0000,-18392.6480,O,Main Location
SI0001SI#000896,2025-12-11 00:00:00.000,Pova Slim,16,-10.0000,27594.0000,-275940.2000,O,Main Location
SI0001SI#000904,2025-12-11 00:00:00.000,Pova 7 Pro,16,-1.0000,33020.0000,-32194.7000,O,Main Location
SI0001SI#000902,2025-12-11 00:00:00.000,Go2,16,-2.0000,10390.0000,-20287.2451,O,Main Location
SI0001SI#000897,2025-12-11 00:00:00.000,Go2,16,-8.0000,10390.0000,-81148.9804,O,Main Location
SI0001SI#000894,2025-12-10 00:00:00.000,Spark40 Pro Pius,16,-2.0000,22993.0000,-45986.6800,O,Main Location
SI0001SI#000895,2025-12-10 00:00:00.000,Spark40 (6+128),16,-6.0000,13210.0000,-77249.2800,O,Main Location
SI0001SI#000894,2025-12-10 00:00:00.000,Spark40 (6+128),16,-4.0000,12875.0000,-51499.5200,O,Main Location
SI0001SI#000893,2025-12-10 00:00:00.000,Spark40 (6+128),16,-4.0000,13210.0000,-51499.5200,O,Main Location
PI0001PI#000120,2025-12-10 00:00:00.000,Spark40 (6+128),33,5.0000,12874.8800,64374.4000,I,Main Location
SI0001SI#000894,2025-12-10 00:00:00.000,Spark 40c (4+128),16,-3.0000,11492.0000,-34475.0100,O,Main Location
SI0001SI#000892,2025-12-10 00:00:00.000,Spark 40c (4+128),16,-1.0000,11790.0000,-11491.6700,O,Main Location
PI0001PI#000120,2025-12-10 00:00:00.000,Spark 40c (4+128),33,50.0000,11491.6700,574583.5000,I,Main Location
SI0001SI#000894,2025-12-10 00:00:00.000,Spark 40(8+256),16,-3.0000,15181.0000,-45540.6600,O,Main Location
SI0001SI#000893,2025-12-10 00:00:00.000,Spark 40(8+256),16,-2.0000,15570.0000,-30360.4400,O,Main Location
SI0001SI#000892,2025-12-10 00:00:00.000,Spark 40(8+256),16,-3.0000,15570.0000,-45540.6600,O,Main Location
SI0001SI#000891,2025-12-10 00:00:00.000,Spark 40(8+256),16,-1.0000,15570.0000,-15180.2200,O,Main Location
SI0001SI#000894,2025-12-10 00:00:00.000,Spark 40 Pro,16,-2.0000,18392.0000,-36785.2960,O,Main Location
SI0001SI#000894,2025-12-10 00:00:00.000,Spark 40 5G,16,-2.0000,15637.0000,-31272.5600,O,Main Location
SI0001SI#000893,2025-12-10 00:00:00.000,Spark 40 5G,16,-2.0000,16030.0000,-31272.5600,O,Main Location
SI0001SI#000894,2025-12-10 00:00:00.000,Pova Slim,16,-2.0000,27594.0000,-55188.0400,O,Main Location
SI0001SI#000894,2025-12-10 00:00:00.000,Pova Carve,16,-1.0000,30371.0000,-30370.4700,O,Main Location
SI0001SI#000894,2025-12-10 00:00:00.000,Pova 7 Pro,16,-2.0000,32195.0000,-64389.4000,O,Main Location
SI0001SI#000890,2025-12-10 00:00:00.000,Pova 7 Pro,16,-1.0000,33020.0000,-32194.7000,O,Main Location
SI0001SI#000894,2025-12-10 00:00:00.000,Go2(3+64),16,-3.0000,9181.0000,-27545.1240,O,Main Location
SI0001SI#000894,2025-12-10 00:00:00.000,Go2,16,-4.0000,10145.0000,-40574.4902,O,Main Location
SI0001SI#000893,2025-12-10 00:00:00.000,Go2,16,-2.0000,10390.0000,-20287.2451,O,Main Location
SI0001SI#000885,2025-12-09 00:00:00.000,Spark40 (6+128),16,-30.0000,12875.0000,-386246.4000,O,Main Location
SI0001SI#000885,2025-12-09 00:00:00.000,Spark 40c (4+128),16,-10.0000,11492.0000,-114916.7000,O,Main Location
SI0001SI#000888,2025-12-09 00:00:00.000,Spark 40(8+256),16,-2.0000,15570.0000,-30360.4400,O,Main Location
SI0001SI#000885,2025-12-09 00:00:00.000,Spark 40(8+256),16,-10.0000,15180.0000,-151802.2000,O,Main Location
SI0001SI#000886,2025-12-09 00:00:00.000,Spark 40 Pro,16,-4.0000,18870.0000,-73570.5920,O,Main Location
SI0001SI#000886,2025-12-09 00:00:00.000,Pova Slim,16,-1.0000,28300.0000,-27594.0200,O,Main Location
SI0001SI#000887,2025-12-09 00:00:00.000,Pova Carve,16,-2.0000,31150.0000,-60740.9400,O,Main Location
SI0001SI#000886,2025-12-09 00:00:00.000,Pova Carve,16,-1.0000,31150.0000,-30370.4700,O,Main Location
SI0001SI#000889,2025-12-09 00:00:00.000,One Plus C4 Light,16,-1.0000,21400.0000,-22830.0000,O,Main Location
SI0001SI#000883,2025-12-08 00:00:00.000,Spark40 (6+128),16,-2.0000,13210.0000,-25749.7600,O,Main Location
SI0001SI#000882,2025-12-08 00:00:00.000,Spark40 (6+128),16,-80.0000,12875.0000,-1029990.4000,O,Main Location
PI0001PI#000119,2025-12-08 00:00:00.000,Spark40 (6+128),33,120.0000,12874.8800,1544985.6000,I,Main Location
SI0001SI#000883,2025-12-08 00:00:00.000,Spark 40c (4+128),16,-1.0000,11790.0000,-11491.6700,O,Main Location
SI0001SI#000882,2025-12-08 00:00:00.000,Spark 40c (4+128),16,-40.0000,11492.0000,-459666.8000,O,Main Location
PI0001PI#000119,2025-12-08 00:00:00.000,Spark 40c (4+128),33,100.0000,11491.6700,1149167.0000,I,Main Location
SI0001SI#000882,2025-12-08 00:00:00.000,Spark 40 Pro,16,-40.0000,18392.0000,-735705.9200,O,Main Location
SI0001SI#000881,2025-12-08 00:00:00.000,Spark 40 Pro,16,-2.0000,18870.0000,-36785.2960,O,Main Location
SI0001SI#000884,2025-12-08 00:00:00.000,Spark 40 5G,16,-2.0000,16030.0000,-31272.5600,O,Main Location
SI0001SI#000883,2025-12-08 00:00:00.000,Go2,16,-2.0000,10390.0000,-20287.2451,O,Main Location
SI0001SI#000880,2025-12-07 00:00:00.000,Go2,16,-2.0000,10390.0000,-20287.2451,O,Main Location
SI0001SI#000879,2025-12-07 00:00:00.000,Go2,16,-1.0000,10390.0000,-10143.6226,O,Main Location
SI0001SI#000878,2025-12-05 00:00:00.000,Spark40 (6+128),16,-2.0000,13210.0000,-25749.7600,O,Main Location
SI0001SI#000878,2025-12-05 00:00:00.000,Spark 40c (4+128),16,-2.0000,11790.0000,-22983.3400,O,Main Location
SI0001SI#000878,2025-12-05 00:00:00.000,Spark 40(8+256),16,-2.0000,15570.0000,-30360.4400,O,Main Location
SI0001SI#000878,2025-12-05 00:00:00.000,Pova Slim,16,-1.0000,28300.0000,-27594.0200,O,Main Location
SI0001SI#000878,2025-12-05 00:00:00.000,Pova 7 Pro,16,-1.0000,33020.0000,-32194.7000,O,Main Location
SI0001SI#000877,2025-12-05 00:00:00.000,Pova 7 Pro,16,-1.0000,33020.0000,-32194.7000,O,Main Location
SI0001SI#000876,2025-12-05 00:00:00.000,Pova 7 Pro,16,-2.0000,33020.0000,-64389.4000,O,Main Location
SI0001SI#000878,2025-12-05 00:00:00.000,Go2,16,-2.0000,10390.0000,-20287.2451,O,Main Location
SI0001SI#000874,2025-12-04 00:00:00.000,Spark40 (6+128),16,-60.0000,12845.0000,-772492.8000,O,Main Location
SI0001SI#000871,2025-12-04 00:00:00.000,Spark40 (6+128),16,-2.0000,13210.0000,-25749.7600,O,Main Location
SI0001SI#000874,2025-12-04 00:00:00.000,Spark 40c (4+128),16,-40.0000,11465.0000,-459666.8000,O,Main Location
SI0001SI#000874,2025-12-04 00:00:00.000,Spark 40(8+256),16,-20.0000,15145.0000,-303604.4000,O,Main Location
SI0001SI#000873,2025-12-04 00:00:00.000,Spark 40(8+256),16,-1.0000,15570.0000,-15180.2200,O,Main Location
SI0001SI#000874,2025-12-04 00:00:00.000,Spark 40 Pro,16,-10.0000,18350.0000,-183926.4800,O,Main Location
SI0001SI#000872,2025-12-04 00:00:00.000,Spark 40 Pro,16,-2.0000,18870.0000,-36785.2960,O,Main Location
SI0001SI#000875,2025-12-04 00:00:00.000,Go2,16,-2.0000,10390.0000,-20287.2451,O,Main Location
SI0001SI#000870,2025-12-03 00:00:00.000,Spark 40c (4+128),16,-1.0000,11790.0000,-11491.6700,O,Main Location
SI0001SI#000870,2025-12-03 00:00:00.000,Pova Slim,16,-1.0000,28300.0000,-27594.0200,O,Main Location
SI0001SI#000868,2025-12-02 00:00:00.000,Spark40 (6+128),16,-5.0000,13210.0000,-64374.4000,O,Main Location
SI0001SI#000868,2025-12-02 00:00:00.000,Spark 40(8+256),16,-2.0000,15570.0000,-30360.4400,O,Main Location
SI0001SI#000867,2025-12-02 00:00:00.000,Pova 7 Pro,16,-1.0000,33020.0000,-32194.7000,O,Main Location
SI0001SI#000869,2025-12-02 00:00:00.000,Camon40 Pro,16,-1.0000,25708.0000,-25704.9800,O,Main Location
SI0001SI#000868,2025-12-02 00:00:00.000,Camon40 Pro,16,-3.0000,26410.0000,-77114.9400,O,Main Location
SI0001SI#000867,2025-12-02 00:00:00.000,Camon40 Pro,16,-1.0000,26410.0000,-25704.9800,O,Main Location
SI0001SI#000866,2025-12-01 00:00:00.000,Pova 7 Pro,16,-1.0000,33020.0000,-32194.7000,O,Main Location
SI0001SI#000865,2025-12-01 00:00:00.000,Camon40 Pro,16,-1.0000,26410.0000,-25704.9800,O,Main Location
SI0001SI#000864,2025-11-30 00:00:00.000,Spark40 (6+128),16,-3.0000,13210.0000,-38624.6400,O,Main Location
PI0001PI#000118,2025-11-28 00:00:00.000,Spark40 Pro Pius,33,40.0000,22993.3400,919733.6000,I,Main Location
SI0001SI#000863,2025-11-28 00:00:00.000,Spark40 (6+128),16,-1.0000,13210.0000,-12874.8800,O,Main Location
SI0001SI#000862,2025-11-28 00:00:00.000,Spark40 (6+128),16,-2.0000,13210.0000,-25749.7600,O,Main Location
PI0001PI#000118,2025-11-28 00:00:00.000,Spark40 (6+128),33,5.0000,12874.8800,64374.4000,I,Main Location
SI0001SI#000863,2025-11-28 00:00:00.000,Spark 40c (4+128),16,-1.0000,11790.0000,-11491.6700,O,Main Location
SI0001SI#000862,2025-11-28 00:00:00.000,Spark 40(8+256),16,-4.0000,15570.0000,-60720.8800,O,Main Location
PI0001PI#000118,2025-11-28 00:00:00.000,Spark 40 5G,33,40.0000,15636.2800,625451.2000,I,Main Location
PI0001PI#000118,2025-11-28 00:00:00.000,Pova Slim,33,40.0000,27594.0200,1103760.8000,I,Main Location
PI0001PI#000118,2025-11-28 00:00:00.000,Pova Carve,33,10.0000,30370.4700,303704.7000,I,Main Location
PI0001PI#000118,2025-11-28 00:00:00.000,Pova 7 Pro,33,10.0000,32194.7000,321947.0000,I,Main Location
SI0001SI#000861,2025-11-28 00:00:00.000,Camon40 Pro,16,-5.0000,26410.0000,-128524.9000,O,Main Location
SI0001SI#000857,2025-11-27 00:00:00.000,Spark40 (6+128),16,-2.0000,13210.0000,-25749.7600,O,Main Location
SI0001SI#000860,2025-11-27 00:00:00.000,Spark 40c (4+128),16,-2.0000,11790.0000,-22983.3400,O,Main Location
SI0001SI#000859,2025-11-27 00:00:00.000,Spark 40c (4+128),16,-1.0000,11790.0000,-11491.6700,O,Main Location
SI0001SI#000858,2025-11-27 00:00:00.000,Spark 40(8+256),16,-1.0000,15570.0000,-15180.2200,O,Main Location
SI0001SI#000860,2025-11-27 00:00:00.000,Camon40 Pro,16,-2.0000,26410.0000,-51409.9600,O,Main Location
SI0001SI#000858,2025-11-27 00:00:00.000,Camon40 Pro,16,-2.0000,26410.0000,-51409.9600,O,Main Location
SI0001SI#000855,2025-11-26 00:00:00.000,Spark40 (6+128),16,-2.0000,13210.0000,-25749.7600,O,Main Location
PI0001PI#000116,2025-11-26 00:00:00.000,Spark40 (6+128),33,50.0000,12874.8800,643744.0000,I,Main Location
SI0001SI#000856,2025-11-26 00:00:00.000,Spark 40c (4+128),16,-5.0000,11492.0000,-57458.3500,O,Main Location
SI0001SI#000856,2025-11-26 00:00:00.000,Spark 40(8+256),16,-5.0000,15181.0000,-75901.1000,O,Main Location
SI0001SI#000856,2025-11-26 00:00:00.000,Spark 40 Pro,16,-5.0000,18392.0000,-91963.2400,O,Main Location
PI0001PI#000116,2025-11-26 00:00:00.000,Go2,33,1000.0000,10143.5300,10143530.0000,I,Main Location
SI0001SI#000855,2025-11-26 00:00:00.000,Camon40 Pro,16,-4.0000,26410.0000,-102819.9200,O,Main Location
PI0001PI#000116,2025-11-26 00:00:00.000,Camon40 Pro,33,5.0000,25704.9800,128524.9000,I,Main Location
SI0001SI#000854,2025-11-25 00:00:00.000,Spark40 (6+128),16,-1.0000,13210.0000,-12874.8800,O,Main Location
SI0001SI#000853,2025-11-25 00:00:00.000,Spark40 (6+128),16,-45.0000,12874.0000,-579369.6000,O,Main Location
PI0001PI#000117,2025-11-25 00:00:00.000,Spark40 (6+128),33,75.0000,12874.8800,965616.0000,I,Main Location
PI0001PI#000115,2025-11-25 00:00:00.000,Spark40 (6+128),33,50.0000,12874.8800,643744.0000,I,Main Location
SI0001SI#000854,2025-11-25 00:00:00.000,Spark 40(8+256),16,-1.0000,15570.0000,-15180.2200,O,Main Location
SI0001SI#000853,2025-11-25 00:00:00.000,Spark 40(8+256),16,-20.0000,15181.0000,-303604.4000,O,Main Location
PI0001PI#000117,2025-11-25 00:00:00.000,Spark 40(8+256),33,75.0000,15180.2200,1138516.5000,I,Main Location
PI0001PI#000115,2025-11-25 00:00:00.000,Spark 40(8+256),33,80.0000,15180.2200,1214417.6000,I,Main Location
SI0001SI#000853,2025-11-25 00:00:00.000,Go2,16,-40.0000,10144.0000,-405750.3225,O,Main Location
SI0001SI#000854,2025-11-25 00:00:00.000,Camon40 Pro,16,-1.0000,26410.0000,-25704.9800,O,Main Location
PI0001PI#000114,2025-11-24 00:00:00.000,Spark 40c (4+128),33,100.0000,11491.6700,1149167.0000,I,Main Location
SI0001SI#000850,2025-11-24 00:00:00.000,Spark 40(8+256),16,-1.0000,15570.0000,-15180.2200,O,Main Location
PI0001PI#000114,2025-11-24 00:00:00.000,Spark 40(8+256),33,40.0000,15180.2200,607208.8000,I,Main Location
SI0001SI#000850,2025-11-24 00:00:00.000,Spark 40 Pro,16,-1.0000,18870.0000,-18392.6480,O,Main Location
PI0001PI#000114,2025-11-24 00:00:00.000,Spark 40 Pro,33,30.0000,18392.6000,551778.0000,I,Main Location
SI0001SI#000851,2025-11-24 00:00:00.000,Go2(3+64),16,-2.0000,9433.0000,-18363.4160,O,Main Location
SI0001SI#000852,2025-11-24 00:00:00.000,Go2,16,-1.0000,10390.0000,-10143.7581,O,Main Location
PI0001PI#000114,2025-11-24 00:00:00.000,Camon40 Pro,33,5.0000,25704.9800,128524.9000,I,Main Location
SI0001SI#000842,2025-11-21 00:00:00.000,Spark40 Pro Pius,16,-3.0000,23590.0000,-68980.0200,O,Main Location
SI0001SI#000845,2025-11-21 00:00:00.000,Spark40 (6+128),16,-95.0000,12875.0000,-1223113.5999,O,Main Location
SI0001SI#000844,2025-11-21 00:00:00.000,Spark40 (6+128),16,-1.0000,13210.0000,-12874.8800,O,Main Location
SI0001SI#000842,2025-11-21 00:00:00.000,Spark40 (6+128),16,-2.0000,13210.0000,-25749.7600,O,Main Location
PI0001PI#000113,2025-11-21 00:00:00.000,Spark40 (6+128),33,50.0000,12874.8800,643744.0000,I,Main Location
SI0001SI#000847,2025-11-21 00:00:00.000,Spark 40(8+256),16,-1.0000,15570.0000,-15180.2200,O,Main Location
SI0001SI#000849,2025-11-21 00:00:00.000,Spark 40 Pro,16,-1.0000,18870.0000,-18392.6800,O,Main Location
SI0001SI#000847,2025-11-21 00:00:00.000,Spark 40 Pro,16,-2.0000,18870.0000,-36785.3600,O,Main Location
SI0001SI#000845,2025-11-21 00:00:00.000,Spark 40 Pro,16,-5.0000,18392.0000,-91963.4000,O,Main Location
PI0001PI#000113,2025-11-21 00:00:00.000,Spark 40 Pro,33,40.0000,18392.6800,735707.2000,I,Main Location
SI0001SI#000846,2025-11-21 00:00:00.000,Spark 40 5G,16,-1.0000,16040.0000,-15636.2800,O,Main Location
SI0001SI#000844,2025-11-21 00:00:00.000,Pova Slim,16,-1.0000,28300.0000,-27594.0200,O,Main Location
SI0001SI#000843,2025-11-21 00:00:00.000,Pova 7 Pro,16,-1.0000,33020.0000,-32194.7000,O,Main Location
SI0001SI#000848,2025-11-21 00:00:00.000,Go2,16,-2.0000,10390.0000,-20287.5161,O,Main Location
SI0001SI#000845,2025-11-21 00:00:00.000,Go2,16,-155.0000,10144.0000,-1572282.4997,O,Main Location
SI0001SI#000847,2025-11-21 00:00:00.000,Camon40 Pro,16,-1.0000,26410.0000,-25704.9800,O,Main Location
SI0001SI#000844,2025-11-21 00:00:00.000,Camon40 Pro,16,-1.0000,26410.0000,-25704.9800,O,Main Location
PI0001PI#000113,2025-11-21 00:00:00.000,Camon40 Pro,33,10.0000,25704.9800,257049.8000,I,Main Location
SI0001SI#000840,2025-11-20 00:00:00.000,Spark40 Pro Pius,16,-1.0000,23590.0000,-22993.3400,O,Main Location
SI0001SI#000841,2025-11-20 00:00:00.000,Spark40 (6+128),16,-6.0000,13210.0000,-77249.2800,O,Main Location
SI0001SI#000838,2025-11-20 00:00:00.000,Spark40 (6+128),16,-3.0000,13210.0000,-38624.6400,O,Main Location
SI0001SI#000836,2025-11-20 00:00:00.000,Spark 40(8+256),16,-2.0000,15570.0000,-30360.4400,O,Main Location
SI0001SI#000840,2025-11-20 00:00:00.000,Pova Slim,16,-1.0000,28300.0000,-27594.0200,O,Main Location
SI0001SI#000841,2025-11-20 00:00:00.000,Pova Carve,16,-2.0000,31150.0000,-60740.9400,O,Main Location
SI0001SI#000837,2025-11-20 00:00:00.000,Pova 7 Pro,16,-1.0000,33020.0000,-32194.7000,O,Main Location
SI0001SI#000839,2025-11-20 00:00:00.000,Camon40 Pro,16,-1.0000,26410.0000,-25704.9800,O,Main Location
SI0001SI#000838,2025-11-20 00:00:00.000,Camon40 Pro,16,-2.0000,26410.0000,-51409.9600,O,Main Location
SI0001SI#000837,2025-11-20 00:00:00.000,Camon40 Pro,16,-1.0000,26410.0000,-25704.9800,O,Main Location
SI0001SI#000836,2025-11-20 00:00:00.000,Camon40 Pro,16,-4.0000,26410.0000,-102819.9200,O,Main Location
SI0001SI#000834,2025-11-19 00:00:00.000,Spark40 Pro Pius,16,-1.0000,23590.0000,-22993.3400,O,Main Location
SI0001SI#000834,2025-11-19 00:00:00.000,Spark40 (6+128),16,-1.0000,13210.0000,-12874.8800,O,Main Location
PI0001PI#000110,2025-11-19 00:00:00.000,Spark40 (6+128),33,20.0000,12874.8800,257497.6000,I,Main Location
PI0001PI#000108,2025-11-19 00:00:00.000,Spark40 (6+128),33,20.0000,12874.8800,257497.6000,I,Main Location
SI0001SI#000834,2025-11-19 00:00:00.000,Spark 40 Pro,16,-1.0000,18870.0000,-18392.6800,O,Main Location
SI0001SI#000835,2025-11-19 00:00:00.000,Pova Carve,16,-2.0000,31150.0000,-60740.9400,O,Main Location
PI0001PI#000108,2025-11-19 00:00:00.000,Pova 7 Pro,33,2.0000,32194.7000,64389.4000,I,Main Location
PI0001PI#000109,2025-11-19 00:00:00.000,Camon40 Pro,33,10.0000,25704.9800,257049.8000,I,Main Location
PI0001PI#000107,2025-11-18 00:00:00.000,Spark40 (6+128),33,10.0000,12874.8800,128748.8000,I,Main Location
PI0001PI#000107,2025-11-18 00:00:00.000,Spark 40(8+256),33,20.0000,15180.2200,303604.4000,I,Main Location
SI0001SI#000832,2025-11-18 00:00:00.000,Spark 40 Pro,16,-4.0000,18870.0000,-73570.7200,O,Main Location
PI0001PI#000107,2025-11-18 00:00:00.000,Spark 40 Pro,33,10.0000,18392.6800,183926.8000,I,Main Location
SI0001SI#000833,2025-11-18 00:00:00.000,Pova Slim,16,-2.0000,28300.0000,-55188.0400,O,Main Location
PI0001PI#000107,2025-11-18 00:00:00.000,Pova Carve,33,5.0000,30370.4700,151852.3500,I,Main Location
SI0001SI#000831,2025-11-18 00:00:00.000,Go2,16,-1.0000,10390.0000,-10143.7581,O,Main Location
SI0001SI#000832,2025-11-18 00:00:00.000,Camon40 Pro,16,-2.0000,26410.0000,-51409.9600,O,Main Location
SI0001SI#000828,2025-11-17 00:00:00.000,Spark 40c (4+128),16,-60.0000,11491.0000,-689500.2000,O,Main Location
SI0001SI#000830,2025-11-17 00:00:00.000,Spark 40 Pro,16,-2.0000,18870.0000,-36785.3600,O,Main Location
PI0001PI#000106,2025-11-17 00:00:00.000,Spark 40 Pro,33,10.0000,18392.6800,183926.8000,I,Main Location
SI0001SI#000826,2025-11-17 00:00:00.000,Pova Slim,16,-2.0000,28300.0000,-55188.0400,O,Main Location
SI0001SI#000828,2025-11-17 00:00:00.000,Go2(3+64),16,-40.0000,9181.0000,-367268.3200,O,Main Location
SI0001SI#000829,2025-11-17 00:00:00.000,Camon40 Pro,16,-1.0000,26410.0000,-25704.9800,O,Main Location
SI0001SI#000827,2025-11-17 00:00:00.000,Camon40 Pro,16,-1.0000,25708.0000,-25704.9800,O,Main Location
SI0001SI#000826,2025-11-17 00:00:00.000,Camon40 Pro,16,-2.0000,26410.0000,-51409.9600,O,Main Location
SI0001SI#000824,2025-11-16 00:00:00.000,Spark40 (6+128),16,-2.0000,13210.0000,-25749.7600,O,Main Location
SI0001SI#000823,2025-11-16 00:00:00.000,Spark40 (6+128),16,-2.0000,13210.0000,-25749.7600,O,Main Location
SI0001SI#000824,2025-11-16 00:00:00.000,Spark 40c (4+128),16,-1.0000,11790.0000,-11491.6700,O,Main Location
SI0001SI#000824,2025-11-16 00:00:00.000,Spark 40 Pro,16,-1.0000,18870.0000,-18392.6800,O,Main Location
SI0001SI#000825,2025-11-16 00:00:00.000,Camon40 Pro,16,-1.0000,26410.0000,-25704.9800,O,Main Location
SI0001SI#000824,2025-11-16 00:00:00.000,Camon40 Pro,16,-2.0000,26410.0000,-51409.9600,O,Main Location
SI0001SI#000823,2025-11-16 00:00:00.000,Camon40 Pro,16,-1.0000,26410.0000,-25704.9800,O,Main Location
SI0001SI#000822,2025-11-14 00:00:00.000,Spark40 (6+128),16,-2.0000,13210.0000,-25749.7600,O,Main Location
PI0001PI#000105,2025-11-14 00:00:00.000,Spark40 (6+128),33,12.0000,12874.8800,154498.5600,I,Main Location
SI0001SI#000822,2025-11-14 00:00:00.000,Spark 40(8+256),16,-2.0000,15570.0000,-30360.4400,O,Main Location
SI0001SI#000821,2025-11-14 00:00:00.000,Pova Slim,16,-1.0000,28300.0000,-27594.0200,O,Main Location
SI0001SI#000820,2025-11-14 00:00:00.000,Pova 7 Pro,16,-2.0000,33020.0000,-64389.4000,O,Main Location
SI0001SI#000821,2025-11-14 00:00:00.000,Go2,16,-1.0000,10390.0000,-10143.7581,O,Main Location
PI0001PI#000105,2025-11-14 00:00:00.000,Camon40 Pro,33,10.0000,25704.9800,257049.8000,I,Main Location
SI0001SI#000818,2025-11-13 00:00:00.000,Spark40 (6+128),16,-2.0000,13210.0000,-25749.7600,O,Main Location
SI0001SI#000817,2025-11-13 00:00:00.000,Spark40 (6+128),16,-3.0000,13210.0000,-38624.6400,O,Main Location
SI0001SI#000816,2025-11-13 00:00:00.000,Spark40 (6+128),16,-1.0000,13210.0000,-12874.8800,O,Main Location
SI0001SI#000818,2025-11-13 00:00:00.000,Spark 40(8+256),16,-1.0000,15570.0000,-15180.2200,O,Main Location
SI0001SI#000817,2025-11-13 00:00:00.000,Spark 40(8+256),16,-2.0000,15570.0000,-30360.4400,O,Main Location
SI0001SI#000818,2025-11-13 00:00:00.000,Spark 40 Pro,16,-1.0000,18870.0000,-18392.6800,O,Main Location
SI0001SI#000817,2025-11-13 00:00:00.000,Spark 40 Pro,16,-2.0000,18870.0000,-36785.3600,O,Main Location
SI0001SI#000816,2025-11-13 00:00:00.000,Spark 40 Pro,16,-1.0000,18870.0000,-18392.6800,O,Main Location
SI0001SI#000818,2025-11-13 00:00:00.000,Spark 40 5G,16,-1.0000,16030.0000,-15636.2800,O,Main Location
SI0001SI#000819,2025-11-13 00:00:00.000,Pova Slim,16,-1.0000,28300.0000,-27594.0200,O,Main Location
SI0001SI#000814,2025-11-12 00:00:00.000,Spark40 Pro Pius,16,-10.0000,22994.0000,-229933.4000,O,Main Location
SI0001SI#000815,2025-11-12 00:00:00.000,Spark40 (6+128),16,-7.0000,13210.0000,-90124.1600,O,Main Location
SI0001SI#000813,2025-11-12 00:00:00.000,Spark40 (6+128),16,-12.0000,13210.0000,-154498.5600,O,Main Location
SI0001SI#000815,2025-11-12 00:00:00.000,Spark 40c (4+128),16,-3.0000,11790.0000,-34475.0100,O,Main Location
SI0001SI#000813,2025-11-12 00:00:00.000,Spark 40c (4+128),16,-1.0000,11790.0000,-11491.6700,O,Main Location
SI0001SI#000813,2025-11-12 00:00:00.000,Spark 40(8+256),16,-1.0000,15570.0000,-15180.2200,O,Main Location
SI0001SI#000815,2025-11-12 00:00:00.000,Spark 40 Pro,16,-5.0000,18870.0000,-91963.4000,O,Main Location
SI0001SI#000813,2025-11-12 00:00:00.000,Spark 40 Pro,16,-2.0000,18870.0000,-36785.3600,O,Main Location
SI0001SI#000812,2025-11-12 00:00:00.000,Spark 40 Pro,16,-1.0000,18870.0000,-18392.6800,O,Main Location
SI0001SI#000814,2025-11-12 00:00:00.000,Go2(3+64),16,-70.0000,9181.0000,-642719.5600,O,Main Location
SI0001SI#000814,2025-11-12 00:00:00.000,Go2,16,-70.0000,10145.0000,-710063.0644,O,Main Location
SI0001SI#000813,2025-11-12 00:00:00.000,Go2,16,-1.0000,10390.0000,-10143.7581,O,Main Location
SI0001SI#000812,2025-11-12 00:00:00.000,Go2,16,-2.0000,10390.0000,-20287.5161,O,Main Location
SI0001SI#000815,2025-11-12 00:00:00.000,Camon40 Pro,16,-8.0000,26410.0000,-205639.8401,O,Main Location
SI0001SI#000811,2025-11-12 00:00:00.000,Camon40 Pro,16,-2.0000,26410.0000,-51409.9600,O,Main Location
SI0001SI#000809,2025-11-11 00:00:00.000,Spark40 (6+128),16,-10.0000,13210.0000,-128748.7999,O,Main Location
SI0001SI#000808,2025-11-11 00:00:00.000,Spark40 (6+128),16,-8.0000,13210.0000,-102999.0399,O,Main Location
SI0001SI#000810,2025-11-11 00:00:00.000,Spark 40c (4+128),16,-60.0000,11491.0000,-689500.2000,O,Main Location
SI0001SI#000797,2025-11-10 00:00:00.000,Spark40 Pro Pius,16,-5.0000,23590.0000,-114966.7000,O,Main Location
SI0001SI#000806,2025-11-10 00:00:00.000,Spark40 (6+128),16,-1.0000,13210.0000,-12874.8800,O,Main Location
SI0001SI#000805,2025-11-10 00:00:00.000,Spark40 (6+128),16,-2.0000,13210.0000,-25749.7600,O,Main Location
SI0001SI#000804,2025-11-10 00:00:00.000,Spark40 (6+128),16,-5.0000,13210.0000,-64374.4000,O,Main Location
SI0001SI#000802,2025-11-10 00:00:00.000,Spark40 (6+128),16,-3.0000,13210.0000,-38624.6400,O,Main Location
SI0001SI#000799,2025-11-10 00:00:00.000,Spark40 (6+128),16,-2.0000,13210.0000,-25749.7600,O,Main Location
SI0001SI#000807,2025-11-10 00:00:00.000,Spark 40c (4+128),16,-2.0000,11790.0000,-22983.3400,O,Main Location
SI0001SI#000803,2025-11-10 00:00:00.000,Spark 40c (4+128),16,-3.0000,11790.0000,-34475.0100,O,Main Location
SI0001SI#000797,2025-11-10 00:00:00.000,Spark 40c (4+128),16,-5.0000,11790.0000,-57458.3500,O,Main Location
SI0001SI#000804,2025-11-10 00:00:00.000,Spark 40(8+256),16,-1.0000,15570.0000,-15180.2200,O,Main Location
SI0001SI#000802,2025-11-10 00:00:00.000,Spark 40(8+256),16,-2.0000,15570.0000,-30360.4400,O,Main Location
SI0001SI#000807,2025-11-10 00:00:00.000,Spark 40 Pro,16,-3.0000,18870.0000,-55178.0400,O,Main Location
SI0001SI#000804,2025-11-10 00:00:00.000,Spark 40 Pro,16,-3.0000,18870.0000,-55178.0400,O,Main Location
SI0001SI#000801,2025-11-10 00:00:00.000,Spark 40 Pro,16,-1.0000,18870.0000,-18392.6800,O,Main Location
SI0001SI#000798,2025-11-10 00:00:00.000,Spark 40 Pro,16,-1.0000,18870.0000,-18392.6800,O,Main Location
SI0001SI#000802,2025-11-10 00:00:00.000,Pova Slim,16,-1.0000,28300.0000,-27594.0200,O,Main Location
SI0001SI#000806,2025-11-10 00:00:00.000,Pova 7 Pro,16,-1.0000,33020.0000,-32194.7000,O,Main Location
SI0001SI#000802,2025-11-10 00:00:00.000,Pova 7 Pro,16,-1.0000,33020.0000,-32194.7000,O,Main Location
SI0001SI#000805,2025-11-10 00:00:00.000,Go2,16,-2.0000,10390.0000,-20287.5161,O,Main Location
SI0001SI#000800,2025-11-10 00:00:00.000,Go2,16,-2.0000,10390.0000,-20287.5161,O,Main Location
SI0001SI#000797,2025-11-10 00:00:00.000,Go2,16,-10.0000,10145.0000,-101437.5806,O,Main Location
SI0001SI#000802,2025-11-10 00:00:00.000,Camon40 Pro,16,-1.0000,26410.0000,-25704.9800,O,Main Location
SI0001SI#000801,2025-11-10 00:00:00.000,Camon40 Pro,16,-1.0000,26410.0000,-25704.9800,O,Main Location
SI0001SI#000795,2025-11-09 00:00:00.000,Spark40 Pro Pius,16,-3.0000,23590.0000,-68980.0200,O,Main Location
SI0001SI#000795,2025-11-09 00:00:00.000,Spark40 (6+128),16,-5.0000,13210.0000,-64374.4000,O,Main Location
SI0001SI#000793,2025-11-09 00:00:00.000,Spark40 (6+128),16,-1.0000,13210.0000,-12874.8800,O,Main Location
SI0001SI#000792,2025-11-09 00:00:00.000,Spark40 (6+128),16,-1.0000,13210.0000,-12874.8800,O,Main Location
SI0001SI#000793,2025-11-09 00:00:00.000,Spark 40c (4+128),16,-2.0000,11790.0000,-22983.3400,O,Main Location
SI0001SI#000793,2025-11-09 00:00:00.000,Spark 40(8+256),16,-1.0000,15570.0000,-15180.2200,O,Main Location
SI0001SI#000796,2025-11-09 00:00:00.000,Spark 40 Pro,16,-6.0000,18392.0000,-110356.0800,O,Main Location
SI0001SI#000794,2025-11-09 00:00:00.000,Spark 40 Pro,16,-1.0000,18870.0000,-18392.6800,O,Main Location
SI0001SI#000792,2025-11-09 00:00:00.000,Spark 40 Pro,16,-1.0000,18870.0000,-18392.6800,O,Main Location
SI0001SI#000794,2025-11-09 00:00:00.000,Pova 7 Pro,16,-1.0000,33020.0000,-32194.7000,O,Main Location
SI0001SI#000795,2025-11-09 00:00:00.000,Camon40 Pro,16,-4.0000,26410.0000,-102819.9200,O,Main Location
SI0001SI#000794,2025-11-09 00:00:00.000,Camon40 Pro,16,-1.0000,26410.0000,-25704.9800,O,Main Location
SI0001SI#000793,2025-11-09 00:00:00.000,Camon 40 Pro 5G,16,-1.0000,33020.0000,-32164.3444,O,Main Location
SI0001SI#000789,2025-11-07 00:00:00.000,Spark40 (6+128),16,-5.0000,13210.0000,-64374.4000,O,Main Location
SI0001SI#000786,2025-11-07 00:00:00.000,Spark40 (6+128),16,-5.0000,13210.0000,-64374.4000,O,Main Location
SI0001SI#000788,2025-11-07 00:00:00.000,Spark 40(8+256),16,-2.0000,15570.0000,-30360.4400,O,Main Location
SI0001SI#000787,2025-11-07 00:00:00.000,Spark 40 Pro,16,-1.0000,18870.0000,-18392.6800,O,Main Location
SI0001SI#000791,2025-11-07 00:00:00.000,Pova Slim,16,-1.0000,28300.0000,-27594.0200,O,Main Location
SI0001SI#000790,2025-11-07 00:00:00.000,Go2,16,-4.0000,10390.0000,-40575.0323,O,Main Location
SI0001SI#000783,2025-11-06 00:00:00.000,Spark40 Pro Pius,16,-2.0000,23590.0000,-45986.6800,O,Main Location
SI0001SI#000785,2025-11-06 00:00:00.000,Spark40 (6+128),16,-8.0000,13210.0000,-102999.0400,O,Main Location
SI0001SI#000783,2025-11-06 00:00:00.000,Spark40 (6+128),16,-30.0000,12876.0000,-386246.3999,O,Main Location
SI0001SI#000785,2025-11-06 00:00:00.000,Spark 40 Pro,16,-1.0000,18870.0000,-18392.6800,O,Main Location
SI0001SI#000783,2025-11-06 00:00:00.000,Spark 40 Pro,16,-5.0000,18393.0000,-91963.4000,O,Main Location
SI0001SI#000785,2025-11-06 00:00:00.000,Pova 7 Pro,16,-1.0000,33020.0000,-32194.7000,O,Main Location
SI0001SI#000784,2025-11-06 00:00:00.000,Go2,16,-4.0000,10390.0000,-40575.0322,O,Main Location
SI0001SI#000783,2025-11-06 00:00:00.000,Go2,16,-3.0000,10145.0000,-30431.2742,O,Main Location
SI0001SI#000785,2025-11-06 00:00:00.000,Camon40 Pro,16,-1.0000,26410.0000,-25704.9800,O,Main Location
SI0001SI#000780,2025-11-05 00:00:00.000,Spark40 (6+128),16,-4.0000,13210.0000,-51499.5200,O,Main Location
SI0001SI#000779,2025-11-05 00:00:00.000,Spark40 (6+128),16,-1.0000,13210.0000,-12874.8800,O,Main Location
SI0001SI#000781,2025-11-05 00:00:00.000,Spark 40c (4+128),16,-4.0000,11790.0000,-45966.6800,O,Main Location
SI0001SI#000779,2025-11-05 00:00:00.000,Spark 40c (4+128),16,-2.0000,11790.0000,-22983.3400,O,Main Location
SI0001SI#000779,2025-11-05 00:00:00.000,Spark 40(8+256),16,-1.0000,15570.0000,-15180.2200,O,Main Location
SI0001SI#000781,2025-11-05 00:00:00.000,Spark 40 Pro,16,-2.0000,18870.0000,-36785.3600,O,Main Location
SI0001SI#000782,2025-11-05 00:00:00.000,Spark 40 5G,16,-1.0000,16040.0000,-15636.2800,O,Main Location
SI0001SI#000781,2025-11-05 00:00:00.000,Pova Slim,16,-1.0000,28300.0000,-27594.0200,O,Main Location
SI0001SI#000781,2025-11-05 00:00:00.000,Go2,16,-3.0000,10390.0000,-30431.2742,O,Main Location
SI0001SI#000779,2025-11-05 00:00:00.000,Go2,16,-3.0000,10390.0000,-30431.2742,O,Main Location
SI0001SI#000776,2025-11-04 00:00:00.000,Spark40 Pro Pius,16,-3.0000,23590.0000,-68980.0200,O,Main Location
SI0001SI#000775,2025-11-04 00:00:00.000,Spark40 Pro Pius,16,-3.0000,23590.0000,-68980.0200,O,Main Location
SI0001SI#000776,2025-11-04 00:00:00.000,Spark40 (6+128),16,-8.0000,13210.0000,-102999.0400,O,Main Location
SI0001SI#000775,2025-11-04 00:00:00.000,Spark40 (6+128),16,-15.0000,13210.0000,-193123.2000,O,Main Location
SI0001SI#000774,2025-11-04 00:00:00.000,Spark40 (6+128),16,-6.0000,13210.0000,-77249.2800,O,Main Location
SI0001SI#000776,2025-11-04 00:00:00.000,Spark 40c (4+128),16,-5.0000,11790.0000,-57458.3500,O,Main Location
SI0001SI#000776,2025-11-04 00:00:00.000,Spark 40(8+256),16,-2.0000,15570.0000,-30360.4400,O,Main Location
SI0001SI#000774,2025-11-04 00:00:00.000,Spark 40(8+256),16,-2.0000,15570.0000,-30360.4400,O,Main Location
SI0001SI#000776,2025-11-04 00:00:00.000,Spark 40 Pro,16,-4.0000,18870.0000,-73570.7200,O,Main Location
SI0001SI#000774,2025-11-04 00:00:00.000,Spark 40 5G,16,-1.0000,16040.0000,-15636.2800,O,Main Location
SI0001SI#000776,2025-11-04 00:00:00.000,Pova Slim,16,-3.0000,28300.0000,-82782.0600,O,Main Location
SI0001SI#000775,2025-11-04 00:00:00.000,Pova Slim,16,-3.0000,28300.0000,-82782.0600,O,Main Location
SI0001SI#000774,2025-11-04 00:00:00.000,Pova Slim,16,-5.0000,28300.0000,-137970.1000,O,Main Location
SI0001SI#000776,2025-11-04 00:00:00.000,Pova 7 Pro,16,-1.0000,33020.0000,-32194.7000,O,Main Location
SI0001SI#000774,2025-11-04 00:00:00.000,Pova 7 Pro,16,-1.0000,33020.0000,-32194.7000,O,Main Location
SI0001SI#000776,2025-11-04 00:00:00.000,Go2(3+64),16,-3.0000,9433.0000,-27545.1240,O,Main Location
SI0001SI#000777,2025-11-04 00:00:00.000,Go2,16,-1.0000,10390.0000,-10143.7581,O,Main Location
SI0001SI#000776,2025-11-04 00:00:00.000,Go2,16,-7.0000,10390.0000,-71006.3064,O,Main Location
SI0001SI#000775,2025-11-04 00:00:00.000,Go2,16,-10.0000,10390.0000,-101437.5806,O,Main Location
SI0001SI#000778,2025-11-04 00:00:00.000,Camon40 Pro,16,-1.0000,26410.0000,-25704.9800,O,Main Location
SI0001SI#000776,2025-11-04 00:00:00.000,Camon40 Pro,16,-3.0000,26410.0000,-77114.9400,O,Main Location
SI0001SI#000775,2025-11-04 00:00:00.000,Camon40 Pro,16,-5.0000,26410.0000,-128524.9000,O,Main Location
SI0001SI#000774,2025-11-04 00:00:00.000,Camon40 Pro,16,-15.0000,26410.0000,-385574.7001,O,Main Location
SI0001SI#000772,2025-11-03 00:00:00.000,Spark40 Pro Pius,16,-1.0000,23590.0000,-22993.3400,O,Main Location
SI0001SI#000761,2025-11-03 00:00:00.000,Spark40 Pro Pius,16,-1.0000,23590.0000,-22993.3400,O,Main Location
SI0001SI#000760,2025-11-03 00:00:00.000,Spark40 Pro Pius,16,-2.0000,23590.0000,-45986.6800,O,Main Location
SI0001SI#000768,2025-11-03 00:00:00.000,Spark40 (6+128),16,-20.0000,13210.0000,-257497.6000,O,Main Location
SI0001SI#000767,2025-11-03 00:00:00.000,Spark40 (6+128),16,-2.0000,13210.0000,-25749.7600,O,Main Location
SI0001SI#000766,2025-11-03 00:00:00.000,Spark40 (6+128),16,-3.0000,12310.0000,-38624.6400,O,Main Location
SI0001SI#000762,2025-11-03 00:00:00.000,Spark40 (6+128),16,-3.0000,12875.0000,-38624.6400,O,Main Location
SI0001SI#000761,2025-11-03 00:00:00.000,Spark40 (6+128),16,-2.0000,13210.0000,-25749.7600,O,Main Location
SI0001SI#000760,2025-11-03 00:00:00.000,Spark40 (6+128),16,-3.0000,13210.0000,-38624.6400,O,Main Location
SI0001SI#000761,2025-11-03 00:00:00.000,Spark 40c (4+128),16,-1.0000,11790.0000,-11491.6700,O,Main Location
SI0001SI#000760,2025-11-03 00:00:00.000,Spark 40c (4+128),16,-3.0000,11790.0000,-34475.0100,O,Main Location
SI0001SI#000773,2025-11-03 00:00:00.000,Spark 40(8+256),16,-1.0000,15570.0000,-15180.2200,O,Main Location
SI0001SI#000767,2025-11-03 00:00:00.000,Spark 40(8+256),16,-2.0000,15570.0000,-30360.4400,O,Main Location
SI0001SI#000764,2025-11-03 00:00:00.000,Spark 40(8+256),16,-1.0000,15570.0000,-15180.2200,O,Main Location
SI0001SI#000761,2025-11-03 00:00:00.000,Spark 40(8+256),16,-1.0000,15570.0000,-15180.2200,O,Main Location
SI0001SI#000760,2025-11-03 00:00:00.000,Spark 40(8+256),16,-1.0000,15570.0000,-15180.2200,O,Main Location
SI0001SI#000769,2025-11-03 00:00:00.000,Spark 40 Pro,16,-5.0000,18870.0000,-91963.4000,O,Main Location
SI0001SI#000761,2025-11-03 00:00:00.000,Spark 40 Pro,16,-1.0000,18870.0000,-18392.6800,O,Main Location
SI0001SI#000772,2025-11-03 00:00:00.000,Pova Slim,16,-1.0000,28300.0000,-27594.0200,O,Main Location
SI0001SI#000770,2025-11-03 00:00:00.000,Pova Slim,16,-6.0000,28300.0000,-165564.1200,O,Main Location
SI0001SI#000765,2025-11-03 00:00:00.000,Pova Slim,16,-1.0000,28300.0000,-27594.0200,O,Main Location
SI0001SI#000763,2025-11-03 00:00:00.000,Pova Slim,16,-2.0000,28300.0000,-55188.0400,O,Main Location
SI0001SI#000772,2025-11-03 00:00:00.000,Pova 7 Pro,16,-1.0000,33020.0000,-32194.7000,O,Main Location
SI0001SI#000769,2025-11-03 00:00:00.000,Pova 7 Pro,16,-1.0000,33020.0000,-32194.7000,O,Main Location
SI0001SI#000765,2025-11-03 00:00:00.000,Pova 7 Pro,16,-1.0000,33020.0000,-32194.7000,O,Main Location
SI0001SI#000763,2025-11-03 00:00:00.000,Go2(3+64),16,-2.0000,9433.0000,-18363.4160,O,Main Location
SI0001SI#000772,2025-11-03 00:00:00.000,Go2,16,-2.0000,10390.0000,-20287.5161,O,Main Location
SI0001SI#000771,2025-11-03 00:00:00.000,Go2,16,-3.0000,10390.0000,-30431.2742,O,Main Location
SI0001SI#000767,2025-11-03 00:00:00.000,Go2,16,-3.0000,10390.0000,-30431.2742,O,Main Location
SI0001SI#000763,2025-11-03 00:00:00.000,Go2,16,-1.0000,10390.0000,-10143.7581,O,Main Location
SI0001SI#000761,2025-11-03 00:00:00.000,Go2,16,-2.0000,10390.0000,-20287.5161,O,Main Location
SI0001SI#000772,2025-11-03 00:00:00.000,Camon40 Pro,16,-1.0000,26410.0000,-25704.9800,O,Main Location
SI0001SI#000767,2025-11-03 00:00:00.000,Camon40 Pro,16,-2.0000,26410.0000,-51409.9600,O,Main Location
SI0001SI#000765,2025-11-03 00:00:00.000,Camon40 Pro,16,-1.0000,26410.0000,-25704.9800,O,Main Location
SI0001SI#000763,2025-11-03 00:00:00.000,Camon40 Pro,16,-1.0000,26410.0000,-25704.9800,O,Main Location
SI0001SI#000760,2025-11-03 00:00:00.000,Camon40 Pro,16,-1.0000,26410.0000,-25704.9800,O,Main Location
SI0001SI#000758,2025-11-02 00:00:00.000,Spark40 (6+128),16,-3.0000,13210.0000,-38624.6400,O,Main Location
SI0001SI#000756,2025-11-02 00:00:00.000,Spark40 (6+128),16,-80.0000,12875.0000,-1029990.3998,O,Main Location
SI0001SI#000758,2025-11-02 00:00:00.000,Spark 40c (4+128),16,-3.0000,11790.0000,-34475.0100,O,Main Location
SI0001SI#000756,2025-11-02 00:00:00.000,Spark 40c (4+128),16,-10.0000,11493.0000,-114916.7000,O,Main Location
SI0001SI#000757,2025-11-02 00:00:00.000,Spark 40(8+256),16,-1.0000,15570.0000,-15180.2200,O,Main Location
SI0001SI#000757,2025-11-02 00:00:00.000,Spark 40 Pro,16,-2.0000,18870.0000,-36785.3600,O,Main Location
SI0001SI#000756,2025-11-02 00:00:00.000,Spark 40 Pro,16,-20.0000,18393.0000,-367853.6000,O,Main Location
SI0001SI#000759,2025-11-02 00:00:00.000,Pova Slim,16,-1.0000,28300.0000,-27594.0200,O,Main Location
SI0001SI#000758,2025-11-02 00:00:00.000,Camon40 Pro,16,-1.0000,26410.0000,-25704.9800,O,Main Location
SI0001SI#000757,2025-11-02 00:00:00.000,Camon40 Pro,16,-2.0000,26410.0000,-51409.9600,O,Main Location
SR0001SR#000006,2025-10-31 00:00:00.000,Spark40 Pro Pius,13,1.0000,.0000,22993.3400,I,Main Location
PI0001PI#000101,2025-10-31 00:00:00.000,Spark40 (6+128),33,100.0000,12874.8800,1287488.0000,I,Main Location
SR0001SR#000006,2025-10-31 00:00:00.000,Spark 40c (4+128),13,1.0000,.0000,11491.6700,I,Main Location
PI0001PI#000101,2025-10-31 00:00:00.000,Spark 40c (4+128),33,100.0000,11491.6700,1149167.0000,I,Main Location
SI0001SI#000753,2025-10-31 00:00:00.000,Spark 40(8+256),16,-3.0000,15570.0000,-45540.6600,O,Main Location
SI0001SI#000752,2025-10-31 00:00:00.000,Spark 40 Pro,16,-2.0000,18870.0000,-36785.3600,O,Main Location
SI0001SI#000751,2025-10-31 00:00:00.000,Spark 40 Pro,16,-5.0000,18870.0000,-91963.4000,O,Main Location
SI0001SI#000750,2025-10-31 00:00:00.000,Spark 40 Pro,16,-3.0000,18393.0000,-55178.0400,O,Main Location
PI0001PI#000101,2025-10-31 00:00:00.000,Spark 40 Pro,33,80.0000,18392.6800,1471414.4000,I,Main Location
SR0001SR#000006,2025-10-31 00:00:00.000,Spark 40 5G,13,1.0000,.0000,15636.2800,I,Main Location
SR0001SR#000006,2025-10-31 00:00:00.000,Pova Slim,13,1.0000,.0000,27594.0200,I,Main Location
PI0001PI#000101,2025-10-31 00:00:00.000,Pova Slim,33,30.0000,27594.0200,827820.6000,I,Main Location
SR0001SR#000006,2025-10-31 00:00:00.000,Pova 7 Pro,13,1.0000,.0000,32194.7000,I,Main Location
SI0001SI#000754,2025-10-31 00:00:00.000,Live Demo Spark 40 5G,16,-1.0000,11936.0000,-11936.0000,O,Main Location
PI0001PI#000104,2025-10-31 00:00:00.000,Live Demo Spark 40 5G,33,2.0000,11936.0000,23872.0000,I,Main Location
SI0001SI#000755,2025-10-31 00:00:00.000,Live Demo Pova Cave,16,-1.0000,23100.0000,-23100.0000,O,Main Location
SI0001SI#000754,2025-10-31 00:00:00.000,Live Demo Pova Cave,16,-1.0000,23100.0000,-23100.0000,O,Main Location
PI0001PI#000104,2025-10-31 00:00:00.000,Live Demo Pova Cave,33,2.0000,23100.0000,46200.0000,I,Main Location
SR0001SR#000006,2025-10-31 00:00:00.000,Go2(3+64),13,2.0000,.0000,18363.4160,I,Main Location
PI0001PI#000101,2025-10-31 00:00:00.000,Go2,33,500.0000,10143.5300,5071765.0000,I,Main Location
SR0001SR#000006,2025-10-31 00:00:00.000,Camon40 Pro,13,1.0000,.0000,25704.9800,I,Main Location
PI0001PI#000101,2025-10-31 00:00:00.000,Camon40 Pro,33,50.0000,25704.9800,1285249.0000,I,Main Location
SI0001SI#000749,2025-10-30 00:00:00.000,Spark40 (6+128),16,-2.0000,13210.0000,-25749.7600,O,Main Location
SI0001SI#000749,2025-10-30 00:00:00.000,Spark 40(8+256),16,-1.0000,15570.0000,-15180.2200,O,Main Location
SI0001SI#000748,2025-10-30 00:00:00.000,Pova Slim,16,-1.0000,28300.0000,-27594.0200,O,Main Location
SI0001SI#000749,2025-10-30 00:00:00.000,Go2,16,-2.0000,10390.0000,-20287.9581,O,Main Location
SI0001SI#000746,2025-10-29 00:00:00.000,Spark40 (6+128),16,-3.0000,13210.0000,-38624.6400,O,Main Location
SI0001SI#000746,2025-10-29 00:00:00.000,Spark 40(8+256),16,-2.0000,15570.0000,-30360.4400,O,Main Location
SI0001SI#000736,2025-10-29 00:00:00.000,Spark 40(8+256),16,-1.0000,15570.0000,-15180.2200,O,Main Location
SI0001SI#000738,2025-10-29 00:00:00.000,Pova Slim,16,-1.0000,28300.0000,-27594.0200,O,Main Location
SI0001SI#000746,2025-10-29 00:00:00.000,Go2,16,-2.0000,10390.0000,-20287.9581,O,Main Location
SI0001SI#000738,2025-10-29 00:00:00.000,Go2,16,-1.0000,10390.0000,-10143.9791,O,Main Location
SI0001SI#000737,2025-10-29 00:00:00.000,Go2,16,-10.0000,10390.0000,-101439.7905,O,Main Location
PI0001PI#000100,2025-10-29 00:00:00.000,Go2,33,50.0000,10143.5300,507176.5000,I,Main Location
SI0001SI#000735,2025-10-28 00:00:00.000,Spark40 (6+128),16,-1.0000,13210.0000,-12874.8800,O,Main Location
SI0001SI#000735,2025-10-28 00:00:00.000,Spark 40c (4+128),16,-1.0000,11790.0000,-11491.6700,O,Main Location
SI0001SI#000731,2025-10-27 00:00:00.000,Spark40 (6+128),16,-5.0000,13210.0000,-64374.4000,O,Main Location
SI0001SI#000730,2025-10-27 00:00:00.000,Spark40 (6+128),16,-1.0000,13210.0000,-12874.8800,O,Main Location
PI0001PI#000099,2025-10-27 00:00:00.000,Spark40 (6+128),33,66.0000,12874.8800,849742.0800,I,Main Location
SI0001SI#000732,2025-10-27 00:00:00.000,Spark 40c (4+128),16,-5.0000,11790.0000,-57458.3500,O,Main Location
SI0001SI#000734,2025-10-27 00:00:00.000,Pova Slim,16,-2.0000,28300.0000,-55188.0400,O,Main Location
SI0001SI#000733,2025-10-27 00:00:00.000,Pova Slim,16,-2.0000,28300.0000,-55188.0400,O,Main Location
SI0001SI#000729,2025-10-27 00:00:00.000,Pova 7 Pro,16,-1.0000,33020.0000,-32194.7000,O,Main Location
SI0001SI#000729,2025-10-27 00:00:00.000,Go2,16,-2.0000,10390.0000,-20288.0515,O,Main Location
SI0001SI#000728,2025-10-26 00:00:00.000,Spark40 (6+128),16,-10.0000,13210.0000,-128748.8000,O,Main Location
SI0001SI#000728,2025-10-26 00:00:00.000,Go2,16,-10.0000,10390.0000,-101440.2573,O,Main Location
SI0001SI#000728,2025-10-26 00:00:00.000,Camon40 Pro,16,-3.0000,26410.0000,-77114.9404,O,Main Location
SI0001SI#000726,2025-10-24 00:00:00.000,Spark40 Pro Pius,16,-1.0000,23590.0000,-22993.3400,O,Main Location
SI0001SI#000726,2025-10-24 00:00:00.000,Spark40 (6+128),16,-1.0000,13210.0000,-12874.8800,O,Main Location
SI0001SI#000725,2025-10-24 00:00:00.000,Spark40 (6+128),16,-4.0000,13210.0000,-51499.5200,O,Main Location
PI0001PI#000098,2025-10-24 00:00:00.000,Spark40 (6+128),33,46.0000,12874.8800,592244.4800,I,Main Location
SI0001SI#000726,2025-10-24 00:00:00.000,Spark 40c (4+128),16,-1.0000,11790.0000,-11491.6700,O,Main Location
SI0001SI#000725,2025-10-24 00:00:00.000,Spark 40(8+256),16,-4.0000,15570.0000,-60720.8800,O,Main Location
SI0001SI#000723,2025-10-24 00:00:00.000,Spark 40(8+256),16,-1.0000,15570.0000,-15180.2200,O,Main Location
SI0001SI#000726,2025-10-24 00:00:00.000,Pova Slim,16,-1.0000,28300.0000,-27594.0200,O,Main Location
SI0001SI#000727,2025-10-24 00:00:00.000,Go2,16,-2.0000,10390.0000,-20288.0515,O,Main Location
SI0001SI#000724,2025-10-24 00:00:00.000,Go2,16,-1.0000,10390.0000,-10144.0257,O,Main Location
SI0001SI#000723,2025-10-24 00:00:00.000,Camon40 Pro,16,-1.0000,26410.0000,-25704.9801,O,Main Location
SI0001SI#000723,2025-10-24 00:00:00.000,Camon 40 Pro 5G,16,-1.0000,33020.0000,-32164.3444,O,Main Location
SI0001SI#000719,2025-10-23 00:00:00.000,Spark40 (6+128),16,-1.0000,13210.0000,-12874.8800,O,Main Location
SI0001SI#000719,2025-10-23 00:00:00.000,Spark 40c (4+128),16,-1.0000,11790.0000,-11491.6700,O,Main Location
SI0001SI#000718,2025-10-23 00:00:00.000,Spark 40c (4+128),16,-1.0000,11790.0000,-11491.6700,O,Main Location
SI0001SI#000720,2025-10-23 00:00:00.000,Spark 40 5G,16,-1.0000,16040.0000,-15636.2800,O,Main Location
SI0001SI#000722,2025-10-23 00:00:00.000,Pova Slim,16,-2.0000,28300.0000,-55188.0400,O,Main Location
SI0001SI#000721,2025-10-23 00:00:00.000,Go2,16,-10.0000,10390.0000,-101440.2573,O,Main Location
SI0001SI#000719,2025-10-23 00:00:00.000,Camon40 Pro,16,-2.0000,26410.0000,-51409.9603,O,Main Location
SI0001SI#000718,2025-10-23 00:00:00.000,Camon40 Pro,16,-2.0000,26410.0000,-51409.9603,O,Main Location
SI0001SI#000716,2025-10-22 00:00:00.000,Spark40 (6+128),16,-1.0000,13210.0000,-12874.8800,O,Main Location
SI0001SI#000715,2025-10-22 00:00:00.000,Spark40 (6+128),16,-2.0000,13210.0000,-25749.7600,O,Main Location
PI0001PI#000097,2025-10-22 00:00:00.000,Spark40 (6+128),33,43.0000,12874.8800,553619.8400,I,Main Location
PI0001PI#000097,2025-10-22 00:00:00.000,Spark 40c (4+128),33,30.0000,11491.6700,344750.1000,I,Main Location
SI0001SI#000716,2025-10-22 00:00:00.000,Spark 40(8+256),16,-1.0000,15570.0000,-15180.2200,O,Main Location
SI0001SI#000715,2025-10-22 00:00:00.000,Spark 40(8+256),16,-1.0000,15570.0000,-15180.2200,O,Main Location
SI0001SI#000717,2025-10-22 00:00:00.000,Pova Slim,16,-1.0000,28300.0000,-27594.0200,O,Main Location
SI0001SI#000715,2025-10-22 00:00:00.000,Pova Slim,16,-1.0000,28300.0000,-27594.0200,O,Main Location
SI0001SI#000716,2025-10-22 00:00:00.000,Go2,16,-2.0000,10390.0000,-20288.0515,O,Main Location
SI0001SI#000716,2025-10-22 00:00:00.000,Camon40 Pro,16,-1.0000,26410.0000,-25704.9801,O,Main Location
SI0001SI#000714,2025-10-21 00:00:00.000,Spark40 (6+128),16,-1.0000,13210.0000,-12874.8800,O,Main Location
PI0001PI#000096,2025-10-21 00:00:00.000,Pova Slim,33,10.0000,27594.0200,275940.2000,I,Main Location
SI0001SI#000714,2025-10-21 00:00:00.000,Go2,16,-3.0000,10390.0000,-30432.0772,O,Main Location
SI0001SI#000714,2025-10-21 00:00:00.000,Camon40 Pro,16,-2.0000,26410.0000,-51409.9603,O,Main Location
SI0001SI#000713,2025-10-21 00:00:00.000,Camon40 Pro,16,-2.0000,26410.0000,-51409.9603,O,Main Location
PI0001PI#000096,2025-10-21 00:00:00.000,Camon40 Pro,33,4.0000,25704.9800,102819.9200,I,Main Location
SI0001SI#000712,2025-10-20 00:00:00.000,Spark40 (6+128),16,-100.0000,12875.0000,-1287487.9986,O,Main Location
SI0001SI#000712,2025-10-20 00:00:00.000,Spark 40c (4+128),16,-45.0000,11492.0000,-517125.1500,O,Main Location
SI0001SI#000709,2025-10-20 00:00:00.000,Spark 40c (4+128),16,-4.0000,11790.0000,-45966.6800,O,Main Location
SI0001SI#000710,2025-10-20 00:00:00.000,Spark 40(8+256),16,-1.0000,15570.0000,-15180.2200,O,Main Location
SI0001SI#000712,2025-10-20 00:00:00.000,Spark 40 Pro,16,-7.0000,18393.0000,-128748.7600,O,Main Location
SI0001SI#000711,2025-10-20 00:00:00.000,Spark 40 Pro,16,-15.0000,18393.0000,-275890.2000,O,Main Location
SI0001SI#000709,2025-10-20 00:00:00.000,Spark 40 Pro,16,-2.0000,18870.0000,-36785.3600,O,Main Location
SI0001SI#000708,2025-10-20 00:00:00.000,Pova Slim,16,-1.0000,28300.0000,-27594.0200,O,Main Location
SI0001SI#000712,2025-10-20 00:00:00.000,Go2,16,-25.0000,10145.0000,-253600.6433,O,Main Location
SI0001SI#000707,2025-10-20 00:00:00.000,Camon40 Pro,16,-1.0000,26410.0000,-25704.9802,O,Main Location
PI0001PI#000095,2025-10-20 00:00:00.000,Camon40 Pro,33,10.0000,25704.9800,257049.8000,I,Main Location
SI0001SI#000704,2025-10-19 00:00:00.000,Spark 40(8+256),16,-1.0000,15570.0000,-15180.2200,O,Main Location
SI0001SI#000706,2025-10-19 00:00:00.000,Spark 40(8+256),16,-1.0000,15570.0000,-15180.2200,O,Main Location
SI0001SI#000704,2025-10-19 00:00:00.000,Spark 40 5G,16,-1.0000,16020.0000,-15636.2800,O,Main Location
SI0001SI#000705,2025-10-19 00:00:00.000,Spark 40 5G,16,-1.0000,16040.0000,-15636.2800,O,Main Location
SI0001SI#000744,2025-10-17 00:00:00.000,Spark40 Pro Pius,16,-1.0000,22994.0000,-22993.3400,O,Main Location
SI0001SI#000744,2025-10-17 00:00:00.000,Spark40 (6+128),16,-2.0000,12875.0000,-25749.7600,O,Main Location
SI0001SI#000743,2025-10-17 00:00:00.000,Spark40 (6+128),16,-1.0000,13210.0000,-12874.8800,O,Main Location
SI0001SI#000739,2025-10-17 00:00:00.000,Spark40 (6+128),16,-2.0000,13210.0000,-25749.7600,O,Main Location
SI0001SI#000739,2025-10-17 00:00:00.000,Spark 40c (4+128),16,-1.0000,11790.0000,-11491.6700,O,Main Location
SI0001SI#000747,2025-10-17 00:00:00.000,Spark 40 Pro,16,-2.0000,18392.0000,-36785.3600,O,Main Location
SI0001SI#000741,2025-10-17 00:00:00.000,Spark 40 Pro,16,-1.0000,18870.0000,-18392.6800,O,Main Location
SI0001SI#000742,2025-10-17 00:00:00.000,Pova Slim,16,-1.0000,28300.0000,-27594.0200,O,Main Location
SI0001SI#000741,2025-10-17 00:00:00.000,Go2(3+64),16,-1.0000,9430.0000,-9181.7080,O,Main Location
SI0001SI#000744,2025-10-17 00:00:00.000,Go2,16,-5.0000,10145.0000,-50720.1287,O,Main Location
SI0001SI#000745,2025-10-17 00:00:00.000,Camon40 Pro,16,-20.0000,26410.0000,-514099.6431,O,Main Location
PI0001PI#000092,2025-10-17 00:00:00.000,Camon40 Pro,33,20.0000,25704.9800,514099.6000,I,Main Location
SI0001SI#000741,2025-10-17 00:00:00.000,Camon 40 Pro 5G,16,-1.0000,33020.0000,-32164.3444,O,Main Location
SI0001SI#000740,2025-10-17 00:00:00.000,Camon 40 Pro 5G,16,-2.0000,33020.0000,-64328.6889,O,Main Location
SI0001SI#000700,2025-10-16 00:00:00.000,Spark40 (6+128),16,-2.0000,13210.0000,-25749.7600,O,Main Location
SI0001SI#000695,2025-10-16 00:00:00.000,Spark40 (6+128),16,-4.0000,13210.0000,-51499.5199,O,Main Location
SI0001SI#000694,2025-10-16 00:00:00.000,Spark40 (6+128),16,-4.0000,13210.0000,-51499.5199,O,Main Location
SI0001SI#000700,2025-10-16 00:00:00.000,Spark 40(8+256),16,-1.0000,15570.0000,-15180.2200,O,Main Location
SI0001SI#000698,2025-10-16 00:00:00.000,Spark 40(8+256),16,-2.0000,15570.0000,-30360.4400,O,Main Location
SI0001SI#000695,2025-10-16 00:00:00.000,Spark 40(8+256),16,-2.0000,15570.0000,-30360.4400,O,Main Location
SI0001SI#000698,2025-10-16 00:00:00.000,Spark 40 Pro,16,-1.0000,18870.0000,-18392.6800,O,Main Location
SI0001SI#000696,2025-10-16 00:00:00.000,Spark 40 Pro,16,-3.0000,18870.0000,-55178.0400,O,Main Location
SI0001SI#000695,2025-10-16 00:00:00.000,Spark 40 Pro,16,-3.0000,18870.0000,-55178.0400,O,Main Location
SI0001SI#000694,2025-10-16 00:00:00.000,Spark 40 5G,16,-2.0000,16040.0000,-31272.5600,O,Main Location
SI0001SI#000701,2025-10-16 00:00:00.000,Pova Slim,16,-4.0000,28300.0000,-110376.0800,O,Main Location
SI0001SI#000696,2025-10-16 00:00:00.000,Pova Slim,16,-1.0000,28300.0000,-27594.0200,O,Main Location
SI0001SI#000699,2025-10-16 00:00:00.000,Go2,16,-5.0000,10390.0000,-50720.1287,O,Main Location
SI0001SI#000697,2025-10-16 00:00:00.000,Go2,16,-3.0000,10390.0000,-30432.0772,O,Main Location
SI0001SI#000692,2025-10-15 00:00:00.000,Spark40 (6+128),16,-5.0000,12876.0000,-64374.3999,O,Main Location
SI0001SI#000688,2025-10-15 00:00:00.000,Spark40 (6+128),16,-2.0000,13210.0000,-25749.7600,O,Main Location
SI0001SI#000687,2025-10-15 00:00:00.000,Spark40 (6+128),16,-20.0000,12876.0000,-257497.5997,O,Main Location
SI0001SI#000688,2025-10-15 00:00:00.000,Spark 40c (4+128),16,-1.0000,11790.0000,-11491.6700,O,Main Location
SI0001SI#000687,2025-10-15 00:00:00.000,Spark 40c (4+128),16,-3.0000,11492.0000,-34475.0100,O,Main Location
SI0001SI#000692,2025-10-15 00:00:00.000,Spark 40(8+256),16,-1.0000,15181.0000,-15180.2200,O,Main Location
SI0001SI#000691,2025-10-15 00:00:00.000,Spark 40(8+256),16,-1.0000,15570.0000,-15180.2200,O,Main Location
SI0001SI#000688,2025-10-15 00:00:00.000,Spark 40(8+256),16,-2.0000,15570.0000,-30360.4400,O,Main Location
SI0001SI#000691,2025-10-15 00:00:00.000,Spark 40 Pro,16,-1.0000,18870.0000,-18392.6800,O,Main Location
SI0001SI#000687,2025-10-15 00:00:00.000,Spark 40 Pro,16,-5.0000,18393.0000,-91963.4000,O,Main Location
SI0001SI#000690,2025-10-15 00:00:00.000,Spark 40 5G,16,-2.0000,16040.0000,-31272.5600,O,Main Location
SI0001SI#000688,2025-10-15 00:00:00.000,Spark 40 5G,16,-1.0000,16040.0000,-15636.2800,O,Main Location
SI0001SI#000686,2025-10-15 00:00:00.000,Spark 40 5G,16,-2.0000,16040.0000,-31272.5600,O,Main Location
SI0001SI#000688,2025-10-15 00:00:00.000,Pova Slim,16,-1.0000,28300.0000,-27594.0200,O,Main Location
SI0001SI#000693,2025-10-15 00:00:00.000,Go2,16,-50.0000,10145.0000,-507201.2866,O,Main Location
SI0001SI#000692,2025-10-15 00:00:00.000,Go2,16,-5.0000,10145.0000,-50720.1287,O,Main Location
SI0001SI#000687,2025-10-15 00:00:00.000,Camon40 Pro,16,-4.0000,25708.0000,-102820.1023,O,Main Location
SI0001SI#000686,2025-10-15 00:00:00.000,Camon40 Pro,16,-15.0000,26410.0000,-385575.3835,O,Main Location
SI0001SI#000689,2025-10-15 00:00:00.000,Camon 40 Pro 5G,16,-1.0000,33020.0000,-32164.3444,O,Main Location
SI0001SI#000684,2025-10-14 00:00:00.000,Spark 40 Pro,16,-1.0000,18870.0000,-18392.6800,O,Main Location
SI0001SI#000683,2025-10-14 00:00:00.000,Go2,16,-1.0000,10390.0000,-10144.0257,O,Main Location
SI0001SI#000685,2025-10-14 00:00:00.000,Camon40 Pro,16,-1.0000,26410.0000,-25705.0256,O,Main Location
SI0001SI#000680,2025-10-13 00:00:00.000,Spark40 Pro Pius,16,-1.0000,23590.0000,-22993.3400,O,Main Location
SI0001SI#000675,2025-10-13 00:00:00.000,Spark40 Pro Pius,16,-1.0000,23590.0000,-22993.3400,O,Main Location
SI0001SI#000680,2025-10-13 00:00:00.000,Spark40 (6+128),16,-2.0000,13210.0000,-25749.7600,O,Main Location
SI0001SI#000679,2025-10-13 00:00:00.000,Spark40 (6+128),16,-1.0000,13210.0000,-12874.8800,O,Main Location
SI0001SI#000675,2025-10-13 00:00:00.000,Spark40 (6+128),16,-2.0000,13210.0000,-25749.7600,O,Main Location
PI0001PI#000091,2025-10-13 00:00:00.000,Spark40 (6+128),33,50.0000,12874.8800,643744.0000,I,Main Location
SI0001SI#000672,2025-10-13 00:00:00.000,Spark40 (6+128),16,-5.0000,13210.0000,-64374.3999,O,Main Location
SI0001SI#000680,2025-10-13 00:00:00.000,Spark 40c (4+128),16,-1.0000,11790.0000,-11491.6700,O,Main Location
SI0001SI#000679,2025-10-13 00:00:00.000,Spark 40c (4+128),16,-1.0000,11790.0000,-11491.6700,O,Main Location
SI0001SI#000673,2025-10-13 00:00:00.000,Spark 40c (4+128),16,-2.0000,11790.0000,-22983.3400,O,Main Location
PI0001PI#000091,2025-10-13 00:00:00.000,Spark 40(8+256),33,50.0000,15180.2200,759011.0000,I,Main Location
SI0001SI#000680,2025-10-13 00:00:00.000,Spark 40 Pro,16,-1.0000,18870.0000,-18392.6800,O,Main Location
PI0001PI#000091,2025-10-13 00:00:00.000,Spark 40 Pro,33,40.0000,18392.6800,735707.2000,I,Main Location
SI0001SI#000680,2025-10-13 00:00:00.000,Spark 40 5G,16,-1.0000,16040.0000,-15636.2800,O,Main Location
SI0001SI#000679,2025-10-13 00:00:00.000,Spark 40 5G,16,-1.0000,16040.0000,-15636.2800,O,Main Location
SI0001SI#000678,2025-10-13 00:00:00.000,Spark 40 5G,16,-2.0000,16040.0000,-31272.5600,O,Main Location
SI0001SI#000675,2025-10-13 00:00:00.000,Spark 40 5G,16,-1.0000,16040.0000,-15636.2800,O,Main Location
SI0001SI#000674,2025-10-13 00:00:00.000,Spark 40 5G,16,-2.0000,16040.0000,-31272.5600,O,Main Location
SI0001SI#000673,2025-10-13 00:00:00.000,Spark 40 5G,16,-3.0000,16040.0000,-46908.8400,O,Main Location
PI0001PI#000091,2025-10-13 00:00:00.000,Spark 40 5G,33,30.0000,15636.2800,469088.4000,I,Main Location
SI0001SI#000680,2025-10-13 00:00:00.000,Pova Slim,16,-1.0000,28300.0000,-27594.0200,O,Main Location
SI0001SI#000675,2025-10-13 00:00:00.000,Pova Slim,16,-1.0000,28300.0000,-27594.0200,O,Main Location
SI0001SI#000674,2025-10-13 00:00:00.000,Pova Slim,16,-1.0000,28300.0000,-27594.0200,O,Main Location
SI0001SI#000673,2025-10-13 00:00:00.000,Pova Slim,16,-2.0000,28300.0000,-55188.0400,O,Main Location
PI0001PI#000091,2025-10-13 00:00:00.000,Pova Slim,33,20.0000,27594.0200,551880.4000,I,Main Location
SI0001SI#000673,2025-10-13 00:00:00.000,Pova Carve,16,-1.0000,31150.0000,-30370.4700,O,Main Location
SI0001SI#000680,2025-10-13 00:00:00.000,Pova 7 Pro,16,-1.0000,33020.0000,-32194.7000,O,Main Location
SI0001SI#000673,2025-10-13 00:00:00.000,Pova 7 Pro,16,-1.0000,33020.0000,-32194.7000,O,Main Location
SI0001SI#000680,2025-10-13 00:00:00.000,Go2(3+64),16,-2.0000,9480.0000,-18363.4160,O,Main Location
SI0001SI#000680,2025-10-13 00:00:00.000,Go2,16,-2.0000,10390.0000,-20288.0515,O,Main Location
SI0001SI#000677,2025-10-13 00:00:00.000,Go2,16,-2.0000,10390.0000,-20288.0515,O,Main Location
SI0001SI#000680,2025-10-13 00:00:00.000,Camon40 Pro,16,-1.0000,26410.0000,-25705.0256,O,Main Location
SI0001SI#000676,2025-10-13 00:00:00.000,Camon40 Pro,16,-1.0000,26410.0000,-25705.0256,O,Main Location
SI0001SI#000662,2025-10-12 00:00:00.000,Spark40 Pro Pius,16,-1.0000,23590.0000,-22993.3400,O,Main Location
SI0001SI#000671,2025-10-12 00:00:00.000,Spark40 (6+128),16,-10.0000,13210.0000,-128748.7998,O,Main Location
SI0001SI#000670,2025-10-12 00:00:00.000,Spark40 (6+128),16,-2.0000,13210.0000,-25749.7600,O,Main Location
SI0001SI#000669,2025-10-12 00:00:00.000,Spark40 (6+128),16,-100.0000,12876.0000,-1287487.9981,O,Main Location
SI0001SI#000667,2025-10-12 00:00:00.000,Spark40 (6+128),16,-10.0000,12875.0000,-128748.7998,O,Main Location
SI0001SI#000665,2025-10-12 00:00:00.000,Spark40 (6+128),16,-10.0000,13210.0000,-128748.7998,O,Main Location
SI0001SI#000663,2025-10-12 00:00:00.000,Spark40 (6+128),16,-5.0000,13210.0000,-64374.3999,O,Main Location
SI0001SI#000661,2025-10-12 00:00:00.000,Spark40 (6+128),16,-3.0000,13210.0000,-38624.6399,O,Main Location
SI0001SI#000661,2025-10-12 00:00:00.000,Spark 40c (4+128),16,-3.0000,11790.0000,-34475.0100,O,Main Location
SI0001SI#000669,2025-10-12 00:00:00.000,Spark 40 Pro,16,-25.0000,18393.0000,-459817.0000,O,Main Location
SI0001SI#000665,2025-10-12 00:00:00.000,Spark 40 Pro,16,-3.0000,18870.0000,-55178.0400,O,Main Location
SI0001SI#000661,2025-10-12 00:00:00.000,Spark 40 Pro,16,-2.0000,18870.0000,-36785.3600,O,Main Location
SI0001SI#000665,2025-10-12 00:00:00.000,Pova Carve,16,-1.0000,31150.0000,-30370.4700,O,Main Location
SI0001SI#000666,2025-10-12 00:00:00.000,Pova 7 Pro,16,-2.0000,33020.0000,-64389.4000,O,Main Location
SI0001SI#000665,2025-10-12 00:00:00.000,Pova 7 Pro,16,-1.0000,33020.0000,-32194.7000,O,Main Location
SI0001SI#000671,2025-10-12 00:00:00.000,Go2,16,-10.0000,10390.0000,-101440.2573,O,Main Location
SI0001SI#000669,2025-10-12 00:00:00.000,Go2,16,-30.0000,10145.0000,-304320.7720,O,Main Location
SI0001SI#000668,2025-10-12 00:00:00.000,Go2,16,-10.0000,10390.0000,-101440.2573,O,Main Location
SI0001SI#000667,2025-10-12 00:00:00.000,Go2,16,-50.0000,10145.0000,-507201.2866,O,Main Location
SI0001SI#000665,2025-10-12 00:00:00.000,Go2,16,-5.0000,10390.0000,-50720.1287,O,Main Location
SI0001SI#000661,2025-10-12 00:00:00.000,Go2,16,-3.0000,10390.0000,-30432.0772,O,Main Location
SI0001SI#000670,2025-10-12 00:00:00.000,Camon40 Pro,16,-4.0000,26410.0000,-102820.1023,O,Main Location
SI0001SI#000669,2025-10-12 00:00:00.000,Camon40 Pro,16,-10.0000,25708.0000,-257050.2556,O,Main Location
SI0001SI#000668,2025-10-12 00:00:00.000,Camon40 Pro,16,-5.0000,26410.0000,-128525.1278,O,Main Location
SI0001SI#000665,2025-10-12 00:00:00.000,Camon40 Pro,16,-2.0000,26410.0000,-51410.0511,O,Main Location
SI0001SI#000664,2025-10-12 00:00:00.000,Camon40 Pro,16,-1.0000,26410.0000,-25705.0256,O,Main Location
SI0001SI#000663,2025-10-12 00:00:00.000,Camon40 Pro,16,-2.0000,26410.0000,-51410.0511,O,Main Location
SI0001SI#000662,2025-10-12 00:00:00.000,Camon40 Pro,16,-1.0000,26410.0000,-25705.0256,O,Main Location
SI0001SI#000665,2025-10-12 00:00:00.000,Camon 40 Pro 5G,16,-1.0000,33020.0000,-32164.3444,O,Main Location
SI0001SI#000660,2025-10-11 00:00:00.000,Spark40 (6+128),16,-2.0000,13210.0000,-25749.7600,O,Main Location
SI0001SI#000659,2025-10-11 00:00:00.000,Spark40 (6+128),16,-1.0000,13210.0000,-12874.8800,O,Main Location
SI0001SI#000659,2025-10-11 00:00:00.000,Go2,16,-4.0000,10390.0000,-40576.1029,O,Main Location
SI0001SI#000657,2025-10-10 00:00:00.000,Spark40 Pro Pius,16,-1.0000,23590.0000,-22993.3400,O,Main Location
SI0001SI#000655,2025-10-10 00:00:00.000,Spark40 Pro Pius,16,-1.0000,23590.0000,-22993.3400,O,Main Location
SI0001SI#000652,2025-10-10 00:00:00.000,Spark40 Pro Pius,16,-2.0000,23590.0000,-45986.6800,O,Main Location
SI0001SI#000658,2025-10-10 00:00:00.000,Spark40 (6+128),16,-4.0000,13210.0000,-51499.5199,O,Main Location
SI0001SI#000657,2025-10-10 00:00:00.000,Spark40 (6+128),16,-7.0000,13210.0000,-90124.1599,O,Main Location
SI0001SI#000653,2025-10-10 00:00:00.000,Spark40 (6+128),16,-5.0000,13210.0000,-64374.3999,O,Main Location
PI0001PI#000090,2025-10-10 00:00:00.000,Spark40 (6+128),33,300.0000,12874.8800,3862464.0000,I,Main Location
SI0001SI#000658,2025-10-10 00:00:00.000,Spark 40c (4+128),16,-3.0000,11790.0000,-34475.0100,O,Main Location
SI0001SI#000653,2025-10-10 00:00:00.000,Spark 40c (4+128),16,-1.0000,11790.0000,-11491.6700,O,Main Location
SI0001SI#000652,2025-10-10 00:00:00.000,Spark 40c (4+128),16,-1.0000,11790.0000,-11491.6700,O,Main Location
SI0001SI#000657,2025-10-10 00:00:00.000,Spark 40(8+256),16,-1.0000,15570.0000,-15180.2200,O,Main Location
SI0001SI#000658,2025-10-10 00:00:00.000,Spark 40 Pro,16,-5.0000,18870.0000,-91963.4000,O,Main Location
SI0001SI#000653,2025-10-10 00:00:00.000,Spark 40 Pro,16,-1.0000,18870.0000,-18392.6800,O,Main Location
SI0001SI#000652,2025-10-10 00:00:00.000,Spark 40 Pro,16,-1.0000,18870.0000,-18392.6800,O,Main Location
SI0001SI#000651,2025-10-10 00:00:00.000,Spark 40 Pro,16,-1.0000,18393.0000,-18392.6800,O,Main Location
PI0001PI#000090,2025-10-10 00:00:00.000,Spark 40 Pro,33,40.0000,18392.6800,735707.2000,I,Main Location
SI0001SI#000656,2025-10-10 00:00:00.000,Pova 7 Pro,16,-1.0000,33020.0000,-32194.7000,O,Main Location
SI0001SI#000657,2025-10-10 00:00:00.000,Go2,16,-2.0000,10390.0000,-20288.0515,O,Main Location
SI0001SI#000655,2025-10-10 00:00:00.000,Go2,16,-2.0000,10390.0000,-20288.0515,O,Main Location
SI0001SI#000654,2025-10-10 00:00:00.000,Go2,16,-5.0000,10390.0000,-50720.1287,O,Main Location
SI0001SI#000653,2025-10-10 00:00:00.000,Go2,16,-5.0000,10390.0000,-50720.1287,O,Main Location
SI0001SI#000655,2025-10-10 00:00:00.000,Camon40 Pro,16,-1.0000,26410.0000,-25705.0256,O,Main Location
PI0001PI#000090,2025-10-10 00:00:00.000,Camon40 Pro,33,40.0000,25704.9800,1028199.2000,I,Main Location
SI0001SI#000648,2025-10-09 00:00:00.000,Spark40 Pro Pius,16,-3.0000,23590.0000,-68980.0200,O,Main Location
SI0001SI#000681,2025-10-09 00:00:00.000,Spark40 (6+128),16,-1.0000,13210.0000,-12874.8744,O,Main Location
SI0001SI#000650,2025-10-09 00:00:00.000,Spark40 (6+128),16,-20.0000,12875.0000,-257497.4875,O,Main Location
SI0001SI#000648,2025-10-09 00:00:00.000,Spark40 (6+128),16,-1.0000,13210.0000,-12874.8744,O,Main Location
SI0001SI#000647,2025-10-09 00:00:00.000,Spark40 (6+128),16,-1.0000,13210.0000,-12874.8744,O,Main Location
SI0001SI#000646,2025-10-09 00:00:00.000,Spark40 (6+128),16,-1.0000,13210.0000,-12874.8744,O,Main Location
SI0001SI#000645,2025-10-09 00:00:00.000,Spark40 (6+128),16,-1.0000,13210.0000,-12874.8744,O,Main Location
SI0001SI#000646,2025-10-09 00:00:00.000,Spark 40c (4+128),16,-2.0000,11790.0000,-22983.3400,O,Main Location
SI0001SI#000649,2025-10-09 00:00:00.000,Pova Carve,16,-3.0000,31150.0000,-91111.4100,O,Main Location
SI0001SI#000648,2025-10-09 00:00:00.000,Pova Carve,16,-1.0000,31150.0000,-30370.4700,O,Main Location
SI0001SI#000681,2025-10-09 00:00:00.000,Go2,16,-1.0000,10390.0000,-10144.0257,O,Main Location
SI0001SI#000646,2025-10-09 00:00:00.000,Go2,16,-3.0000,10390.0000,-30432.0772,O,Main Location
SI0001SI#000645,2025-10-09 00:00:00.000,Go2,16,-1.0000,10390.0000,-10144.0257,O,Main Location
SI0001SI#000648,2025-10-09 00:00:00.000,Camon40 Pro,16,-2.0000,26410.0000,-51410.4561,O,Main Location
SI0001SI#000645,2025-10-09 00:00:00.000,Camon40 Pro,16,-1.0000,26410.0000,-25705.2281,O,Main Location
SI0001SI#000649,2025-10-09 00:00:00.000,Camon 40 Pro 5G,16,-2.0000,33020.0000,-64328.6889,O,Main Location
SI0001SI#000635,2025-10-08 00:00:00.000,Spark40 (6+128),16,-5.0000,13210.0000,-64374.3719,O,Main Location
SI0001SI#000643,2025-10-08 00:00:00.000,Spark40 (6+128),16,-2.0000,13210.0000,-25749.7488,O,Main Location
SI0001SI#000641,2025-10-08 00:00:00.000,Spark40 (6+128),16,-2.0000,13210.0000,-25749.7488,O,Main Location
SI0001SI#000640,2025-10-08 00:00:00.000,Spark40 (6+128),16,-10.0000,13210.0000,-128748.7439,O,Main Location
SI0001SI#000639,2025-10-08 00:00:00.000,Spark40 (6+128),16,-3.0000,13210.0000,-38624.6232,O,Main Location
SI0001SI#000638,2025-10-08 00:00:00.000,Spark40 (6+128),16,-250.0000,12875.0000,-3218718.5963,O,Main Location
SI0001SI#000636,2025-10-08 00:00:00.000,Spark40 (6+128),16,-2.0000,13210.0000,-25749.7488,O,Main Location
SI0001SI#000633,2025-10-08 00:00:00.000,Spark40 (6+128),16,-15.0000,13210.0000,-193123.1158,O,Main Location
SI0001SI#000632,2025-10-08 00:00:00.000,Spark40 (6+128),16,-1.0000,13210.0000,-12874.8744,O,Main Location
SI0001SI#000644,2025-10-08 00:00:00.000,Spark 40c (4+128),16,-1.0000,11790.0000,-11491.6700,O,Main Location
SI0001SI#000638,2025-10-08 00:00:00.000,Spark 40c (4+128),16,-33.0000,11492.0000,-379225.1100,O,Main Location
SI0001SI#000636,2025-10-08 00:00:00.000,Spark 40c (4+128),16,-1.0000,11790.0000,-11491.6700,O,Main Location
SI0001SI#000635,2025-10-08 00:00:00.000,Spark 40(8+256),16,-5.0000,15570.0000,-75901.1000,O,Main Location
SI0001SI#000640,2025-10-08 00:00:00.000,Spark 40(8+256),16,-3.0000,15570.0000,-45540.6600,O,Main Location
SI0001SI#000638,2025-10-08 00:00:00.000,Spark 40(8+256),16,-30.0000,15181.0000,-455406.6000,O,Main Location
SI0001SI#000638,2025-10-08 00:00:00.000,Spark 40 Pro,16,-15.0000,18393.0000,-275890.2000,O,Main Location
SI0001SI#000632,2025-10-08 00:00:00.000,Spark 40 Pro,16,-1.0000,18870.0000,-18392.6800,O,Main Location
SI0001SI#000638,2025-10-08 00:00:00.000,Pova Slim,16,-30.0000,27595.0000,-827820.6000,O,Main Location
SI0001SI#000633,2025-10-08 00:00:00.000,Pova Carve,16,-1.0000,31150.0000,-30370.4700,O,Main Location
SI0001SI#000632,2025-10-08 00:00:00.000,Pova Carve,16,-1.0000,31150.0000,-30370.4700,O,Main Location
PI0001PI#000089,2025-10-08 00:00:00.000,Pova Carve,33,8.0000,30370.4700,242963.7600,I,Main Location
SI0001SI#000635,2025-10-08 00:00:00.000,Pova 7 Pro,16,-1.0000,33020.0000,-32194.7000,O,Main Location
SI0001SI#000640,2025-10-08 00:00:00.000,Go2,16,-10.0000,10390.0000,-101440.2573,O,Main Location
SI0001SI#000638,2025-10-08 00:00:00.000,Go2,16,-155.0000,10145.0000,-1572323.9886,O,Main Location
SI0001SI#000636,2025-10-08 00:00:00.000,Go2,16,-2.0000,10390.0000,-20288.0515,O,Main Location
SI0001SI#000632,2025-10-08 00:00:00.000,Go2,16,-2.0000,10390.0000,-20288.0515,O,Main Location
SI0001SI#000636,2025-10-08 00:00:00.000,GO1 4+128,16,-1.0000,11825.0000,-11582.5100,O,Main Location
SI0001SI#000635,2025-10-08 00:00:00.000,Camon40 Pro,16,-5.0000,26410.0000,-128526.1403,O,Main Location
SI0001SI#000643,2025-10-08 00:00:00.000,Camon40 Pro,16,-3.0000,26410.0000,-77115.6842,O,Main Location
SI0001SI#000642,2025-10-08 00:00:00.000,Camon40 Pro,16,-2.0000,26410.0000,-51410.4561,O,Main Location
SI0001SI#000639,2025-10-08 00:00:00.000,Camon40 Pro,16,-1.0000,26410.0000,-25705.2281,O,Main Location
SI0001SI#000634,2025-10-08 00:00:00.000,Camon40 Pro,16,-1.0000,26410.0000,-25705.2281,O,Main Location
SI0001SI#000632,2025-10-08 00:00:00.000,Camon40 Pro,16,-1.0000,26410.0000,-25705.2281,O,Main Location
SI0001SI#000631,2025-10-07 00:00:00.000,Spark 40(8+256),16,-1.0000,15570.0000,-15180.2200,O,Main Location
SI0001SI#000628,2025-10-07 00:00:00.000,Spark 40(8+256),16,-4.0000,15570.0000,-60720.8800,O,Main Location
SI0001SI#000631,2025-10-07 00:00:00.000,Pova Slim,16,-2.0000,28300.0000,-55188.0400,O,Main Location
SI0001SI#000629,2025-10-07 00:00:00.000,Pova Slim,16,-2.0000,28300.0000,-55188.0400,O,Main Location
SI0001SI#000630,2025-10-07 00:00:00.000,Camon40 Pro,16,-1.0000,26410.0000,-25705.2281,O,Main Location
SI0001SI#000629,2025-10-07 00:00:00.000,Camon40 Pro,16,-1.0000,26410.0000,-25705.2281,O,Main Location
SI0001SI#000626,2025-10-06 00:00:00.000,Spark40 Pro Pius,16,-1.0000,23590.0000,-22993.3400,O,Main Location
SI0001SI#000624,2025-10-06 00:00:00.000,Spark40 Pro Pius,16,-1.0000,23590.0000,-22993.3400,O,Main Location
SI0001SI#000626,2025-10-06 00:00:00.000,Spark40 (6+128),16,-2.0000,13210.0000,-25749.7488,O,Main Location
SI0001SI#000625,2025-10-06 00:00:00.000,Spark40 (6+128),16,-2.0000,13210.0000,-25749.7488,O,Main Location
SI0001SI#000624,2025-10-06 00:00:00.000,Spark40 (6+128),16,-2.0000,13210.0000,-25749.7488,O,Main Location
SI0001SI#000623,2025-10-06 00:00:00.000,Spark40 (6+128),16,-1.0000,13210.0000,-12874.8744,O,Main Location
SI0001SI#000622,2025-10-06 00:00:00.000,Spark40 (6+128),16,-3.0000,13210.0000,-38624.6232,O,Main Location
SI0001SI#000626,2025-10-06 00:00:00.000,Spark 40c (4+128),16,-2.0000,11790.0000,-22983.3400,O,Main Location
SI0001SI#000625,2025-10-06 00:00:00.000,Spark 40c (4+128),16,-1.0000,11790.0000,-11491.6700,O,Main Location
SI0001SI#000624,2025-10-06 00:00:00.000,Spark 40c (4+128),16,-3.0000,11790.0000,-34475.0100,O,Main Location
SI0001SI#000626,2025-10-06 00:00:00.000,Spark 40(8+256),16,-2.0000,15570.0000,-30360.4400,O,Main Location
SI0001SI#000625,2025-10-06 00:00:00.000,Spark 40(8+256),16,-1.0000,15570.0000,-15180.2200,O,Main Location
SI0001SI#000624,2025-10-06 00:00:00.000,Spark 40(8+256),16,-5.0000,15570.0000,-75901.1000,O,Main Location
SI0001SI#000626,2025-10-06 00:00:00.000,Spark 40 Pro,16,-2.0000,18870.0000,-36785.3600,O,Main Location
SI0001SI#000622,2025-10-06 00:00:00.000,Spark 40 Pro,16,-2.0000,18870.0000,-36785.3600,O,Main Location
SI0001SI#000627,2025-10-06 00:00:00.000,Pova Slim,16,-3.0000,28300.0000,-82782.0600,O,Main Location
SI0001SI#000626,2025-10-06 00:00:00.000,Pova Slim,16,-1.0000,28300.0000,-27594.0200,O,Main Location
SI0001SI#000626,2025-10-06 00:00:00.000,Pova 7 Pro,16,-1.0000,33020.0000,-32194.7000,O,Main Location
SI0001SI#000626,2025-10-06 00:00:00.000,Go2(3+64),16,-2.0000,9430.0000,-18363.4160,O,Main Location
SI0001SI#000625,2025-10-06 00:00:00.000,Go2(3+64),16,-2.0000,9430.0000,-18363.4160,O,Main Location
SI0001SI#000626,2025-10-06 00:00:00.000,Go2,16,-2.0000,10390.0000,-20288.0515,O,Main Location
SI0001SI#000625,2025-10-06 00:00:00.000,Go2,16,-2.0000,10390.0000,-20288.0515,O,Main Location
SI0001SI#000626,2025-10-06 00:00:00.000,Camon40 Pro,16,-1.0000,26410.0000,-25705.2281,O,Main Location
SI0001SI#000621,2025-10-05 00:00:00.000,Spark40 (6+128),16,-1.0000,13210.0000,-12874.8744,O,Main Location
SI0001SI#000620,2025-10-05 00:00:00.000,Spark40 (6+128),16,-2.0000,13210.0000,-25749.7488,O,Main Location
SI0001SI#000620,2025-10-05 00:00:00.000,Spark 40c (4+128),16,-2.0000,11790.0000,-22983.3400,O,Main Location
SI0001SI#000620,2025-10-05 00:00:00.000,Spark 40(8+256),16,-1.0000,15570.0000,-15180.2200,O,Main Location
SI0001SI#000620,2025-10-05 00:00:00.000,Spark 40 Pro,16,-1.0000,18870.0000,-18392.6800,O,Main Location
SI0001SI#000620,2025-10-05 00:00:00.000,Pova Slim,16,-1.0000,28300.0000,-27594.0200,O,Main Location
SI0001SI#000621,2025-10-05 00:00:00.000,Pova 7 Pro,16,-1.0000,33020.0000,-32194.7000,O,Main Location
SI0001SI#000620,2025-10-05 00:00:00.000,Go2,16,-2.0000,10390.0000,-20288.0515,O,Main Location
SI0001SI#000621,2025-10-05 00:00:00.000,Camon40 Pro,16,-1.0000,26410.0000,-25705.2281,O,Main Location
SI0001SI#000619,2025-10-03 00:00:00.000,Spark40 (6+128),16,-5.0000,13210.0000,-64374.3719,O,Main Location
SI0001SI#000617,2025-10-03 00:00:00.000,Spark40 (6+128),16,-2.0000,13210.0000,-25749.7488,O,Main Location
SI0001SI#000616,2025-10-03 00:00:00.000,Spark40 (6+128),16,-1.0000,13210.0000,-12874.8744,O,Main Location
SI0001SI#000616,2025-10-03 00:00:00.000,Spark 40c (4+128),16,-1.0000,11790.0000,-11491.6700,O,Main Location
SI0001SI#000617,2025-10-03 00:00:00.000,Spark 40(8+256),16,-2.0000,15570.0000,-30360.4400,O,Main Location
SI0001SI#000616,2025-10-03 00:00:00.000,Spark 40(8+256),16,-1.0000,15570.0000,-15180.2200,O,Main Location
SI0001SI#000618,2025-10-03 00:00:00.000,Spark 40 Pro,16,-2.0000,18870.0000,-36785.3600,O,Main Location
SI0001SI#000617,2025-10-03 00:00:00.000,Pova Slim,16,-1.0000,28300.0000,-27594.0200,O,Main Location
SI0001SI#000615,2025-10-03 00:00:00.000,Pova Slim,16,-1.0000,28300.0000,-27594.0200,O,Main Location
SI0001SI#000617,2025-10-03 00:00:00.000,Pova 7 Pro,16,-1.0000,33020.0000,-32194.7000,O,Main Location
SI0001SI#000615,2025-10-03 00:00:00.000,Pova 7 Pro,16,-1.0000,33020.0000,-32194.7000,O,Main Location
SI0001SI#000617,2025-10-03 00:00:00.000,Go2,16,-2.0000,10390.0000,-20288.0515,O,Main Location
SI0001SI#000619,2025-10-03 00:00:00.000,Camon40 Pro,16,-2.0000,26410.0000,-51410.4561,O,Main Location
SI0001SI#000614,2025-10-03 00:00:00.000,Camon40 Pro,16,-22.0000,26410.0000,-565515.0175,O,Main Location
SI0001SI#000613,2025-10-02 00:00:00.000,Spark40 Pro Pius,16,-2.0000,23590.0000,-45986.6800,O,Main Location
SI0001SI#000612,2025-10-02 00:00:00.000,Spark40 Pro Pius,16,-2.0000,23590.0000,-45986.6800,O,Main Location
SI0001SI#000613,2025-10-02 00:00:00.000,Spark40 (6+128),16,-2.0000,13210.0000,-25749.7488,O,Main Location
SI0001SI#000611,2025-10-02 00:00:00.000,Spark40 (6+128),16,-3.0000,13210.0000,-38624.6232,O,Main Location
SI0001SI#000613,2025-10-02 00:00:00.000,Spark 40c (4+128),16,-4.0000,11790.0000,-45966.6800,O,Main Location
SI0001SI#000611,2025-10-02 00:00:00.000,Pova Slim,16,-2.0000,28300.0000,-55188.0400,O,Main Location
SI0001SI#000611,2025-10-02 00:00:00.000,Pova 7 Pro,16,-1.0000,33020.0000,-32194.7000,O,Main Location
SI0001SI#000612,2025-10-02 00:00:00.000,Go2,16,-3.0000,10390.0000,-30432.0772,O,Main Location
SI0001SI#000702,2025-10-02 00:00:00.000,Camon40 Pro,16,-3.0000,26410.0000,-77115.6842,O,Main Location
PI0001PI#000087,2025-09-30 00:00:00.000,Spark40 (6+128),33,150.0000,12874.8800,1931232.0000,I,Main Location
SI0001SI#000606,2025-09-30 00:00:00.000,Spark 40c (4+128),16,-1.0000,11790.0000,-11491.6700,O,Main Location
PI0001PI#000087,2025-09-30 00:00:00.000,Spark 40(8+256),33,30.0000,15180.2200,455406.6000,I,Main Location
PI0001PI#000087,2025-09-30 00:00:00.000,Spark 40 Pro,33,20.0000,18392.6800,367853.6000,I,Main Location
PI0001PI#000087,2025-09-30 00:00:00.000,Pova Slim,33,20.0000,27594.0200,551880.4000,I,Main Location
SI0001SI#000607,2025-09-30 00:00:00.000,Pova Slim,16,-1.0000,28300.0000,-27594.0200,O,Main Location
SI0001SI#000606,2025-09-30 00:00:00.000,Pova Slim,16,-1.0000,28300.0000,-27594.0200,O,Main Location
PI0001PI#000087,2025-09-30 00:00:00.000,Pova 7 Pro,33,10.0000,32194.7000,321947.0000,I,Main Location
SI0001SI#000607,2025-09-30 00:00:00.000,Pova 7 Pro,16,-1.0000,33020.0000,-32194.7000,O,Main Location
SI0001SI#000606,2025-09-30 00:00:00.000,Pova 7 Pro,16,-1.0000,33020.0000,-32194.7000,O,Main Location
PI0001PI#000087,2025-09-30 00:00:00.000,Go2(3+64),33,25.0000,9181.3000,229532.5000,I,Main Location
PI0001PI#000087,2025-09-30 00:00:00.000,Go2,33,120.0000,10143.5300,1217223.6000,I,Main Location
SI0001SI#000608,2025-09-30 00:00:00.000,Go2,16,-1.0000,10390.0000,-10144.0257,O,Main Location
PI0001PI#000087,2025-09-30 00:00:00.000,Camon40 Pro,33,50.0000,25704.9800,1285249.0000,I,Main Location
SI0001SI#000610,2025-09-30 00:00:00.000,Camon40 Pro,16,-1.0000,26410.0000,-25705.2281,O,Main Location
PI0001PI#000087,2025-09-30 00:00:00.000,Camon 40 Pro 5G,33,5.0000,32164.6200,160823.1000,I,Main Location
SI0001SI#000601,2025-09-29 00:00:00.000,Spark40 (6+128),16,-2.0000,13210.0000,-25749.7400,O,Main Location
SI0001SI#000603,2025-09-29 00:00:00.000,Spark 40(8+256),16,-9.0000,15182.0000,-136621.9800,O,Main Location
SI0001SI#000602,2025-09-29 00:00:00.000,Pova Slim,16,-4.0000,28300.0000,-110376.0800,O,Main Location
PI0001PI#000084,2025-09-29 00:00:00.000,Pova Slim,33,29.0000,27594.0200,800226.5800,I,Main Location
SI0001SI#000602,2025-09-29 00:00:00.000,Pova 7 Pro,16,-3.0000,33020.0000,-96584.1000,O,Main Location
PI0001PI#000084,2025-09-29 00:00:00.000,Pova 7 Pro,33,18.0000,32194.7000,579504.6000,I,Main Location
SI0001SI#000605,2025-09-29 00:00:00.000,Live DEMO Pova Silm,16,-1.0000,21063.0000,-21063.0000,O,Main Location
SI0001SI#000604,2025-09-29 00:00:00.000,Live DEMO Pova Silm,16,-1.0000,21063.0000,-21063.0000,O,Main Location
PI0001PI#000085,2025-09-29 00:00:00.000,Live DEMO Pova Silm,33,2.0000,21063.0000,42126.0000,I,Main Location
SI0001SI#000605,2025-09-29 00:00:00.000,Live Demo Pova 7,16,-1.0000,24573.0000,-24573.0000,O,Main Location
SI0001SI#000604,2025-09-29 00:00:00.000,Live Demo Pova 7,16,-1.0000,24573.0000,-24573.0000,O,Main Location
PI0001PI#000085,2025-09-29 00:00:00.000,Live Demo Pova 7,33,2.0000,24573.0000,49146.0000,I,Main Location
SI0001SI#000601,2025-09-29 00:00:00.000,Go2,16,-3.0000,10390.0000,-30432.3000,O,Main Location
PI0001PI#000083,2025-09-29 00:00:00.000,Go2,33,159.0000,10144.1000,1612911.9000,I,Main Location
SI0001SI#000599,2025-09-26 00:00:00.000,Spark40 (6+128),16,-10.0000,12876.0000,-128748.7000,O,Main Location
SI0001SI#000598,2025-09-26 00:00:00.000,Spark40 (6+128),16,-60.0000,12876.0000,-772492.2000,O,Main Location
SI0001SI#000599,2025-09-26 00:00:00.000,Spark 40c (4+128),16,-30.0000,11493.0000,-344750.1000,O,Main Location
SI0001SI#000599,2025-09-26 00:00:00.000,Spark 40(8+256),16,-10.0000,15181.0000,-151802.2000,O,Main Location
SI0001SI#000598,2025-09-26 00:00:00.000,Spark 40(8+256),16,-7.0000,15182.0000,-106261.5400,O,Main Location
SI0001SI#000599,2025-09-26 00:00:00.000,Spark 40 Pro,16,-20.0000,18392.0000,-367853.6000,O,Main Location
SI0001SI#000598,2025-09-26 00:00:00.000,Go2,16,-50.0000,10145.0000,-507205.0000,O,Main Location
SI0001SI#000600,2025-09-26 00:00:00.000,Camon40 Pro,16,-2.0000,26410.0000,-51414.0000,O,Main Location
SI0001SI#000599,2025-09-26 00:00:00.000,Camon40 Pro,16,-10.0000,25708.0000,-257070.0000,O,Main Location
SI0001SI#000597,2025-09-25 00:00:00.000,Spark40 Pro Pius,16,-1.0000,23590.0000,-22993.3400,O,Main Location
SI0001SI#000595,2025-09-25 00:00:00.000,Spark40 (6+128),16,-2.0000,13210.0000,-25749.7400,O,Main Location
PI0001PI#000082,2025-09-25 00:00:00.000,Spark 40c (4+128),33,50.0000,11491.6700,574583.5000,I,Main Location
SI0001SI#000596,2025-09-25 00:00:00.000,Spark 40(8+256),16,-5.0000,15181.0000,-75901.1000,O,Main Location
SI0001SI#000595,2025-09-25 00:00:00.000,Spark 40(8+256),16,-1.0000,15570.0000,-15180.2200,O,Main Location
PI0001PI#000082,2025-09-25 00:00:00.000,Spark 40(8+256),33,39.0000,15180.2200,592028.5800,I,Main Location
SI0001SI#000594,2025-09-25 00:00:00.000,Spark 40 Pro,16,-3.0000,18870.0000,-55178.0400,O,Main Location
PI0001PI#000082,2025-09-25 00:00:00.000,Go2(3+64),33,50.0000,9181.8100,459090.5000,I,Main Location
SI0001SI#000596,2025-09-25 00:00:00.000,Go2,16,-10.0000,10145.0000,-101441.0000,O,Main Location
PI0001PI#000082,2025-09-25 00:00:00.000,Go2,33,100.0000,10144.1000,1014410.0000,I,Main Location
PI0001PI#000082,2025-09-25 00:00:00.000,Camon40 Pro,33,20.0000,25707.0000,514140.0000,I,Main Location
SI0001SI#000593,2025-09-24 00:00:00.000,Spark 40(8+256),16,-10.0000,15181.0000,-151802.2000,O,Main Location
SI0001SI#000592,2025-09-24 00:00:00.000,Spark 40 Pro,16,-1.0000,18870.0000,-18392.6800,O,Main Location
SI0001SI#000593,2025-09-24 00:00:00.000,Go2(3+64),16,-10.0000,9181.0000,-91818.1000,O,Main Location
SI0001SI#000593,2025-09-24 00:00:00.000,Go2,16,-50.0000,10145.0000,-507205.0000,O,Main Location
SI0001SI#000593,2025-09-24 00:00:00.000,Camon40 Pro,16,-62.0000,25708.0000,-1593834.0000,O,Main Location
SI0001SI#000590,2025-09-23 00:00:00.000,Spark40 (6+128),16,-5.0000,12876.0000,-64374.3500,O,Main Location
SI0001SI#000590,2025-09-23 00:00:00.000,Spark 40(8+256),16,-3.0000,15182.0000,-45540.6600,O,Main Location
SI0001SI#000590,2025-09-23 00:00:00.000,Spark 40 Pro,16,-2.0000,18393.0000,-36785.3600,O,Main Location
PI0001PI#000081,2025-09-23 00:00:00.000,Spark 40 Pro,33,25.0000,18392.6800,459817.0000,I,Main Location
PI0001PI#000081,2025-09-23 00:00:00.000,Go2,33,150.0000,10144.1000,1521615.0000,I,Main Location
PI0001PI#000081,2025-09-23 00:00:00.000,Camon40 Pro,33,30.0000,25707.0000,771210.0000,I,Main Location
SI0001SI#000586,2025-09-22 00:00:00.000,Spark40 (6+128),16,-3.0000,13210.0000,-38624.6100,O,Main Location
PI0001PI#000080,2025-09-22 00:00:00.000,Spark40 (6+128),33,146.0000,12874.8700,1879731.0200,I,Main Location
SI0001SI#000587,2025-09-22 00:00:00.000,Spark 40c (4+128),16,-6.0000,11790.0000,-68950.0200,O,Main Location
SI0001SI#000588,2025-09-22 00:00:00.000,Spark 40 Pro,16,-1.0000,18870.0000,-18392.6800,O,Main Location
SI0001SI#000588,2025-09-22 00:00:00.000,Go2,16,-1.0000,10390.0000,-10144.1000,O,Main Location
SI0001SI#000589,2025-09-22 00:00:00.000,Camon40 Pro,16,-1.0000,26410.0000,-25707.0000,O,Main Location
SI0001SI#000588,2025-09-22 00:00:00.000,Camon40 Pro,16,-1.0000,26410.0000,-25707.0000,O,Main Location
SI0001SI#000587,2025-09-22 00:00:00.000,Camon40 Pro,16,-10.0000,26410.0000,-257070.0000,O,Main Location
PI0001PI#000080,2025-09-22 00:00:00.000,Camon40 Pro,33,44.0000,25707.0000,1131108.0000,I,Main Location
SI0001SI#000584,2025-09-21 00:00:00.000,Spark40 (6+128),16,-10.0000,13210.0000,-128748.7000,O,Main Location
SI0001SI#000582,2025-09-21 00:00:00.000,Spark40 (6+128),16,-20.0000,12875.0000,-257497.4000,O,Main Location
SI0001SI#000582,2025-09-21 00:00:00.000,Spark 40(8+256),16,-65.0000,15180.2200,-986714.3000,O,Main Location
SI0001SI#000585,2025-09-21 00:00:00.000,Spark 40 Pro,16,-1.0000,18870.0000,-18392.6800,O,Main Location
SI0001SI#000582,2025-09-21 00:00:00.000,Spark 40 Pro,16,-55.0000,18392.6800,-1011597.4000,O,Main Location
SI0001SI#000582,2025-09-21 00:00:00.000,Go2(3+64),16,-120.0000,9181.3000,-1101817.2000,O,Main Location
SI0001SI#000583,2025-09-21 00:00:00.000,Go2,16,-5.0000,10390.0000,-50720.5000,O,Main Location
SI0001SI#000582,2025-09-21 00:00:00.000,Go2,16,-10.0000,10144.0000,-101441.0000,O,Main Location
SI0001SI#000585,2025-09-21 00:00:00.000,Camon40 Pro,16,-1.0000,26410.0000,-25707.0000,O,Main Location
SI0001SI#000582,2025-09-21 00:00:00.000,Camon40 Pro,16,-14.0000,25708.0000,-359898.0000,O,Main Location
SI0001SI#000609,2025-09-20 00:00:00.000,Camon40 Pro,16,-4.0000,25708.0000,-102828.0000,O,Main Location
SI0001SI#000577,2025-09-19 00:00:00.000,Spark40 Pro Pius,16,-1.0000,23590.0000,-22993.3400,O,Main Location
SI0001SI#000577,2025-09-19 00:00:00.000,Spark40 (6+128),16,-1.0000,13210.0000,-12874.8700,O,Main Location
SI0001SI#000581,2025-09-19 00:00:00.000,Spark40 (6+128),16,-2.0000,13210.0000,-25749.7400,O,Main Location
SI0001SI#000578,2025-09-19 00:00:00.000,Spark40 (6+128),16,-2.0000,13210.0000,-25749.7400,O,Main Location
SI0001SI#000578,2025-09-19 00:00:00.000,Spark 40c (4+128),16,-2.0000,11790.0000,-22983.3400,O,Main Location
SI0001SI#000577,2025-09-19 00:00:00.000,Spark 40(8+256),16,-10.0000,15181.0000,-151802.2000,O,Main Location
SI0001SI#000581,2025-09-19 00:00:00.000,Spark 40(8+256),16,-1.0000,15570.0000,-15180.2200,O,Main Location
SI0001SI#000579,2025-09-19 00:00:00.000,Spark 40(8+256),16,-1.0000,15570.0000,-15180.2200,O,Main Location
SI0001SI#000577,2025-09-19 00:00:00.000,Spark 40 Pro,16,-1.0000,18870.0000,-18392.6800,O,Main Location
SI0001SI#000580,2025-09-19 00:00:00.000,Spark 40 Pro,16,-2.0000,18870.0000,-36785.3600,O,Main Location
SI0001SI#000577,2025-09-19 00:00:00.000,Go2(3+64),16,-1.0000,9430.0000,-9181.8100,O,Main Location
SI0001SI#000577,2025-09-19 00:00:00.000,Go2,16,-1.0000,10390.0000,-10144.1000,O,Main Location
SI0001SI#000581,2025-09-19 00:00:00.000,Go2,16,-2.0000,10390.0000,-20288.2000,O,Main Location
SI0001SI#000580,2025-09-19 00:00:00.000,Go2,16,-2.0000,10390.0000,-20288.2000,O,Main Location
SI0001SI#000578,2025-09-19 00:00:00.000,Go2,16,-4.0000,10390.0000,-40576.4000,O,Main Location
SI0001SI#000577,2025-09-19 00:00:00.000,Camon40 Pro,16,-1.0000,26410.0000,-25707.0000,O,Main Location
SI0001SI#000581,2025-09-19 00:00:00.000,Camon40 Pro,16,-2.0000,26410.0000,-51414.0000,O,Main Location
SI0001SI#000579,2025-09-19 00:00:00.000,Camon40 Pro,16,-2.0000,26410.0000,-51414.0000,O,Main Location
SI0001SI#000576,2025-09-19 00:00:00.000,Camon40 Pro,16,-4.0000,26410.0000,-102828.0000,O,Main Location
SI0001SI#000575,2025-09-18 00:00:00.000,Spark40 (6+128),16,-1.0000,13210.0000,-12874.8700,O,Main Location
SI0001SI#000575,2025-09-18 00:00:00.000,Spark 40 Pro,16,-1.0000,18870.0000,-18392.6800,O,Main Location
SI0001SI#000574,2025-09-18 00:00:00.000,Camon40 Pro,16,-3.0000,26410.0000,-77121.0000,O,Main Location
SI0001SI#000571,2025-09-17 00:00:00.000,Spark 40(8+256),16,-3.0000,15570.0000,-45540.6600,O,Main Location
SI0001SI#000573,2025-09-17 00:00:00.000,Spark 40 Pro,16,-2.0000,18870.0000,-36785.3600,O,Main Location
SI0001SI#000572,2025-09-17 00:00:00.000,Camon40 Pro,16,-1.0000,26410.0000,-25707.0000,O,Main Location
PI0001PI#000078,2025-09-16 00:00:00.000,Spark40 (6+128),33,20.0000,12874.8700,257497.4000,I,Main Location
SI0001SI#000569,2025-09-16 00:00:00.000,Spark40 (6+128),16,-2.0000,13210.0000,-25749.7400,O,Main Location
SI0001SI#000568,2025-09-16 00:00:00.000,Spark40 (6+128),16,-20.0000,12876.0000,-257497.4000,O,Main Location
SI0001SI#000569,2025-09-16 00:00:00.000,Spark 40(8+256),16,-1.0000,15570.0000,-15180.2200,O,Main Location
SI0001SI#000568,2025-09-16 00:00:00.000,Spark 40(8+256),16,-13.0000,15190.0000,-197342.8600,O,Main Location
SI0001SI#000568,2025-09-16 00:00:00.000,Spark 40 Pro,16,-5.0000,18395.0000,-91963.4000,O,Main Location
SI0001SI#000568,2025-09-16 00:00:00.000,Go2,16,-32.0000,10145.0000,-324611.2000,O,Main Location
SI0001SI#000570,2025-09-16 00:00:00.000,Camon40 Pro,16,-1.0000,26410.0000,-25707.0000,O,Main Location
SI0001SI#000569,2025-09-16 00:00:00.000,Camon40 Pro,16,-2.0000,26410.0000,-51414.0000,O,Main Location
SI0001SI#000568,2025-09-16 00:00:00.000,Camon40 Pro,16,-5.0000,26410.0000,-128535.0000,O,Main Location
SI0001SI#000566,2025-09-15 00:00:00.000,Spark40 Pro Pius,16,-2.0000,23590.0000,-45986.6800,O,Main Location
SI0001SI#000563,2025-09-15 00:00:00.000,Spark40 Pro Pius,16,-1.0000,23590.0000,-22993.3400,O,Main Location
PI0001PI#000086,2025-09-15 00:00:00.000,Spark40 (6+128),33,21.0000,12874.8700,270372.2700,I,Main Location
SI0001SI#000567,2025-09-15 00:00:00.000,Spark40 (6+128),16,-2.0000,13210.0000,-25749.7400,O,Main Location
SI0001SI#000565,2025-09-15 00:00:00.000,Spark40 (6+128),16,-1.0000,13210.0000,-12874.8700,O,Main Location
PI0001PI#000077,2025-09-15 00:00:00.000,Spark40 (6+128),33,40.0000,12874.8700,514994.8000,I,Main Location
SI0001SI#000564,2025-09-15 00:00:00.000,Spark 40c (4+128),16,-1.0000,11790.0000,-11491.6700,O,Main Location
PI0001PI#000077,2025-09-15 00:00:00.000,Spark 40c (4+128),33,40.0000,11491.6700,459666.8000,I,Main Location
SI0001SI#000563,2025-09-15 00:00:00.000,Spark 40(8+256),16,-3.0000,15570.0000,-45540.6600,O,Main Location
SI0001SI#000562,2025-09-15 00:00:00.000,Spark 40(8+256),16,-2.0000,15570.0000,-30360.4400,O,Main Location
PI0001PI#000077,2025-09-15 00:00:00.000,Spark 40(8+256),33,20.0000,15180.2200,303604.4000,I,Main Location
SI0001SI#000567,2025-09-15 00:00:00.000,Spark 40 Pro,16,-1.0000,18870.0000,-18392.6800,O,Main Location
SI0001SI#000566,2025-09-15 00:00:00.000,Spark 40 Pro,16,-2.0000,18870.0000,-36785.3600,O,Main Location
SI0001SI#000563,2025-09-15 00:00:00.000,Spark 40 Pro,16,-1.0000,18870.0000,-18392.6800,O,Main Location
SI0001SI#000561,2025-09-15 00:00:00.000,Spark 40 Pro,16,-1.0000,18870.0000,-18392.6800,O,Main Location
PI0001PI#000077,2025-09-15 00:00:00.000,Spark 40 Pro,33,30.0000,18392.6800,551780.4000,I,Main Location
SI0001SI#000563,2025-09-15 00:00:00.000,Go2,16,-1.0000,10390.0000,-10144.1000,O,Main Location
SI0001SI#000561,2025-09-15 00:00:00.000,Go2,16,-2.0000,10390.0000,-20288.2000,O,Main Location
SI0001SI#000563,2025-09-15 00:00:00.000,Camon40 Pro,16,-2.0000,26410.0000,-51414.0000,O,Main Location
SI0001SI#000560,2025-09-14 00:00:00.000,Spark40 (6+128),16,-2.0000,13210.0000,-25749.7400,O,Main Location
SI0001SI#000558,2025-09-14 00:00:00.000,Spark40 (6+128),16,-1.0000,13210.0000,-12874.8700,O,Main Location
SI0001SI#000559,2025-09-14 00:00:00.000,Spark 40c (4+128),16,-2.0000,11790.0000,-22983.3400,O,Main Location
SI0001SI#000560,2025-09-14 00:00:00.000,Spark 40 Pro,16,-2.0000,18870.0000,-36785.3600,O,Main Location
SI0001SI#000557,2025-09-14 00:00:00.000,Spark 40 Pro,16,-10.0000,18394.0000,-183926.8000,O,Main Location
SI0001SI#000560,2025-09-14 00:00:00.000,Go2(3+64),16,-1.0000,9433.0000,-9181.8100,O,Main Location
SI0001SI#000559,2025-09-14 00:00:00.000,Go2(3+64),16,-3.0000,9430.0000,-27545.4300,O,Main Location
SI0001SI#000558,2025-09-14 00:00:00.000,Go2,16,-1.0000,10390.0000,-10144.1000,O,Main Location
SI0001SI#000557,2025-09-14 00:00:00.000,Go2,16,-20.0000,10145.0000,-202882.0000,O,Main Location
SI0001SI#000557,2025-09-14 00:00:00.000,Camon40 Pro,16,-1.0000,26410.0000,-25707.0000,O,Main Location
SI0001SI#000560,2025-09-14 00:00:00.000,Camon 40(8+128),16,-1.0000,21220.0000,-20653.6800,O,Main Location
SI0001SI#000560,2025-09-14 00:00:00.000,Camon 40 Pro 5G,16,-1.0000,33020.0000,-32164.0000,O,Main Location
SI0001SI#000553,2025-09-12 00:00:00.000,Spark40 Pro Pius,16,-2.0000,23590.0000,-45986.6800,O,Main Location
SI0001SI#000552,2025-09-12 00:00:00.000,Spark40 Pro Pius,16,-1.0000,23590.0000,-22993.3400,O,Main Location
SI0001SI#000555,2025-09-12 00:00:00.000,Spark40 (6+128),16,-1.0000,13210.0000,-12874.8700,O,Main Location
SI0001SI#000553,2025-09-12 00:00:00.000,Spark40 (6+128),16,-2.0000,13210.0000,-25749.7400,O,Main Location
SI0001SI#000552,2025-09-12 00:00:00.000,Spark40 (6+128),16,-1.0000,13210.0000,-12874.8700,O,Main Location
SI0001SI#000551,2025-09-12 00:00:00.000,Spark40 (6+128),16,-18.0000,12876.0000,-231747.6600,O,Main Location
SI0001SI#000553,2025-09-12 00:00:00.000,Spark 40c (4+128),16,-3.0000,11790.0000,-34475.0100,O,Main Location
SI0001SI#000553,2025-09-12 00:00:00.000,Spark 40(8+256),16,-1.0000,15570.0000,-15180.2200,O,Main Location
SI0001SI#000556,2025-09-12 00:00:00.000,Spark 40 Pro,16,-2.0000,18870.0000,-36785.3600,O,Main Location
SI0001SI#000555,2025-09-12 00:00:00.000,Spark 40 Pro,16,-1.0000,18870.0000,-18392.6800,O,Main Location
PI0001PI#000076,2025-09-12 00:00:00.000,Spark 40 Pro,33,28.0000,18392.6800,514995.0400,I,Main Location
SI0001SI#000554,2025-09-12 00:00:00.000,Go2,16,-5.0000,10390.0000,-50720.5000,O,Main Location
SI0001SI#000552,2025-09-12 00:00:00.000,Go2,16,-1.0000,10390.0000,-10144.1000,O,Main Location
SI0001SI#000551,2025-09-12 00:00:00.000,Go2,16,-100.0000,10145.0000,-1014410.0000,O,Main Location
PI0001PI#000076,2025-09-12 00:00:00.000,Go2,33,180.0000,10144.1000,1825938.0000,I,Main Location
SI0001SI#000554,2025-09-12 00:00:00.000,Camon40 Pro,16,-2.0000,26410.0000,-51414.0000,O,Main Location
SI0001SI#000552,2025-09-12 00:00:00.000,Camon40 Pro,16,-1.0000,26410.0000,-25707.0000,O,Main Location
SI0001SI#000550,2025-09-11 00:00:00.000,Spark40 Pro Pius,16,-5.0000,22993.0000,-114966.7000,O,Main Location
SI0001SI#000545,2025-09-11 00:00:00.000,Spark40 Pro Pius,16,-1.0000,23590.0000,-22993.3400,O,Main Location
SI0001SI#000550,2025-09-11 00:00:00.000,Spark40 (6+128),16,-1.0000,12876.0000,-12874.8700,O,Main Location
SI0001SI#000548,2025-09-11 00:00:00.000,Spark40 (6+128),16,-1.0000,13210.0000,-12874.8700,O,Main Location
SI0001SI#000547,2025-09-11 00:00:00.000,Spark40 (6+128),16,-1.0000,13210.0000,-12874.8700,O,Main Location
SI0001SI#000546,2025-09-11 00:00:00.000,Spark40 (6+128),16,-2.0000,13210.0000,-25749.7400,O,Main Location
SI0001SI#000545,2025-09-11 00:00:00.000,Spark 40c (4+128),16,-2.0000,11790.0000,-22983.3400,O,Main Location
SI0001SI#000550,2025-09-11 00:00:00.000,Spark 40(8+256),16,-10.0000,15181.0000,-151802.2000,O,Main Location
SI0001SI#000549,2025-09-11 00:00:00.000,Spark 40(8+256),16,-1.0000,15570.0000,-15180.2200,O,Main Location
SI0001SI#000547,2025-09-11 00:00:00.000,Spark 40(8+256),16,-1.0000,15570.0000,-15180.2200,O,Main Location
SI0001SI#000550,2025-09-11 00:00:00.000,Spark 40 Pro,16,-10.0000,18393.0000,-183926.8000,O,Main Location
SI0001SI#000547,2025-09-11 00:00:00.000,Spark 40 Pro,16,-1.0000,18870.0000,-18392.6800,O,Main Location
SI0001SI#000546,2025-09-11 00:00:00.000,Spark 40 Pro,16,-1.0000,18870.0000,-18392.6800,O,Main Location
SI0001SI#000545,2025-09-11 00:00:00.000,Spark 40 Pro,16,-2.0000,18870.0000,-36785.3600,O,Main Location
SI0001SI#000550,2025-09-11 00:00:00.000,Go2,16,-20.0000,10145.0000,-202882.0000,O,Main Location
SI0001SI#000548,2025-09-11 00:00:00.000,Go2,16,-2.0000,10390.0000,-20288.2000,O,Main Location
SI0001SI#000547,2025-09-11 00:00:00.000,Go2,16,-2.0000,10390.0000,-20288.2000,O,Main Location
SI0001SI#000546,2025-09-11 00:00:00.000,Go2,16,-1.0000,10390.0000,-10144.1000,O,Main Location
PI0001PI#000075,2025-09-11 00:00:00.000,Camon40 Pro,33,15.0000,25707.0000,385605.0000,I,Main Location
SI0001SI#000545,2025-09-11 00:00:00.000,Camon 40 Pro 5G,16,-1.0000,33020.0000,-32164.0000,O,Main Location
SI0001SI#000544,2025-09-10 00:00:00.000,Spark40 Pro Pius,16,-1.0000,23590.0000,-22993.3400,O,Main Location
SI0001SI#000542,2025-09-10 00:00:00.000,Spark40 Pro Pius,16,-1.0000,23590.0000,-22993.3400,O,Main Location
SI0001SI#000540,2025-09-10 00:00:00.000,Spark40 Pro Pius,16,-2.0000,23590.0000,-45986.6800,O,Main Location
SI0001SI#000544,2025-09-10 00:00:00.000,Spark40 (6+128),16,-2.0000,13210.0000,-25749.7400,O,Main Location
SI0001SI#000540,2025-09-10 00:00:00.000,Spark40 (6+128),16,-6.0000,13210.0000,-77249.2200,O,Main Location
SI0001SI#000542,2025-09-10 00:00:00.000,Spark 40c (4+128),16,-1.0000,11790.0000,-11491.6700,O,Main Location
SI0001SI#000541,2025-09-10 00:00:00.000,Spark 40c (4+128),16,-1.0000,11790.0000,-11491.6700,O,Main Location
SI0001SI#000539,2025-09-10 00:00:00.000,Spark 40c (4+128),16,-1.0000,11790.0000,-11491.6700,O,Main Location
SI0001SI#000544,2025-09-10 00:00:00.000,Spark 40(8+256),16,-1.0000,15570.0000,-15180.2200,O,Main Location
SI0001SI#000540,2025-09-10 00:00:00.000,Spark 40(8+256),16,-4.0000,15570.0000,-60720.8800,O,Main Location
SI0001SI#000542,2025-09-10 00:00:00.000,Spark 40 Pro,16,-1.0000,18870.0000,-18392.6800,O,Main Location
SI0001SI#000540,2025-09-10 00:00:00.000,Spark 40 Pro,16,-4.0000,18870.0000,-73570.7200,O,Main Location
SI0001SI#000543,2025-09-10 00:00:00.000,Go2,16,-1.0000,10390.0000,-10144.1000,O,Main Location
SI0001SI#000542,2025-09-10 00:00:00.000,Go2,16,-1.0000,10390.0000,-10144.1000,O,Main Location
SI0001SI#000541,2025-09-10 00:00:00.000,Go2,16,-10.0000,10390.0000,-101441.0000,O,Main Location
SI0001SI#000540,2025-09-10 00:00:00.000,Go2,16,-10.0000,10390.0000,-101441.0000,O,Main Location
SI0001SI#000539,2025-09-10 00:00:00.000,Go2,16,-1.0000,10390.0000,-10144.1000,O,Main Location
SI0001SI#000543,2025-09-10 00:00:00.000,Camon40 Pro,16,-9.0000,26410.0000,-231363.0000,O,Main Location
SI0001SI#000542,2025-09-10 00:00:00.000,Camon40 Pro,16,-1.0000,26410.0000,-25707.0000,O,Main Location
SI0001SI#000539,2025-09-10 00:00:00.000,Camon40 Pro,16,-1.0000,26410.0000,-25707.0000,O,Main Location
PI0001PI#000074,2025-09-10 00:00:00.000,Camon40 Pro,33,10.0000,25707.0000,257070.0000,I,Main Location
SI0001SI#000538,2025-09-09 00:00:00.000,Spark40 Pro Pius,16,-5.0000,23590.0000,-114966.7000,O,Main Location
SI0001SI#000537,2025-09-09 00:00:00.000,Spark40 Pro Pius,16,-5.0000,23590.0000,-114966.7000,O,Main Location
SI0001SI#000535,2025-09-09 00:00:00.000,Spark40 Pro Pius,16,-1.0000,23590.0000,-22993.3400,O,Main Location
SI0001SI#000534,2025-09-09 00:00:00.000,Spark40 Pro Pius,16,-1.0000,23590.0000,-22993.3400,O,Main Location
PI0001PI#000073,2025-09-09 00:00:00.000,Spark40 Pro Pius,33,88.0000,22993.3400,2023413.9200,I,Main Location
SI0001SI#000538,2025-09-09 00:00:00.000,Spark40 (6+128),16,-12.0000,13210.0000,-154498.4400,O,Main Location
SI0001SI#000536,2025-09-09 00:00:00.000,Spark40 (6+128),16,-1.0000,13210.0000,-12874.8700,O,Main Location
PI0001PI#000073,2025-09-09 00:00:00.000,Spark 40c (4+128),33,64.0000,11491.6700,735466.8800,I,Main Location
PI0001PI#000073,2025-09-09 00:00:00.000,Spark 40(8+256),33,59.0000,15180.2200,895632.9800,I,Main Location
SI0001SI#000538,2025-09-09 00:00:00.000,Spark 40 Pro,16,-3.0000,18870.0000,-55178.0400,O,Main Location
SI0001SI#000537,2025-09-09 00:00:00.000,Spark 40 Pro,16,-5.0000,18870.0000,-91963.4000,O,Main Location
SI0001SI#000534,2025-09-09 00:00:00.000,Go2,16,-2.0000,10390.0000,-20288.2000,O,Main Location
PI0001PI#000073,2025-09-09 00:00:00.000,Go2,33,295.0000,10144.1000,2992509.5000,I,Main Location
SI0001SI#000537,2025-09-09 00:00:00.000,Camon40 Pro,16,-1.0000,26410.0000,-25707.0000,O,Main Location
SI0001SI#000536,2025-09-09 00:00:00.000,Camon40 Pro,16,-2.0000,26410.0000,-51414.0000,O,Main Location
PI0001PI#000073,2025-09-09 00:00:00.000,Camon 40 Pro 5G,33,5.0000,32164.0000,160820.0000,I,Main Location
SI0001SI#000528,2025-09-08 00:00:00.000,Spark40 Pro Pius,16,-1.0000,23590.0000,-22993.3400,O,Main Location
SI0001SI#000531,2025-09-08 00:00:00.000,Spark40 (6+128),16,-2.0000,13210.0000,-25749.7400,O,Main Location
SI0001SI#000530,2025-09-08 00:00:00.000,Spark40 (6+128),16,-5.0000,13210.0000,-64374.3500,O,Main Location
SI0001SI#000529,2025-09-08 00:00:00.000,Spark40 (6+128),16,-2.0000,13210.0000,-25749.7400,O,Main Location
SI0001SI#000531,2025-09-08 00:00:00.000,Spark 40c (4+128),16,-2.0000,11790.0000,-22983.3400,O,Main Location
SI0001SI#000529,2025-09-08 00:00:00.000,Spark 40c (4+128),16,-2.0000,11790.0000,-22983.3400,O,Main Location
PI0001PI#000072,2025-09-08 00:00:00.000,Spark 40c (4+128),33,30.0000,11491.6700,344750.1000,I,Main Location
SI0001SI#000531,2025-09-08 00:00:00.000,Spark 40(8+256),16,-1.0000,15570.0000,-15180.2200,O,Main Location
SI0001SI#000533,2025-09-08 00:00:00.000,Spark 40 Pro,16,-2.0000,18870.0000,-36785.3600,O,Main Location
SI0001SI#000532,2025-09-08 00:00:00.000,Spark 40 Pro,16,-1.0000,18870.0000,-18392.6800,O,Main Location
SI0001SI#000529,2025-09-08 00:00:00.000,Spark 40 Pro,16,-2.0000,18870.0000,-36785.3600,O,Main Location
SI0001SI#000532,2025-09-08 00:00:00.000,Go2,16,-2.0000,10390.0000,-20288.2000,O,Main Location
SI0001SI#000531,2025-09-08 00:00:00.000,Go2,16,-4.0000,10390.0000,-40576.4000,O,Main Location
SI0001SI#000530,2025-09-08 00:00:00.000,Go2,16,-20.0000,10390.0000,-202882.0000,O,Main Location
SI0001SI#000530,2025-09-08 00:00:00.000,Go2,16,-4.0000,10390.0000,-40576.4000,O,Main Location
SI0001SI#000531,2025-09-08 00:00:00.000,Camon40 Pro,16,-1.0000,26410.0000,-25707.0000,O,Main Location
PI0001PI#000072,2025-09-08 00:00:00.000,Camon40 Pro,33,10.0000,25707.0000,257070.0000,I,Main Location
SI0001SI#000529,2025-09-08 00:00:00.000,Camon 40 Pro 5G,16,-3.0000,33020.0000,-96492.0000,O,Main Location
SI0001SI#000527,2025-09-07 00:00:00.000,Spark40 Pro Pius,16,-2.0000,23590.0000,-45986.6800,O,Main Location
SI0001SI#000523,2025-09-07 00:00:00.000,Spark40 Pro Pius,16,-1.0000,23590.0000,-22993.3400,O,Main Location
SI0001SI#000525,2025-09-07 00:00:00.000,Spark40 (6+128),16,-5.0000,13210.0000,-64374.3500,O,Main Location
SI0001SI#000522,2025-09-07 00:00:00.000,Spark40 (6+128),16,-2.0000,13210.0000,-25749.7400,O,Main Location
SI0001SI#000527,2025-09-07 00:00:00.000,Spark 40 Pro,16,-2.0000,18870.0000,-36785.3600,O,Main Location
SI0001SI#000524,2025-09-07 00:00:00.000,Spark 40 Pro,16,-1.0000,18870.0000,-18392.6800,O,Main Location
SI0001SI#000522,2025-09-07 00:00:00.000,Go2(3+64),16,-2.0000,9433.0000,-18363.6200,O,Main Location
SI0001SI#000527,2025-09-07 00:00:00.000,Go2,16,-1.0000,10390.0000,-10144.1000,O,Main Location
SI0001SI#000522,2025-09-07 00:00:00.000,Go2,16,-2.0000,10390.0000,-20288.2000,O,Main Location
SI0001SI#000526,2025-09-07 00:00:00.000,Camon40 Pro,16,-1.0000,26410.0000,-25707.0000,O,Main Location
SI0001SI#000521,2025-09-07 00:00:00.000,Camon40 Pro,16,-3.0000,26410.0000,-77121.0000,O,Main Location
SI0001SI#000518,2025-09-05 00:00:00.000,Spark40 Pro Pius,16,-4.0000,23590.0000,-91973.3600,O,Main Location
SI0001SI#000517,2025-09-05 00:00:00.000,Spark40 Pro Pius,16,-1.0000,23590.0000,-22993.3400,O,Main Location
SI0001SI#000520,2025-09-05 00:00:00.000,Spark40 (6+128),16,-2.0000,13210.0000,-25749.7400,O,Main Location
SI0001SI#000519,2025-09-05 00:00:00.000,Spark40 (6+128),16,-4.0000,13210.0000,-51499.4800,O,Main Location
SI0001SI#000518,2025-09-05 00:00:00.000,Spark40 (6+128),16,-5.0000,13210.0000,-64374.3500,O,Main Location
SI0001SI#000517,2025-09-05 00:00:00.000,Spark40 (6+128),16,-6.0000,13210.0000,-77249.2200,O,Main Location
PI0001PI#000071,2025-09-05 00:00:00.000,Spark40 (6+128),33,20.0000,12874.8700,257497.4000,I,Main Location
SI0001SI#000520,2025-09-05 00:00:00.000,Spark 40c (4+128),16,-2.0000,11790.0000,-22983.3400,O,Main Location
SI0001SI#000518,2025-09-05 00:00:00.000,Spark 40c (4+128),16,-10.0000,11790.0000,-114916.7000,O,Main Location
SI0001SI#000517,2025-09-05 00:00:00.000,Spark 40c (4+128),16,-5.0000,11790.0000,-57458.3500,O,Main Location
SI0001SI#000520,2025-09-05 00:00:00.000,Spark 40(8+256),16,-2.0000,15570.0000,-30360.4400,O,Main Location
SI0001SI#000517,2025-09-05 00:00:00.000,Spark 40(8+256),16,-2.0000,15570.0000,-30360.4400,O,Main Location
SI0001SI#000519,2025-09-05 00:00:00.000,Spark 40 Pro,16,-1.0000,18870.0000,-18392.6800,O,Main Location
SI0001SI#000517,2025-09-05 00:00:00.000,Spark 40 Pro,16,-2.0000,18870.0000,-36785.3600,O,Main Location
SI0001SI#000518,2025-09-05 00:00:00.000,Go2,16,-4.0000,10390.0000,-40576.4000,O,Main Location
SI0001SI#000517,2025-09-05 00:00:00.000,Go2,16,-8.0000,10390.0000,-81152.8000,O,Main Location
SI0001SI#000516,2025-09-05 00:00:00.000,Go2,16,-200.0000,9950.0000,-2028820.0000,O,Main Location
SI0001SI#000517,2025-09-05 00:00:00.000,Camon40 Pro,16,-2.0000,26410.0000,-51414.0000,O,Main Location
SI0001SI#000514,2025-09-04 00:00:00.000,Spark40 (6+128),16,-3.0000,13210.0000,-38624.6100,O,Main Location
SI0001SI#000513,2025-09-04 00:00:00.000,Spark40 (6+128),16,-2.0000,13210.0000,-25749.7400,O,Main Location
SI0001SI#000514,2025-09-04 00:00:00.000,Spark 40c (4+128),16,-10.0000,11790.0000,-114916.7000,O,Main Location
SI0001SI#000515,2025-09-04 00:00:00.000,Go2,16,-2.0000,10390.0000,-20288.2000,O,Main Location
SI0001SI#000514,2025-09-04 00:00:00.000,Go2,16,-33.0000,10390.0000,-334755.3000,O,Main Location
SI0001SI#000509,2025-09-03 00:00:00.000,Spark40 Pro Pius,16,-1.0000,23590.0000,-22993.3400,O,Main Location
SI0001SI#000508,2025-09-03 00:00:00.000,Spark40 (6+128),16,-30.0000,13210.0000,-386246.1000,O,Main Location
SI0001SI#000511,2025-09-03 00:00:00.000,Spark 40c (4+128),16,-2.0000,11790.0000,-22983.3400,O,Main Location
SI0001SI#000512,2025-09-03 00:00:00.000,Spark 40(8+256),16,-1.0000,15570.0000,-15180.2200,O,Main Location
SI0001SI#000508,2025-09-03 00:00:00.000,Spark 40(8+256),16,-10.0000,15770.0000,-151802.2000,O,Main Location
PI0001PI#000070,2025-09-03 00:00:00.000,Spark 40(8+256),33,10.0000,15180.2200,151802.2000,I,Main Location
SI0001SI#000512,2025-09-03 00:00:00.000,Spark 40 Pro,16,-2.0000,18870.0000,-36785.3600,O,Main Location
SI0001SI#000512,2025-09-03 00:00:00.000,Go2(3+64),16,-1.0000,9433.0000,-9181.8100,O,Main Location
SI0001SI#000512,2025-09-03 00:00:00.000,Go2,16,-1.0000,10390.0000,-10144.1000,O,Main Location
SI0001SI#000511,2025-09-03 00:00:00.000,Go2,16,-1.0000,10390.0000,-10144.1000,O,Main Location
SI0001SI#000508,2025-09-03 00:00:00.000,Go2,16,-20.0000,10390.0000,-202882.0000,O,Main Location
SI0001SI#000507,2025-09-03 00:00:00.000,Go2,16,-10.0000,10390.0000,-101441.0000,O,Main Location
SI0001SI#000512,2025-09-03 00:00:00.000,Camon40 Pro,16,-1.0000,26410.0000,-25707.0000,O,Main Location
SI0001SI#000507,2025-09-03 00:00:00.000,Camon40 Pro,16,-20.0000,26410.0000,-514140.0000,O,Main Location
SI0001SI#000510,2025-09-03 00:00:00.000,Camon 40 Pro 5G,16,-1.0000,33020.0000,-32164.0000,O,Main Location
SI0001SI#000505,2025-09-02 00:00:00.000,Spark40 Pro Pius,16,-4.0000,23590.0000,-91973.3600,O,Main Location
SI0001SI#000503,2025-09-02 00:00:00.000,Spark40 (6+128),16,-2.0000,13210.0000,-25749.7400,O,Main Location
SI0001SI#000506,2025-09-02 00:00:00.000,Spark40 (6+128),16,-1.0000,13210.0000,-12874.8700,O,Main Location
SI0001SI#000505,2025-09-02 00:00:00.000,Spark40 (6+128),16,-2.0000,13210.0000,-25749.7400,O,Main Location
SI0001SI#000504,2025-09-02 00:00:00.000,Spark40 (6+128),16,-5.0000,13210.0000,-64374.3500,O,Main Location
SI0001SI#000503,2025-09-02 00:00:00.000,Spark 40c (4+128),16,-1.0000,11790.0000,-11491.6700,O,Main Location
SI0001SI#000506,2025-09-02 00:00:00.000,Spark 40c (4+128),16,-1.0000,11790.0000,-11491.6700,O,Main Location
SI0001SI#000504,2025-09-02 00:00:00.000,Spark 40c (4+128),16,-5.0000,11790.0000,-57458.3500,O,Main Location
SI0001SI#000503,2025-09-02 00:00:00.000,Spark 40(8+256),16,-1.0000,15570.0000,-15180.2200,O,Main Location
SI0001SI#000505,2025-09-02 00:00:00.000,Spark 40(8+256),16,-2.0000,15570.0000,-30360.4400,O,Main Location
SI0001SI#000504,2025-09-02 00:00:00.000,Spark 40(8+256),16,-5.0000,15570.0000,-75901.1000,O,Main Location
SI0001SI#000503,2025-09-02 00:00:00.000,Spark 40 Pro,16,-1.0000,18870.0000,-18392.6800,O,Main Location
SI0001SI#000505,2025-09-02 00:00:00.000,Spark 40 Pro,16,-2.0000,18870.0000,-36785.3600,O,Main Location
SI0001SI#000505,2025-09-02 00:00:00.000,Go2(3+64),16,-1.0000,9433.0000,-9181.8100,O,Main Location
SI0001SI#000503,2025-09-02 00:00:00.000,Go2,16,-1.0000,10390.0000,-10144.1000,O,Main Location
SI0001SI#000506,2025-09-02 00:00:00.000,Go2,16,-2.0000,10390.0000,-20288.2000,O,Main Location
SI0001SI#000505,2025-09-02 00:00:00.000,Go2,16,-1.0000,10390.0000,-10144.1000,O,Main Location
SI0001SI#000504,2025-09-02 00:00:00.000,Go2,16,-5.0000,10390.0000,-50720.5000,O,Main Location
SI0001SI#000505,2025-09-02 00:00:00.000,Camon 40 Pro 5G,16,-2.0000,33020.0000,-64328.0000,O,Main Location
PI0001PI#000069,2025-08-31 00:00:00.000,Spark40 (6+128),33,60.0000,12874.8700,772492.2000,I,Main Location
SI0001SI#000501,2025-08-31 00:00:00.000,Spark40 (6+128),16,-1.0000,13210.0000,-12874.8700,O,Main Location
SI0001SI#000500,2025-08-31 00:00:00.000,Spark40 (6+128),16,-33.0000,12875.0000,-424870.7100,O,Main Location
SI0001SI#000498,2025-08-31 00:00:00.000,Spark40 (6+128),16,-1.0000,13210.0000,-12874.8700,O,Main Location
SI0001SI#000502,2025-08-31 00:00:00.000,Spark 40c (4+128),16,-5.0000,11790.0000,-57458.3500,O,Main Location
SI0001SI#000500,2025-08-31 00:00:00.000,Spark 40 Pro,16,-1.0000,18870.0000,-18392.6800,O,Main Location
PI0001PI#000069,2025-08-31 00:00:00.000,Go2,33,167.0000,10144.1000,1694064.7000,I,Main Location
SI0001SI#000499,2025-08-31 00:00:00.000,Go2,16,-1.0000,10145.0000,-10144.1000,O,Main Location
SI0001SI#000497,2025-08-29 00:00:00.000,Spark40 Pro Pius,16,-1.0000,23590.0000,-22993.3400,O,Main Location
SI0001SI#000496,2025-08-29 00:00:00.000,Spark40 Pro Pius,16,-2.0000,23590.0000,-45986.6800,O,Main Location
SI0001SI#000496,2025-08-29 00:00:00.000,Spark 40(8+256),16,-3.0000,15570.0000,-45540.6600,O,Main Location
SI0001SI#000497,2025-08-29 00:00:00.000,Spark 40 Pro,16,-1.0000,18870.0000,-18392.6800,O,Main Location
SI0001SI#000497,2025-08-29 00:00:00.000,Go2(3+64),16,-1.0000,9433.0000,-9181.8100,O,Main Location
SI0001SI#000496,2025-08-29 00:00:00.000,Go2,16,-5.0000,10145.0000,-50720.5000,O,Main Location
PI0001PI#000068,2025-08-29 00:00:00.000,Go2,33,20.0000,10144.1000,202882.0000,I,Main Location
SI0001SI#000497,2025-08-29 00:00:00.000,Camon40 Pro,16,-1.0000,26410.0000,-25707.0000,O,Main Location
SI0001SI#000495,2025-08-28 00:00:00.000,Spark40 Pro Pius,16,-1.0000,23590.0000,-22993.3400,O,Main Location
SI0001SI#000494,2025-08-28 00:00:00.000,Spark40 (6+128),16,-1.0000,13210.0000,-12874.8700,O,Main Location
SI0001SI#000492,2025-08-28 00:00:00.000,Spark40 (6+128),16,-25.0000,12876.0000,-321871.7500,O,Main Location
SI0001SI#000494,2025-08-28 00:00:00.000,Spark 40(8+256),16,-1.0000,15570.0000,-15180.2200,O,Main Location
SI0001SI#000493,2025-08-28 00:00:00.000,Spark 40(8+256),16,-1.0000,15570.0000,-15180.2200,O,Main Location
SI0001SI#000492,2025-08-28 00:00:00.000,Spark 40(8+256),16,-13.0000,15570.0000,-197342.8600,O,Main Location
SI0001SI#000492,2025-08-28 00:00:00.000,Spark 40 Pro,16,-5.0000,18870.0000,-91963.4000,O,Main Location
SI0001SI#000495,2025-08-28 00:00:00.000,Go2,16,-11.0000,10145.0000,-111585.1000,O,Main Location
SI0001SI#000492,2025-08-28 00:00:00.000,Go2,16,-45.0000,10145.0000,-456484.5000,O,Main Location
SI0001SI#000492,2025-08-28 00:00:00.000,Camon40 Pro,16,-11.0000,25708.0000,-282777.0000,O,Main Location
SI0001SI#000495,2025-08-28 00:00:00.000,Camon40 8+256,16,-3.0000,22640.0000,-66125.7000,O,Main Location
SI0001SI#000492,2025-08-28 00:00:00.000,Camon40 8+256,16,-3.0000,22640.0000,-66125.7000,O,Main Location
SI0001SI#000490,2025-08-27 00:00:00.000,Spark40 Pro Pius,16,-1.0000,23590.0000,-22993.3400,O,Main Location
PI0001PI#000067,2025-08-27 00:00:00.000,Spark40 (6+128),33,40.0000,12874.8700,514994.8000,I,Main Location
SI0001SI#000487,2025-08-27 00:00:00.000,Spark 40c (4+128),16,-2.0000,11790.0000,-22983.3400,O,Main Location
SI0001SI#000487,2025-08-27 00:00:00.000,Go2(3+64),16,-5.0000,9433.0000,-45909.0500,O,Main Location
SI0001SI#000491,2025-08-27 00:00:00.000,Camon40 Pro,16,-1.0000,26410.0000,-25707.0000,O,Main Location
SI0001SI#000489,2025-08-27 00:00:00.000,Camon40 Pro,16,-20.0000,26410.0000,-514140.0000,O,Main Location
SI0001SI#000488,2025-08-27 00:00:00.000,Camon40 Pro,16,-1.0000,26410.0000,-25707.0000,O,Main Location
SI0001SI#000487,2025-08-27 00:00:00.000,Camon 40 Pro 5G,16,-1.0000,33020.0000,-32164.0000,O,Main Location
SI0001SI#000486,2025-08-26 00:00:00.000,Camon40 Pro,16,-1.0000,26410.0000,-25707.0000,O,Main Location
SI0001SI#000485,2025-08-26 00:00:00.000,Camon40 Pro,16,-2.0000,26410.0000,-51414.0000,O,Main Location
SI0001SI#000484,2025-08-26 00:00:00.000,Camon40 Pro,16,-5.0000,26410.0000,-128535.0000,O,Main Location
SI0001SI#000482,2025-08-25 00:00:00.000,Spark40 Pro Pius,16,-3.0000,23590.0000,-68980.0200,O,Main Location
SI0001SI#000481,2025-08-25 00:00:00.000,Spark40 (6+128),16,-1.0000,13210.0000,-12874.8700,O,Main Location
PI0001PI#000066,2025-08-25 00:00:00.000,Spark 40(8+256),33,30.0000,15180.2200,455406.6000,I,Main Location
PI0001PI#000066,2025-08-25 00:00:00.000,Go2,33,50.0000,10144.1000,507205.0000,I,Main Location
PI0001PI#000066,2025-08-25 00:00:00.000,Camon40 Pro,33,57.0000,25707.0000,1465299.0000,I,Main Location
SI0001SI#000483,2025-08-25 00:00:00.000,Camon40 Pro,16,-2.0000,26410.0000,-51414.0000,O,Main Location
SI0001SI#000480,2025-08-25 00:00:00.000,Camon40 Pro,16,-5.0000,26410.0000,-128535.0000,O,Main Location
SI0001SI#000479,2025-08-24 00:00:00.000,Spark40 Pro Pius,16,-2.0000,23590.0000,-45986.6800,O,Main Location
SI0001SI#000478,2025-08-24 00:00:00.000,Spark40 Pro Pius,16,-1.0000,23590.0000,-22993.3400,O,Main Location
SI0001SI#000478,2025-08-24 00:00:00.000,Spark40 (6+128),16,-1.0000,13210.0000,-12874.8700,O,Main Location
SI0001SI#000479,2025-08-24 00:00:00.000,Spark 40(8+256),16,-1.0000,15570.0000,-15180.2200,O,Main Location
SI0001SI#000478,2025-08-24 00:00:00.000,Go2,16,-4.0000,10390.0000,-40576.4000,O,Main Location
SI0001SI#000479,2025-08-24 00:00:00.000,Camon40 Pro,16,-1.0000,26410.0000,-25707.0000,O,Main Location
SI0001SI#000476,2025-08-22 00:00:00.000,Spark40 Pro Pius,16,-1.0000,23590.0000,-22993.3400,O,Main Location
SI0001SI#000476,2025-08-22 00:00:00.000,Spark40 (6+128),16,-2.0000,13210.0000,-25749.7400,O,Main Location
SI0001SI#000476,2025-08-22 00:00:00.000,Spark 40c (4+128),16,-2.0000,11790.0000,-22983.3400,O,Main Location
SI0001SI#000473,2025-08-22 00:00:00.000,Go2(3+64),16,-2.0000,9433.0000,-18363.6200,O,Main Location
SI0001SI#000476,2025-08-22 00:00:00.000,Go2,16,-2.0000,10390.0000,-20288.2000,O,Main Location
SI0001SI#000473,2025-08-22 00:00:00.000,Camon40 Pro,16,-2.0000,26410.0000,-51414.0000,O,Main Location
SI0001SI#000475,2025-08-22 00:00:00.000,Camon40 8+256,16,-1.0000,22640.0000,-22041.9000,O,Main Location
SI0001SI#000474,2025-08-22 00:00:00.000,Camon40 8+256,16,-2.0000,22640.0000,-44083.8000,O,Main Location
SI0001SI#000472,2025-08-21 00:00:00.000,Spark40 Pro Pius,16,-1.0000,23590.0000,-22993.3400,O,Main Location
SI0001SI#000470,2025-08-21 00:00:00.000,Spark40 Pro Pius,16,-1.0000,23590.0000,-22993.3400,O,Main Location
SI0001SI#000469,2025-08-21 00:00:00.000,Spark40 Pro Pius,16,-1.0000,23590.0000,-22993.3400,O,Main Location
SI0001SI#000470,2025-08-21 00:00:00.000,Spark40 (6+128),16,-2.0000,13210.0000,-25749.7400,O,Main Location
SI0001SI#000469,2025-08-21 00:00:00.000,Spark40 (6+128),16,-1.0000,13210.0000,-12874.8700,O,Main Location
SI0001SI#000469,2025-08-21 00:00:00.000,Spark 40c (4+128),16,-1.0000,11790.0000,-11491.6700,O,Main Location
PI0001PI#000065,2025-08-21 00:00:00.000,Spark 40(8+256),33,52.0000,15180.2200,789371.4400,I,Main Location
SI0001SI#000470,2025-08-21 00:00:00.000,Spark 40 Pro,16,-1.0000,18870.0000,-18392.6800,O,Main Location
SI0001SI#000472,2025-08-21 00:00:00.000,Go2,16,-13.0000,10390.0000,-131873.3000,O,Main Location
SI0001SI#000471,2025-08-21 00:00:00.000,Go2,16,-2.0000,10390.0000,-20288.2000,O,Main Location
SI0001SI#000470,2025-08-21 00:00:00.000,Go2,16,-3.0000,10390.0000,-30432.3000,O,Main Location
SI0001SI#000468,2025-08-21 00:00:00.000,Go2,16,-40.0000,10145.0000,-405764.0000,O,Main Location
SI0001SI#000471,2025-08-21 00:00:00.000,Camon40 8+256,16,-3.0000,22640.0000,-66125.7000,O,Main Location
PI0001PI#000064,2025-08-21 00:00:00.000,Camon40 8+256,33,12.0000,22041.9000,264502.8000,I,Main Location
SI0001SI#000471,2025-08-21 00:00:00.000,Camon 40(8+128),16,-2.0000,21220.0000,-41307.3600,O,Main Location
PI0001PI#000064,2025-08-21 00:00:00.000,Camon 40(8+128),33,3.0000,20653.6800,61961.0400,I,Main Location
SI0001SI#000467,2025-08-20 00:00:00.000,Spark40 Pro Pius,16,-2.0000,23590.0000,-45986.6800,O,Main Location
SI0001SI#000462,2025-08-20 00:00:00.000,Spark40 Pro Pius,16,-1.0000,23590.0000,-22993.3400,O,Main Location
SI0001SI#000477,2025-08-20 00:00:00.000,Spark40 (6+128),16,-20.0000,12875.0000,-257497.4000,O,Main Location
SI0001SI#000466,2025-08-20 00:00:00.000,Spark40 (6+128),16,-1.0000,13210.0000,-12874.8700,O,Main Location
SI0001SI#000465,2025-08-20 00:00:00.000,Spark40 (6+128),16,-1.0000,13210.0000,-12874.8700,O,Main Location
PI0001PI#000063,2025-08-20 00:00:00.000,Spark40 (6+128),33,200.0000,12874.8700,2574974.0000,I,Main Location
SI0001SI#000477,2025-08-20 00:00:00.000,Spark 40c (4+128),16,-20.0000,11790.0000,-229833.4000,O,Main Location
SI0001SI#000463,2025-08-20 00:00:00.000,Spark 40c (4+128),16,-2.0000,11790.0000,-22983.3400,O,Main Location
SI0001SI#000463,2025-08-20 00:00:00.000,Spark 40 Pro,16,-3.0000,18870.0000,-55178.0400,O,Main Location
SI0001SI#000462,2025-08-20 00:00:00.000,Spark 40 Pro,16,-2.0000,18870.0000,-36785.3600,O,Main Location
SI0001SI#000465,2025-08-20 00:00:00.000,Go2,16,-1.0000,10390.0000,-10144.1000,O,Main Location
SI0001SI#000464,2025-08-20 00:00:00.000,Go2,16,-2.0000,10390.0000,-20288.2000,O,Main Location
SI0001SI#000463,2025-08-20 00:00:00.000,Go2,16,-3.0000,10390.0000,-30432.3000,O,Main Location
SI0001SI#000464,2025-08-20 00:00:00.000,Camon 40 Pro 5G,16,-2.0000,33020.0000,-64328.0000,O,Main Location
PI0001PI#000062,2025-08-19 00:00:00.000,Spark 40(8+256),33,10.0000,15180.2200,151802.2000,I,Main Location
SI0001SI#000461,2025-08-19 00:00:00.000,Spark 40 Pro,16,-1.0000,18870.0000,-18392.6800,O,Main Location
SI0001SI#000460,2025-08-19 00:00:00.000,GO1 4+64,16,-5.0000,10425.0000,-50971.0500,O,Main Location
PI0001PI#000062,2025-08-19 00:00:00.000,Camon 40 Pro 5G,33,10.0000,32164.0000,321640.0000,I,Main Location
PI0001PI#000061,2025-08-18 00:00:00.000,Spark40 Pro Pius,33,20.0000,22993.3400,459866.8000,I,Main Location
SI0001SI#000459,2025-08-18 00:00:00.000,Spark40 Pro Pius,16,-2.0000,23590.0000,-45986.6800,O,Main Location
SI0001SI#000459,2025-08-18 00:00:00.000,Spark40 (6+128),16,-1.0000,13210.0000,-12874.8700,O,Main Location
SI0001SI#000458,2025-08-18 00:00:00.000,Spark40 (6+128),16,-2.0000,13210.0000,-25749.7400,O,Main Location
SI0001SI#000457,2025-08-18 00:00:00.000,Spark40 (6+128),16,-2.0000,13210.0000,-25749.7400,O,Main Location
SI0001SI#000455,2025-08-18 00:00:00.000,Spark40 (6+128),16,-4.0000,13210.0000,-51499.4800,O,Main Location
SI0001SI#000458,2025-08-18 00:00:00.000,Spark 40c (4+128),16,-2.0000,11790.0000,-22983.3400,O,Main Location
SI0001SI#000457,2025-08-18 00:00:00.000,Spark 40(8+256),16,-3.0000,15570.0000,-45540.6600,O,Main Location
SI0001SI#000456,2025-08-18 00:00:00.000,Spark 40(8+256),16,-2.0000,15570.0000,-30360.4400,O,Main Location
PI0001PI#000061,2025-08-18 00:00:00.000,Spark 40 Pro,33,30.0000,18392.6800,551780.4000,I,Main Location
SI0001SI#000457,2025-08-18 00:00:00.000,Spark 40 Pro,16,-3.0000,18870.0000,-55178.0400,O,Main Location
SI0001SI#000457,2025-08-18 00:00:00.000,Go2,16,-5.0000,10390.0000,-50720.5000,O,Main Location
SI0001SI#000455,2025-08-18 00:00:00.000,Go2,16,-2.0000,10390.0000,-20288.2000,O,Main Location
SI0001SI#000455,2025-08-18 00:00:00.000,Camon40 Pro,16,-2.0000,26410.0000,-51414.0000,O,Main Location
SI0001SI#000454,2025-08-17 00:00:00.000,Spark40 (6+128),16,-6.0000,13210.0000,-77249.2200,O,Main Location
SI0001SI#000449,2025-08-15 00:00:00.000,Spark40 Pro Pius,16,-2.0000,23590.0000,-45986.6800,O,Main Location
SI0001SI#000451,2025-08-15 00:00:00.000,Spark40 (6+128),16,-10.0000,13210.0000,-128748.7000,O,Main Location
SI0001SI#000450,2025-08-15 00:00:00.000,Spark40 (6+128),16,-20.0000,13210.0000,-257497.4000,O,Main Location
SI0001SI#000449,2025-08-15 00:00:00.000,Spark40 (6+128),16,-6.0000,13210.0000,-77249.2200,O,Main Location
SI0001SI#000449,2025-08-15 00:00:00.000,Spark 40c (4+128),16,-5.0000,11790.0000,-57458.3500,O,Main Location
SI0001SI#000452,2025-08-15 00:00:00.000,Spark 40(8+256),16,-2.0000,15570.0000,-30360.4400,O,Main Location
SI0001SI#000451,2025-08-15 00:00:00.000,Spark 40(8+256),16,-10.0000,15570.0000,-151802.2000,O,Main Location
SI0001SI#000450,2025-08-15 00:00:00.000,Spark 40(8+256),16,-10.0000,15570.0000,-151802.2000,O,Main Location
PI0001PI#000060,2025-08-15 00:00:00.000,Spark 40(8+256),33,30.0000,15180.2200,455406.6000,I,Main Location
SI0001SI#000450,2025-08-15 00:00:00.000,Spark 40 Pro,16,-10.0000,18870.0000,-183926.8000,O,Main Location
SI0001SI#000449,2025-08-15 00:00:00.000,Spark 40 Pro,16,-2.0000,18870.0000,-36785.3600,O,Main Location
SI0001SI#000453,2025-08-15 00:00:00.000,Go2,16,-1.0000,10390.0000,-10144.1000,O,Main Location
SI0001SI#000452,2025-08-15 00:00:00.000,Go2,16,-2.0000,10390.0000,-20288.2000,O,Main Location
SI0001SI#000451,2025-08-15 00:00:00.000,Go2,16,-10.0000,10390.0000,-101441.0000,O,Main Location
SI0001SI#000450,2025-08-15 00:00:00.000,Go2,16,-20.0000,10390.0000,-202882.0000,O,Main Location
SI0001SI#000449,2025-08-15 00:00:00.000,Go2,16,-1.0000,10390.0000,-10144.1000,O,Main Location
PI0001PI#000060,2025-08-15 00:00:00.000,Camon40 Pro,33,15.0000,25707.0000,385605.0000,I,Main Location
SI0001SI#000445,2025-08-14 00:00:00.000,Spark40 Pro Pius,16,-3.0000,23590.0000,-68980.0200,O,Main Location
SI0001SI#000444,2025-08-14 00:00:00.000,Spark40 Pro Pius,16,-3.0000,23590.0000,-68980.0200,O,Main Location
SI0001SI#000441,2025-08-14 00:00:00.000,Spark40 Pro Pius,16,-3.0000,23590.0000,-68980.0200,O,Main Location
PI0001PI#000059,2025-08-14 00:00:00.000,Spark40 Pro Pius,33,32.0000,22993.3400,735786.8800,I,Main Location
SI0001SI#000448,2025-08-14 00:00:00.000,Spark40 (6+128),16,-4.0000,13210.0000,-51499.4800,O,Main Location
SI0001SI#000442,2025-08-14 00:00:00.000,Spark40 (6+128),16,-40.0000,13210.0000,-514994.8000,O,Main Location
SI0001SI#000448,2025-08-14 00:00:00.000,Spark 40c (4+128),16,-1.0000,11790.0000,-11491.6700,O,Main Location
SI0001SI#000444,2025-08-14 00:00:00.000,Spark 40c (4+128),16,-1.0000,11790.0000,-11491.6700,O,Main Location
SI0001SI#000448,2025-08-14 00:00:00.000,Spark 40(8+256),16,-6.0000,15570.0000,-91081.3200,O,Main Location
SI0001SI#000446,2025-08-14 00:00:00.000,Spark 40 Pro,16,-3.0000,18870.0000,-55178.0400,O,Main Location
SI0001SI#000443,2025-08-14 00:00:00.000,Spark 40 Pro,16,-7.0000,18870.0000,-128748.7600,O,Main Location
SI0001SI#000445,2025-08-14 00:00:00.000,Go2(3+64),16,-3.0000,9433.0000,-27545.4300,O,Main Location
SI0001SI#000444,2025-08-14 00:00:00.000,Go2(3+64),16,-2.0000,9433.0000,-18363.6200,O,Main Location
SI0001SI#000445,2025-08-14 00:00:00.000,Go2,16,-5.0000,10390.0000,-50720.5000,O,Main Location
SI0001SI#000441,2025-08-14 00:00:00.000,Go2,16,-5.0000,10390.0000,-50720.5000,O,Main Location
SI0001SI#000441,2025-08-14 00:00:00.000,Camon40 Pro,16,-5.0000,26410.0000,-128535.0000,O,Main Location
SI0001SI#000447,2025-08-14 00:00:00.000,Camon 40 Pro 5G,16,-1.0000,33020.0000,-32164.0000,O,Main Location
SI0001SI#000444,2025-08-14 00:00:00.000,Camon 40 Pro 5G,16,-1.0000,33020.0000,-32164.0000,O,Main Location
SI0001SI#000440,2025-08-13 00:00:00.000,Spark40 (6+128),16,-1.0000,13210.0000,-12874.8700,O,Main Location
SI0001SI#000438,2025-08-13 00:00:00.000,Spark40 (6+128),16,-5.0000,13210.0000,-64374.3500,O,Main Location
PI0001PI#000058,2025-08-13 00:00:00.000,Spark 40c (4+128),33,40.0000,11491.6700,459666.8000,I,Main Location
SI0001SI#000440,2025-08-13 00:00:00.000,Spark 40(8+256),16,-1.0000,15570.0000,-15180.2200,O,Main Location
SI0001SI#000435,2025-08-13 00:00:00.000,Spark 40 Pro,16,-2.0000,18870.0000,-36785.3600,O,Main Location
PI0001PI#000058,2025-08-13 00:00:00.000,Spark 40 Pro,33,30.0000,18392.6800,551780.4000,I,Main Location
SI0001SI#000436,2025-08-13 00:00:00.000,Go2,16,-2.0000,10390.0000,-20288.2000,O,Main Location
PI0001PI#000058,2025-08-13 00:00:00.000,Go2,33,80.0000,10144.1000,811528.0000,I,Main Location
SI0001SI#000437,2025-08-13 00:00:00.000,GO1 4+64,16,-2.0000,10425.0000,-20388.4200,O,Main Location
SI0001SI#000440,2025-08-13 00:00:00.000,Camon40 Pro,16,-1.0000,26410.0000,-25707.0000,O,Main Location
SI0001SI#000439,2025-08-13 00:00:00.000,Camon40 Pro,16,-30.0000,26410.0000,-771210.0000,O,Main Location
SI0001SI#000438,2025-08-13 00:00:00.000,Camon40 Pro,16,-5.0000,26410.0000,-128535.0000,O,Main Location
SI0001SI#000435,2025-08-13 00:00:00.000,Camon40 Pro,16,-32.0000,26410.0000,-822624.0000,O,Main Location
SI0001SI#000434,2025-08-13 00:00:00.000,Camon40 Pro,16,-3.0000,26410.0000,-77121.0000,O,Main Location
PI0001PI#000058,2025-08-13 00:00:00.000,Camon40 Pro,33,60.0000,25707.0000,1542420.0000,I,Main Location
SI0001SI#000438,2025-08-13 00:00:00.000,Camon 40 Pro 5G,16,-5.0000,33020.0000,-160820.0000,O,Main Location
SI0001SI#000435,2025-08-13 00:00:00.000,Camon 40 Pro 5G,16,-2.0000,33020.0000,-64328.0000,O,Main Location
SI0001SI#000434,2025-08-13 00:00:00.000,Camon 40 Pro 5G,16,-1.0000,33020.0000,-32164.0000,O,Main Location
SI0001SI#000432,2025-08-12 00:00:00.000,Spark40 (6+128),16,-20.0000,13210.0000,-257497.4000,O,Main Location
SI0001SI#000429,2025-08-12 00:00:00.000,Spark40 (6+128),16,-5.0000,13210.0000,-64374.3500,O,Main Location
SI0001SI#000430,2025-08-12 00:00:00.000,Spark 40c (4+128),16,-10.0000,11790.0000,-114916.7000,O,Main Location
SI0001SI#000429,2025-08-12 00:00:00.000,Spark 40c (4+128),16,-1.0000,11790.0000,-11491.6700,O,Main Location
SI0001SI#000425,2025-08-12 00:00:00.000,Spark 40c (4+128),16,-5.0000,11790.0000,-57458.3500,O,Main Location
SI0001SI#000432,2025-08-12 00:00:00.000,Spark 40(8+256),16,-10.0000,15570.0000,-151802.2000,O,Main Location
SI0001SI#000430,2025-08-12 00:00:00.000,Spark 40(8+256),16,-10.0000,15570.0000,-151802.2000,O,Main Location
SI0001SI#000429,2025-08-12 00:00:00.000,Spark 40(8+256),16,-5.0000,15570.0000,-75901.1000,O,Main Location
SI0001SI#000425,2025-08-12 00:00:00.000,Spark 40(8+256),16,-5.0000,15570.0000,-75901.1000,O,Main Location
SI0001SI#000432,2025-08-12 00:00:00.000,Spark 40 Pro,16,-5.0000,18870.0000,-91963.4000,O,Main Location
SI0001SI#000429,2025-08-12 00:00:00.000,Spark 40 Pro,16,-1.0000,18870.0000,-18392.6800,O,Main Location
SI0001SI#000428,2025-08-12 00:00:00.000,Spark 40 Pro,16,-1.0000,18870.0000,-18392.6800,O,Main Location
SI0001SI#000427,2025-08-12 00:00:00.000,Spark 40 Pro,16,-1.0000,18870.0000,-18392.6800,O,Main Location
SI0001SI#000426,2025-08-12 00:00:00.000,Spark 40 Pro,16,-1.0000,18870.0000,-18392.6800,O,Main Location
SI0001SI#000432,2025-08-12 00:00:00.000,Go2,16,-20.0000,10390.0000,-202882.0000,O,Main Location
SI0001SI#000431,2025-08-12 00:00:00.000,Go2,16,-2.0000,10390.0000,-20288.2000,O,Main Location
SI0001SI#000429,2025-08-12 00:00:00.000,Go2,16,-1.0000,10390.0000,-10144.1000,O,Main Location
SI0001SI#000428,2025-08-12 00:00:00.000,Go2,16,-1.0000,10390.0000,-10144.1000,O,Main Location
SI0001SI#000427,2025-08-12 00:00:00.000,Go2,16,-1.0000,10390.0000,-10144.1000,O,Main Location
SI0001SI#000429,2025-08-12 00:00:00.000,GO1 4+64,16,-5.0000,10425.0000,-50971.0500,O,Main Location
PI0001PI#000057,2025-08-12 00:00:00.000,Camon40 Pro,33,35.0000,25707.0000,899745.0000,I,Main Location
PI0001PI#000057,2025-08-12 00:00:00.000,Camon 40 Pro 5G,33,10.0000,32164.0000,321640.0000,I,Main Location
SI0001SI#000424,2025-08-11 00:00:00.000,Spark40 (6+128),16,-10.0000,13210.0000,-128748.7000,O,Main Location
SI0001SI#000420,2025-08-11 00:00:00.000,Spark40 (6+128),16,-2.0000,13210.0000,-25749.7400,O,Main Location
SI0001SI#000418,2025-08-11 00:00:00.000,Spark40 (6+128),16,-5.0000,13210.0000,-64374.3500,O,Main Location
SI0001SI#000417,2025-08-11 00:00:00.000,Spark40 (6+128),16,-5.0000,13210.0000,-64374.3500,O,Main Location
SI0001SI#000423,2025-08-11 00:00:00.000,Spark 40c (4+128),16,-6.0000,11790.0000,-68950.0200,O,Main Location
SI0001SI#000421,2025-08-11 00:00:00.000,Spark 40c (4+128),16,-1.0000,11790.0000,-11491.6700,O,Main Location
SI0001SI#000420,2025-08-11 00:00:00.000,Spark 40c (4+128),16,-1.0000,11790.0000,-11491.6700,O,Main Location
SI0001SI#000424,2025-08-11 00:00:00.000,Spark 40(8+256),16,-10.0000,15570.0000,-151802.2000,O,Main Location
SI0001SI#000423,2025-08-11 00:00:00.000,Spark 40(8+256),16,-10.0000,15570.0000,-151802.2000,O,Main Location
SI0001SI#000420,2025-08-11 00:00:00.000,Spark 40(8+256),16,-2.0000,15570.0000,-30360.4400,O,Main Location
SI0001SI#000419,2025-08-11 00:00:00.000,Spark 40(8+256),16,-5.0000,15570.0000,-75901.1000,O,Main Location
SI0001SI#000418,2025-08-11 00:00:00.000,Spark 40(8+256),16,-3.0000,15570.0000,-45540.6600,O,Main Location
PI0001PI#000056,2025-08-11 00:00:00.000,Spark 40(8+256),33,77.0000,15180.2200,1168876.9400,I,Main Location
SI0001SI#000424,2025-08-11 00:00:00.000,Spark 40 Pro,16,-30.0000,18870.0000,-551780.4000,O,Main Location
SI0001SI#000423,2025-08-11 00:00:00.000,Spark 40 Pro,16,-4.0000,18870.0000,-73570.7200,O,Main Location
SI0001SI#000422,2025-08-11 00:00:00.000,Spark 40 Pro,16,-2.0000,18870.0000,-36785.3600,O,Main Location
SI0001SI#000421,2025-08-11 00:00:00.000,Spark 40 Pro,16,-1.0000,18870.0000,-18392.6800,O,Main Location
SI0001SI#000420,2025-08-11 00:00:00.000,Spark 40 Pro,16,-1.0000,18870.0000,-18392.6800,O,Main Location
SI0001SI#000423,2025-08-11 00:00:00.000,Go2,16,-2.0000,10390.0000,-20288.2000,O,Main Location
SI0001SI#000416,2025-08-10 00:00:00.000,Spark40 (6+128),16,-1.0000,13210.0000,-12874.8700,O,Main Location
SI0001SI#000413,2025-08-10 00:00:00.000,Spark40 (6+128),16,-2.0000,13210.0000,-25749.7400,O,Main Location
SI0001SI#000411,2025-08-10 00:00:00.000,Spark40 (6+128),16,-11.0000,13210.0000,-141623.5700,O,Main Location
SI0001SI#000416,2025-08-10 00:00:00.000,Spark 40c (4+128),16,-2.0000,11790.0000,-22983.3400,O,Main Location
SI0001SI#000416,2025-08-10 00:00:00.000,Spark 40 Pro,16,-12.0000,18870.0000,-220712.1600,O,Main Location
SI0001SI#000411,2025-08-10 00:00:00.000,Spark 40 Pro,16,-10.0000,18870.0000,-183926.8000,O,Main Location
SI0001SI#000410,2025-08-10 00:00:00.000,Spark 40 Pro,16,-1.0000,18870.0000,-18392.6800,O,Main Location
SI0001SI#000416,2025-08-10 00:00:00.000,Go2,16,-6.0000,10390.0000,-60864.6000,O,Main Location
SI0001SI#000412,2025-08-10 00:00:00.000,Go2,16,-2.0000,10390.0000,-20288.2000,O,Main Location
SI0001SI#000411,2025-08-10 00:00:00.000,Go2,16,-20.0000,10390.0000,-202882.0000,O,Main Location
SI0001SI#000410,2025-08-10 00:00:00.000,Go2,16,-1.0000,10390.0000,-10144.1000,O,Main Location
SI0001SI#000416,2025-08-10 00:00:00.000,Camon40 Pro,16,-2.0000,26410.0000,-51414.0000,O,Main Location
SI0001SI#000415,2025-08-10 00:00:00.000,Camon40 Pro,16,-1.0000,26410.0000,-25707.0000,O,Main Location
SI0001SI#000414,2025-08-10 00:00:00.000,Camon40 Pro,16,-1.0000,26410.0000,-25707.0000,O,Main Location
SI0001SI#000413,2025-08-10 00:00:00.000,Camon40 Pro,16,-2.0000,26410.0000,-51414.0000,O,Main Location
SI0001SI#000409,2025-08-08 00:00:00.000,Spark40 (6+128),16,-4.0000,13210.0000,-51499.4800,O,Main Location
SI0001SI#000406,2025-08-08 00:00:00.000,Spark40 (6+128),16,-2.0000,13210.0000,-25749.7400,O,Main Location
SI0001SI#000405,2025-08-08 00:00:00.000,Spark40 (6+128),16,-1.0000,13210.0000,-12874.8700,O,Main Location
SI0001SI#000404,2025-08-08 00:00:00.000,Spark40 (6+128),16,-17.0000,13210.0000,-218872.7900,O,Main Location
SI0001SI#000400,2025-08-08 00:00:00.000,Spark40 (6+128),16,-20.0000,13210.0000,-257497.4000,O,Main Location
SI0001SI#000409,2025-08-08 00:00:00.000,Spark 40c (4+128),16,-2.0000,11790.0000,-22983.3400,O,Main Location
SI0001SI#000405,2025-08-08 00:00:00.000,Spark 40 Pro,16,-1.0000,18870.0000,-18392.6800,O,Main Location
SI0001SI#000404,2025-08-08 00:00:00.000,Spark 40 Pro,16,-5.0000,18870.0000,-91963.4000,O,Main Location
PI0001PI#000055,2025-08-08 00:00:00.000,Spark 40 Pro,33,5.0000,18392.6800,91963.4000,I,Main Location
SI0001SI#000409,2025-08-08 00:00:00.000,Go2,16,-7.0000,10390.0000,-71008.7000,O,Main Location
SI0001SI#000405,2025-08-08 00:00:00.000,Go2,16,-1.0000,10390.0000,-10144.1000,O,Main Location
SI0001SI#000404,2025-08-08 00:00:00.000,Go2,16,-10.0000,10390.0000,-101441.0000,O,Main Location
SI0001SI#000408,2025-08-08 00:00:00.000,Camon40 Pro,16,-3.0000,26410.0000,-77121.0000,O,Main Location
SI0001SI#000407,2025-08-08 00:00:00.000,Camon40 Pro,16,-1.0000,26410.0000,-25707.0000,O,Main Location
SI0001SI#000406,2025-08-08 00:00:00.000,Camon40 Pro,16,-2.0000,26410.0000,-51414.0000,O,Main Location
SI0001SI#000404,2025-08-08 00:00:00.000,Camon40 Pro,16,-10.0000,26410.0000,-257070.0000,O,Main Location
SI0001SI#000403,2025-08-08 00:00:00.000,Camon40 Pro,16,-1.0000,26410.0000,-25707.0000,O,Main Location
SI0001SI#000402,2025-08-08 00:00:00.000,Camon40 Pro,16,-2.0000,26410.0000,-51414.0000,O,Main Location
SI0001SI#000401,2025-08-08 00:00:00.000,Camon40 Pro,16,-10.0000,26410.0000,-257070.0000,O,Main Location
SI0001SI#000399,2025-08-08 00:00:00.000,Camon40 Pro,16,-50.0000,26410.0000,-1285350.0000,O,Main Location
PI0001PI#000055,2025-08-08 00:00:00.000,Camon40 Pro,33,100.0000,25707.0000,2570700.0000,I,Main Location
SI0001SI#000398,2025-08-07 00:00:00.000,Spark40 (6+128),16,-10.0000,13210.0000,-128748.7000,O,Main Location
SI0001SI#000397,2025-08-07 00:00:00.000,Spark40 (6+128),16,-3.0000,13210.0000,-38624.6100,O,Main Location
PI0001PI#000054,2025-08-07 00:00:00.000,Spark40 (6+128),33,150.0000,12874.8700,1931230.5000,I,Main Location
SI0001SI#000433,2025-08-07 00:00:00.000,Spark 40 Pro,16,-1.0000,18870.0000,-18392.6800,O,Main Location
SI0001SI#000398,2025-08-07 00:00:00.000,Spark 40 Pro,16,-5.0000,18870.0000,-91963.4000,O,Main Location
PI0001PI#000054,2025-08-07 00:00:00.000,Spark 40 Pro,33,120.0000,18392.6800,2207121.6000,I,Main Location
SI0001SI#000398,2025-08-07 00:00:00.000,Go2,16,-5.0000,10390.0000,-50720.5000,O,Main Location
SI0001SI#000396,2025-08-07 00:00:00.000,Go2,16,-5.0000,10390.0000,-50720.5000,O,Main Location
PI0001PI#000054,2025-08-07 00:00:00.000,Go2,33,165.0000,10144.1000,1673776.5000,I,Main Location
SI0001SI#000395,2025-08-06 00:00:00.000,Spark40 (6+128),16,-3.0000,13210.0000,-38624.6100,O,Main Location
SI0001SI#000392,2025-08-06 00:00:00.000,Spark40 (6+128),16,-6.0000,13210.0000,-77249.2200,O,Main Location
SI0001SI#000391,2025-08-06 00:00:00.000,Spark40 (6+128),16,-2.0000,13210.0000,-25749.7400,O,Main Location
SI0001SI#000389,2025-08-06 00:00:00.000,Spark40 (6+128),16,-2.0000,13210.0000,-25749.7400,O,Main Location
SI0001SI#000395,2025-08-06 00:00:00.000,Spark 40c (4+128),16,-3.0000,11790.0000,-34475.0100,O,Main Location
SI0001SI#000391,2025-08-06 00:00:00.000,Spark 40c (4+128),16,-2.0000,11790.0000,-22983.3400,O,Main Location
SI0001SI#000389,2025-08-06 00:00:00.000,Spark 40(8+256),16,-1.0000,15570.0000,-15180.2200,O,Main Location
SI0001SI#000395,2025-08-06 00:00:00.000,Spark 40 Pro,16,-1.0000,18870.0000,-18392.6800,O,Main Location
SI0001SI#000394,2025-08-06 00:00:00.000,Spark 40 Pro,16,-1.0000,18870.0000,-18392.6800,O,Main Location
SI0001SI#000393,2025-08-06 00:00:00.000,Go2,16,-2.0000,10390.0000,-20288.2000,O,Main Location
SI0001SI#000392,2025-08-06 00:00:00.000,Go2,16,-4.0000,10390.0000,-40576.4000,O,Main Location
SI0001SI#000391,2025-08-06 00:00:00.000,Go2,16,-2.0000,10390.0000,-20288.2000,O,Main Location
SI0001SI#000390,2025-08-06 00:00:00.000,Go2,16,-5.0000,10390.0000,-50720.5000,O,Main Location
SI0001SI#000388,2025-08-05 00:00:00.000,Spark40 (6+128),16,-2.0000,13210.0000,-25749.7400,O,Main Location
SI0001SI#000387,2025-08-05 00:00:00.000,Spark40 (6+128),16,-5.0000,13210.0000,-64374.3500,O,Main Location
SI0001SI#000386,2025-08-05 00:00:00.000,Spark40 (6+128),16,-4.0000,13210.0000,-51499.4800,O,Main Location
SI0001SI#000385,2025-08-05 00:00:00.000,Spark40 (6+128),16,-10.0000,13210.0000,-128748.7000,O,Main Location
SI0001SI#000384,2025-08-05 00:00:00.000,Spark40 (6+128),16,-1.0000,13210.0000,-12874.8700,O,Main Location
SI0001SI#000382,2025-08-05 00:00:00.000,Spark40 (6+128),16,-2.0000,13210.0000,-25749.7400,O,Main Location
SI0001SI#000387,2025-08-05 00:00:00.000,Spark 40c (4+128),16,-2.0000,11790.0000,-22983.3400,O,Main Location
SI0001SI#000383,2025-08-05 00:00:00.000,Spark 40c (4+128),16,-3.0000,11790.0000,-34475.0100,O,Main Location
SI0001SI#000382,2025-08-05 00:00:00.000,Spark 40c (4+128),16,-2.0000,11790.0000,-22983.3400,O,Main Location
SI0001SI#000384,2025-08-05 00:00:00.000,Spark 40(8+256),16,-1.0000,15570.0000,-15180.2200,O,Main Location
SI0001SI#000382,2025-08-05 00:00:00.000,Spark 40(8+256),16,-2.0000,15570.0000,-30360.4400,O,Main Location
SI0001SI#000383,2025-08-05 00:00:00.000,Spark 40 Pro,16,-1.0000,18870.0000,-18392.6800,O,Main Location
SI0001SI#000382,2025-08-05 00:00:00.000,Spark 40 Pro,16,-2.0000,18870.0000,-36785.3600,O,Main Location
SI0001SI#000388,2025-08-05 00:00:00.000,Go2,16,-3.0000,10390.0000,-30432.3000,O,Main Location
SI0001SI#000384,2025-08-05 00:00:00.000,Go2,16,-1.0000,10390.0000,-10144.1000,O,Main Location
SI0001SI#000383,2025-08-05 00:00:00.000,Go2,16,-3.0000,10390.0000,-30432.3000,O,Main Location
SI0001SI#000381,2025-08-04 00:00:00.000,Spark40 (6+128),16,-10.0000,13210.0000,-128748.7000,O,Main Location
SI0001SI#000380,2025-08-04 00:00:00.000,Spark40 (6+128),16,-30.0000,13210.0000,-386246.1000,O,Main Location
PI0001PI#000053,2025-08-04 00:00:00.000,Spark40 (6+128),33,150.0000,12874.8700,1931230.5000,I,Main Location
SI0001SI#000380,2025-08-04 00:00:00.000,Spark 40c (4+128),16,-1.0000,11790.0000,-11491.6700,O,Main Location
SI0001SI#000379,2025-08-04 00:00:00.000,Spark 40c (4+128),16,-1.0000,11790.0000,-11491.6700,O,Main Location
SI0001SI#000378,2025-08-04 00:00:00.000,Spark 40c (4+128),16,-2.0000,11790.0000,-22983.3400,O,Main Location
SI0001SI#000378,2025-08-04 00:00:00.000,Spark 40(8+256),16,-2.0000,15570.0000,-30360.4400,O,Main Location
SI0001SI#000380,2025-08-04 00:00:00.000,Spark 40 Pro,16,-2.0000,18870.0000,-36785.3600,O,Main Location
SI0001SI#000379,2025-08-04 00:00:00.000,Spark 40 Pro,16,-3.0000,18870.0000,-55178.0400,O,Main Location
SI0001SI#000378,2025-08-04 00:00:00.000,Spark 40 Pro,16,-2.0000,18870.0000,-36785.3600,O,Main Location
SI0001SI#000381,2025-08-04 00:00:00.000,Go2,16,-10.0000,10390.0000,-101441.0000,O,Main Location
SI0001SI#000380,2025-08-04 00:00:00.000,Go2,16,-15.0000,10390.0000,-152161.5000,O,Main Location
SI0001SI#000379,2025-08-04 00:00:00.000,Go2,16,-1.0000,10390.0000,-10144.1000,O,Main Location
SI0001SI#000378,2025-08-04 00:00:00.000,Go2,16,-3.0000,10390.0000,-30432.3000,O,Main Location
SI0001SI#000377,2025-08-03 00:00:00.000,Spark40 (6+128),16,-1.0000,13210.0000,-12874.8700,O,Main Location
SI0001SI#000376,2025-08-03 00:00:00.000,Spark40 (6+128),16,-15.0000,13210.0000,-193123.0500,O,Main Location
SI0001SI#000377,2025-08-03 00:00:00.000,Spark 40(8+256),16,-1.0000,15570.0000,-15180.2200,O,Main Location
SI0001SI#000376,2025-08-03 00:00:00.000,Spark 40(8+256),16,-11.0000,15570.0000,-166982.4200,O,Main Location
SI0001SI#000377,2025-08-03 00:00:00.000,Spark 40 Pro,16,-1.0000,18870.0000,-18392.6800,O,Main Location
SI0001SI#000376,2025-08-03 00:00:00.000,Spark 40 Pro,16,-10.0000,18870.0000,-183926.8000,O,Main Location
SI0001SI#000377,2025-08-03 00:00:00.000,Go2,16,-1.0000,10390.0000,-10144.1000,O,Main Location
SI0001SI#000376,2025-08-03 00:00:00.000,Go2,16,-5.0000,10390.0000,-50720.5000,O,Main Location
SI0001SI#000372,2025-07-31 00:00:00.000,Spark40 (6+128),16,-1.0000,13210.0000,-12874.8700,O,Main Location
SI0001SI#000374,2025-07-31 00:00:00.000,Spark 40c (4+128),16,-4.0000,11790.0000,-45966.6800,O,Main Location
PI0001PI#000052,2025-07-31 00:00:00.000,Spark 40 Pro,33,5.0000,18392.6800,91963.4000,I,Main Location
SI0001SI#000374,2025-07-31 00:00:00.000,Spark 40 Pro,16,-3.0000,18870.0000,-55178.0400,O,Main Location
PI0001PI#000052,2025-07-31 00:00:00.000,Go2,33,55.0000,10144.1000,557925.5000,I,Main Location
SI0001SI#000375,2025-07-31 00:00:00.000,Camon40 Pro,16,-85.0000,26410.0000,-2185095.0000,O,Main Location
PI0001PI#000052,2025-07-31 00:00:00.000,Camon40 Pro,33,85.0000,25707.0000,2185095.0000,I,Main Location
SI0001SI#000373,2025-07-31 00:00:00.000,Camon40 Pro,16,-1.0000,26410.0000,-25707.0000,O,Main Location
SI0001SI#000372,2025-07-31 00:00:00.000,Camon40 Pro,16,-1.0000,26410.0000,-25707.0000,O,Main Location
SI0001SI#000371,2025-07-31 00:00:00.000,Camon40 Pro,16,-1.0000,26410.0000,-25707.0000,O,Main Location
SI0001SI#000369,2025-07-30 00:00:00.000,Spark40 Pro Pius,16,-1.0000,23590.0000,-22993.3400,O,Main Location
SI0001SI#000366,2025-07-30 00:00:00.000,Spark40 Pro Pius,16,-5.0000,23590.0000,-114966.7000,O,Main Location
SI0001SI#000369,2025-07-30 00:00:00.000,Spark40 (6+128),16,-2.0000,13210.0000,-25749.7400,O,Main Location
SI0001SI#000368,2025-07-30 00:00:00.000,Spark 40c (4+128),16,-2.0000,11790.0000,-22983.3400,O,Main Location
SI0001SI#000369,2025-07-30 00:00:00.000,Spark 40(8+256),16,-1.0000,15570.0000,-15180.2200,O,Main Location
SI0001SI#000369,2025-07-30 00:00:00.000,Spark 40 Pro,16,-2.0000,18870.0000,-36785.3600,O,Main Location
PI0001PI#000051,2025-07-30 00:00:00.000,Go2(3+64),33,15.0000,9181.8100,137727.1500,I,Main Location
SI0001SI#000366,2025-07-30 00:00:00.000,Go2,16,-1.0000,10390.0000,-10144.1000,O,Main Location
PI0001PI#000051,2025-07-30 00:00:00.000,Go2,33,150.0000,10144.1000,1521615.0000,I,Main Location
SI0001SI#000370,2025-07-30 00:00:00.000,Camon40 Pro,16,-30.0000,26410.0000,-771210.0000,O,Main Location
SI0001SI#000367,2025-07-30 00:00:00.000,Camon40 Pro,16,-2.0000,26410.0000,-51414.0000,O,Main Location
PI0001PI#000051,2025-07-30 00:00:00.000,Camon40 Pro,33,35.0000,25707.0000,899745.0000,I,Main Location
SI0001SI#000364,2025-07-29 00:00:00.000,Spark40 Pro Pius,16,-3.0000,23590.0000,-68980.0200,O,Main Location
SI0001SI#000362,2025-07-29 00:00:00.000,Spark40 Pro Pius,16,-1.0000,23590.0000,-22993.3400,O,Main Location
SI0001SI#000362,2025-07-29 00:00:00.000,Spark40 (6+128),16,-1.0000,13210.0000,-12874.8700,O,Main Location
SI0001SI#000360,2025-07-29 00:00:00.000,Spark40 (6+128),16,-4.0000,13210.0000,-51499.4800,O,Main Location
SI0001SI#000359,2025-07-29 00:00:00.000,Spark40 (6+128),16,-3.0000,13210.0000,-38624.6100,O,Main Location
SI0001SI#000361,2025-07-29 00:00:00.000,Spark 40c (4+128),16,-2.0000,11790.0000,-22983.3400,O,Main Location
SI0001SI#000365,2025-07-29 00:00:00.000,Spark 40 Pro,16,-5.0000,18870.0000,-91963.4000,O,Main Location
SI0001SI#000362,2025-07-29 00:00:00.000,Spark 40 Pro,16,-1.0000,18870.0000,-18392.6800,O,Main Location
PI0001PI#000050,2025-07-29 00:00:00.000,Go2(3+64),33,50.0000,9181.8100,459090.5000,I,Main Location
SI0001SI#000362,2025-07-29 00:00:00.000,Go2,16,-1.0000,10390.0000,-10144.1000,O,Main Location
SI0001SI#000363,2025-07-29 00:00:00.000,Camon40 Pro,16,-30.0000,26410.0000,-771210.0000,O,Main Location
PI0001PI#000050,2025-07-29 00:00:00.000,Camon40 Pro,33,30.0000,25707.0000,771210.0000,I,Main Location
PI0001PI#000049,2025-07-28 00:00:00.000,Spark40 (6+128),33,30.0000,12874.8700,386246.1000,I,Main Location
SI0001SI#000352,2025-07-28 00:00:00.000,Spark 40c (4+128),16,-2.0000,11790.0000,-22983.3400,O,Main Location
SI0001SI#000354,2025-07-28 00:00:00.000,Spark 40 Pro,16,-1.0000,18870.0000,-18392.6800,O,Main Location
SI0001SI#000352,2025-07-28 00:00:00.000,Spark 40 Pro,16,-4.0000,18870.0000,-73570.7200,O,Main Location
SI0001SI#000353,2025-07-28 00:00:00.000,Live 40c,16,-1.0000,8780.0000,-8776.0000,O,Main Location
PI0001PI#000049,2025-07-28 00:00:00.000,Go2(3+64),33,10.0000,9181.8100,91818.1000,I,Main Location
SI0001SI#000354,2025-07-28 00:00:00.000,Go2,16,-1.0000,10390.0000,-10144.1000,O,Main Location
SI0001SI#000352,2025-07-28 00:00:00.000,Go2,16,-4.0000,10390.0000,-40576.4000,O,Main Location
SI0001SI#000357,2025-07-27 00:00:00.000,Spark40 Pro Pius,16,-5.0000,23590.0000,-114966.7000,O,Main Location
SI0001SI#000356,2025-07-27 00:00:00.000,Spark40 Pro Pius,16,-1.0000,23590.0000,-22993.3400,O,Main Location
SI0001SI#000355,2025-07-27 00:00:00.000,Spark40 Pro Pius,16,-6.0000,23590.0000,-137960.0400,O,Main Location
SI0001SI#000357,2025-07-27 00:00:00.000,Spark 40c (4+128),16,-2.0000,11790.0000,-22983.3400,O,Main Location
SI0001SI#000357,2025-07-27 00:00:00.000,Spark 40(8+256),16,-2.0000,15570.0000,-30360.4400,O,Main Location
SI0001SI#000358,2025-07-27 00:00:00.000,Spark 40 Pro,16,-2.0000,18870.0000,-36785.3600,O,Main Location
SI0001SI#000357,2025-07-27 00:00:00.000,Spark 40 Pro,16,-7.0000,18870.0000,-128748.7600,O,Main Location
SI0001SI#000355,2025-07-27 00:00:00.000,Spark 40 Pro,16,-5.0000,18870.0000,-91963.4000,O,Main Location
SI0001SI#000358,2025-07-27 00:00:00.000,Go2,16,-2.0000,10390.0000,-20288.2000,O,Main Location
SI0001SI#000357,2025-07-27 00:00:00.000,Go2,16,-5.0000,10390.0000,-50720.5000,O,Main Location
SI0001SI#000355,2025-07-27 00:00:00.000,Go2,16,-5.0000,10390.0000,-50720.5000,O,Main Location
SI0001SI#000358,2025-07-27 00:00:00.000,GO1 4+64,16,-3.0000,10425.0000,-30582.6300,O,Main Location
SI0001SI#000349,2025-07-25 00:00:00.000,Spark40 Pro Pius,16,-2.0000,23590.0000,-45986.6800,O,Main Location
SI0001SI#000348,2025-07-25 00:00:00.000,Spark40 Pro Pius,16,-4.0000,23590.0000,-91973.3600,O,Main Location
SI0001SI#000347,2025-07-25 00:00:00.000,Spark40 Pro Pius,16,-5.0000,23590.0000,-114966.7000,O,Main Location
SI0001SI#000346,2025-07-25 00:00:00.000,Spark40 Pro Pius,16,-2.0000,23590.0000,-45986.6800,O,Main Location
SI0001SI#000345,2025-07-25 00:00:00.000,Spark40 Pro Pius,16,-20.0000,23590.0000,-459866.8000,O,Main Location
SI0001SI#000344,2025-07-25 00:00:00.000,Spark40 Pro Pius,16,-15.0000,23590.0000,-344900.1000,O,Main Location
SI0001SI#000343,2025-07-25 00:00:00.000,Spark40 Pro Pius,16,-25.0000,23590.0000,-574833.5000,O,Main Location
PI0001PI#000048,2025-07-25 00:00:00.000,Spark40 Pro Pius,33,95.0000,22993.3400,2184367.3000,I,Main Location
SI0001SI#000345,2025-07-25 00:00:00.000,Spark40 (6+128),16,-15.0000,13210.0000,-193123.0500,O,Main Location
SI0001SI#000343,2025-07-25 00:00:00.000,Spark40 (6+128),16,-5.0000,13210.0000,-64374.3500,O,Main Location
PI0001PI#000047,2025-07-25 00:00:00.000,Spark40 (6+128),33,20.0000,12874.8700,257497.4000,I,Main Location
SI0001SI#000349,2025-07-25 00:00:00.000,Spark 40c (4+128),16,-2.0000,11790.0000,-22983.3400,O,Main Location
SI0001SI#000349,2025-07-25 00:00:00.000,Spark 40(8+256),16,-1.0000,15570.0000,-15180.2200,O,Main Location
SI0001SI#000349,2025-07-25 00:00:00.000,Spark 40 Pro,16,-2.0000,18870.0000,-36785.3600,O,Main Location
SI0001SI#000350,2025-07-25 00:00:00.000,Spark 20C 4+128,16,-3.0000,11320.0000,-33048.5100,O,Main Location
SI0001SI#000351,2025-07-25 00:00:00.000,Live 40c,16,-1.0000,8780.0000,-8776.0000,O,Main Location
SI0001SI#000350,2025-07-25 00:00:00.000,Go2(3+64),16,-2.0000,9433.0000,-18363.6200,O,Main Location
SI0001SI#000350,2025-07-25 00:00:00.000,GO1 4+64,16,-1.0000,10425.0000,-10194.2100,O,Main Location
SI0001SI#000350,2025-07-25 00:00:00.000,GO1 3+64,16,-2.0000,9480.0000,-18545.2000,O,Main Location
SI0001SI#000342,2025-07-24 00:00:00.000,Spark 40c (4+128),16,-1.0000,11790.0000,-11491.6700,O,Main Location
SI0001SI#000342,2025-07-24 00:00:00.000,Spark 40(8+256),16,-3.0000,15570.0000,-45540.6600,O,Main Location
SI0001SI#000342,2025-07-24 00:00:00.000,Spark 40 Pro,16,-4.0000,18870.0000,-73570.7200,O,Main Location
SI0001SI#000341,2025-07-24 00:00:00.000,Spark 40 Pro,16,-2.0000,18870.0000,-36785.3600,O,Main Location
SI0001SI#000342,2025-07-24 00:00:00.000,Go2,16,-3.0000,10390.0000,-30432.3000,O,Main Location
SI0001SI#000338,2025-07-24 00:00:00.000,Go2,16,-100.0000,10145.0000,-1014410.0000,O,Main Location
SI0001SI#000340,2025-07-24 00:00:00.000,GO1 4+64,16,-1.0000,10425.0000,-10194.2100,O,Main Location
SI0001SI#000339,2025-07-24 00:00:00.000,Camon40 Pro,16,-3.0000,26410.0000,-77121.0000,O,Main Location
SI0001SI#000337,2025-07-23 00:00:00.000,Spark 40(8+256),16,-1.0000,15570.0000,-15180.2200,O,Main Location
SI0001SI#000337,2025-07-23 00:00:00.000,Spark 40 Pro,16,-2.0000,18870.0000,-36785.3600,O,Main Location
PI0001PI#000046,2025-07-23 00:00:00.000,Live 40c,33,2.0000,8776.0000,17552.0000,I,Main Location
PI0001PI#000045,2025-07-23 00:00:00.000,Go2,33,20.0000,10144.1000,202882.0000,I,Main Location
SI0001SI#000337,2025-07-23 00:00:00.000,Go2,16,-1.0000,10390.0000,-10144.1000,O,Main Location
PI0001PI#000045,2025-07-23 00:00:00.000,Camon40 Pro,33,3.0000,25707.0000,77121.0000,I,Main Location
SI0001SI#000336,2025-07-23 00:00:00.000,Camon40 Pro,16,-2.0000,26410.0000,-51414.0000,O,Main Location
SI0001SI#000333,2025-07-22 00:00:00.000,Spark 40(8+256),16,-1.0000,15570.0000,-15180.2200,O,Main Location
SI0001SI#000332,2025-07-22 00:00:00.000,Spark 40(8+256),16,-10.0000,15570.0000,-151802.2000,O,Main Location
SI0001SI#000333,2025-07-22 00:00:00.000,Spark 40 Pro,16,-1.0000,18870.0000,-18392.6800,O,Main Location
SI0001SI#000335,2025-07-22 00:00:00.000,Live Demo 40pro+,16,-1.0000,17553.0000,-17553.0000,O,Main Location
SI0001SI#000334,2025-07-22 00:00:00.000,Live Demo 40pro+,16,-1.0000,17553.0000,-17553.0000,O,Main Location
PI0001PI#000044,2025-07-22 00:00:00.000,Live Demo 40pro+,33,2.0000,17553.0000,35106.0000,I,Main Location
SI0001SI#000332,2025-07-22 00:00:00.000,Go2(3+64),16,-2.0000,9433.0000,-18363.6200,O,Main Location
SI0001SI#000333,2025-07-22 00:00:00.000,Go2,16,-2.0000,10390.0000,-20288.2000,O,Main Location
PI0001PI#000043,2025-07-22 00:00:00.000,Go2,33,130.0000,10144.1000,1318733.0000,I,Main Location
SI0001SI#000332,2025-07-22 00:00:00.000,Camon40 Pro,16,-2.0000,26410.0000,-51414.0000,O,Main Location
SI0001SI#000331,2025-07-22 00:00:00.000,Camon40 Pro,16,-1.0000,26410.0000,-25707.0000,O,Main Location
SI0001SI#000330,2025-07-22 00:00:00.000,Camon40 Pro,16,-5.0000,26410.0000,-128535.0000,O,Main Location
SI0001SI#000329,2025-07-22 00:00:00.000,Camon40 Pro,16,-10.0000,26410.0000,-257070.0000,O,Main Location
SI0001SI#000328,2025-07-22 00:00:00.000,Camon40 Pro,16,-1.0000,26410.0000,-25707.0000,O,Main Location
PI0001PI#000043,2025-07-22 00:00:00.000,Camon40 Pro,33,20.0000,25707.0000,514140.0000,I,Main Location
SI0001SI#000325,2025-07-21 00:00:00.000,Spark 40c (4+128),16,-2.0000,11790.0000,-22983.3400,O,Main Location
SI0001SI#000320,2025-07-21 00:00:00.000,Spark 40c (4+128),16,-2.0000,11790.0000,-22983.3400,O,Main Location
SI0001SI#000322,2025-07-21 00:00:00.000,Spark 40 Pro,16,-1.0000,18870.0000,-18392.6800,O,Main Location
SI0001SI#000327,2025-07-21 00:00:00.000,Go2(3+64),16,-3.0000,9433.0000,-27545.4300,O,Main Location
SI0001SI#000326,2025-07-21 00:00:00.000,Go2(3+64),16,-4.0000,9433.0000,-36727.2400,O,Main Location
SI0001SI#000321,2025-07-21 00:00:00.000,Go2(3+64),16,-3.0000,9433.0000,-27545.4300,O,Main Location
SI0001SI#000319,2025-07-21 00:00:00.000,Go2(3+64),16,-1.0000,9433.0000,-9181.8100,O,Main Location
SI0001SI#000318,2025-07-21 00:00:00.000,Go2(3+64),16,-6.0000,9433.0000,-55090.8600,O,Main Location
SI0001SI#000317,2025-07-21 00:00:00.000,Go2(3+64),16,-6.0000,9433.0000,-55090.8600,O,Main Location
SI0001SI#000323,2025-07-21 00:00:00.000,Go2,16,-1.0000,10390.0000,-10144.1000,O,Main Location
SI0001SI#000318,2025-07-21 00:00:00.000,Go2,16,-4.0000,10390.0000,-40576.4000,O,Main Location
SI0001SI#000317,2025-07-21 00:00:00.000,Go2,16,-2.0000,10390.0000,-20288.2000,O,Main Location
PI0001PI#000042,2025-07-21 00:00:00.000,Go2,33,100.0000,10144.1000,1014410.0000,I,Main Location
SI0001SI#000327,2025-07-21 00:00:00.000,Camon40 Pro,16,-7.0000,26410.0000,-179949.0000,O,Main Location
SI0001SI#000326,2025-07-21 00:00:00.000,Camon40 Pro,16,-3.0000,26410.0000,-77121.0000,O,Main Location
SI0001SI#000325,2025-07-21 00:00:00.000,Camon40 Pro,16,-15.0000,26410.0000,-385605.0000,O,Main Location
SI0001SI#000324,2025-07-21 00:00:00.000,Camon40 Pro,16,-10.0000,26410.0000,-257070.0000,O,Main Location
SI0001SI#000321,2025-07-21 00:00:00.000,Camon40 Pro,16,-3.0000,26410.0000,-77121.0000,O,Main Location
SI0001SI#000319,2025-07-21 00:00:00.000,Camon40 Pro,16,-2.0000,26410.0000,-51414.0000,O,Main Location
SI0001SI#000318,2025-07-21 00:00:00.000,Camon40 Pro,16,-5.0000,26410.0000,-128535.0000,O,Main Location
SI0001SI#000317,2025-07-21 00:00:00.000,Camon40 Pro,16,-4.0000,26410.0000,-102828.0000,O,Main Location
PI0001PI#000042,2025-07-21 00:00:00.000,Camon40 Pro,33,50.0000,25707.0000,1285350.0000,I,Main Location
SI0001SI#000315,2025-07-20 00:00:00.000,Spark 40c (4+128),16,-2.0000,11790.0000,-22983.3400,O,Main Location
SI0001SI#000314,2025-07-20 00:00:00.000,Spark 40c (4+128),16,-3.0000,11790.0000,-34475.0100,O,Main Location
SI0001SI#000314,2025-07-20 00:00:00.000,Spark 40(8+256),16,-3.0000,15570.0000,-45540.6600,O,Main Location
SI0001SI#000316,2025-07-20 00:00:00.000,Spark 40 Pro,16,-6.0000,18870.0000,-110356.0800,O,Main Location
SI0001SI#000314,2025-07-20 00:00:00.000,Spark 40 Pro,16,-3.0000,18870.0000,-55178.0400,O,Main Location
SI0001SI#000314,2025-07-20 00:00:00.000,Go2,16,-4.0000,10390.0000,-40576.4000,O,Main Location
SI0001SI#000312,2025-07-18 00:00:00.000,Spark 40c (4+128),16,-3.0000,11790.0000,-34475.0100,O,Main Location
SI0001SI#000311,2025-07-18 00:00:00.000,Spark 40c (4+128),16,-2.0000,11790.0000,-22983.3400,O,Main Location
PI0001PI#000041,2025-07-18 00:00:00.000,Spark 40c (4+128),33,30.0000,11491.6700,344750.1000,I,Main Location
SI0001SI#000312,2025-07-18 00:00:00.000,Spark 40(8+256),16,-3.0000,15570.0000,-45540.6600,O,Main Location
SI0001SI#000311,2025-07-18 00:00:00.000,Spark 40(8+256),16,-1.0000,15570.0000,-15180.2200,O,Main Location
SI0001SI#000313,2025-07-18 00:00:00.000,Spark 40 Pro,16,-2.0000,18870.0000,-36785.3600,O,Main Location
SI0001SI#000312,2025-07-18 00:00:00.000,Spark 40 Pro,16,-4.0000,18870.0000,-73570.7200,O,Main Location
SI0001SI#000311,2025-07-18 00:00:00.000,Spark 40 Pro,16,-1.0000,18870.0000,-18392.6800,O,Main Location
PI0001PI#000041,2025-07-18 00:00:00.000,Spark 40 Pro,33,30.0000,18392.6800,551780.4000,I,Main Location
SI0001SI#000313,2025-07-18 00:00:00.000,Go2,16,-3.0000,10390.0000,-30432.3000,O,Main Location
SI0001SI#000312,2025-07-18 00:00:00.000,Go2,16,-2.0000,10390.0000,-20288.2000,O,Main Location
SI0001SI#000311,2025-07-18 00:00:00.000,Go2,16,-2.0000,10390.0000,-20288.2000,O,Main Location
PI0001PI#000040,2025-07-17 00:00:00.000,Spark 40c (4+128),33,70.0000,11491.6700,804416.9000,I,Main Location
SI0001SI#000309,2025-07-17 00:00:00.000,Spark 40(8+256),16,-10.0000,15570.0000,-151802.2000,O,Main Location
SI0001SI#000308,2025-07-17 00:00:00.000,Spark 40(8+256),16,-4.0000,15570.0000,-60720.8800,O,Main Location
SI0001SI#000307,2025-07-17 00:00:00.000,Spark 40(8+256),16,-29.0000,15570.0000,-440226.3800,O,Main Location
PI0001PI#000040,2025-07-17 00:00:00.000,Spark 40(8+256),33,80.0000,15180.2200,1214417.6000,I,Main Location
SI0001SI#000309,2025-07-17 00:00:00.000,Spark 40 Pro,16,-5.0000,18870.0000,-91963.4000,O,Main Location
SI0001SI#000308,2025-07-17 00:00:00.000,Spark 40 Pro,16,-5.0000,18870.0000,-91963.4000,O,Main Location
SI0001SI#000308,2025-07-17 00:00:00.000,Go2,16,-2.0000,10390.0000,-20288.2000,O,Main Location
SI0001SI#000306,2025-07-16 00:00:00.000,Spark 40c (4+128),16,-13.0000,11790.0000,-149391.7100,O,Main Location
SI0001SI#000305,2025-07-16 00:00:00.000,Spark 40c (4+128),16,-4.0000,11790.0000,-45966.6800,O,Main Location
SI0001SI#000304,2025-07-16 00:00:00.000,Spark 40c (4+128),16,-2.0000,11790.0000,-22983.3400,O,Main Location
SI0001SI#000302,2025-07-16 00:00:00.000,Spark 40c (4+128),16,-20.0000,11790.0000,-229833.4000,O,Main Location
SI0001SI#000301,2025-07-16 00:00:00.000,Spark 40c (4+128),16,-8.0000,11790.0000,-91933.3600,O,Main Location
PI0001PI#000039,2025-07-16 00:00:00.000,Spark 40c (4+128),33,100.0000,11491.6700,1149167.0000,I,Main Location
SI0001SI#000310,2025-07-16 00:00:00.000,Spark 40(8+256),16,-5.0000,15570.0000,-75901.1000,O,Main Location
SI0001SI#000306,2025-07-16 00:00:00.000,Spark 40(8+256),16,-5.0000,15570.0000,-75901.1000,O,Main Location
SI0001SI#000302,2025-07-16 00:00:00.000,Spark 40(8+256),16,-10.0000,15570.0000,-151802.2000,O,Main Location
SI0001SI#000301,2025-07-16 00:00:00.000,Spark 40(8+256),16,-21.0000,15570.0000,-318784.6200,O,Main Location
SI0001SI#000306,2025-07-16 00:00:00.000,Spark 40 Pro,16,-1.0000,18870.0000,-18392.6800,O,Main Location
SI0001SI#000302,2025-07-16 00:00:00.000,Spark 40 Pro,16,-2.0000,18870.0000,-36785.3600,O,Main Location
SI0001SI#000301,2025-07-16 00:00:00.000,Spark 40 Pro,16,-30.0000,18870.0000,-551780.4000,O,Main Location
PI0001PI#000039,2025-07-16 00:00:00.000,Spark 40 Pro,33,100.0000,18392.6800,1839268.0000,I,Main Location
SI0001SI#000306,2025-07-16 00:00:00.000,Go2(3+64),16,-2.0000,9433.0000,-18363.6200,O,Main Location
PI0001PI#000039,2025-07-16 00:00:00.000,Go2(3+64),33,10.0000,9181.8100,91818.1000,I,Main Location
SI0001SI#000306,2025-07-16 00:00:00.000,Go2,16,-1.0000,10390.0000,-10144.1000,O,Main Location
SI0001SI#000303,2025-07-16 00:00:00.000,Go2,16,-2.0000,10390.0000,-20288.2000,O,Main Location
SI0001SI#000302,2025-07-16 00:00:00.000,Go2,16,-80.0000,10390.0000,-811528.0000,O,Main Location
SI0001SI#000301,2025-07-16 00:00:00.000,Go2,16,-34.0000,10390.0000,-344899.4000,O,Main Location
PI0001PI#000039,2025-07-16 00:00:00.000,Go2,33,200.0000,10144.1000,2028820.0000,I,Main Location
SI0001SI#000303,2025-07-16 00:00:00.000,GO1 4+64,16,-3.0000,10425.0000,-30582.6300,O,Main Location
SI0001SI#000300,2025-07-15 00:00:00.000,Spark 40(8+256),16,-5.0000,15570.0000,-75901.1000,O,Main Location
SI0001SI#000299,2025-07-15 00:00:00.000,Spark 40(8+256),16,-22.0000,15570.0000,-333964.8400,O,Main Location
SI0001SI#000299,2025-07-15 00:00:00.000,Spark 40 Pro,16,-9.0000,18870.0000,-165534.1200,O,Main Location
SI0001SI#000298,2025-07-14 00:00:00.000,Spark 40(8+256),16,-20.0000,15570.0000,-303604.4000,O,Main Location
SI0001SI#000297,2025-07-14 00:00:00.000,Spark 40(8+256),16,-18.0000,15570.0000,-273243.9600,O,Main Location
SI0001SI#000296,2025-07-14 00:00:00.000,Spark 40(8+256),16,-3.0000,15570.0000,-45540.6600,O,Main Location
SI0001SI#000294,2025-07-14 00:00:00.000,Spark 40(8+256),16,-5.0000,15570.0000,-75901.1000,O,Main Location
SI0001SI#000293,2025-07-14 00:00:00.000,Spark 40(8+256),16,-5.0000,15570.0000,-75901.1000,O,Main Location
SI0001SI#000292,2025-07-14 00:00:00.000,Spark 40(8+256),16,-10.0000,15570.0000,-151802.2000,O,Main Location
SI0001SI#000291,2025-07-14 00:00:00.000,Spark 40(8+256),16,-2.0000,15570.0000,-30360.4400,O,Main Location
SI0001SI#000290,2025-07-14 00:00:00.000,Spark 40(8+256),16,-2.0000,15570.0000,-30360.4400,O,Main Location
SI0001SI#000289,2025-07-14 00:00:00.000,Spark 40(8+256),16,-10.0000,15570.0000,-151802.2000,O,Main Location
PI0001PI#000038,2025-07-14 00:00:00.000,Spark 40(8+256),33,150.0000,15180.2200,2277033.0000,I,Main Location
SI0001SI#000295,2025-07-14 00:00:00.000,Spark 40 Pro,16,-6.0000,18870.0000,-110356.0800,O,Main Location
SI0001SI#000293,2025-07-14 00:00:00.000,Spark 40 Pro,16,-6.0000,18870.0000,-110356.0800,O,Main Location
SI0001SI#000289,2025-07-14 00:00:00.000,Spark 40 Pro,16,-5.0000,18870.0000,-91963.4000,O,Main Location
SI0001SI#000294,2025-07-14 00:00:00.000,Go2(3+64),16,-2.0000,9433.0000,-18363.6200,O,Main Location
SI0001SI#000298,2025-07-14 00:00:00.000,Go2,16,-20.0000,10390.0000,-202882.0000,O,Main Location
SI0001SI#000295,2025-07-14 00:00:00.000,Go2,16,-3.0000,10390.0000,-30432.3000,O,Main Location
SI0001SI#000294,2025-07-14 00:00:00.000,Go2,16,-5.0000,10390.0000,-50720.5000,O,Main Location
SI0001SI#000293,2025-07-14 00:00:00.000,Go2,16,-13.0000,10390.0000,-131873.3000,O,Main Location
SI0001SI#000289,2025-07-14 00:00:00.000,Go2,16,-10.0000,10390.0000,-101441.0000,O,Main Location
SI0001SI#000289,2025-07-14 00:00:00.000,GO1 4+64,16,-5.0000,10425.0000,-50971.0500,O,Main Location
SI0001SI#000289,2025-07-14 00:00:00.000,GO1 4+128,16,-5.0000,11845.0000,-57912.5500,O,Main Location
SI0001SI#000297,2025-07-14 00:00:00.000,Camon40 Pro,16,-1.0000,26410.0000,-25707.0000,O,Main Location
SI0001SI#000296,2025-07-14 00:00:00.000,Camon40 Pro,16,-1.0000,26410.0000,-25707.0000,O,Main Location
SI0001SI#000294,2025-07-14 00:00:00.000,Camon40 Pro,16,-3.0000,26410.0000,-77121.0000,O,Main Location
SI0001SI#000292,2025-07-14 00:00:00.000,Camon40 Pro,16,-1.0000,26410.0000,-25707.0000,O,Main Location
SI0001SI#000291,2025-07-14 00:00:00.000,Camon40 Pro,16,-1.0000,26410.0000,-25707.0000,O,Main Location
SI0001SI#000290,2025-07-14 00:00:00.000,Camon40 Pro,16,-1.0000,26410.0000,-25707.0000,O,Main Location
PI0001PI#000038,2025-07-14 00:00:00.000,Camon40 Pro,33,8.0000,25707.0000,205656.0000,I,Main Location
SI0001SI#000287,2025-07-13 00:00:00.000,Spark 40 Pro,16,-1.0000,18870.0000,-18392.6800,O,Main Location
SI0001SI#000286,2025-07-13 00:00:00.000,Spark 40 Pro,16,-13.0000,18870.0000,-239104.8400,O,Main Location
SI0001SI#000288,2025-07-13 00:00:00.000,Go2,16,-1.0000,10390.0000,-10144.1000,O,Main Location
SI0001SI#000287,2025-07-13 00:00:00.000,Go2,16,-2.0000,10390.0000,-20288.2000,O,Main Location
SI0001SI#000285,2025-07-13 00:00:00.000,Go2,16,-2.0000,10390.0000,-20288.2000,O,Main Location
SI0001SI#000282,2025-07-11 00:00:00.000,Spark 40 Pro,16,-2.0000,18870.0000,-36785.3600,O,Main Location
SI0001SI#000281,2025-07-11 00:00:00.000,Spark 40 Pro,16,-2.0000,18870.0000,-36785.3600,O,Main Location
PI0001PI#000037,2025-07-11 00:00:00.000,Spark 40 Pro,33,26.0000,18392.6800,478209.6800,I,Main Location
SI0001SI#000279,2025-07-11 00:00:00.000,Spark 40 Pro,16,-6.0000,18870.0000,-110356.0800,O,Main Location
SI0001SI#000278,2025-07-11 00:00:00.000,Spark 40 Pro,16,-8.0000,18870.0000,-147141.4400,O,Main Location
SI0001SI#000277,2025-07-11 00:00:00.000,Spark 40 Pro,16,-5.0000,18870.0000,-91963.4000,O,Main Location
SI0001SI#000276,2025-07-11 00:00:00.000,Spark 40 Pro,16,-20.0000,18870.0000,-367853.6000,O,Main Location
SI0001SI#000274,2025-07-11 00:00:00.000,Spark 40 Pro,16,-1.0000,18870.0000,-18392.6800,O,Main Location
SI0001SI#000284,2025-07-11 00:00:00.000,Live Demo Spark 40 Pro,16,-1.0000,14042.0000,-14042.0000,O,Main Location
SI0001SI#000283,2025-07-11 00:00:00.000,Live Demo Spark 40 Pro,16,-1.0000,14042.0000,-14042.0000,O,Main Location
SI0001SI#000280,2025-07-11 00:00:00.000,Live Demo Spark 40 Pro,16,-1.0000,14042.0000,-14042.0000,O,Main Location
PI0001PI#000037,2025-07-11 00:00:00.000,Live Demo Spark 40 Pro,33,3.0000,14042.0000,42126.0000,I,Main Location
SI0001SI#000266,2025-07-11 00:00:00.000,Live Demo Spark 40,16,-1.0000,9830.0000,-9830.0000,O,Main Location
SI0001SI#000265,2025-07-11 00:00:00.000,Live Demo Spark 40,16,-1.0000,9830.0000,-9830.0000,O,Main Location
SI0001SI#000264,2025-07-11 00:00:00.000,Live Demo Spark 40,16,-1.0000,9830.0000,-9830.0000,O,Main Location
SI0001SI#000263,2025-07-11 00:00:00.000,Live Demo Spark 40,16,-1.0000,9830.0000,-9830.0000,O,Main Location
PI0001PI#000036,2025-07-11 00:00:00.000,Live Demo Spark 40,33,5.0000,9830.0000,49150.0000,I,Main Location
SI0001SI#000279,2025-07-11 00:00:00.000,Go2(3+64),16,-3.0000,9433.0000,-27545.4300,O,Main Location
SI0001SI#000282,2025-07-11 00:00:00.000,Go2,16,-3.0000,10390.0000,-30432.3000,O,Main Location
SI0001SI#000279,2025-07-11 00:00:00.000,Go2,16,-3.0000,10390.0000,-30432.3000,O,Main Location
SI0001SI#000278,2025-07-11 00:00:00.000,Go2,16,-6.0000,10390.0000,-60864.6000,O,Main Location
SI0001SI#000277,2025-07-11 00:00:00.000,Go2,16,-6.0000,10390.0000,-60864.6000,O,Main Location
SI0001SI#000275,2025-07-11 00:00:00.000,Go2,16,-6.0000,10390.0000,-60864.6000,O,Main Location
SI0001SI#000274,2025-07-11 00:00:00.000,Go2,16,-2.0000,10390.0000,-20288.2000,O,Main Location
SI0001SI#000273,2025-07-10 00:00:00.000,Spark40 (6+128),16,-14.0000,13210.0000,-180248.1800,O,Main Location
SI0001SI#000272,2025-07-10 00:00:00.000,Spark40 (6+128),16,-3.0000,13210.0000,-38624.6100,O,Main Location
SI0001SI#000270,2025-07-10 00:00:00.000,Spark40 (6+128),16,-2.0000,13210.0000,-25749.7400,O,Main Location
SI0001SI#000268,2025-07-10 00:00:00.000,Spark40 (6+128),16,-6.0000,13210.0000,-77249.2200,O,Main Location
SI0001SI#000273,2025-07-10 00:00:00.000,Spark 40 Pro,16,-27.0000,18870.0000,-496602.3600,O,Main Location
SI0001SI#000272,2025-07-10 00:00:00.000,Spark 40 Pro,16,-3.0000,18870.0000,-55178.0400,O,Main Location
SI0001SI#000271,2025-07-10 00:00:00.000,Spark 40 Pro,16,-3.0000,18870.0000,-55178.0400,O,Main Location
SI0001SI#000270,2025-07-10 00:00:00.000,Spark 40 Pro,16,-4.0000,18870.0000,-73570.7200,O,Main Location
SI0001SI#000269,2025-07-10 00:00:00.000,Spark 40 Pro,16,-2.0000,18870.0000,-36785.3600,O,Main Location
SI0001SI#000268,2025-07-10 00:00:00.000,Spark 40 Pro,16,-5.0000,18870.0000,-91963.4000,O,Main Location
SI0001SI#000267,2025-07-10 00:00:00.000,Spark 40 Pro,16,-6.0000,18870.0000,-110356.0800,O,Main Location
PI0001PI#000034,2025-07-10 00:00:00.000,Spark 40 Pro,33,112.0000,18392.6800,2059980.1600,I,Main Location
PI0001PI#000034,2025-07-10 00:00:00.000,Go2(3+64),33,20.0000,9181.8100,183636.2000,I,Main Location
SI0001SI#000273,2025-07-10 00:00:00.000,Go2,16,-20.0000,10390.0000,-202882.0000,O,Main Location
SI0001SI#000272,2025-07-10 00:00:00.000,Go2,16,-2.0000,10390.0000,-20288.2000,O,Main Location
SI0001SI#000270,2025-07-10 00:00:00.000,Go2,16,-3.0000,10390.0000,-30432.3000,O,Main Location
SI0001SI#000268,2025-07-10 00:00:00.000,Go2,16,-1.0000,10390.0000,-10144.1000,O,Main Location
SI0001SI#000259,2025-07-09 00:00:00.000,Spark40 (6+128),16,-1.0000,13210.0000,-12874.8700,O,Main Location
SI0001SI#000258,2025-07-09 00:00:00.000,Spark40 (6+128),16,-1.0000,13210.0000,-12874.8700,O,Main Location
SI0001SI#000255,2025-07-09 00:00:00.000,Spark40 (6+128),16,-3.0000,13210.0000,-38624.6100,O,Main Location
SI0001SI#000254,2025-07-09 00:00:00.000,Spark40 (6+128),16,-2.0000,13210.0000,-25749.7400,O,Main Location
SI0001SI#000253,2025-07-09 00:00:00.000,Go2(3+64),16,-2.0000,9433.0000,-18363.6200,O,Main Location
SI0001SI#000261,2025-07-09 00:00:00.000,Go2,16,-1.0000,10390.0000,-10144.1000,O,Main Location
SI0001SI#000260,2025-07-09 00:00:00.000,Go2,16,-11.0000,10390.0000,-111585.1000,O,Main Location
SI0001SI#000259,2025-07-09 00:00:00.000,Go2,16,-31.0000,10390.0000,-314467.1000,O,Main Location
SI0001SI#000257,2025-07-09 00:00:00.000,Go2,16,-2.0000,10390.0000,-20288.2000,O,Main Location
SI0001SI#000256,2025-07-09 00:00:00.000,Go2,16,-1.0000,10390.0000,-10144.1000,O,Main Location
SI0001SI#000255,2025-07-09 00:00:00.000,Go2,16,-2.0000,10390.0000,-20288.2000,O,Main Location
SI0001SI#000252,2025-07-09 00:00:00.000,Go2,16,-1.0000,10390.0000,-10144.1000,O,Main Location
SI0001SI#000261,2025-07-09 00:00:00.000,GO1 4+64,16,-1.0000,10425.0000,-10194.2100,O,Main Location
SI0001SI#000251,2025-07-08 00:00:00.000,Spark40 (6+128),16,-70.0000,13210.0000,-901240.9000,O,Main Location
SI0001SI#000249,2025-07-08 00:00:00.000,Spark40 (6+128),16,-4.0000,13210.0000,-51499.4800,O,Main Location
SI0001SI#000250,2025-07-08 00:00:00.000,Go2,16,-1.0000,10390.0000,-10144.1000,O,Main Location
SI0001SI#000249,2025-07-08 00:00:00.000,Go2,16,-4.0000,10390.0000,-40576.4000,O,Main Location
PI0001PI#000033,2025-07-08 00:00:00.000,Go2,33,100.0000,10144.1000,1014410.0000,I,Main Location
SI0001SI#000248,2025-07-07 00:00:00.000,Spark40 (6+128),16,-3.0000,13210.0000,-38624.6100,O,Main Location
SI0001SI#000248,2025-07-07 00:00:00.000,Go2(3+64),16,-1.0000,9433.0000,-9181.8100,O,Main Location
SI0001SI#000246,2025-07-07 00:00:00.000,Go2(3+64),16,-1.0000,9433.0000,-9181.8100,O,Main Location
SI0001SI#000248,2025-07-07 00:00:00.000,Go2,16,-3.0000,10390.0000,-30432.3000,O,Main Location
SI0001SI#000247,2025-07-07 00:00:00.000,Go2,16,-2.0000,10390.0000,-20288.2000,O,Main Location
SI0001SI#000245,2025-07-06 00:00:00.000,Spark40 (6+128),16,-16.0000,13210.0000,-205997.9200,O,Main Location
SI0001SI#000244,2025-07-06 00:00:00.000,Spark40 (6+128),16,-6.0000,13210.0000,-77249.2200,O,Main Location
SI0001SI#000243,2025-07-06 00:00:00.000,Spark40 (6+128),16,-9.0000,13210.0000,-115873.8300,O,Main Location
SI0001SI#000242,2025-07-06 00:00:00.000,Spark40 (6+128),16,-9.0000,13210.0000,-115873.8300,O,Main Location
SI0001SI#000241,2025-07-06 00:00:00.000,Spark40 (6+128),16,-10.0000,13210.0000,-128748.7000,O,Main Location
SI0001SI#000240,2025-07-06 00:00:00.000,Spark40 (6+128),16,-9.0000,13210.0000,-115873.8300,O,Main Location
SI0001SI#000238,2025-07-06 00:00:00.000,Spark40 (6+128),16,-28.0000,13210.0000,-360496.3600,O,Main Location
SI0001SI#000237,2025-07-06 00:00:00.000,Spark40 (6+128),16,-4.0000,13210.0000,-51499.4800,O,Main Location
PI0001PI#000032,2025-07-06 00:00:00.000,Spark40 (6+128),33,200.0000,12874.8700,2574974.0000,I,Main Location
SI0001SI#000262,2025-07-06 00:00:00.000,Go2,16,-3.0000,10390.0000,-30432.3000,O,Main Location
SI0001SI#000245,2025-07-06 00:00:00.000,Go2,16,-7.0000,10390.0000,-71008.7000,O,Main Location
SI0001SI#000243,2025-07-06 00:00:00.000,Go2,16,-5.0000,10390.0000,-50720.5000,O,Main Location
SI0001SI#000242,2025-07-06 00:00:00.000,Go2,16,-2.0000,10390.0000,-20288.2000,O,Main Location
SI0001SI#000239,2025-07-06 00:00:00.000,Go2,16,-1.0000,10390.0000,-10144.1000,O,Main Location
SI0001SI#000238,2025-07-06 00:00:00.000,Go2,16,-10.0000,10390.0000,-101441.0000,O,Main Location
SI0001SI#000230,2025-07-04 00:00:00.000,Go2(3+64),16,-2.0000,9433.0000,-18363.6200,O,Main Location
SI0001SI#000235,2025-07-04 00:00:00.000,Go2,16,-30.0000,10390.0000,-304323.0000,O,Main Location
SI0001SI#000234,2025-07-04 00:00:00.000,Go2,16,-101.0000,10390.0000,-1024554.1000,O,Main Location
SI0001SI#000233,2025-07-04 00:00:00.000,Go2,16,-10.0000,10390.0000,-101441.0000,O,Main Location
SI0001SI#000232,2025-07-04 00:00:00.000,Go2,16,-4.0000,10390.0000,-40576.4000,O,Main Location
SI0001SI#000231,2025-07-04 00:00:00.000,Go2,16,-5.0000,10390.0000,-50720.5000,O,Main Location
SI0001SI#000230,2025-07-04 00:00:00.000,Go2,16,-2.0000,10390.0000,-20288.2000,O,Main Location
SI0001SI#000233,2025-07-04 00:00:00.000,GO1 4+64,16,-30.0000,10425.0000,-305826.3000,O,Main Location
SI0001SI#000233,2025-07-04 00:00:00.000,GO1 4+128,16,-10.0000,11845.0000,-115825.1000,O,Main Location
SI0001SI#000233,2025-07-04 00:00:00.000,GO1 3+64,16,-15.0000,9480.0000,-139089.0000,O,Main Location
SI0001SI#000236,2025-07-04 00:00:00.000,Camon 40 Pro 5G,16,-1.0000,33020.0000,-32164.0000,O,Main Location
SI0001SI#000226,2025-07-03 00:00:00.000,Go2,16,-2.0000,10390.0000,-20288.2000,O,Main Location
SI0001SI#000229,2025-07-03 00:00:00.000,Camon 40 Pro 5G,16,-1.0000,33020.0000,-32164.0000,O,Main Location
SI0001SI#000228,2025-07-03 00:00:00.000,Camon 40 Pro 5G,16,-1.0000,33020.0000,-32164.0000,O,Main Location
SI0001SI#000227,2025-07-03 00:00:00.000,Camon 40 Pro 5G,16,-1.0000,33020.0000,-32164.0000,O,Main Location
SI0001SI#000226,2025-07-03 00:00:00.000,Camon 40 Pro 5G,16,-1.0000,33020.0000,-32164.0000,O,Main Location
PI0001PI#000031,2025-07-03 00:00:00.000,Camon 40 Pro 5G,33,5.0000,32164.0000,160820.0000,I,Main Location
SI0001SI#000225,2025-07-02 00:00:00.000,Go2,16,-1.0000,10390.0000,-10144.1000,O,Main Location
SI0001SI#000223,2025-07-01 00:00:00.000,Go2,16,-1.0000,10390.0000,-10144.1000,O,Main Location
SI0001SI#000223,2025-07-01 00:00:00.000,Camon40 Pro,16,-2.0000,26410.0000,-51414.0000,O,Main Location
SI0001SI#000222,2025-07-01 00:00:00.000,Camon40 Pro,16,-6.0000,26410.0000,-154242.0000,O,Main Location
SI0001SI#000221,2025-07-01 00:00:00.000,Camon40 Pro,16,-15.0000,26410.0000,-385605.0000,O,Main Location
SI0001SI#000224,2025-07-01 00:00:00.000,Camon40 8+256,16,-2.0000,22640.0000,-44083.8000,O,Main Location
SI0001SI#000221,2025-07-01 00:00:00.000,Camon40 8+256,16,-8.0000,22640.0000,-176335.2000,O,Main Location
SI0001SI#000216,2025-06-30 00:00:00.000,Go2(3+64),16,-3.0000,9433.0000,-27545.4300,O,Main Location
SI0001SI#000219,2025-06-30 00:00:00.000,Go2,16,-1.0000,10390.0000,-10144.1000,O,Main Location
SI0001SI#000216,2025-06-30 00:00:00.000,Go2,16,-3.0000,10390.0000,-30432.3000,O,Main Location
SI0001SI#000219,2025-06-30 00:00:00.000,GO1 4+64,16,-2.0000,10425.0000,-20388.4200,O,Main Location
SI0001SI#000215,2025-06-30 00:00:00.000,GO1 4+64,16,-10.0000,10425.0000,-101942.1000,O,Main Location
SI0001SI#000216,2025-06-30 00:00:00.000,GO1 4+128,16,-4.0000,11845.0000,-46330.0400,O,Main Location
PI0001PI#000030,2025-06-30 00:00:00.000,Camon40 Pro,33,23.0000,25707.0000,591261.0000,I,Main Location
SI0001SI#000220,2025-06-30 00:00:00.000,Camon40 Pro,16,-3.0000,26410.0000,-77121.0000,O,Main Location
SI0001SI#000219,2025-06-30 00:00:00.000,Camon40 Pro,16,-4.0000,26410.0000,-102828.0000,O,Main Location
SI0001SI#000218,2025-06-30 00:00:00.000,Camon40 Pro,16,-2.0000,26410.0000,-51414.0000,O,Main Location
SI0001SI#000217,2025-06-30 00:00:00.000,Camon40 Pro,16,-1.0000,26410.0000,-25707.0000,O,Main Location
PI0001PI#000029,2025-06-30 00:00:00.000,Camon40 Pro,33,10.0000,25707.0000,257070.0000,I,Main Location
PI0001PI#000030,2025-06-30 00:00:00.000,Camon40 8+256,33,10.0000,22041.9000,220419.0000,I,Main Location
SI0001SI#000220,2025-06-30 00:00:00.000,Camon40 8+256,16,-3.0000,22640.0000,-66125.7000,O,Main Location
SI0001SI#000212,2025-06-29 00:00:00.000,Go2(3+64),16,-1.0000,9433.0000,-9181.8100,O,Main Location
SI0001SI#000210,2025-06-29 00:00:00.000,Go2(3+64),16,-1.0000,9433.0000,-9181.8100,O,Main Location
SI0001SI#000212,2025-06-29 00:00:00.000,Go2,16,-1.0000,10390.0000,-10144.1000,O,Main Location
SI0001SI#000211,2025-06-29 00:00:00.000,Go2,16,-1.0000,10390.0000,-10144.1000,O,Main Location
SI0001SI#000210,2025-06-29 00:00:00.000,Go2,16,-2.0000,10390.0000,-20288.2000,O,Main Location
SI0001SI#000214,2025-06-29 00:00:00.000,Camon40 8+256,16,-3.0000,22640.0000,-66125.7000,O,Main Location
SI0001SI#000213,2025-06-29 00:00:00.000,Camon40 8+256,16,-1.0000,22640.0000,-22041.9000,O,Main Location
SI0001SI#000210,2025-06-29 00:00:00.000,Camon40 8+256,16,-3.0000,22640.0000,-66125.7000,O,Main Location
SI0001SI#000209,2025-06-27 00:00:00.000,Go2(3+64),16,-1.0000,9433.0000,-9181.8100,O,Main Location
SI0001SI#000205,2025-06-27 00:00:00.000,Go2(3+64),16,-4.0000,9433.0000,-36727.2400,O,Main Location
SI0001SI#000209,2025-06-27 00:00:00.000,Go2,16,-1.0000,10390.0000,-10144.1000,O,Main Location
SI0001SI#000207,2025-06-27 00:00:00.000,Go2,16,-2.0000,10390.0000,-20288.2000,O,Main Location
SI0001SI#000205,2025-06-27 00:00:00.000,Go2,16,-6.0000,10390.0000,-60864.6000,O,Main Location
SI0001SI#000209,2025-06-27 00:00:00.000,Camon40 Pro,16,-1.0000,26410.0000,-25707.0000,O,Main Location
SI0001SI#000207,2025-06-27 00:00:00.000,Camon40 Pro,16,-4.0000,26410.0000,-102828.0000,O,Main Location
PI0001PI#000028,2025-06-27 00:00:00.000,Camon40 Pro,33,5.0000,25707.0000,128535.0000,I,Main Location
SI0001SI#000209,2025-06-27 00:00:00.000,Camon40 8+256,16,-3.0000,22640.0000,-66125.7000,O,Main Location
SI0001SI#000208,2025-06-27 00:00:00.000,Camon40 8+256,16,-2.0000,22640.0000,-44083.8000,O,Main Location
SI0001SI#000206,2025-06-27 00:00:00.000,Camon40 8+256,16,-3.0000,22640.0000,-66125.7000,O,Main Location
SI0001SI#000204,2025-06-27 00:00:00.000,Camon40 8+256,16,-10.0000,22640.0000,-220419.0000,O,Main Location
SI0001SI#000203,2025-06-26 00:00:00.000,Live Demo Go2,16,-1.0000,7000.0000,-7000.0000,O,Main Location
SI0001SI#000202,2025-06-26 00:00:00.000,Live Demo Go2,16,-1.0000,7000.0000,-7000.0000,O,Main Location
SI0001SI#000201,2025-06-26 00:00:00.000,Live Demo Go2,16,-1.0000,7000.0000,-7000.0000,O,Main Location
SI0001SI#000200,2025-06-26 00:00:00.000,Live Demo Go2,16,-1.0000,7000.0000,-7000.0000,O,Main Location
PI0001PI#000027,2025-06-26 00:00:00.000,Live Demo Go2,33,5.0000,7000.0000,35000.0000,I,Main Location
PI0001PI#000026,2025-06-26 00:00:00.000,Go2(3+64),33,90.0000,9181.8100,826362.9000,I,Main Location
PI0001PI#000026,2025-06-26 00:00:00.000,Go2,33,164.0000,10144.1000,1663632.4000,I,Main Location
SI0001SI#000196,2025-06-26 00:00:00.000,GO1 4+128,16,-1.0000,11845.0000,-11582.5100,O,Main Location
SI0001SI#000199,2025-06-26 00:00:00.000,Camon40 8+256,16,-20.0000,22640.0000,-440838.0000,O,Main Location
SI0001SI#000198,2025-06-26 00:00:00.000,Camon40 8+256,16,-1.0000,22640.0000,-22041.9000,O,Main Location
SI0001SI#000197,2025-06-26 00:00:00.000,Camon40 8+256,16,-5.0000,22640.0000,-110209.5000,O,Main Location
SI0001SI#000195,2025-06-26 00:00:00.000,Camon40 8+256,16,-3.0000,22640.0000,-66125.7000,O,Main Location
PI0001PI#000026,2025-06-26 00:00:00.000,Camon40 8+256,33,57.0000,22041.9000,1256388.3000,I,Main Location
PI0001PI#000025,2025-06-25 00:00:00.000,Go2,33,40.0000,10144.1000,405764.0000,I,Main Location
SI0001SI#000194,2025-06-25 00:00:00.000,GO1 4+64,16,-5.0000,10425.0000,-50971.0500,O,Main Location
SI0001SI#000193,2025-06-25 00:00:00.000,Camon40 8+256,16,-30.0000,22640.0000,-661257.0000,O,Main Location
PI0001PI#000025,2025-06-25 00:00:00.000,Camon40 8+256,33,30.0000,22041.9000,661257.0000,I,Main Location
SI0001SI#000187,2025-06-24 00:00:00.000,Go2,16,-5.0000,10390.0000,-50720.5000,O,Main Location
SI0001SI#000186,2025-06-24 00:00:00.000,Go2,16,-20.0000,10390.0000,-202882.0000,O,Main Location
SI0001SI#000188,2025-06-24 00:00:00.000,GO1 4+64,16,-1.0000,10425.0000,-10194.2100,O,Main Location
SI0001SI#000187,2025-06-24 00:00:00.000,GO1 4+64,16,-5.0000,10425.0000,-50971.0500,O,Main Location
SI0001SI#000186,2025-06-24 00:00:00.000,GO1 4+64,16,-5.0000,10425.0000,-50971.0500,O,Main Location
SI0001SI#000190,2025-06-24 00:00:00.000,Camon40 8+256,16,-5.0000,22620.0000,-110209.5000,O,Main Location
SI0001SI#000189,2025-06-24 00:00:00.000,Camon40 8+256,16,-10.0000,22620.0000,-220419.0000,O,Main Location
SI0001SI#000187,2025-06-24 00:00:00.000,Camon40 8+256,16,-1.0000,22620.0000,-22041.9000,O,Main Location
PI0001PI#000024,2025-06-24 00:00:00.000,Camon40 8+256,33,15.0000,22041.9000,330628.5000,I,Main Location
SI0001SI#000179,2025-06-23 00:00:00.000,Go2,16,-1.0000,10390.0000,-10144.1000,O,Main Location
PI0001PI#000023,2025-06-23 00:00:00.000,Go2,33,20.0000,10144.1000,202882.0000,I,Main Location
SI0001SI#000184,2025-06-23 00:00:00.000,GO1 4+64,16,-7.0000,10425.0000,-71359.4700,O,Main Location
SI0001SI#000180,2025-06-23 00:00:00.000,GO1 4+64,16,-3.0000,10425.0000,-30582.6300,O,Main Location
SI0001SI#000185,2025-06-23 00:00:00.000,Camon40 8+256,16,-5.0000,22620.0000,-110209.5000,O,Main Location
SI0001SI#000184,2025-06-23 00:00:00.000,Camon40 8+256,16,-3.0000,22620.0000,-66125.7000,O,Main Location
SI0001SI#000183,2025-06-23 00:00:00.000,Camon40 8+256,16,-2.0000,22620.0000,-44083.8000,O,Main Location
SI0001SI#000182,2025-06-23 00:00:00.000,Camon40 8+256,16,-2.0000,22620.0000,-44083.8000,O,Main Location
SI0001SI#000181,2025-06-23 00:00:00.000,Camon40 8+256,16,-2.0000,22620.0000,-44083.8000,O,Main Location
PI0001PI#000023,2025-06-23 00:00:00.000,Camon40 8+256,33,15.0000,22041.9000,330628.5000,I,Main Location
SI0001SI#000178,2025-06-22 00:00:00.000,GO1 4+64,16,-19.0000,10425.0000,-193689.9900,O,Main Location
SI0001SI#000177,2025-06-22 00:00:00.000,GO1 4+64,16,-2.0000,10425.0000,-20388.4200,O,Main Location
SI0001SI#000176,2025-06-22 00:00:00.000,GO1 4+64,16,-5.0000,10425.0000,-50971.0500,O,Main Location
SI0001SI#000175,2025-06-20 00:00:00.000,Spark 30C 6+128,16,-3.0000,13270.0000,-38927.4600,O,Main Location
SI0001SI#000173,2025-06-20 00:00:00.000,Spark 30C 6+128,16,-2.0000,13270.0000,-25951.6400,O,Main Location
SI0001SI#000172,2025-06-20 00:00:00.000,Spark 30C 6+128,16,-5.0000,13270.0000,-64879.1000,O,Main Location
PI0001PI#000022,2025-06-20 00:00:00.000,Spark 30C 6+128,33,8.0000,12975.8200,103806.5600,I,Main Location
PI0001PI#000022,2025-06-20 00:00:00.000,Go2(3+64),33,50.0000,9181.8100,459090.5000,I,Main Location
SI0001SI#000191,2025-06-20 00:00:00.000,Go2,16,-2.0000,10390.0000,-20288.2000,O,Main Location
PI0001PI#000022,2025-06-20 00:00:00.000,Go2,33,95.0000,10144.1000,963689.5000,I,Main Location
SI0001SI#000192,2025-06-20 00:00:00.000,GO1 4+64,16,-6.0000,10425.0000,-61165.2600,O,Main Location
SI0001SI#000191,2025-06-20 00:00:00.000,GO1 4+64,16,-2.0000,10425.0000,-20388.4200,O,Main Location
SI0001SI#000174,2025-06-20 00:00:00.000,GO1 4+64,16,-10.0000,10425.0000,-101942.1000,O,Main Location
SI0001SI#000175,2025-06-20 00:00:00.000,GO1 4+128,16,-10.0000,11845.0000,-115825.1000,O,Main Location
SI0001SI#000175,2025-06-20 00:00:00.000,Camon40 Pro,16,-1.0000,26410.0000,-25707.0000,O,Main Location
SI0001SI#000171,2025-06-19 00:00:00.000,Spark 30 8+128,16,-1.0000,16970.0000,-16509.2100,O,Main Location
SI0001SI#000170,2025-06-19 00:00:00.000,Go2(3+64),16,-3.0000,9433.0000,-27545.4300,O,Main Location
SI0001SI#000170,2025-06-19 00:00:00.000,Go2,16,-3.0000,10425.0000,-30432.3000,O,Main Location
SI0001SI#000169,2025-06-19 00:00:00.000,Go2,16,-1.0000,10390.0000,-10144.1000,O,Main Location
SI0001SI#000170,2025-06-19 00:00:00.000,GO1 4+64,16,-5.0000,10425.0000,-50971.0500,O,Main Location
SI0001SI#000168,2025-06-19 00:00:00.000,GO1 4+64,16,-1.0000,10425.0000,-10194.2100,O,Main Location
PI0001PI#000021,2025-06-19 00:00:00.000,GO1 4+64,33,20.0000,10194.2100,203884.2000,I,Main Location
SI0001SI#000165,2025-06-18 00:00:00.000,Spark 30C 6+128,16,-4.0000,13270.0000,-51903.2800,O,Main Location
SI0001SI#000165,2025-06-18 00:00:00.000,Spark 30 8+128,16,-1.0000,16970.0000,-16509.2100,O,Main Location
SI0001SI#000165,2025-06-18 00:00:00.000,Go2,16,-1.0000,10390.0000,-10144.1000,O,Main Location
SI0001SI#000164,2025-06-18 00:00:00.000,Go2,16,-2.0000,10390.0000,-20288.2000,O,Main Location
PI0001PI#000020,2025-06-18 00:00:00.000,Go2,33,20.0000,10144.1000,202882.0000,I,Main Location
SI0001SI#000166,2025-06-18 00:00:00.000,GO1 4+64,16,-51.0000,10425.0000,-519904.7100,O,Main Location
SI0001SI#000165,2025-06-18 00:00:00.000,GO1 4+64,16,-2.0000,10425.0000,-20388.4200,O,Main Location
PI0001PI#000020,2025-06-18 00:00:00.000,GO1 4+64,33,50.0000,10194.2100,509710.5000,I,Main Location
SI0001SI#000167,2025-06-18 00:00:00.000,GO1 4+128,16,-5.0000,11845.0000,-57912.5500,O,Main Location
SI0001SI#000164,2025-06-18 00:00:00.000,GO1 4+128,16,-1.0000,11845.0000,-11582.5100,O,Main Location
SI0001SI#000167,2025-06-18 00:00:00.000,Camon40 Pro,16,-4.0000,26410.0000,-102828.0000,O,Main Location
SI0001SI#000166,2025-06-18 00:00:00.000,Camon40 Pro,16,-5.0000,26410.0000,-128535.0000,O,Main Location
PI0001PI#000020,2025-06-18 00:00:00.000,Camon40 Pro,33,10.0000,25707.0000,257070.0000,I,Main Location
SI0001SI#000163,2025-06-17 00:00:00.000,Spark 30C 6+128,16,-4.0000,13270.0000,-51903.2800,O,Main Location
SI0001SI#000161,2025-06-17 00:00:00.000,Spark 30C 6+128,16,-5.0000,13270.0000,-64879.1000,O,Main Location
SI0001SI#000159,2025-06-17 00:00:00.000,Spark 30C 6+128,16,-20.0000,13270.0000,-259516.4000,O,Main Location
SI0001SI#000163,2025-06-17 00:00:00.000,Spark 30 8+128,16,-1.0000,16970.0000,-16509.2100,O,Main Location
SI0001SI#000160,2025-06-17 00:00:00.000,Spark 30 8+128,16,-1.0000,16970.0000,-16509.2100,O,Main Location
PI0001PI#000019,2025-06-17 00:00:00.000,Go2(3+64),33,10.0000,9181.8100,91818.1000,I,Main Location
SI0001SI#000163,2025-06-17 00:00:00.000,Go2,16,-1.0000,10390.0000,-10144.1000,O,Main Location
SI0001SI#000161,2025-06-17 00:00:00.000,Go2,16,-3.0000,10390.0000,-30432.3000,O,Main Location
SI0001SI#000163,2025-06-17 00:00:00.000,GO1 4+64,16,-3.0000,10425.0000,-30582.6300,O,Main Location
SI0001SI#000162,2025-06-17 00:00:00.000,GO1 4+64,16,-50.0000,10425.0000,-509710.5000,O,Main Location
SI0001SI#000160,2025-06-17 00:00:00.000,GO1 4+64,16,-5.0000,10425.0000,-50971.0500,O,Main Location
SI0001SI#000160,2025-06-17 00:00:00.000,GO1 4+128,16,-2.0000,11845.0000,-23165.0200,O,Main Location
SI0001SI#000162,2025-06-17 00:00:00.000,Camon40 Pro,16,-5.0000,26410.0000,-128535.0000,O,Main Location
SI0001SI#000161,2025-06-17 00:00:00.000,Camon40 Pro,16,-6.0000,26410.0000,-154242.0000,O,Main Location
SI0001SI#000160,2025-06-17 00:00:00.000,Camon40 Pro,16,-3.0000,26410.0000,-77121.0000,O,Main Location
PI0001PI#000019,2025-06-17 00:00:00.000,Camon40 Pro,33,14.0000,25707.0000,359898.0000,I,Main Location
SI0001SI#000154,2025-06-16 00:00:00.000,Spark 30C 6+128,16,-2.0000,13270.0000,-25951.6400,O,Main Location
SI0001SI#000153,2025-06-16 00:00:00.000,Spark 30C 6+128,16,-1.0000,13270.0000,-12975.8200,O,Main Location
SI0001SI#000150,2025-06-16 00:00:00.000,Spark 30C 6+128,16,-2.0000,13270.0000,-25951.6400,O,Main Location
SI0001SI#000149,2025-06-16 00:00:00.000,Spark 30 8+128,16,-1.0000,16970.0000,-16509.2100,O,Main Location
SI0001SI#000154,2025-06-16 00:00:00.000,Go2,16,-2.0000,10390.0000,-20288.2000,O,Main Location
SI0001SI#000153,2025-06-16 00:00:00.000,Go2,16,-1.0000,10390.0000,-10144.1000,O,Main Location
SI0001SI#000156,2025-06-16 00:00:00.000,GO1 4+64,16,-51.0000,10425.0000,-519904.7100,O,Main Location
SI0001SI#000153,2025-06-16 00:00:00.000,GO1 4+64,16,-2.0000,10425.0000,-20388.4200,O,Main Location
SI0001SI#000150,2025-06-16 00:00:00.000,GO1 4+64,16,-3.0000,10425.0000,-30582.6300,O,Main Location
SI0001SI#000154,2025-06-16 00:00:00.000,Camon40 Pro,16,-1.0000,26410.0000,-25707.0000,O,Main Location
SI0001SI#000158,2025-06-16 00:00:00.000,Camon40 Pro,16,-1.0000,26410.0000,-25707.0000,O,Main Location
SI0001SI#000157,2025-06-16 00:00:00.000,Camon40 Pro,16,-17.0000,26410.0000,-437019.0000,O,Main Location
SI0001SI#000155,2025-06-16 00:00:00.000,Camon40 Pro,16,-4.0000,26410.0000,-102828.0000,O,Main Location
SI0001SI#000152,2025-06-16 00:00:00.000,Camon40 Pro,16,-2.0000,26410.0000,-51414.0000,O,Main Location
SI0001SI#000151,2025-06-16 00:00:00.000,Camon40 Pro,16,-1.0000,26410.0000,-25707.0000,O,Main Location
PI0001PI#000018,2025-06-16 00:00:00.000,Camon40 Pro,33,26.0000,25707.0000,668382.0000,I,Main Location
SI0001SI#000157,2025-06-16 00:00:00.000,Camon40 8+256,16,-5.0000,22640.0000,-110209.5000,O,Main Location
PI0001PI#000018,2025-06-16 00:00:00.000,Camon40 8+256,33,5.0000,22041.9000,110209.5000,I,Main Location
SI0001SI#000148,2025-06-15 00:00:00.000,Spark 30C 6+128,16,-4.0000,13270.0000,-51903.2800,O,Main Location
SI0001SI#000147,2025-06-15 00:00:00.000,Spark 30C 6+128,16,-5.0000,13270.0000,-64879.1000,O,Main Location
SI0001SI#000148,2025-06-15 00:00:00.000,Spark 30 8+128,16,-1.0000,16970.0000,-16509.2100,O,Main Location
SI0001SI#000148,2025-06-15 00:00:00.000,Go2,16,-2.0000,10390.0000,-20288.2000,O,Main Location
SI0001SI#000147,2025-06-15 00:00:00.000,Go2,16,-1.0000,10390.0000,-10144.1000,O,Main Location
SI0001SI#000147,2025-06-15 00:00:00.000,GO1 4+64,16,-6.0000,10425.0000,-61165.2600,O,Main Location
SI0001SI#000148,2025-06-15 00:00:00.000,GO1 4+128,16,-3.0000,11845.0000,-34747.5300,O,Main Location
SI0001SI#000147,2025-06-15 00:00:00.000,GO1 4+128,16,-5.0000,11845.0000,-57912.5500,O,Main Location
SI0001SI#000148,2025-06-15 00:00:00.000,GO1 3+64,16,-1.0000,9480.0000,-9272.6000,O,Main Location
SI0001SI#000138,2025-06-05 00:00:00.000,Spark 30C 6+128,16,-2.0000,13270.0000,-25951.6400,O,Main Location
SI0001SI#000145,2025-06-05 00:00:00.000,Spark 30C 6+128,16,-2.0000,13270.0000,-25951.6400,O,Main Location
SI0001SI#000143,2025-06-05 00:00:00.000,Spark 30C 6+128,16,-8.0000,13270.0000,-103806.5600,O,Main Location
SI0001SI#000142,2025-06-05 00:00:00.000,Spark 30C 6+128,16,-20.0000,13270.0000,-259516.4000,O,Main Location
SI0001SI#000140,2025-06-05 00:00:00.000,Spark 30C 6+128,16,-16.0000,13270.0000,-207613.1200,O,Main Location
SI0001SI#000139,2025-06-05 00:00:00.000,Spark 30C 6+128,16,-5.0000,13270.0000,-64879.1000,O,Main Location
PI0001PI#000017,2025-06-05 00:00:00.000,Spark 30C 6+128,33,100.0000,12975.8200,1297582.0000,I,Main Location
SI0001SI#000140,2025-06-05 00:00:00.000,Spark 30 8+128,16,-1.0000,16970.0000,-16509.2100,O,Main Location
SI0001SI#000139,2025-06-05 00:00:00.000,Spark 30 8+128,16,-1.0000,16970.0000,-16509.2100,O,Main Location
SI0001SI#000138,2025-06-05 00:00:00.000,Go2,16,-3.0000,10390.0000,-30432.3000,O,Main Location
SI0001SI#000144,2025-06-05 00:00:00.000,Go2,16,-4.0000,10390.0000,-40576.4000,O,Main Location
SI0001SI#000142,2025-06-05 00:00:00.000,Go2,16,-20.0000,10390.0000,-202882.0000,O,Main Location
SI0001SI#000140,2025-06-05 00:00:00.000,Go2,16,-5.0000,10390.0000,-50720.5000,O,Main Location
SI0001SI#000139,2025-06-05 00:00:00.000,Go2,16,-7.0000,10390.0000,-71008.7000,O,Main Location
PI0001PI#000017,2025-06-05 00:00:00.000,Go2,33,50.0000,10144.1000,507205.0000,I,Main Location
SI0001SI#000146,2025-06-05 00:00:00.000,GO1 4+64,16,-60.0000,10425.0000,-611652.6000,O,Main Location
SI0001SI#000145,2025-06-05 00:00:00.000,GO1 4+64,16,-10.0000,10425.0000,-101942.1000,O,Main Location
SI0001SI#000143,2025-06-05 00:00:00.000,GO1 4+64,16,-6.0000,10425.0000,-61165.2600,O,Main Location
SI0001SI#000142,2025-06-05 00:00:00.000,GO1 4+64,16,-50.0000,10425.0000,-509710.5000,O,Main Location
SI0001SI#000141,2025-06-05 00:00:00.000,GO1 4+64,16,-10.0000,10425.0000,-101942.1000,O,Main Location
SI0001SI#000140,2025-06-05 00:00:00.000,GO1 4+64,16,-6.0000,10425.0000,-61165.2600,O,Main Location
SI0001SI#000144,2025-06-05 00:00:00.000,GO1 4+128,16,-1.0000,11845.0000,-11582.5100,O,Main Location
SI0001SI#000139,2025-06-05 00:00:00.000,GO1 4+128,16,-4.0000,11845.0000,-46330.0400,O,Main Location
SI0001SI#000139,2025-06-05 00:00:00.000,GO1 3+64,16,-2.0000,9480.0000,-18545.2000,O,Main Location
SI0001SI#000136,2025-06-04 00:00:00.000,Spark 30 8+128,16,-1.0000,16970.0000,-16509.2100,O,Main Location
SI0001SI#000134,2025-06-04 00:00:00.000,Spark 30 8+128,16,-1.0000,16970.0000,-16509.2100,O,Main Location
SI0001SI#000135,2025-06-04 00:00:00.000,GO1 4+64,16,-10.0000,10425.0000,-101942.1000,O,Main Location
SI0001SI#000134,2025-06-04 00:00:00.000,GO1 4+64,16,-2.0000,10425.0000,-20388.4200,O,Main Location
SI0001SI#000134,2025-06-04 00:00:00.000,GO1 3+64,16,-1.0000,9480.0000,-9272.6000,O,Main Location
SI0001SI#000137,2025-06-03 00:00:00.000,Spark30 Pro,16,-1.0000,18870.0000,-18366.6700,O,Main Location
SI0001SI#000130,2025-06-03 00:00:00.000,Spark30 Pro,16,-1.0000,18870.0000,-18366.6700,O,Main Location
SI0001SI#000128,2025-06-03 00:00:00.000,Spark30 Pro,16,-1.0000,18870.0000,-18366.6700,O,Main Location
SI0001SI#000129,2025-06-03 00:00:00.000,Spark 30 8+128,16,-2.0000,16970.0000,-33018.4200,O,Main Location
SI0001SI#000133,2025-06-03 00:00:00.000,GO1 4+64,16,-2.0000,10425.0000,-20388.4200,O,Main Location
SI0001SI#000132,2025-06-03 00:00:00.000,GO1 4+64,16,-10.0000,10425.0000,-101942.1000,O,Main Location
SI0001SI#000131,2025-06-03 00:00:00.000,GO1 4+64,16,-10.0000,10425.0000,-101942.1000,O,Main Location
SI0001SI#000130,2025-06-03 00:00:00.000,GO1 4+64,16,-3.0000,10425.0000,-30582.6300,O,Main Location
SI0001SI#000129,2025-06-03 00:00:00.000,GO1 4+64,16,-6.0000,10425.0000,-61165.2600,O,Main Location
SI0001SI#000128,2025-06-03 00:00:00.000,GO1 4+64,16,-2.0000,10425.0000,-20388.4200,O,Main Location
SI0001SI#000131,2025-06-03 00:00:00.000,GO1 4+128,16,-5.0000,11845.0000,-57912.5500,O,Main Location
SI0001SI#000128,2025-06-03 00:00:00.000,GO1 4+128,16,-3.0000,11845.0000,-34747.5300,O,Main Location
SI0001SI#000127,2025-06-02 00:00:00.000,GO1 4+64,16,-42.0000,10425.0000,-428156.8200,O,Main Location
SI0001SI#000124,2025-06-01 00:00:00.000,Spark 30C 6+128,16,-1.0000,13270.0000,-12975.8200,O,Main Location
SI0001SI#000126,2025-06-01 00:00:00.000,GO1 4+64,16,-20.0000,10425.0000,-203884.2000,O,Main Location
SI0001SI#000125,2025-06-01 00:00:00.000,GO1 4+64,16,-7.0000,10425.0000,-71359.4700,O,Main Location
SR0001SR#000005,2025-05-31 00:00:00.000,Spark 30C 6+128,13,1.0000,.0000,12975.8200,I,Main Location
SR0001SR#000003,2025-05-31 00:00:00.000,Spark 30C 6+128,13,1.0000,.0000,12975.8200,I,Main Location
SI0001SI#000122,2025-05-31 00:00:00.000,Spark 30C 6+128,16,-1.0000,13270.0000,-12975.8200,O,Main Location
SR0001SR#000004,2025-05-31 00:00:00.000,Spark 30 8+128,13,1.0000,.0000,16509.2100,I,Main Location
SI0001SI#000121,2025-05-31 00:00:00.000,GO1 4+64,16,-1.0000,10425.0000,-10194.2100,O,Main Location
SR0001SR#000003,2025-05-31 00:00:00.000,GO1 4+128,13,1.0000,.0000,11582.5100,I,Main Location
SI0001SI#000119,2025-05-30 00:00:00.000,Spark30 Pro,16,-1.0000,18870.0000,-18366.6700,O,Main Location
SI0001SI#000120,2025-05-30 00:00:00.000,Spark 30C 6+128,16,-2.0000,13270.0000,-25951.6400,O,Main Location
SI0001SI#000118,2025-05-30 00:00:00.000,Spark 30C 6+128,16,-1.0000,13270.0000,-12975.8200,O,Main Location
SI0001SI#000118,2025-05-30 00:00:00.000,GO1 4+64,16,-5.0000,10425.0000,-50971.0500,O,Main Location
SR0001SR#000002,2025-05-30 00:00:00.000,GO1 4+128,13,1.0000,.0000,11582.5100,I,Main Location
SI0001SI#000115,2025-05-29 00:00:00.000,Spark 30C 6+128,16,-5.0000,13270.0000,-64879.1000,O,Main Location
SI0001SI#000115,2025-05-29 00:00:00.000,GO1 4+64,16,-3.0000,10425.0000,-30582.6300,O,Main Location
SI0001SI#000117,2025-05-29 00:00:00.000,Camon40 Pro,16,-10.0000,26410.0000,-257070.0000,O,Main Location
SI0001SI#000115,2025-05-29 00:00:00.000,Camon40 Pro,16,-5.0000,26410.0000,-128535.0000,O,Main Location
SI0001SI#000116,2025-05-29 00:00:00.000,Camon40 8+256,16,-10.0000,22640.0000,-220419.0000,O,Main Location
SI0001SI#000112,2025-05-28 00:00:00.000,Spark30 Pro,16,-1.0000,18870.0000,-18366.6700,O,Main Location
SI0001SI#000114,2025-05-28 00:00:00.000,Spark 30C 6+128,16,-5.0000,13270.0000,-64879.1000,O,Main Location
SR0001SR#000001,2025-05-28 00:00:00.000,GO1 4+64,13,2.0000,.0000,20388.4200,I,Main Location
SR0001SR#000001,2025-05-28 00:00:00.000,GO1 4+128,13,1.0000,.0000,11582.5100,I,Main Location
PI0001PI#000016,2025-05-28 00:00:00.000,GO1 4+128,33,15.0000,11582.5100,173737.6500,I,Main Location
PI0001PI#000016,2025-05-28 00:00:00.000,Camon40 Pro,33,15.0000,25707.0000,385605.0000,I,Main Location
SI0001SI#000113,2025-05-28 00:00:00.000,Camon40 8+256,16,-2.0000,22640.0000,-44083.8000,O,Main Location
PI0001PI#000016,2025-05-28 00:00:00.000,Camon40 8+256,33,10.0000,22041.9000,220419.0000,I,Main Location
SI0001SI#000110,2025-05-27 00:00:00.000,Spark 30C 6+128,16,-1.0000,13270.0000,-12975.8200,O,Main Location
SI0001SI#000109,2025-05-27 00:00:00.000,Spark 30C 6+128,16,-3.0000,13270.0000,-38927.4600,O,Main Location
SI0001SI#000106,2025-05-27 00:00:00.000,Spark 30C 6+128,16,-1.0000,13270.0000,-12975.8200,O,Main Location
SI0001SI#000105,2025-05-27 00:00:00.000,Spark 30C 6+128,16,-1.0000,13270.0000,-12975.8200,O,Main Location
PI0001PI#000014,2025-05-27 00:00:00.000,Spark 30C 6+128,33,10.0000,12975.8200,129758.2000,I,Main Location
SI0001SI#000111,2025-05-27 00:00:00.000,GO1 4+64,16,-40.0000,10194.0000,-407768.4000,O,Main Location
SI0001SI#000107,2025-05-27 00:00:00.000,Camon40 8+256,16,-2.0000,22640.0000,-44083.8000,O,Main Location
SI0001SI#000110,2025-05-27 00:00:00.000,Camon40 8+256,16,-5.0000,22640.0000,-110209.5000,O,Main Location
SI0001SI#000108,2025-05-27 00:00:00.000,Camon40 8+256,16,-3.0000,22640.0000,-66125.7000,O,Main Location
SI0001SI#000104,2025-05-27 00:00:00.000,Camon40 8+256,16,-3.0000,22640.0000,-66125.7000,O,Main Location
PI0001PI#000015,2025-05-27 00:00:00.000,Camon40 8+256,33,15.0000,22041.9000,330628.5000,I,Main Location
SI0001SI#000103,2025-05-26 00:00:00.000,Spark 30C 6+128,16,-10.0000,13270.0000,-129758.2000,O,Main Location
PI0001PI#000013,2025-05-26 00:00:00.000,Spark 30C 6+128,33,20.0000,12975.8200,259516.4000,I,Main Location
SI0001SI#000102,2025-05-26 00:00:00.000,Spark 30C 6+128,16,-1.0000,13270.0000,-12975.8200,O,Main Location
SI0001SI#000099,2025-05-25 00:00:00.000,Spark30 Pro,16,-2.0000,18870.0000,-36733.3400,O,Main Location
SI0001SI#000095,2025-05-25 00:00:00.000,Spark30 Pro,16,-2.0000,18870.0000,-36733.3400,O,Main Location
SI0001SI#000098,2025-05-25 00:00:00.000,Spark 30C 6+128,16,-3.0000,13270.0000,-38927.4600,O,Main Location
SI0001SI#000095,2025-05-25 00:00:00.000,Spark 30C 6+128,16,-5.0000,13270.0000,-64879.1000,O,Main Location
SI0001SI#000094,2025-05-25 00:00:00.000,Spark 30C 6+128,16,-1.0000,13270.0000,-12975.8200,O,Main Location
SI0001SI#000097,2025-05-25 00:00:00.000,Spark 30 8+128,16,-1.0000,16970.0000,-16509.2100,O,Main Location
PI0001PI#000012,2025-05-25 00:00:00.000,Spark 30 8+128,33,5.0000,16509.2100,82546.0500,I,Main Location
SI0001SI#000101,2025-05-25 00:00:00.000,GO1 4+64,16,-9.0000,10425.0000,-91747.8900,O,Main Location
SI0001SI#000100,2025-05-25 00:00:00.000,GO1 4+64,16,-61.0000,10194.0000,-621846.8100,O,Main Location
SI0001SI#000094,2025-05-25 00:00:00.000,GO1 4+64,16,-2.0000,10425.0000,-20388.4200,O,Main Location
SI0001SI#000098,2025-05-25 00:00:00.000,GO1 4+128,16,-1.0000,11845.0000,-11582.5100,O,Main Location
SI0001SI#000101,2025-05-25 00:00:00.000,GO1 4+128,16,-5.0000,11845.0000,-57912.5500,O,Main Location
SI0001SI#000095,2025-05-25 00:00:00.000,GO1 3+64,16,-2.0000,9480.0000,-18545.2000,O,Main Location
SI0001SI#000101,2025-05-25 00:00:00.000,Camon40 Pro,16,-1.0000,26410.0000,-25707.0000,O,Main Location
SI0001SI#000099,2025-05-25 00:00:00.000,Camon40 Pro,16,-7.0000,26410.0000,-179949.0000,O,Main Location
SI0001SI#000097,2025-05-25 00:00:00.000,Camon40 Pro,16,-2.0000,26410.0000,-51414.0000,O,Main Location
SI0001SI#000096,2025-05-25 00:00:00.000,Camon40 Pro,16,-5.0000,26410.0000,-128535.0000,O,Main Location
PI0001PI#000012,2025-05-25 00:00:00.000,Camon40 Pro,33,15.0000,25707.0000,385605.0000,I,Main Location
SI0001SI#000098,2025-05-25 00:00:00.000,Camon 40(8+128),16,-1.0000,21220.0000,-20653.6800,O,Main Location
SI0001SI#000092,2025-05-23 00:00:00.000,Spark30 Pro,16,-1.0000,18870.0000,-18366.6700,O,Main Location
SI0001SI#000093,2025-05-23 00:00:00.000,Spark 30C 6+128,16,-4.0000,13270.0000,-51903.2800,O,Main Location
SI0001SI#000091,2025-05-23 00:00:00.000,Spark 30C 6+128,16,-4.0000,13270.0000,-51903.2800,O,Main Location
SI0001SI#000090,2025-05-23 00:00:00.000,Spark 30C 6+128,16,-5.0000,12975.0000,-64879.1000,O,Main Location
SI0001SI#000093,2025-05-23 00:00:00.000,GO1 4+64,16,-4.0000,10425.0000,-40776.8400,O,Main Location
SI0001SI#000091,2025-05-23 00:00:00.000,GO1 4+64,16,-5.0000,10425.0000,-50971.0500,O,Main Location
SI0001SI#000089,2025-05-23 00:00:00.000,GO1 4+64,16,-100.0000,10194.0000,-1019421.0000,O,Main Location
PI0001PI#000011,2025-05-23 00:00:00.000,GO1 4+64,33,390.0000,10194.2100,3975741.9000,I,Main Location
SI0001SI#000092,2025-05-23 00:00:00.000,GO1 3+64,16,-1.0000,9480.0000,-9272.6000,O,Main Location
SI0001SI#000093,2025-05-23 00:00:00.000,Camon 40(8+128),16,-2.0000,21220.0000,-41307.3600,O,Main Location
SI0001SI#000085,2025-05-22 00:00:00.000,Spark 30C 6+128,16,-1.0000,13270.0000,-12975.8200,O,Main Location
PI0001PI#000010,2025-05-22 00:00:00.000,Spark 30C 6+128,33,20.0000,12975.8200,259516.4000,I,Main Location
PI0001PI#000010,2025-05-22 00:00:00.000,GO1 4+64,33,20.0000,10194.2100,203884.2000,I,Main Location
SI0001SI#000088,2025-05-22 00:00:00.000,Camon40 Pro,16,-5.0000,26410.0000,-128535.0000,O,Main Location
SI0001SI#000086,2025-05-22 00:00:00.000,Camon40 Pro,16,-15.0000,26410.0000,-385605.0000,O,Main Location
PI0001PI#000010,2025-05-22 00:00:00.000,Camon40 Pro,33,20.0000,25707.0000,514140.0000,I,Main Location
SI0001SI#000088,2025-05-22 00:00:00.000,Camon 40(8+128),16,-5.0000,21220.0000,-103268.4000,O,Main Location
SI0001SI#000087,2025-05-22 00:00:00.000,Camon 40(8+128),16,-1.0000,21220.0000,-20653.6800,O,Main Location
SI0001SI#000083,2025-05-21 00:00:00.000,Spark 30C 6+128,16,-1.0000,13270.0000,-12975.8200,O,Main Location
SI0001SI#000082,2025-05-21 00:00:00.000,Spark 30C 6+128,16,-2.0000,13270.0000,-25951.6400,O,Main Location
SI0001SI#000083,2025-05-21 00:00:00.000,GO1 4+64,16,-2.0000,10425.0000,-20388.4200,O,Main Location
SI0001SI#000082,2025-05-21 00:00:00.000,GO1 4+64,16,-2.0000,10425.0000,-20388.4200,O,Main Location
SI0001SI#000081,2025-05-21 00:00:00.000,GO1 4+64,16,-45.0000,10194.2100,-458739.4500,O,Main Location
SI0001SI#000084,2025-05-21 00:00:00.000,Camon 40(8+128),16,-5.0000,21220.0000,-103268.4000,O,Main Location
SI0001SI#000083,2025-05-21 00:00:00.000,Camon 40(8+128),16,-2.0000,21220.0000,-41307.3600,O,Main Location
PI0001PI#000009,2025-05-21 00:00:00.000,Camon 40(8+128),33,15.0000,20653.6800,309805.2000,I,Main Location
SI0001SI#000079,2025-05-20 00:00:00.000,Spark30 Pro,16,-1.0000,18870.0000,-18366.6700,O,Main Location
SI0001SI#000080,2025-05-20 00:00:00.000,Spark 30C 6+128,16,-1.0000,13270.0000,-12975.8200,O,Main Location
SI0001SI#000079,2025-05-20 00:00:00.000,Spark 30C 6+128,16,-2.0000,13270.0000,-25951.6400,O,Main Location
SI0001SI#000077,2025-05-20 00:00:00.000,Spark 30C 6+128,16,-4.0000,13270.0000,-51903.2800,O,Main Location
SI0001SI#000080,2025-05-20 00:00:00.000,GO1 4+64,16,-1.0000,10425.0000,-10194.2100,O,Main Location
SI0001SI#000079,2025-05-20 00:00:00.000,GO1 4+64,16,-2.0000,10425.0000,-20388.4200,O,Main Location
SI0001SI#000077,2025-05-20 00:00:00.000,GO1 4+64,16,-4.0000,10425.0000,-40776.8400,O,Main Location
SI0001SI#000079,2025-05-20 00:00:00.000,GO1 4+128,16,-2.0000,11845.0000,-23165.0200,O,Main Location
SI0001SI#000077,2025-05-20 00:00:00.000,GO1 4+128,16,-2.0000,11845.0000,-23165.0200,O,Main Location
SI0001SI#000079,2025-05-20 00:00:00.000,Camon 40(8+128),16,-1.0000,21220.0000,-20653.6800,O,Main Location
SI0001SI#000078,2025-05-20 00:00:00.000,Camon 40(8+128),16,-2.0000,21220.0000,-41307.3600,O,Main Location
PI0001PI#000008,2025-05-19 00:00:00.000,Spark30 Pro,33,10.0000,18366.6700,183666.7000,I,Main Location
SI0001SI#000074,2025-05-19 00:00:00.000,Spark 30C 6+128,16,-5.0000,13270.0000,-64879.1000,O,Main Location
SI0001SI#000071,2025-05-19 00:00:00.000,Spark 30C 6+128,16,-5.0000,13270.0000,-64879.1000,O,Main Location
SI0001SI#000076,2025-05-19 00:00:00.000,GO1 4+64,16,-1.0000,10425.0000,-10194.2100,O,Main Location
SI0001SI#000071,2025-05-19 00:00:00.000,GO1 4+128,16,-10.0000,11845.0000,-115825.1000,O,Main Location
SI0001SI#000076,2025-05-19 00:00:00.000,Camon 40(8+128),16,-3.0000,21220.0000,-61961.0400,O,Main Location
SI0001SI#000075,2025-05-19 00:00:00.000,Camon 40(8+128),16,-1.0000,21220.0000,-20653.6800,O,Main Location
SI0001SI#000074,2025-05-19 00:00:00.000,Camon 40(8+128),16,-2.0000,21220.0000,-41307.3600,O,Main Location
SI0001SI#000073,2025-05-19 00:00:00.000,Camon 40(8+128),16,-3.0000,21220.0000,-61961.0400,O,Main Location
SI0001SI#000072,2025-05-19 00:00:00.000,Camon 40(8+128),16,-1.0000,21220.0000,-20653.6800,O,Main Location
PI0001PI#000008,2025-05-19 00:00:00.000,Camon 40(8+128),33,14.0000,20653.6800,289151.5200,I,Main Location
SI0001SI#000068,2025-05-18 00:00:00.000,Spark30 Pro,16,-1.0000,18870.0000,-18366.6700,O,Main Location
SI0001SI#000070,2025-05-18 00:00:00.000,Spark 30C 6+128,16,-2.0000,13270.0000,-25951.6400,O,Main Location
SI0001SI#000069,2025-05-18 00:00:00.000,Spark 30C 6+128,16,-1.0000,13270.0000,-12975.8200,O,Main Location
SI0001SI#000068,2025-05-18 00:00:00.000,Spark 30C 6+128,16,-11.0000,13270.0000,-142734.0200,O,Main Location
SI0001SI#000068,2025-05-18 00:00:00.000,Spark 20C 4+128,16,-1.0000,11320.0000,-11016.1700,O,Main Location
SI0001SI#000070,2025-05-18 00:00:00.000,GO1 4+64,16,-1.0000,10425.0000,-10194.2100,O,Main Location
SI0001SI#000068,2025-05-18 00:00:00.000,GO1 4+64,16,-1.0000,10425.0000,-10194.2100,O,Main Location
PI0001PI#000007,2025-05-18 00:00:00.000,GO1 4+64,33,200.0000,10194.2100,2038842.0000,I,Main Location
SI0001SI#000070,2025-05-18 00:00:00.000,GO1 4+128,16,-2.0000,11845.0000,-23165.0200,O,Main Location
SI0001SI#000063,2025-05-16 00:00:00.000,Spark 30C 6+128,16,-8.0000,13270.0000,-103806.5600,O,Main Location
SI0001SI#000063,2025-05-16 00:00:00.000,GO1 4+64,16,-4.0000,10425.0000,-40776.8400,O,Main Location
SI0001SI#000062,2025-05-16 00:00:00.000,GO1 4+64,16,-6.0000,10425.0000,-61165.2600,O,Main Location
SI0001SI#000061,2025-05-16 00:00:00.000,GO1 4+64,16,-3.0000,10425.0000,-30582.6300,O,Main Location
SI0001SI#000060,2025-05-16 00:00:00.000,GO1 4+64,16,-3.0000,10425.0000,-30582.6300,O,Main Location
SI0001SI#000059,2025-05-16 00:00:00.000,GO1 4+64,16,-2.0000,10425.0000,-20388.4200,O,Main Location
SI0001SI#000058,2025-05-16 00:00:00.000,GO1 4+64,16,-10.0000,10425.0000,-101942.1000,O,Main Location
PI0001PI#000006,2025-05-16 00:00:00.000,GO1 4+64,33,50.0000,10194.2100,509710.5000,I,Main Location
SI0001SI#000059,2025-05-16 00:00:00.000,GO1 4+128,16,-1.0000,11845.0000,-11582.5100,O,Main Location
SI0001SI#000064,2025-05-16 00:00:00.000,Camon40 Pro,16,-6.0000,26410.0000,-154242.0000,O,Main Location
SI0001SI#000062,2025-05-16 00:00:00.000,Camon40 Pro,16,-2.0000,26410.0000,-51414.0000,O,Main Location
SI0001SI#000061,2025-05-16 00:00:00.000,Camon40 Pro,16,-1.0000,26410.0000,-25707.0000,O,Main Location
SI0001SI#000060,2025-05-16 00:00:00.000,Camon40 Pro,16,-1.0000,26410.0000,-25707.0000,O,Main Location
PI0001PI#000006,2025-05-16 00:00:00.000,Camon40 Pro,33,10.0000,25707.0000,257070.0000,I,Main Location
SI0001SI#000057,2025-05-15 00:00:00.000,Spark30 Pro,16,-3.0000,18870.0000,-55100.0100,O,Main Location
SI0001SI#000053,2025-05-15 00:00:00.000,Spark30 Pro,16,-5.0000,18870.0000,-91833.3500,O,Main Location
SI0001SI#000053,2025-05-15 00:00:00.000,Spark 30C 6+128,16,-2.0000,13270.0000,-25951.6400,O,Main Location
SI0001SI#000055,2025-05-15 00:00:00.000,Spark 30C 6+128,16,-2.0000,13270.0000,-25951.6400,O,Main Location
SI0001SI#000050,2025-05-15 00:00:00.000,Spark 30C 6+128,16,-5.0000,13270.0000,-64879.1000,O,Main Location
SI0001SI#000055,2025-05-15 00:00:00.000,Spark 30 8+128,16,-1.0000,16970.0000,-16509.2100,O,Main Location
SI0001SI#000123,2025-05-15 00:00:00.000,One Plus C4 Light,16,-1.0000,23430.0000,-22830.0000,O,Main Location
SI0001SI#000053,2025-05-15 00:00:00.000,GO1 4+64,16,-2.0000,10425.0000,-20388.4200,O,Main Location
SI0001SI#000056,2025-05-15 00:00:00.000,GO1 4+64,16,-40.0000,10425.0000,-407768.4000,O,Main Location
SI0001SI#000055,2025-05-15 00:00:00.000,GO1 4+64,16,-1.0000,10425.0000,-10194.2100,O,Main Location
SI0001SI#000052,2025-05-15 00:00:00.000,GO1 4+64,16,-2.0000,10425.0000,-20388.4200,O,Main Location
PI0001PI#000005,2025-05-15 00:00:00.000,GO1 4+64,33,50.0000,10194.2100,509710.5000,I,Main Location
SI0001SI#000050,2025-05-15 00:00:00.000,GO1 4+64,16,-5.0000,10425.0000,-50971.0500,O,Main Location
SI0001SI#000050,2025-05-15 00:00:00.000,GO1 4+128,16,-5.0000,11845.0000,-57912.5500,O,Main Location
SI0001SI#000053,2025-05-15 00:00:00.000,Camon40 Pro,16,-3.0000,26410.0000,-77121.0000,O,Main Location
SI0001SI#000056,2025-05-15 00:00:00.000,Camon40 Pro,16,-10.0000,26410.0000,-257070.0000,O,Main Location
SI0001SI#000052,2025-05-15 00:00:00.000,Camon40 Pro,16,-1.0000,26410.0000,-25707.0000,O,Main Location
SI0001SI#000051,2025-05-15 00:00:00.000,Camon40 Pro,16,-6.0000,26410.0000,-154242.0000,O,Main Location
PI0001PI#000005,2025-05-15 00:00:00.000,Camon40 Pro,33,20.0000,25707.0000,514140.0000,I,Main Location
SI0001SI#000054,2025-05-15 00:00:00.000,Camon30S 8+256,16,-1.0000,26410.0000,-25701.0500,O,Main Location
SI0001SI#000035,2025-05-14 00:00:00.000,Spark30 Pro,16,-1.0000,18870.0000,-18366.6700,O,Main Location
SI0001SI#000047,2025-05-14 00:00:00.000,Spark 30C 6+128,16,-2.0000,13270.0000,-25951.6400,O,Main Location
SI0001SI#000046,2025-05-14 00:00:00.000,Spark 30C 6+128,16,-1.0000,13270.0000,-12975.8200,O,Main Location
SI0001SI#000036,2025-05-14 00:00:00.000,Spark 30C 6+128,16,-3.0000,13270.0000,-38927.4600,O,Main Location
PI0001PI#000004,2025-05-14 00:00:00.000,Spark 30C 6+128,33,20.0000,12975.8200,259516.4000,I,Main Location
SI0001SI#000036,2025-05-14 00:00:00.000,GO1 4+64,16,-10.0000,10425.0000,-101942.1000,O,Main Location
SI0001SI#000035,2025-05-14 00:00:00.000,GO1 4+64,16,-3.0000,10425.0000,-30582.6300,O,Main Location
SI0001SI#000047,2025-05-14 00:00:00.000,GO1 4+128,16,-1.0000,11845.0000,-11582.5100,O,Main Location
SI0001SI#000035,2025-05-14 00:00:00.000,GO1 4+128,16,-2.0000,11845.0000,-23165.0200,O,Main Location
SI0001SI#000049,2025-05-14 00:00:00.000,Camon40 Pro,16,-7.0000,26410.0000,-179949.0000,O,Main Location
SI0001SI#000048,2025-05-14 00:00:00.000,Camon40 Pro,16,-3.0000,26410.0000,-77121.0000,O,Main Location
SI0001SI#000047,2025-05-14 00:00:00.000,Camon40 Pro,16,-2.0000,26410.0000,-51414.0000,O,Main Location
SI0001SI#000035,2025-05-14 00:00:00.000,Camon40 Pro,16,-6.0000,26410.0000,-154242.0000,O,Main Location
PI0001PI#000004,2025-05-14 00:00:00.000,Camon40 Pro,33,18.0000,25707.0000,462726.0000,I,Main Location
SI0001SI#000034,2025-05-13 00:00:00.000,Spark30 Pro,16,-5.0000,18870.0000,-91833.3500,O,Main Location
SI0001SI#000034,2025-05-13 00:00:00.000,Spark 30C 6+128,16,-20.0000,13270.0000,-259516.4000,O,Main Location
SI0001SI#000027,2025-05-13 00:00:00.000,Spark 30C 6+128,16,-1.0000,13270.0000,-12975.8200,O,Main Location
SI0001SI#000034,2025-05-13 00:00:00.000,GO1 4+64,16,-5.0000,10425.0000,-50971.0500,O,Main Location
SI0001SI#000027,2025-05-13 00:00:00.000,GO1 4+64,16,-3.0000,10425.0000,-30582.6300,O,Main Location
SI0001SI#000034,2025-05-13 00:00:00.000,GO1 4+128,16,-2.0000,11845.0000,-23165.0200,O,Main Location
SI0001SI#000027,2025-05-13 00:00:00.000,Camon40 8+256,16,-1.0000,22640.0000,-22041.9000,O,Main Location
PI0001PI#000003,2025-05-12 00:00:00.000,Spark30 Pro,33,10.0000,18366.6700,183666.7000,I,Main Location
PI0001PI#000003,2025-05-12 00:00:00.000,Spark 30C 6+128,33,60.0000,12975.8200,778549.2000,I,Main Location
PI0001PI#000003,2025-05-12 00:00:00.000,GO1 4+64,33,40.0000,10194.2100,407768.4000,I,Main Location
SI0001SI#000033,2025-05-12 00:00:00.000,GO1 4+64,16,-15.0000,10425.0000,-152913.1500,O,Main Location
SI0001SI#000033,2025-05-12 00:00:00.000,GO1 4+128,16,-1.0000,11845.0000,-11582.5100,O,Main Location
SI0001SI#000006,2025-05-11 00:00:00.000,Spark 20C 4+128,16,-1.0000,11320.0000,-11016.1700,O,Main Location
SI0001SI#000006,2025-05-11 00:00:00.000,GO1 4+64,16,-10.0000,10425.0000,-101942.1000,O,Main Location
SI0001SI#000005,2025-05-11 00:00:00.000,GO1 4+64,16,-10.0000,10425.0000,-101942.1000,O,Main Location
SI0001SI#000004,2025-05-11 00:00:00.000,GO1 4+64,16,-30.0000,10425.0000,-305826.3000,O,Main Location
SI0001SI#000003,2025-05-11 00:00:00.000,GO1 4+64,16,-1.0000,10425.0000,-10194.2100,O,Main Location
SI0001SI#000002,2025-05-11 00:00:00.000,GO1 4+64,16,-2.0000,10425.0000,-20388.4200,O,Main Location
SI0001SI#000001,2025-05-11 00:00:00.000,GO1 4+64,16,-8.0000,10425.0000,-81553.6800,O,Main Location
SI0001SI#000006,2025-05-11 00:00:00.000,GO1 4+128,16,-5.0000,11845.0000,-57912.5500,O,Main Location
SI0001SI#000002,2025-05-11 00:00:00.000,GO1 4+128,16,-2.0000,11845.0000,-23165.0200,O,Main Location
SI0001SI#000001,2025-05-11 00:00:00.000,GO1 4+128,16,-2.0000,11845.0000,-23165.0200,O,Main Location
SI0001SI#000006,2025-05-11 00:00:00.000,Camon30S 8+256,16,-3.0000,26410.0000,-77103.1500,O,Main Location
SI0001SI#000041,2025-05-09 00:00:00.000,Spark30 Pro,16,-1.0000,18870.0000,-18366.6700,O,Main Location
SI0001SI#000045,2025-05-09 00:00:00.000,Spark 30C 6+128,16,-10.0000,13270.0000,-129758.2000,O,Main Location
SI0001SI#000043,2025-05-09 00:00:00.000,Spark 30C 6+128,16,-2.0000,13270.0000,-25951.6400,O,Main Location
SI0001SI#000038,2025-05-09 00:00:00.000,Spark 30C 6+128,16,-1.0000,13270.0000,-12975.8200,O,Main Location
SI0001SI#000032,2025-05-09 00:00:00.000,Spark 30C 6+128,16,-12.0000,13270.0000,-155709.8400,O,Main Location
SI0001SI#000031,2025-05-09 00:00:00.000,Spark 30C 6+128,16,-4.0000,13270.0000,-51903.2800,O,Main Location
SI0001SI#000030,2025-05-09 00:00:00.000,Spark 30C 6+128,16,-2.0000,13270.0000,-25951.6400,O,Main Location
PI0001PI#000002,2025-05-09 00:00:00.000,Spark 30C 6+128,33,19.0000,12975.8200,246540.5800,I,Main Location
SI0001SI#000045,2025-05-09 00:00:00.000,GO1 4+64,16,-20.0000,10425.0000,-203884.2000,O,Main Location
SI0001SI#000042,2025-05-09 00:00:00.000,GO1 4+64,16,-2.0000,10425.0000,-20388.4200,O,Main Location
SI0001SI#000040,2025-05-09 00:00:00.000,GO1 4+64,16,-1.0000,10425.0000,-10194.2100,O,Main Location
SI0001SI#000039,2025-05-09 00:00:00.000,GO1 4+64,16,-1.0000,10425.0000,-10194.2100,O,Main Location
SI0001SI#000038,2025-05-09 00:00:00.000,GO1 4+64,16,-1.0000,10425.0000,-10194.2100,O,Main Location
SI0001SI#000032,2025-05-09 00:00:00.000,GO1 4+64,16,-13.0000,10425.0000,-132524.7300,O,Main Location
SI0001SI#000030,2025-05-09 00:00:00.000,GO1 4+64,16,-1.0000,10425.0000,-10194.2100,O,Main Location
PI0001PI#000002,2025-05-09 00:00:00.000,GO1 4+64,33,50.0000,10194.2100,509710.5000,I,Main Location
SI0001SI#000043,2025-05-09 00:00:00.000,GO1 4+128,16,-2.0000,11845.0000,-23165.0200,O,Main Location
SI0001SI#000039,2025-05-09 00:00:00.000,GO1 4+128,16,-1.0000,11845.0000,-11582.5100,O,Main Location
SI0001SI#000032,2025-05-09 00:00:00.000,GO1 4+128,16,-3.0000,11845.0000,-34747.5300,O,Main Location
SI0001SI#000031,2025-05-09 00:00:00.000,GO1 4+128,16,-5.0000,11845.0000,-57912.5500,O,Main Location
SI0001SI#000030,2025-05-09 00:00:00.000,GO1 4+128,16,-1.0000,11845.0000,-11582.5100,O,Main Location
SI0001SI#000044,2025-05-09 00:00:00.000,Camon40 8+256,16,-2.0000,22640.0000,-44083.8000,O,Main Location
SI0001SI#000043,2025-05-09 00:00:00.000,Camon40 8+256,16,-1.0000,22640.0000,-22041.9000,O,Main Location
SI0001SI#000032,2025-05-09 00:00:00.000,Camon40 8+256,16,-3.0000,22640.0000,-66125.7000,O,Main Location
SI0001SI#000029,2025-05-09 00:00:00.000,Camon40 8+256,16,-1.0000,22640.0000,-22041.9000,O,Main Location
SI0001SI#000038,2025-05-09 00:00:00.000,Camon30S 8+256,16,-1.0000,26410.0000,-25701.0500,O,Main Location
SI0001SI#000032,2025-05-09 00:00:00.000,Camon30S 8+256,16,-1.0000,26410.0000,-25701.0500,O,Main Location
SI0001SI#000028,2025-05-08 00:00:00.000,Spark30 Pro,16,-1.0000,18870.0000,-18366.6700,O,Main Location
SI0001SI#000025,2025-05-08 00:00:00.000,Spark30 Pro,16,-1.0000,18870.0000,-18366.6700,O,Main Location
SI0001SI#000024,2025-05-08 00:00:00.000,Spark30 Pro,16,-1.0000,18870.0000,-18366.6700,O,Main Location
SI0001SI#000025,2025-05-08 00:00:00.000,Spark 30C 6+128,16,-3.0000,13270.0000,-38927.4600,O,Main Location
SI0001SI#000024,2025-05-08 00:00:00.000,Spark 30C 6+128,16,-3.0000,13270.0000,-38927.4600,O,Main Location
SI0001SI#000024,2025-05-08 00:00:00.000,Spark 30 8+128,16,-1.0000,16970.0000,-16509.2100,O,Main Location
SI0001SI#000026,2025-05-08 00:00:00.000,GO1 4+64,16,-2.0000,10425.0000,-20388.4200,O,Main Location
SI0001SI#000025,2025-05-08 00:00:00.000,GO1 4+64,16,-8.0000,10425.0000,-81553.6800,O,Main Location
SI0001SI#000024,2025-05-08 00:00:00.000,GO1 4+64,16,-2.0000,10425.0000,-20388.4200,O,Main Location
SI0001SI#000024,2025-05-08 00:00:00.000,GO1 4+128,16,-2.0000,11845.0000,-23165.0200,O,Main Location
SI0001SI#000025,2025-05-08 00:00:00.000,Camon40 8+256,16,-1.0000,22640.0000,-22041.9000,O,Main Location
SI0001SI#000024,2025-05-08 00:00:00.000,Camon40 8+256,16,-1.0000,22640.0000,-22041.9000,O,Main Location
SI0001SI#000022,2025-05-07 00:00:00.000,Spark 30C 6+128,16,-4.0000,13270.0000,-51903.2800,O,Main Location
SI0001SI#000020,2025-05-07 00:00:00.000,Spark 30C 6+128,16,-1.0000,13270.0000,-12975.8200,O,Main Location
PI0001PI#000001,2025-05-07 00:00:00.000,Spark 30C 6+128,33,20.0000,12975.8200,259516.4000,I,Main Location
SI0001SI#000022,2025-05-07 00:00:00.000,GO1 4+64,16,-3.0000,10425.0000,-30582.6300,O,Main Location
SI0001SI#000021,2025-05-07 00:00:00.000,GO1 4+64,16,-2.0000,10425.0000,-20388.4200,O,Main Location
SI0001SI#000022,2025-05-07 00:00:00.000,GO1 4+128,16,-1.0000,11845.0000,-11582.5100,O,Main Location
SI0001SI#000021,2025-05-07 00:00:00.000,GO1 4+128,16,-3.0000,11845.0000,-34747.5300,O,Main Location
SI0001SI#000023,2025-05-07 00:00:00.000,Camon40 8+256,16,-1.0000,22640.0000,-22041.9000,O,Main Location
SI0001SI#000022,2025-05-07 00:00:00.000,Camon40 8+256,16,-1.0000,22640.0000,-22041.9000,O,Main Location
SI0001SI#000020,2025-05-07 00:00:00.000,Camon40 8+256,16,-1.0000,22640.0000,-22041.9000,O,Main Location
SI0001SI#000020,2025-05-07 00:00:00.000,Camon30S 8+256,16,-2.0000,26410.0000,-51402.1000,O,Main Location
SI0001SI#000019,2025-05-06 00:00:00.000,Spark 30C 6+128,16,-2.0000,13270.0000,-25951.6400,O,Main Location
SI0001SI#000017,2025-05-06 00:00:00.000,Spark 30C 6+128,16,-2.0000,13270.0000,-25951.6400,O,Main Location
SI0001SI#000017,2025-05-06 00:00:00.000,GO1 4+64,16,-1.0000,10425.0000,-10194.2100,O,Main Location
SI0001SI#000017,2025-05-06 00:00:00.000,GO1 4+128,16,-1.0000,11845.0000,-11582.5100,O,Main Location
SI0001SI#000018,2025-05-06 00:00:00.000,Camon40 8+256,16,-1.0000,22640.0000,-22041.9000,O,Main Location
SI0001SI#000015,2025-05-05 00:00:00.000,Spark 30C 6+128,16,-1.0000,13270.0000,-12975.8200,O,Main Location
SI0001SI#000014,2025-05-05 00:00:00.000,Spark 30C 6+128,16,-9.0000,13270.0000,-116782.3800,O,Main Location
SI0001SI#000016,2025-05-05 00:00:00.000,GO1 4+64,16,-10.0000,10425.0000,-101942.1000,O,Main Location
SI0001SI#000016,2025-05-05 00:00:00.000,GO1 4+128,16,-10.0000,11845.0000,-115825.1000,O,Main Location
SI0001SI#000014,2025-05-05 00:00:00.000,Camon40 8+256,16,-1.0000,22640.0000,-22041.9000,O,Main Location
SI0001SI#000013,2025-05-04 00:00:00.000,Spark30 Pro,16,-1.0000,18870.0000,-18366.6700,O,Main Location
SI0001SI#000013,2025-05-04 00:00:00.000,Spark 30C 6+128,16,-3.0000,13270.0000,-38927.4600,O,Main Location
SI0001SI#000012,2025-05-04 00:00:00.000,Spark 30C 6+128,16,-3.0000,13270.0000,-38927.4600,O,Main Location
SI0001SI#000013,2025-05-04 00:00:00.000,Spark 30 8+128,16,-1.0000,16970.0000,-16509.2100,O,Main Location
SI0001SI#000013,2025-05-04 00:00:00.000,GO1 4+64,16,-5.0000,10425.0000,-50971.0500,O,Main Location
SI0001SI#000012,2025-05-04 00:00:00.000,GO1 4+64,16,-2.0000,10425.0000,-20388.4200,O,Main Location
SI0001SI#000013,2025-05-04 00:00:00.000,Camon40 8+256,16,-3.0000,22640.0000,-66125.7000,O,Main Location
SI0001SI#000007,2025-05-02 00:00:00.000,Spark30 Pro,16,-1.0000,18870.0000,-18366.6700,O,Main Location
SI0001SI#000011,2025-05-02 00:00:00.000,Spark 30C 6+128,16,-2.0000,13270.0000,-25951.6400,O,Main Location
SI0001SI#000009,2025-05-02 00:00:00.000,Spark 30C 6+128,16,-10.0000,13270.0000,-129758.2000,O,Main Location
SI0001SI#000008,2025-05-02 00:00:00.000,Spark 30C 6+128,16,-3.0000,13270.0000,-38927.4600,O,Main Location
SI0001SI#000007,2025-05-02 00:00:00.000,Spark 30C 6+128,16,-4.0000,13270.0000,-51903.2800,O,Main Location
SI0001SI#000007,2025-05-02 00:00:00.000,Spark 30 8+128,16,-1.0000,16970.0000,-16509.2100,O,Main Location
SI0001SI#000009,2025-05-02 00:00:00.000,GO1 4+64,16,-15.0000,10425.0000,-152913.1500,O,Main Location
SI0001SI#000008,2025-05-02 00:00:00.000,GO1 4+64,16,-1.0000,10425.0000,-10194.2100,O,Main Location
SI0001SI#000009,2025-05-02 00:00:00.000,GO1 4+128,16,-15.0000,11845.0000,-173737.6500,O,Main Location
SI0001SI#000007,2025-05-02 00:00:00.000,GO1 4+128,16,-3.0000,11845.0000,-34747.5300,O,Main Location
SI0001SI#000007,2025-05-02 00:00:00.000,GO1 3+64,16,-2.0000,9480.0000,-18545.2000,O,Main Location
SI0001SI#000010,2025-05-02 00:00:00.000,Camon40 8+256,16,-3.0000,22640.0000,-66125.7000,O,Main Location
SI0001SI#000008,2025-05-02 00:00:00.000,Camon40 8+256,16,-5.0000,22640.0000,-110209.5000,O,Main Location
SI0001SI#000007,2025-05-02 00:00:00.000,Camon40 8+256,16,-3.0000,22640.0000,-66125.7000,O,Main Location
SI0001SI#000010,2025-05-02 00:00:00.000,Camon30S 8+256,16,-2.0000,26410.0000,-51402.1000,O,Main Location
OP000139-OPN11,1900-01-01 00:00:00.000,Tablet Megapad 4+128,0,.0000,.0000,.0000,NULL,Main Location
OP000155-OPN11,1900-01-01 00:00:00.000,Spark50 Pro Luiv Demo,0,.0000,.0000,.0000,NULL,Main Location
OP000156-OPN11,1900-01-01 00:00:00.000,Spark50 Pro (4-128),0,.0000,.0000,.0000,NULL,Main Location
OP000128-OPN11,1900-01-01 00:00:00.000,Spark40 Pro Pius,0,.0000,.0000,.0000,NULL,Main Location
OP000120-OPN11,1900-01-01 00:00:00.000,Spark40 (6+128),0,.0000,.0000,.0000,NULL,Main Location
OP00018-OPN11,1900-01-01 00:00:00.000,Spark30 Pro,0,13.0000,18366.6700,238766.7100,NULL,Main Location
OP000160-OPN11,1900-01-01 00:00:00.000,Spark 50c (4+64),0,.0000,.0000,.0000,NULL,Main Location
OP000161-OPN11,1900-01-01 00:00:00.000,Spark 50c (4+128),0,.0000,.0000,.0000,NULL,Main Location
OP000154-OPN11,1900-01-01 00:00:00.000,Spark 50 Pro (6-128),0,.0000,.0000,.0000,NULL,Main Location
OP000150-OPN11,1900-01-01 00:00:00.000,Spark 50 5G (6+128),0,.0000,.0000,.0000,NULL,Main Location
OP000149-OPN11,1900-01-01 00:00:00.000,Spark 50 (6+128),0,.0000,.0000,.0000,NULL,Main Location
OP000148-OPN11,1900-01-01 00:00:00.000,Spark 50 (4+128),0,.0000,.0000,.0000,NULL,Main Location
OP000125-OPN11,1900-01-01 00:00:00.000,Spark 40c (4+128),0,.0000,.0000,.0000,NULL,Main Location
OP000124-OPN11,1900-01-01 00:00:00.000,Spark 40(8+256),0,.0000,.0000,.0000,NULL,Main Location
OP000121-OPN11,1900-01-01 00:00:00.000,Spark 40 Pro,0,.0000,.0000,.0000,NULL,Main Location
OP000134-OPN11,1900-01-01 00:00:00.000,Spark 40 5G,0,.0000,.0000,.0000,NULL,Main Location
OP00017-OPN11,1900-01-01 00:00:00.000,Spark 30C 8+256,0,.0000,.0000,.0000,NULL,Main Location
OP00016-OPN11,1900-01-01 00:00:00.000,Spark 30C 6+128,0,45.0000,12975.8200,583911.9000,NULL,Main Location
OP00015-OPN11,1900-01-01 00:00:00.000,Spark 30 8+128,0,11.0000,16509.2100,181601.3100,NULL,Main Location
OP00014-OPN11,1900-01-01 00:00:00.000,Spark 20C 4+128,0,5.0000,11016.1700,55080.8500,NULL,Main Location
OP000162-OPN11,1900-01-01 00:00:00.000,SP 50 4G(8-256),0,.0000,.0000,.0000,NULL,Main Location
OP000129-OPN11,1900-01-01 00:00:00.000,Pova Slim,0,.0000,.0000,.0000,NULL,Main Location
OP000153-OPN11,1900-01-01 00:00:00.000,Pova Curve 2 (8+128),0,.0000,.0000,.0000,NULL,Main Location
OP000145-OPN11,1900-01-01 00:00:00.000,Pova Curve 2,0,.0000,.0000,.0000,NULL,Main Location
OP000133-OPN11,1900-01-01 00:00:00.000,Pova Carve,0,.0000,.0000,.0000,NULL,Main Location
OP000130-OPN11,1900-01-01 00:00:00.000,Pova 7 Pro,0,.0000,.0000,.0000,NULL,Main Location
OP000113-OPN11,1900-01-01 00:00:00.000,One Plus C4 Light,0,2.0000,22830.0000,45660.0000,NULL,Main Location
OP000115-OPN11,1900-01-01 00:00:00.000,N30 SE,0,1.0000,14750.0000,14750.0000,NULL,Main Location
OP000151-OPN11,1900-01-01 00:00:00.000,Live Demo Spark 50 5G,0,.0000,.0000,.0000,NULL,Main Location
OP000152-OPN11,1900-01-01 00:00:00.000,Live Demo Spark 50 (4+128),0,.0000,.0000,.0000,NULL,Main Location
OP000123-OPN11,1900-01-01 00:00:00.000,Live Demo Spark 40 Pro,0,.0000,.0000,.0000,NULL,Main Location
OP000136-OPN11,1900-01-01 00:00:00.000,Live Demo Spark 40 5G,0,.0000,.0000,.0000,NULL,Main Location
OP000122-OPN11,1900-01-01 00:00:00.000,Live Demo Spark 40,0,.0000,.0000,.0000,NULL,Main Location
OP000132-OPN11,1900-01-01 00:00:00.000,Live DEMO Pova Silm,0,.0000,.0000,.0000,NULL,Main Location
OP000144-OPN11,1900-01-01 00:00:00.000,LIVE DEMO Pova Curve 2,0,.0000,.0000,.0000,NULL,Main Location
OP000135-OPN11,1900-01-01 00:00:00.000,Live Demo Pova Cave,0,.0000,.0000,.0000,NULL,Main Location
OP000131-OPN11,1900-01-01 00:00:00.000,Live Demo Pova 7,0,.0000,.0000,.0000,NULL,Main Location
OP000142-OPN11,1900-01-01 00:00:00.000,Live Demo Go3,0,.0000,.0000,.0000,NULL,Main Location
OP000118-OPN11,1900-01-01 00:00:00.000,Live Demo Go2,0,.0000,.0000,.0000,NULL,Main Location
OP000143-OPN11,1900-01-01 00:00:00.000,Live Demo Camon 50,0,.0000,.0000,.0000,NULL,Main Location
OP000126-OPN11,1900-01-01 00:00:00.000,Live Demo 40pro+,0,.0000,.0000,.0000,NULL,Main Location
OP000127-OPN11,1900-01-01 00:00:00.000,Live 40c,0,.0000,.0000,.0000,NULL,Main Location
OP000117-OPN11,1900-01-01 00:00:00.000,Go2(3+64),0,.0000,.0000,.0000,NULL,Main Location
OP000116-OPN11,1900-01-01 00:00:00.000,Go2,0,.0000,.0000,.0000,NULL,Main Location
OP00012-OPN11,1900-01-01 00:00:00.000,GO1 4+64,0,268.0000,10194.2100,2732048.2800,NULL,Main Location
OP00013-OPN11,1900-01-01 00:00:00.000,GO1 4+128,0,177.0000,11582.5100,2050104.2700,NULL,Main Location
OP00011-OPN11,1900-01-01 00:00:00.000,GO1 3+64,0,29.0000,9272.6000,268905.4000,NULL,Main Location
OP000137-OPN11,1900-01-01 00:00:00.000,Go 3 (4+64),0,.0000,.0000,.0000,NULL,Main Location
OP000138-OPN11,1900-01-01 00:00:00.000,Go 3 (4+128),0,.0000,.0000,.0000,NULL,Main Location
OP000112-OPN11,1900-01-01 00:00:00.000,Camon40 Pro,0,.0000,.0000,.0000,NULL,Main Location
OP000111-OPN11,1900-01-01 00:00:00.000,Camon40 8+256,0,29.0000,22041.9000,639215.1000,NULL,Main Location
OP000110-OPN11,1900-01-01 00:00:00.000,Camon30S 8+256,0,10.0000,25701.0500,257010.5000,NULL,Main Location
OP00019-OPN11,1900-01-01 00:00:00.000,Camon30 12+256,0,2.0000,27535.0000,55070.0000,NULL,Main Location
OP000159-OPN11,1900-01-01 00:00:00.000,Camon Slim (8-256),0,.0000,.0000,.0000,NULL,Main Location
OP000158-OPN11,1900-01-01 00:00:00.000,Camon Air (8-256),0,.0000,.0000,.0000,NULL,Main Location
OP000157-OPN11,1900-01-01 00:00:00.000,Camon Air (8-128),0,.0000,.0000,.0000,NULL,Main Location
OP000146-OPN11,1900-01-01 00:00:00.000,Camon 50 Ultra (8+256),0,.0000,.0000,.0000,NULL,Main Location
OP000147-OPN11,1900-01-01 00:00:00.000,Camon 50 Ultra (12+256),0,.0000,.0000,.0000,NULL,Main Location
OP000141-OPN11,1900-01-01 00:00:00.000,Camon 50 (8+256),0,.0000,.0000,.0000,NULL,Main Location
OP000140-OPN11,1900-01-01 00:00:00.000,Camon 50 (8+128),0,.0000,.0000,.0000,NULL,Main Location
OP000114-OPN11,1900-01-01 00:00:00.000,Camon 40(8+128),0,.0000,.0000,.0000,NULL,Main Location
OP000119-OPN11,1900-01-01 00:00:00.000,Camon 40 Pro 5G,0,.0000,.0000,.0000,NULL,Main Location
