INV_REF_NO,INV_DATE,STOCKITEM_NAME,INV_VOUCHER_TYPE,INV_INOUT_FLAG,INV_TRAN_QUANTITY,INV_UOM,INV_TRAN_RATE,INV_TRAN_AMOUNT,INWARD_QUANTITY,INWARD_AMOUNT,OUTWARD_QUANTITY,OUTWARD_SALES_AMOUNT,OUTWARD_COST_AMOUNT,GODOWNS_NAME,INV_TRAN_RUNNING_QTY,INV_TRAN_BALANCE_QTY
SI0001SI#001865,2026-10-02 00:00:00.000,Pova Curve 2,16,O,-1.0000,pcs,37740.0000,-35531.5669,.0000,.00,-1.0000,-37173.90,-35531.57,Main Location,16.0000,.0000
SI0001SI#001863,2026-09-30 00:00:00.000,Spark 50 (6+128),16,O,-1.0000,pcs,20754.0000,-20122.4777,.0000,.00,-1.0000,-20442.69,-20122.48,Main Location,336.0000,.0000
PI0001PI#000221,2026-09-30 00:00:00.000,Go 3 (4+64),33,I,580.0000,pcs,15640.7400,9071629.2000,580.0000,9071629.20,.0000,.00,.00,Main Location,2475.0000,580.0000
SI0001SI#001864,2026-09-30 00:00:00.000,Go 3 (4+64),16,O,-100.0000,pcs,14300.0000,-1492845.5873,.0000,.00,-100.0000,-1430000.00,-1492845.59,Main Location,2475.0000,.0000
PI0001PI#000220,2026-09-29 00:00:00.000,Go 3 (4+64),33,I,45.0000,pcs,15640.7400,703833.3000,45.0000,703833.30,.0000,.00,.00,Main Location,1995.0000,45.0000
SI0001SI#001861,2026-09-29 00:00:00.000,Go 3 (4+64),16,O,-2.0000,pcs,16030.0000,-29442.7516,.0000,.00,-2.0000,-31579.10,-29442.75,Main Location,1995.0000,.0000
SI0001SI#001862,2026-09-29 00:00:00.000,Camon 50 (8+128),16,O,-10.0000,pcs,32195.0000,-319495.8929,.0000,.00,-10.0000,-321950.00,-319495.89,Main Location,30.0000,.0000
PI0001PI#000219,2026-09-28 00:00:00.000,Spark 50 Pro (6-128),33,I,5.0000,pcs,24838.0000,124190.0000,5.0000,124190.00,.0000,.00,.00,Main Location,5.0000,5.0000
PI0001PI#000218,2026-09-27 00:00:00.000,Spark 50c (4+64),33,I,10.0000,pcs,20260.3300,202603.3000,10.0000,202603.30,.0000,.00,.00,Main Location,12.0000,10.0000
PI0001PI#000218,2026-09-27 00:00:00.000,Spark 50c (4+128),33,I,10.0000,pcs,22087.7000,220877.0000,10.0000,220877.00,.0000,.00,.00,Main Location,12.0000,10.0000
PI0001PI#000218,2026-09-27 00:00:00.000,Go 3 (4+64),33,I,80.0000,pcs,15640.7400,1251259.2000,80.0000,1251259.20,.0000,.00,.00,Main Location,1952.0000,80.0000
SI0001SI#001860,2026-09-27 00:00:00.000,Go 3 (4+64),16,O,-100.0000,pcs,14300.0000,-1470018.1416,.0000,.00,-100.0000,-1430000.00,-1470018.14,Main Location,1952.0000,.0000
SI0001SI#001850,2026-09-24 00:00:00.000,Go 3 (4+64),16,O,-50.0000,pcs,15200.0000,-733101.2441,.0000,.00,-50.0000,-760000.00,-733101.24,Main Location,1972.0000,.0000
SI0001SI#001849,2026-09-23 00:00:00.000,Spark 40(8+256),16,O,-1.0000,pcs,18880.0000,-17465.3538,.0000,.00,-1.0000,-18502.40,-17465.35,Main Location,2.0000,.0000
SI0001SI#001849,2026-09-23 00:00:00.000,Spark 40 5G,16,O,-1.0000,pcs,16040.0000,-15636.2800,.0000,.00,-1.0000,-15719.20,-15636.28,Main Location,2.0000,.0000
PI0001PI#000217,2026-09-23 00:00:00.000,Go 3 (4+64),33,I,80.0000,pcs,15640.7400,1251259.2000,80.0000,1251259.20,.0000,.00,.00,Main Location,2022.0000,80.0000
PI0001PI#000216,2026-09-23 00:00:00.000,Go 3 (4+64),33,I,44.0000,pcs,15640.7400,688192.5600,44.0000,688192.56,.0000,.00,.00,Main Location,2022.0000,44.0000
PI0001PI#000216,2026-09-23 00:00:00.000,Camon Slim (8-256),33,I,3.0000,pcs,55211.0000,165633.0000,3.0000,165633.00,.0000,.00,.00,Main Location,3.0000,3.0000
SI0001SI#001846,2026-09-22 00:00:00.000,Pova Curve 2,16,O,-1.0000,pcs,36785.0000,-35531.5669,.0000,.00,-1.0000,-36785.00,-35531.57,Main Location,17.0000,.0000
SI0001SI#001845,2026-09-21 00:00:00.000,Pova Curve 2 (8+128),16,O,-1.0000,pcs,34910.0000,-34038.9800,.0000,.00,-1.0000,-34386.35,-34038.98,Main Location,9.0000,.0000
SI0001SI#001845,2026-09-21 00:00:00.000,Pova Curve 2,16,O,-1.0000,pcs,37740.0000,-35531.5669,.0000,.00,-1.0000,-37173.90,-35531.57,Main Location,18.0000,.0000
PI0001PI#000215,2026-09-21 00:00:00.000,Go 3 (4+64),33,I,50.0000,pcs,15640.7400,782037.0000,50.0000,782037.00,.0000,.00,.00,Main Location,1898.0000,50.0000
SI0001SI#001843,2026-09-21 00:00:00.000,Go 3 (4+64),16,O,-2.0000,pcs,16030.0000,-29196.1671,.0000,.00,-2.0000,-32060.00,-29196.17,Main Location,1898.0000,.0000
SI0001SI#001845,2026-09-21 00:00:00.000,Camon 50 (8+256),16,O,-1.0000,pcs,36800.0000,-32194.7000,.0000,.00,-1.0000,-36248.00,-32194.70,Main Location,28.0000,.0000
PI0001PI#000215,2026-09-21 00:00:00.000,Camon 50 (8+128),33,I,20.0000,pcs,32195.0000,643900.0000,20.0000,643900.00,.0000,.00,.00,Main Location,40.0000,20.0000
SI0001SI#001844,2026-09-21 00:00:00.000,Camon 50 (8+128),16,O,-1.0000,pcs,33020.0000,-31949.5893,.0000,.00,-1.0000,-32524.70,-31949.59,Main Location,40.0000,.0000
SI0001SI#001858,2026-09-20 00:00:00.000,Spark50 Pro (4-128),16,O,-1.0000,pcs,23019.0000,-22950.0000,.0000,.00,-1.0000,-23019.00,-22950.00,Main Location,4.0000,.0000
SI0001SI#001858,2026-09-20 00:00:00.000,Spark 50c (4+64),16,O,-1.0000,pcs,20260.0000,-20260.3300,.0000,.00,-1.0000,-20260.00,-20260.33,Main Location,2.0000,.0000
SI0001SI#001858,2026-09-20 00:00:00.000,Spark 50c (4+128),16,O,-1.0000,pcs,22087.0000,-22087.7000,.0000,.00,-1.0000,-22087.00,-22087.70,Main Location,2.0000,.0000
SI0001SI#001858,2026-09-20 00:00:00.000,Pova Curve 2,16,O,-1.0000,pcs,36785.0000,-35531.5669,.0000,.00,-1.0000,-36785.00,-35531.57,Main Location,19.0000,.0000
SI0001SI#001842,2026-09-20 00:00:00.000,Pova Curve 2,16,O,-1.0000,pcs,36800.0000,-35531.5669,.0000,.00,-1.0000,-36248.00,-35531.57,Main Location,19.0000,.0000
SI0001SI#001858,2026-09-20 00:00:00.000,Go 3 (4+128),16,O,-1.0000,pcs,15185.0000,-14684.6664,.0000,.00,-1.0000,-15185.00,-14684.67,Main Location,25.0000,.0000
SI0001SI#001858,2026-09-20 00:00:00.000,Camon Air (8-256),16,O,-1.0000,pcs,46011.0000,-46011.0000,.0000,.00,-1.0000,-46011.00,-46011.00,Main Location,.0000,.0000
SI0001SI#001858,2026-09-20 00:00:00.000,Camon Air (8-128),16,O,-1.0000,pcs,41413.0000,-41413.0000,.0000,.00,-1.0000,-41413.00,-41413.00,Main Location,4.0000,.0000
SI0001SI#001847,2026-09-18 00:00:00.000,Spark 50c (4+64),16,O,-2.0000,pcs,20760.0000,-40520.6600,.0000,.00,-2.0000,-41104.80,-40520.66,Main Location,3.0000,.0000
SI0001SI#001847,2026-09-18 00:00:00.000,Spark 50c (4+128),16,O,-2.0000,pcs,22640.0000,-44175.4000,.0000,.00,-2.0000,-44827.20,-44175.40,Main Location,3.0000,.0000
SI0001SI#001841,2026-09-18 00:00:00.000,Pova Curve 2,16,O,-5.0000,pcs,36785.3400,-177657.8348,.0000,.00,-5.0000,-183926.70,-177657.83,Main Location,21.0000,.0000
SI0001SI#001847,2026-09-18 00:00:00.000,Go 3 (4+128),16,O,-10.0000,pcs,15570.0000,-146846.6638,.0000,.00,-10.0000,-154143.00,-146846.66,Main Location,26.0000,.0000
SI0001SI#001840,2026-09-18 00:00:00.000,Camon 50 (8+128),16,O,-1.0000,pcs,33020.0000,-31715.8648,.0000,.00,-1.0000,-32524.70,-31715.86,Main Location,21.0000,.0000
SI0001SI#001830,2026-09-17 00:00:00.000,Go 3 (4+128),16,O,-30.0000,pcs,15570.0000,-440539.9913,.0000,.00,-30.0000,-460093.50,-440539.99,Main Location,36.0000,.0000
SI0001SI#001831,2026-09-17 00:00:00.000,Camon 50 (8+128),16,O,-1.0000,pcs,33020.0000,-31715.8648,.0000,.00,-1.0000,-32524.70,-31715.86,Main Location,22.0000,.0000
PI0001PI#000213,2026-09-16 00:00:00.000,Go 3 (4+64),33,I,22.0000,pcs,15640.7400,344096.2800,22.0000,344096.28,.0000,.00,.00,Main Location,1850.0000,22.0000
SI0001SI#001832,2026-09-16 00:00:00.000,Camon 50 (8+256),16,O,-2.0000,pcs,35883.0000,-64389.4000,.0000,.00,-2.0000,-71766.00,-64389.40,Main Location,29.0000,.0000
SI0001SI#001832,2026-09-16 00:00:00.000,Camon 50 (8+128),16,O,-5.0000,pcs,32194.0000,-158579.3241,.0000,.00,-5.0000,-160970.00,-158579.32,Main Location,23.0000,.0000
PI0001PI#000214,2026-09-15 00:00:00.000,Spark 50c (4+64),33,I,5.0000,pcs,20260.3300,101301.6500,5.0000,101301.65,.0000,.00,.00,Main Location,5.0000,5.0000
PI0001PI#000214,2026-09-15 00:00:00.000,Spark 50c (4+128),33,I,5.0000,pcs,22087.7000,110438.5000,5.0000,110438.50,.0000,.00,.00,Main Location,5.0000,5.0000
SI0001SI#001833,2026-09-15 00:00:00.000,Camon Slim (8-256),16,O,-1.0000,pcs,56600.0000,-55211.0000,.0000,.00,-1.0000,-56034.00,-55211.00,Main Location,.0000,.0000
SI0001SI#001853,2026-09-15 00:00:00.000,Camon 50 (8+256),16,O,-30.0000,pcs,33000.0000,-965841.0000,.0000,.00,-30.0000,-990000.00,-965841.00,Main Location,31.0000,.0000
PI0001PI#000212,2026-09-14 00:00:00.000,Go 3 (4+64),33,I,5.0000,pcs,15640.7400,78203.7000,5.0000,78203.70,.0000,.00,.00,Main Location,1828.0000,5.0000
SI0001SI#001835,2026-09-14 00:00:00.000,Go 3 (4+128),16,O,-5.0000,pcs,15570.0000,-73423.3319,.0000,.00,-5.0000,-76682.25,-73423.33,Main Location,66.0000,.0000
PI0001PI#000212,2026-09-14 00:00:00.000,Camon Slim (8-256),33,I,1.0000,pcs,55211.0000,55211.0000,1.0000,55211.00,.0000,.00,.00,Main Location,1.0000,1.0000
SR0001SR#000030,2026-09-14 00:00:00.000,Camon 50 (8+256),13,I,6.0000,pcs,.0000,193168.2000,6.0000,193168.20,.0000,.00,.00,Main Location,61.0000,6.0000
SI0001SI#001834,2026-09-14 00:00:00.000,Camon 50 (8+256),16,O,-1.0000,pcs,36800.0000,-32194.7000,.0000,.00,-1.0000,-36248.00,-32194.70,Main Location,61.0000,.0000
SI0001SI#001852,2026-09-13 00:00:00.000,Spark 50 (6+128),16,O,-60.0000,pcs,20246.0000,-1207348.6629,.0000,.00,-60.0000,-1214760.00,-1207348.66,Main Location,337.0000,.0000
SI0001SI#001852,2026-09-13 00:00:00.000,Go 3 (4+64),16,O,-60.0000,pcs,15200.0000,-873242.6244,.0000,.00,-60.0000,-912000.00,-873242.62,Main Location,1823.0000,.0000
PI0001PI#000211,2026-09-13 00:00:00.000,Go 3 (4+64),33,I,250.0000,pcs,15640.7400,3910185.0000,250.0000,3910185.00,.0000,.00,.00,Main Location,1823.0000,250.0000
SI0001SI#001838,2026-09-12 00:00:00.000,Spark 50 (6+128),16,O,-2.0000,pcs,20754.0000,-40244.9554,.0000,.00,-2.0000,-40885.38,-40244.96,Main Location,397.0000,.0000
SI0001SI#001837,2026-09-12 00:00:00.000,Spark 50 (6+128),16,O,-20.0000,pcs,20754.0000,-402449.5543,.0000,.00,-20.0000,-406778.40,-402449.55,Main Location,397.0000,.0000
SI0001SI#001838,2026-09-12 00:00:00.000,Go 3 (4+128),16,O,-2.0000,pcs,15570.0000,-29369.3328,.0000,.00,-2.0000,-30672.90,-29369.33,Main Location,71.0000,.0000
SI0001SI#001839,2026-09-12 00:00:00.000,Camon 50 (8+128),16,O,-2.0000,pcs,33020.0000,-63431.7296,.0000,.00,-2.0000,-65049.40,-63431.73,Main Location,28.0000,.0000
SI0001SI#001851,2026-09-11 00:00:00.000,Spark 50 (6+128),16,O,-10.0000,pcs,20246.0000,-201224.7771,.0000,.00,-10.0000,-202460.00,-201224.78,Main Location,419.0000,.0000
SI0001SI#001827,2026-09-11 00:00:00.000,Spark 50 (6+128),16,O,-5.0000,pcs,20754.0000,-100612.3886,.0000,.00,-5.0000,-102213.45,-100612.39,Main Location,419.0000,.0000
SI0001SI#001826,2026-09-11 00:00:00.000,Spark 50 (6+128),16,O,-10.0000,pcs,20754.0000,-201224.7771,.0000,.00,-10.0000,-204426.90,-201224.78,Main Location,419.0000,.0000
SI0001SI#001825,2026-09-11 00:00:00.000,Spark 50 (6+128),16,O,-20.0000,pcs,20246.0000,-402449.5543,.0000,.00,-20.0000,-404920.00,-402449.55,Main Location,419.0000,.0000
SI0001SI#001824,2026-09-11 00:00:00.000,Spark 50 (6+128),16,O,-1.0000,pcs,20754.0000,-20122.4777,.0000,.00,-1.0000,-20442.69,-20122.48,Main Location,419.0000,.0000
SI0001SI#001823,2026-09-11 00:00:00.000,Spark 50 (6+128),16,O,-4.0000,pcs,20754.0000,-80489.9109,.0000,.00,-4.0000,-81770.76,-80489.91,Main Location,419.0000,.0000
SI0001SI#001822,2026-09-11 00:00:00.000,Spark 50 (6+128),16,O,-3.0000,pcs,20754.0000,-60367.4331,.0000,.00,-3.0000,-61328.07,-60367.43,Main Location,419.0000,.0000
SI0001SI#001851,2026-09-11 00:00:00.000,Go 3 (4+64),16,O,-20.0000,pcs,15200.0000,-287753.5745,.0000,.00,-20.0000,-304000.00,-287753.57,Main Location,1633.0000,.0000
SI0001SI#001828,2026-09-11 00:00:00.000,Go 3 (4+128),16,O,-5.0000,pcs,15570.0000,-73423.3319,.0000,.00,-5.0000,-76682.25,-73423.33,Main Location,73.0000,.0000
SI0001SI#001822,2026-09-11 00:00:00.000,Go 3 (4+128),16,O,-3.0000,pcs,15570.0000,-44053.9991,.0000,.00,-3.0000,-46009.35,-44054.00,Main Location,73.0000,.0000
SI0001SI#001851,2026-09-11 00:00:00.000,Camon 50 (8+256),16,O,-2.0000,pcs,35500.0000,-64389.4000,.0000,.00,-2.0000,-71000.00,-64389.40,Main Location,56.0000,.0000
SI0001SI#001823,2026-09-11 00:00:00.000,Camon 50 (8+256),16,O,-1.0000,pcs,36800.0000,-32194.7000,.0000,.00,-1.0000,-36248.00,-32194.70,Main Location,56.0000,.0000
SI0001SI#001851,2026-09-11 00:00:00.000,Camon 50 (8+128),16,O,-10.0000,pcs,31500.0000,-317158.6481,.0000,.00,-10.0000,-315000.00,-317158.65,Main Location,30.0000,.0000
SI0001SI#001821,2026-09-10 00:00:00.000,Spark 50 (6+128),16,O,-2.0000,pcs,20754.0000,-40244.9554,.0000,.00,-2.0000,-40885.38,-40244.96,Main Location,472.0000,.0000
SI0001SI#001820,2026-09-10 00:00:00.000,Spark 50 (6+128),16,O,-3.0000,pcs,20754.0000,-60367.4331,.0000,.00,-3.0000,-61328.07,-60367.43,Main Location,472.0000,.0000
SI0001SI#001819,2026-09-10 00:00:00.000,Spark 50 (6+128),16,O,-3.0000,pcs,20754.0000,-60367.4331,.0000,.00,-3.0000,-61328.07,-60367.43,Main Location,472.0000,.0000
SI0001SI#001818,2026-09-10 00:00:00.000,Spark 50 (6+128),16,O,-3.0000,pcs,20754.0000,-60367.4331,.0000,.00,-3.0000,-61328.07,-60367.43,Main Location,472.0000,.0000
SI0001SI#001817,2026-09-10 00:00:00.000,Spark 50 (6+128),16,O,-20.0000,pcs,20246.9800,-402449.5543,.0000,.00,-20.0000,-404939.60,-402449.55,Main Location,472.0000,.0000
SI0001SI#001814,2026-09-10 00:00:00.000,Spark 50 (6+128),16,O,-1.0000,pcs,20754.0000,-20122.4777,.0000,.00,-1.0000,-20442.69,-20122.48,Main Location,472.0000,.0000
SI0001SI#001820,2026-09-10 00:00:00.000,Pova Curve 2 (8+128),16,O,-1.0000,pcs,34910.0000,-34038.9800,.0000,.00,-1.0000,-34386.35,-34038.98,Main Location,10.0000,.0000
SI0001SI#001820,2026-09-10 00:00:00.000,Go 3 (4+64),16,O,-3.0000,pcs,16030.0000,-43163.0362,.0000,.00,-3.0000,-47368.65,-43163.04,Main Location,1653.0000,.0000
SI0001SI#001816,2026-09-10 00:00:00.000,Go 3 (4+64),16,O,-25.0000,pcs,15640.7400,-359691.9682,.0000,.00,-25.0000,-391018.50,-359691.97,Main Location,1653.0000,.0000
SI0001SI#001814,2026-09-10 00:00:00.000,Go 3 (4+128),16,O,-3.0000,pcs,15570.0000,-44053.9991,.0000,.00,-3.0000,-46009.35,-44054.00,Main Location,81.0000,.0000
SI0001SI#001813,2026-09-10 00:00:00.000,Camon Slim (8-256),16,O,-1.0000,pcs,55220.0000,-55211.0000,.0000,.00,-1.0000,-55220.00,-55211.00,Main Location,.0000,.0000
SI0001SI#001815,2026-09-10 00:00:00.000,Camon 50 (8+256),16,O,-8.0000,pcs,36800.0000,-257557.6000,.0000,.00,-8.0000,-289984.00,-257557.60,Main Location,59.0000,.0000
SI0001SI#001814,2026-09-10 00:00:00.000,Camon 50 (8+256),16,O,-1.0000,pcs,36800.0000,-32194.7000,.0000,.00,-1.0000,-36248.00,-32194.70,Main Location,59.0000,.0000
SI0001SI#001820,2026-09-10 00:00:00.000,Camon 50 (8+128),16,O,-2.0000,pcs,33020.0000,-63431.7296,.0000,.00,-2.0000,-65049.40,-63431.73,Main Location,40.0000,.0000
SI0001SI#001815,2026-09-10 00:00:00.000,Camon 50 (8+128),16,O,-5.0000,pcs,33020.0000,-158579.3241,.0000,.00,-5.0000,-162623.50,-158579.32,Main Location,40.0000,.0000
SI0001SI#001812,2026-09-09 00:00:00.000,Spark 50 (6+128),16,O,-50.0000,pcs,20246.0000,-1006123.8857,.0000,.00,-50.0000,-1012300.00,-1006123.89,Main Location,504.0000,.0000
SI0001SI#001810,2026-09-09 00:00:00.000,Spark 50 (4+128),16,O,-2.0000,pcs,17920.0000,-34849.2705,.0000,.00,-2.0000,-35302.40,-34849.27,Main Location,27.0000,.0000
SI0001SI#001811,2026-09-09 00:00:00.000,Pova Curve 2 (8+128),16,O,-1.0000,pcs,34910.0000,-34038.9800,.0000,.00,-1.0000,-34386.35,-34038.98,Main Location,11.0000,.0000
SI0001SI#001810,2026-09-09 00:00:00.000,Pova Curve 2 (8+128),16,O,-1.0000,pcs,34910.0000,-34038.9800,.0000,.00,-1.0000,-34386.35,-34038.98,Main Location,11.0000,.0000
SI0001SI#001811,2026-09-09 00:00:00.000,Pova Curve 2,16,O,-1.0000,pcs,37740.0000,-35531.5670,.0000,.00,-1.0000,-37173.90,-35531.57,Main Location,26.0000,.0000
SI0001SI#001812,2026-09-09 00:00:00.000,Go 3 (4+128),16,O,-30.0000,pcs,15185.0000,-440539.9913,.0000,.00,-30.0000,-455550.00,-440539.99,Main Location,84.0000,.0000
SI0001SI#001809,2026-09-09 00:00:00.000,Go 3 (4+128),16,O,-3.0000,pcs,15570.0000,-44053.9991,.0000,.00,-3.0000,-46009.35,-44054.00,Main Location,84.0000,.0000
SI0001SI#001806,2026-09-08 00:00:00.000,Spark50 Pro (4-128),16,O,-1.0000,pcs,23590.0000,-22950.0000,.0000,.00,-1.0000,-23236.15,-22950.00,Main Location,5.0000,.0000
SI0001SI#001807,2026-09-08 00:00:00.000,Spark 50 (4+128),16,O,-20.0000,pcs,17920.0000,-348492.7048,.0000,.00,-20.0000,-353024.00,-348492.70,Main Location,29.0000,.0000
SI0001SI#001806,2026-09-08 00:00:00.000,Spark 50 (4+128),16,O,-3.0000,pcs,17920.0000,-52273.9057,.0000,.00,-3.0000,-52953.60,-52273.91,Main Location,29.0000,.0000
SI0001SI#001805,2026-09-08 00:00:00.000,Spark 50 (4+128),16,O,-3.0000,pcs,17920.0000,-52273.9057,.0000,.00,-3.0000,-52953.60,-52273.91,Main Location,29.0000,.0000
SI0001SI#001802,2026-09-08 00:00:00.000,Spark 50 (4+128),16,O,-20.0000,pcs,17492.0000,-348492.7048,.0000,.00,-20.0000,-349840.00,-348492.70,Main Location,29.0000,.0000
SI0001SI#001803,2026-09-08 00:00:00.000,Spark 40 5G,16,O,-8.0000,pcs,15300.0000,-125090.2400,.0000,.00,-8.0000,-122400.00,-125090.24,Main Location,3.0000,.0000
PI0001PI#000210,2026-09-08 00:00:00.000,Pova Curve 2 (8+128),33,I,10.0000,pcs,34038.9800,340389.8000,10.0000,340389.80,.0000,.00,.00,Main Location,13.0000,10.0000
SI0001SI#001806,2026-09-08 00:00:00.000,Pova Curve 2 (8+128),16,O,-1.0000,pcs,37740.0000,-34038.9800,.0000,.00,-1.0000,-37173.90,-34038.98,Main Location,13.0000,.0000
SI0001SI#001804,2026-09-08 00:00:00.000,Go 3 (4+128),16,O,-3.0000,pcs,15570.0000,-44053.9991,.0000,.00,-3.0000,-46009.35,-44054.00,Main Location,117.0000,.0000
PI0001PI#000210,2026-09-08 00:00:00.000,Camon Slim (8-256),33,I,1.0000,pcs,55211.0000,55211.0000,1.0000,55211.00,.0000,.00,.00,Main Location,1.0000,1.0000
SI0001SI#001808,2026-09-08 00:00:00.000,Camon 50 Ultra (12+256),16,O,-1.0000,pcs,44350.0000,-45986.7000,.0000,.00,-1.0000,-43906.50,-45986.70,Main Location,.0000,.0000
SI0001SI#001801,2026-09-07 00:00:00.000,Spark 50 (6+128),16,O,-10.0000,pcs,20754.0000,-201224.7771,.0000,.00,-10.0000,-205464.60,-201224.78,Main Location,554.0000,.0000
SI0001SI#001801,2026-09-07 00:00:00.000,Spark 50 (4+128),16,O,-5.0000,pcs,17920.0000,-87123.1762,.0000,.00,-5.0000,-88704.00,-87123.18,Main Location,75.0000,.0000
SI0001SI#001801,2026-09-07 00:00:00.000,Pova Curve 2,16,O,-8.0000,pcs,37740.0000,-284252.5357,.0000,.00,-8.0000,-298900.80,-284252.54,Main Location,27.0000,.0000
SI0001SI#001801,2026-09-07 00:00:00.000,Go 3 (4+128),16,O,-30.0000,pcs,15570.0000,-440539.9913,.0000,.00,-30.0000,-462429.00,-440539.99,Main Location,120.0000,.0000
SI0001SI#001801,2026-09-07 00:00:00.000,Camon Air (8-256),16,O,-1.0000,pcs,47170.0000,-46011.0000,.0000,.00,-1.0000,-46698.30,-46011.00,Main Location,1.0000,.0000
SI0001SI#001801,2026-09-07 00:00:00.000,Camon 50 (8+256),16,O,-5.0000,pcs,36800.0000,-160973.5000,.0000,.00,-5.0000,-182160.00,-160973.50,Main Location,68.0000,.0000
SI0001SI#001801,2026-09-07 00:00:00.000,Camon 50 (8+128),16,O,-15.0000,pcs,33020.0000,-475737.9722,.0000,.00,-15.0000,-490347.00,-475737.97,Main Location,47.0000,.0000
SI0001SI#001799,2026-09-05 00:00:00.000,Spark 50 Pro (6-128),16,O,-1.0000,pcs,25470.0000,-24780.0000,.0000,.00,-1.0000,-25087.95,-24780.00,Main Location,.0000,.0000
SI0001SI#001796,2026-09-04 00:00:00.000,Spark 50 Pro (6-128),16,O,-5.0000,pcs,25470.0000,-123900.0000,.0000,.00,-5.0000,-125439.75,-123900.00,Main Location,1.0000,.0000
SI0001SI#001798,2026-09-04 00:00:00.000,Spark 50 (6+128),16,O,-1.0000,pcs,20754.0000,-20122.4777,.0000,.00,-1.0000,-20754.00,-20122.48,Main Location,564.0000,.0000
SI0001SI#001796,2026-09-04 00:00:00.000,Spark 50 (6+128),16,O,-10.0000,pcs,20754.0000,-201224.7771,.0000,.00,-10.0000,-204426.90,-201224.78,Main Location,564.0000,.0000
SI0001SI#001798,2026-09-04 00:00:00.000,Spark 50 (4+128),16,O,-2.0000,pcs,17920.0000,-34849.2705,.0000,.00,-2.0000,-35840.00,-34849.27,Main Location,80.0000,.0000
SI0001SI#001797,2026-09-04 00:00:00.000,Spark 50 (4+128),16,O,-1.0000,pcs,17920.0000,-17424.6352,.0000,.00,-1.0000,-17651.20,-17424.64,Main Location,80.0000,.0000
SI0001SI#001796,2026-09-04 00:00:00.000,Spark 50 (4+128),16,O,-10.0000,pcs,17920.0000,-174246.3524,.0000,.00,-10.0000,-176512.00,-174246.35,Main Location,80.0000,.0000
SI0001SI#001798,2026-09-04 00:00:00.000,Go 3 (4+64),16,O,-2.0000,pcs,16030.0000,-28775.3575,.0000,.00,-2.0000,-32060.00,-28775.36,Main Location,1681.0000,.0000
SI0001SI#001796,2026-09-04 00:00:00.000,Go 3 (4+64),16,O,-10.0000,pcs,16030.0000,-143876.7873,.0000,.00,-10.0000,-157895.50,-143876.79,Main Location,1681.0000,.0000
SI0001SI#001796,2026-09-04 00:00:00.000,Go 3 (4+128),16,O,-10.0000,pcs,15570.0000,-146846.6638,.0000,.00,-10.0000,-153364.50,-146846.66,Main Location,150.0000,.0000
SI0001SI#001796,2026-09-04 00:00:00.000,Camon 50 (8+256),16,O,-5.0000,pcs,36800.0000,-160973.5000,.0000,.00,-5.0000,-181240.00,-160973.50,Main Location,73.0000,.0000
SI0001SI#001796,2026-09-04 00:00:00.000,Camon 50 (8+128),16,O,-10.0000,pcs,33020.0000,-317158.6481,.0000,.00,-10.0000,-325247.00,-317158.65,Main Location,62.0000,.0000
SI0001SI#001792,2026-09-03 00:00:00.000,Spark 50 (4+128),16,O,-2.0000,pcs,17920.0000,-34849.2705,.0000,.00,-2.0000,-35481.60,-34849.27,Main Location,93.0000,.0000
SI0001SI#001794,2026-09-03 00:00:00.000,Pova Curve 2 (8+128),16,O,-1.0000,pcs,34910.0000,-34038.9800,.0000,.00,-1.0000,-34386.35,-34038.98,Main Location,4.0000,.0000
SI0001SI#001794,2026-09-03 00:00:00.000,Pova Curve 2,16,O,-1.0000,pcs,37740.0000,-35531.5670,.0000,.00,-1.0000,-37173.90,-35531.57,Main Location,35.0000,.0000
SI0001SI#001793,2026-09-03 00:00:00.000,Pova Curve 2,16,O,-1.0000,pcs,37740.0000,-35531.5670,.0000,.00,-1.0000,-37173.90,-35531.57,Main Location,35.0000,.0000
SI0001SI#001795,2026-09-03 00:00:00.000,Go 3 (4+64),16,O,-10.0000,pcs,15185.0000,-143876.7873,.0000,.00,-10.0000,-151850.00,-143876.79,Main Location,1693.0000,.0000
SI0001SI#001793,2026-09-03 00:00:00.000,Go 3 (4+128),16,O,-5.0000,pcs,15570.0000,-73423.3319,.0000,.00,-5.0000,-76682.25,-73423.33,Main Location,160.0000,.0000
SI0001SI#001791,2026-09-02 00:00:00.000,Camon 50 (8+128),16,O,-1.0000,pcs,33020.0000,-31715.8648,.0000,.00,-1.0000,-32491.68,-31715.86,Main Location,72.0000,.0000
SI0001SI#001854,2026-09-01 00:00:00.000,Tablet Megapad 4+128,16,O,-1.0000,pcs,19315.0000,-19314.8100,.0000,.00,-1.0000,-19315.00,-19314.81,Main Location,5.0000,.0000
SI0001SI#001854,2026-09-01 00:00:00.000,Spark50 Pro (4-128),16,O,-1.0000,pcs,28516.0000,-22950.0000,.0000,.00,-1.0000,-28516.00,-22950.00,Main Location,6.0000,.0000
SI0001SI#001854,2026-09-01 00:00:00.000,Spark40 (6+128),16,O,-1.0000,pcs,15620.0000,-16050.0000,.0000,.00,-1.0000,-15620.00,-16050.00,Main Location,.0000,.0000
SI0001SI#001854,2026-09-01 00:00:00.000,Spark 50 (4+128),16,O,-10.0000,pcs,17351.0000,-174246.3524,.0000,.00,-10.0000,-173510.00,-174246.35,Main Location,95.0000,.0000
SI0001SI#001854,2026-09-01 00:00:00.000,Spark 40(8+256),16,O,-5.0000,pcs,18350.0000,-87326.7690,.0000,.00,-5.0000,-91750.00,-87326.77,Main Location,3.0000,.0000
SI0001SI#001854,2026-09-01 00:00:00.000,Pova Slim,16,O,-1.0000,pcs,27594.0000,-27594.0200,.0000,.00,-1.0000,-27594.00,-27594.02,Main Location,.0000,.0000
SI0001SI#001854,2026-09-01 00:00:00.000,Pova Curve 2 (8+128),16,O,-4.0000,pcs,34038.0000,-136155.9200,.0000,.00,-4.0000,-136152.00,-136155.92,Main Location,5.0000,.0000
SI0001SI#001854,2026-09-01 00:00:00.000,Go 3 (4+128),16,O,-1.0000,pcs,15185.0000,-14684.6664,.0000,.00,-1.0000,-15185.00,-14684.67,Main Location,165.0000,.0000
SI0001SI#001854,2026-09-01 00:00:00.000,Camon 50 (8+256),16,O,-5.0000,pcs,32195.0000,-160973.5000,.0000,.00,-5.0000,-160975.00,-160973.50,Main Location,78.0000,.0000
SI0001SI#001854,2026-09-01 00:00:00.000,Camon 50 (8+128),16,O,-11.0000,pcs,32195.0000,-348874.5129,.0000,.00,-11.0000,-354145.00,-348874.51,Main Location,73.0000,.0000
SI0001SI#001859,2026-08-31 00:00:00.000,Camon Air (8-128),16,O,-3.0000,pcs,42450.0000,-124239.0000,.0000,.00,-3.0000,-125439.75,-124239.00,Main Location,5.0000,.0000
PI0001PI#000209,2026-08-30 00:00:00.000,Go 3 (4+64),33,I,90.0000,pcs,15640.7400,1407666.6000,90.0000,1407666.60,.0000,.00,.00,Main Location,1703.0000,90.0000
SI0001SI#001787,2026-08-29 00:00:00.000,Spark 50 (6+128),16,O,-5.0000,pcs,20754.0000,-100612.3886,.0000,.00,-5.0000,-102213.45,-100612.39,Main Location,575.0000,.0000
SI0001SI#001787,2026-08-29 00:00:00.000,Camon 50 (8+128),16,O,-5.0000,pcs,33020.0000,-158579.3241,.0000,.00,-5.0000,-162623.50,-158579.32,Main Location,84.0000,.0000
SI0001SI#001786,2026-08-28 00:00:00.000,Spark 50 Pro (6-128),16,O,-1.0000,pcs,25470.0000,-24780.0000,.0000,.00,-1.0000,-25087.95,-24780.00,Main Location,6.0000,.0000
SI0001SI#001785,2026-08-28 00:00:00.000,Spark 50 (6+128),16,O,-1.0000,pcs,20754.0000,-20122.4777,.0000,.00,-1.0000,-20546.46,-20122.48,Main Location,580.0000,.0000
SI0001SI#001785,2026-08-28 00:00:00.000,Camon 50 (8+128),16,O,-1.0000,pcs,33020.0000,-31715.8648,.0000,.00,-1.0000,-32689.80,-31715.86,Main Location,89.0000,.0000
SI0001SI#001784,2026-08-27 00:00:00.000,Tablet Megapad 4+128,16,O,-1.0000,pcs,19810.0000,-19314.8100,.0000,.00,-1.0000,-19413.80,-19314.81,Main Location,6.0000,.0000
SI0001SI#001783,2026-08-27 00:00:00.000,Spark 40 5G,16,O,-1.0000,pcs,16020.0000,-15636.2800,.0000,.00,-1.0000,-16020.00,-15636.28,Main Location,11.0000,.0000
PI0001PI#000206,2026-08-27 00:00:00.000,Go 3 (4+64),33,I,91.0000,pcs,15640.7500,1423308.2500,91.0000,1423308.25,.0000,.00,.00,Main Location,1613.0000,91.0000
SI0001SI#001781,2026-08-27 00:00:00.000,Go 3 (4+64),16,O,-50.0000,pcs,14050.0000,-715888.1052,.0000,.00,-50.0000,-702500.00,-715888.11,Main Location,1613.0000,.0000
SI0001SI#001780,2026-08-27 00:00:00.000,Go 3 (4+64),16,O,-100.0000,pcs,14050.0000,-1431776.2103,.0000,.00,-100.0000,-1405000.00,-1431776.21,Main Location,1613.0000,.0000
SI0001SI#001782,2026-08-27 00:00:00.000,Go 3 (4+128),16,O,-5.0000,pcs,15570.0000,-73423.3319,.0000,.00,-5.0000,-76682.25,-73423.33,Main Location,166.0000,.0000
PI0001PI#000208,2026-08-27 00:00:00.000,Camon Air (8-256),33,I,2.0000,pcs,46011.0000,92022.0000,2.0000,92022.00,.0000,.00,.00,Main Location,2.0000,2.0000
PI0001PI#000208,2026-08-27 00:00:00.000,Camon Air (8-128),33,I,8.0000,pcs,41413.0000,331304.0000,8.0000,331304.00,.0000,.00,.00,Main Location,8.0000,8.0000
PI0001PI#000205,2026-08-26 00:00:00.000,Spark 50 (6+128),33,I,100.0000,pcs,20247.0000,2024700.0000,100.0000,2024700.00,.0000,.00,.00,Main Location,581.0000,100.0000
SI0001SI#001779,2026-08-26 00:00:00.000,Spark 50 (6+128),16,O,-2.0000,pcs,20754.0000,-40244.9554,.0000,.00,-2.0000,-40885.38,-40244.96,Main Location,581.0000,.0000
SI0001SI#001778,2026-08-26 00:00:00.000,Camon 50 (8+128),16,O,-2.0000,pcs,32194.0000,-63431.7296,.0000,.00,-2.0000,-64388.00,-63431.73,Main Location,90.0000,.0000
SI0001SI#001777,2026-08-25 00:00:00.000,Pova Curve 2 (8+128),16,O,-1.0000,pcs,34910.0000,-34038.9800,.0000,.00,-1.0000,-34386.35,-34038.98,Main Location,9.0000,.0000
SI0001SI#001777,2026-08-25 00:00:00.000,Pova Curve 2,16,O,-1.0000,pcs,37740.0000,-35531.5670,.0000,.00,-1.0000,-37173.90,-35531.57,Main Location,37.0000,.0000
SI0001SI#001776,2026-08-24 00:00:00.000,Spark 50 Pro (6-128),16,O,-1.0000,pcs,25470.0000,-24780.0000,.0000,.00,-1.0000,-25087.95,-24780.00,Main Location,7.0000,.0000
PI0001PI#000204,2026-08-24 00:00:00.000,Spark 50 (4+128),33,I,100.0000,pcs,17491.0000,1749100.0000,100.0000,1749100.00,.0000,.00,.00,Main Location,105.0000,100.0000
SI0001SI#001776,2026-08-24 00:00:00.000,Pova Curve 2 (8+128),16,O,-1.0000,pcs,34910.0000,-34038.9800,.0000,.00,-1.0000,-34386.35,-34038.98,Main Location,10.0000,.0000
SI0001SI#001775,2026-08-24 00:00:00.000,Camon 50 (8+256),16,O,-1.0000,pcs,36800.0000,-32194.7000,.0000,.00,-1.0000,-36064.00,-32194.70,Main Location,83.0000,.0000
SI0001SI#001776,2026-08-24 00:00:00.000,Camon 50 (8+128),16,O,-1.0000,pcs,33020.0000,-31715.8648,.0000,.00,-1.0000,-32524.70,-31715.86,Main Location,92.0000,.0000
SI0001SI#001771,2026-08-23 00:00:00.000,Spark 50 (6+128),16,O,-2.0000,pcs,20754.0000,-40193.3934,.0000,.00,-2.0000,-40885.38,-40193.39,Main Location,483.0000,.0000
SI0001SI#001773,2026-08-23 00:00:00.000,Pova Curve 2 (8+128),16,O,-1.0000,pcs,34190.0000,-34038.9800,.0000,.00,-1.0000,-33677.15,-34038.98,Main Location,11.0000,.0000
SI0001SI#001772,2026-08-23 00:00:00.000,Pova Curve 2,16,O,-1.0000,pcs,37740.0000,-35531.5670,.0000,.00,-1.0000,-36985.20,-35531.57,Main Location,38.0000,.0000
PI0001PI#000203,2026-08-23 00:00:00.000,Go 3 (4+64),33,I,70.0000,pcs,15640.7500,1094852.5000,70.0000,1094852.50,.0000,.00,.00,Main Location,1672.0000,70.0000
SI0001SI#001774,2026-08-23 00:00:00.000,Go 3 (4+64),16,O,-50.0000,pcs,14050.0000,-712287.8689,.0000,.00,-50.0000,-702500.00,-712287.87,Main Location,1672.0000,.0000
SI0001SI#001771,2026-08-23 00:00:00.000,Go 3 (4+128),16,O,-8.0000,pcs,15570.0000,-117477.3310,.0000,.00,-8.0000,-122636.40,-117477.33,Main Location,171.0000,.0000
SI0001SI#001773,2026-08-23 00:00:00.000,Go 3 (4+128),16,O,-4.0000,pcs,15570.0000,-58738.6655,.0000,.00,-4.0000,-61345.80,-58738.67,Main Location,171.0000,.0000
SI0001SI#001773,2026-08-23 00:00:00.000,Camon 50 (8+256),16,O,-1.0000,pcs,36800.0000,-32194.7000,.0000,.00,-1.0000,-36248.00,-32194.70,Main Location,84.0000,.0000
SI0001SI#001773,2026-08-23 00:00:00.000,Camon 50 (8+128),16,O,-3.0000,pcs,33020.0000,-95147.5944,.0000,.00,-3.0000,-97574.10,-95147.59,Main Location,93.0000,.0000
SI0001SI#001857,2026-08-22 00:00:00.000,Go 3 (4+128),16,O,-40.0000,pcs,14600.0000,-587386.6550,.0000,.00,-40.0000,-584000.00,-587386.66,Main Location,183.0000,.0000
SI0001SI#001769,2026-08-21 00:00:00.000,Spark 50 5G (6+128),16,O,-2.0000,pcs,22890.0000,-44142.0000,.0000,.00,-2.0000,-45093.30,-44142.00,Main Location,.0000,.0000
SI0001SI#001768,2026-08-21 00:00:00.000,Spark 50 (6+128),16,O,-5.0000,pcs,20754.0000,-100483.4835,.0000,.00,-5.0000,-101694.60,-100483.48,Main Location,485.0000,.0000
PI0001PI#000202,2026-08-20 00:00:00.000,Spark 50 (6+128),33,I,52.0000,pcs,20247.0000,1052844.0000,52.0000,1052844.00,.0000,.00,.00,Main Location,490.0000,52.0000
SI0001SI#001766,2026-08-19 00:00:00.000,Spark 50 Pro (6-128),16,O,-2.0000,pcs,25470.0000,-49560.0000,.0000,.00,-2.0000,-50175.90,-49560.00,Main Location,8.0000,.0000
SI0001SI#001766,2026-08-19 00:00:00.000,Spark 50 (6+128),16,O,-2.0000,pcs,20754.0000,-40157.7050,.0000,.00,-2.0000,-40885.38,-40157.70,Main Location,438.0000,.0000
SI0001SI#001767,2026-08-19 00:00:00.000,Go 3 (4+64),16,O,-50.0000,pcs,14900.0000,-709332.3761,.0000,.00,-50.0000,-745000.00,-709332.38,Main Location,1652.0000,.0000
SI0001SI#001766,2026-08-19 00:00:00.000,Go 3 (4+128),16,O,-3.0000,pcs,16030.0000,-44053.9991,.0000,.00,-3.0000,-47368.65,-44054.00,Main Location,223.0000,.0000
SI0001SI#001766,2026-08-19 00:00:00.000,Camon 50 (8+256),16,O,-1.0000,pcs,36800.0000,-32194.7000,.0000,.00,-1.0000,-36248.00,-32194.70,Main Location,85.0000,.0000
SI0001SI#001766,2026-08-19 00:00:00.000,Camon 50 (8+128),16,O,-2.0000,pcs,33020.0000,-63431.7296,.0000,.00,-2.0000,-65049.40,-63431.73,Main Location,96.0000,.0000
PI0001PI#000201,2026-08-18 00:00:00.000,Spark 50 (6+128),33,I,50.0000,pcs,20247.0000,1012350.0000,50.0000,1012350.00,.0000,.00,.00,Main Location,440.0000,50.0000
SI0001SI#001764,2026-08-18 00:00:00.000,Spark 50 (6+128),16,O,-2.0000,pcs,20754.0000,-40157.7050,.0000,.00,-2.0000,-40885.38,-40157.70,Main Location,440.0000,.0000
SI0001SI#001765,2026-08-18 00:00:00.000,Pova Curve 2,16,O,-1.0000,pcs,37740.0000,-35531.5670,.0000,.00,-1.0000,-37173.90,-35531.57,Main Location,39.0000,.0000
SI0001SI#001761,2026-08-17 00:00:00.000,Spark 50 (6+128),16,O,-10.0000,pcs,20754.0000,-200574.0509,.0000,.00,-10.0000,-204426.90,-200574.05,Main Location,392.0000,.0000
SI0001SI#001759,2026-08-17 00:00:00.000,Spark 50 (6+128),16,O,-15.0000,pcs,20200.0000,-300861.0763,.0000,.00,-15.0000,-303000.00,-300861.08,Main Location,392.0000,.0000
SI0001SI#001761,2026-08-17 00:00:00.000,Spark 50 (4+128),16,O,-2.0000,pcs,16510.0000,-32194.6800,.0000,.00,-2.0000,-32524.70,-32194.68,Main Location,5.0000,.0000
SI0001SI#001762,2026-08-17 00:00:00.000,Spark 40 5G,16,O,-1.0000,pcs,16040.0000,-15636.2800,.0000,.00,-1.0000,-16040.00,-15636.28,Main Location,12.0000,.0000
SI0001SI#001760,2026-08-17 00:00:00.000,Pova Curve 2 (8+128),16,O,-1.0000,pcs,34910.0000,-34038.9800,.0000,.00,-1.0000,-34386.35,-34038.98,Main Location,12.0000,.0000
PI0001PI#000200,2026-08-17 00:00:00.000,Go 3 (4+64),33,I,491.0000,pcs,15640.7500,7679608.2500,491.0000,7679608.25,.0000,.00,.00,Main Location,1702.0000,491.0000
SI0001SI#001759,2026-08-17 00:00:00.000,Go 3 (4+128),16,O,-15.0000,pcs,15150.0000,-220269.9956,.0000,.00,-15.0000,-227250.00,-220270.00,Main Location,226.0000,.0000
SI0001SI#001761,2026-08-17 00:00:00.000,Camon 50 Ultra (8+256),16,O,-4.0000,pcs,44350.0000,-158207.0800,.0000,.00,-4.0000,-174739.00,-158207.08,Main Location,1.0000,.0000
PI0001PI#000200,2026-08-17 00:00:00.000,Camon 50 (8+128),33,I,80.0000,pcs,32195.0000,2575600.0000,80.0000,2575600.00,.0000,.00,.00,Main Location,98.0000,80.0000
SI0001SI#001758,2026-08-16 00:00:00.000,Spark 40 5G,16,O,-3.0000,pcs,16020.0000,-46908.8400,.0000,.00,-3.0000,-48060.00,-46908.84,Main Location,13.0000,.0000
SI0001SI#001754,2026-08-16 00:00:00.000,Go 3 (4+128),16,O,-23.0000,pcs,15570.0000,-337747.3266,.0000,.00,-23.0000,-352738.35,-337747.33,Main Location,241.0000,.0000
SI0001SI#001757,2026-08-16 00:00:00.000,Camon 50 Ultra (8+256),16,O,-1.0000,pcs,44350.0000,-39551.7700,.0000,.00,-1.0000,-43684.75,-39551.77,Main Location,5.0000,.0000
SI0001SI#001755,2026-08-16 00:00:00.000,Camon 50 (8+128),16,O,-20.0000,pcs,31000.0000,-591727.5018,.0000,.00,-20.0000,-620000.00,-591727.50,Main Location,18.0000,.0000
SI0001SI#001756,2026-08-16 00:00:00.000,Camon 50 (8+128),16,O,-3.0000,pcs,32195.0000,-88759.1253,.0000,.00,-3.0000,-96585.00,-88759.13,Main Location,18.0000,.0000
SI0001SI#001750,2026-08-14 00:00:00.000,Spark 50 (4+128),16,O,-4.0000,pcs,16510.0000,-64389.3600,.0000,.00,-4.0000,-65379.60,-64389.36,Main Location,7.0000,.0000
SI0001SI#001752,2026-08-14 00:00:00.000,Spark 40(8+256),16,O,-2.0000,pcs,18870.0000,-34930.7076,.0000,.00,-2.0000,-37173.90,-34930.71,Main Location,8.0000,.0000
SI0001SI#001753,2026-08-14 00:00:00.000,Spark 40 5G,16,O,-5.0000,pcs,15636.0000,-78181.4000,.0000,.00,-5.0000,-78180.00,-78181.40,Main Location,16.0000,.0000
SI0001SI#001753,2026-08-14 00:00:00.000,Go 3 (4+64),16,O,-5.0000,pcs,15640.0000,-67985.4081,.0000,.00,-5.0000,-78200.00,-67985.41,Main Location,1211.0000,.0000
SI0001SI#001751,2026-08-14 00:00:00.000,Go 3 (4+64),16,O,-3.0000,pcs,15640.0000,-40791.2448,.0000,.00,-3.0000,-46920.00,-40791.24,Main Location,1211.0000,.0000
SI0001SI#001750,2026-08-14 00:00:00.000,Go 3 (4+128),16,O,-2.0000,pcs,15570.0000,-29369.3328,.0000,.00,-2.0000,-30828.60,-29369.33,Main Location,264.0000,.0000
SI0001SI#001751,2026-08-14 00:00:00.000,Camon 50 (8+128),16,O,-2.0000,pcs,32194.0000,-59172.7502,.0000,.00,-2.0000,-64388.00,-59172.75,Main Location,41.0000,.0000
SI0001SI#001750,2026-08-14 00:00:00.000,Camon 50 (8+128),16,O,-3.0000,pcs,33020.0000,-88759.1253,.0000,.00,-3.0000,-98069.40,-88759.13,Main Location,41.0000,.0000
SI0001SI#001744,2026-08-13 00:00:00.000,Spark 50 Pro (6-128),16,O,-1.0000,pcs,25470.0000,-24780.0000,.0000,.00,-1.0000,-25087.95,-24780.00,Main Location,10.0000,.0000
SI0001SI#001743,2026-08-13 00:00:00.000,Spark 50 (6+128),16,O,-1.0000,pcs,20754.0000,-20057.4051,.0000,.00,-1.0000,-20442.69,-20057.41,Main Location,417.0000,.0000
SI0001SI#001742,2026-08-13 00:00:00.000,Spark 50 (6+128),16,O,-2.0000,pcs,20754.0000,-40114.8102,.0000,.00,-2.0000,-40885.38,-40114.81,Main Location,417.0000,.0000
SI0001SI#001747,2026-08-13 00:00:00.000,Spark 50 (4+128),16,O,-5.0000,pcs,16510.0000,-80486.7000,.0000,.00,-5.0000,-81064.10,-80486.70,Main Location,11.0000,.0000
SI0001SI#001746,2026-08-13 00:00:00.000,Spark 40 5G,16,O,-10.0000,pcs,15000.0000,-156362.8000,.0000,.00,-10.0000,-150000.00,-156362.80,Main Location,21.0000,.0000
SI0001SI#001744,2026-08-13 00:00:00.000,Spark 40 5G,16,O,-1.0000,pcs,16040.0000,-15636.2800,.0000,.00,-1.0000,-15799.40,-15636.28,Main Location,21.0000,.0000
SI0001SI#001745,2026-08-13 00:00:00.000,Go 3 (4+64),16,O,-2.0000,pcs,16020.0000,-27194.1632,.0000,.00,-2.0000,-31719.60,-27194.16,Main Location,1219.0000,.0000
SI0001SI#001744,2026-08-13 00:00:00.000,Go 3 (4+64),16,O,-4.0000,pcs,16030.0000,-54388.3265,.0000,.00,-4.0000,-63158.20,-54388.33,Main Location,1219.0000,.0000
SI0001SI#001747,2026-08-13 00:00:00.000,Go 3 (4+128),16,O,-10.0000,pcs,15570.0000,-146846.6638,.0000,.00,-10.0000,-153297.00,-146846.66,Main Location,266.0000,.0000
SI0001SI#001744,2026-08-13 00:00:00.000,Camon 50 (8+128),16,O,-3.0000,pcs,33020.0000,-88759.1253,.0000,.00,-3.0000,-97574.10,-88759.13,Main Location,46.0000,.0000
SI0001SI#001742,2026-08-13 00:00:00.000,Camon 50 (8+128),16,O,-1.0000,pcs,33020.0000,-29586.3751,.0000,.00,-1.0000,-32524.70,-29586.38,Main Location,46.0000,.0000
SI0001SI#001741,2026-08-12 00:00:00.000,Spark 50 Pro (6-128),16,O,-1.0000,pcs,25470.0000,-24780.0000,.0000,.00,-1.0000,-25470.00,-24780.00,Main Location,11.0000,.0000
SI0001SI#001739,2026-08-12 00:00:00.000,Spark 50 Pro (6-128),16,O,-1.0000,pcs,25470.0000,-24780.0000,.0000,.00,-1.0000,-25470.00,-24780.00,Main Location,11.0000,.0000
PI0001PI#000199,2026-08-12 00:00:00.000,Spark 50 (6+128),33,I,130.0000,pcs,20200.0000,2626000.0000,130.0000,2626000.00,.0000,.00,.00,Main Location,420.0000,130.0000
SI0001SI#001737,2026-08-12 00:00:00.000,Spark 50 (6+128),16,O,-3.0000,pcs,20754.0000,-60172.2153,.0000,.00,-3.0000,-61328.07,-60172.22,Main Location,420.0000,.0000
SI0001SI#001737,2026-08-12 00:00:00.000,Spark 50 (4+128),16,O,-5.0000,pcs,16510.0000,-80486.7000,.0000,.00,-5.0000,-81311.75,-80486.70,Main Location,16.0000,.0000
SI0001SI#001739,2026-08-12 00:00:00.000,Spark 40 5G,16,O,-1.0000,pcs,16040.0000,-15636.2800,.0000,.00,-1.0000,-16040.00,-15636.28,Main Location,32.0000,.0000
SI0001SI#001738,2026-08-12 00:00:00.000,Pova Slim,16,O,-1.0000,pcs,28300.0000,-27594.0200,.0000,.00,-1.0000,-27875.50,-27594.02,Main Location,1.0000,.0000
SI0001SI#001741,2026-08-12 00:00:00.000,Pova Curve 2 (8+128),16,O,-1.0000,pcs,34910.0000,-34038.9800,.0000,.00,-1.0000,-34910.00,-34038.98,Main Location,13.0000,.0000
SI0001SI#001741,2026-08-12 00:00:00.000,Go 3 (4+64),16,O,-4.0000,pcs,16030.0000,-54388.3265,.0000,.00,-4.0000,-64120.00,-54388.33,Main Location,1225.0000,.0000
SI0001SI#001737,2026-08-12 00:00:00.000,Go 3 (4+128),16,O,-10.0000,pcs,15570.0000,-146846.6638,.0000,.00,-10.0000,-153364.50,-146846.66,Main Location,276.0000,.0000
SI0001SI#001740,2026-08-12 00:00:00.000,Camon 50 Ultra (8+256),16,O,-1.0000,pcs,44350.0000,-39551.7700,.0000,.00,-1.0000,-43685.50,-39551.77,Main Location,6.0000,.0000
SI0001SI#001741,2026-08-12 00:00:00.000,Camon 50 Ultra (8+256),16,O,-1.0000,pcs,37740.0000,-39551.7700,.0000,.00,-1.0000,-37740.00,-39551.77,Main Location,6.0000,.0000
SI0001SI#001741,2026-08-12 00:00:00.000,Camon 50 (8+128),16,O,-1.0000,pcs,33020.0000,-29586.3751,.0000,.00,-1.0000,-33020.00,-29586.38,Main Location,50.0000,.0000
SI0001SI#001735,2026-08-11 00:00:00.000,Spark 50 (6+128),16,O,-2.0000,pcs,20754.0000,-39988.2754,.0000,.00,-2.0000,-40885.38,-39988.28,Main Location,293.0000,.0000
SI0001SI#001733,2026-08-11 00:00:00.000,Spark 50 (6+128),16,O,-2.0000,pcs,20754.0000,-39988.2754,.0000,.00,-2.0000,-40885.38,-39988.28,Main Location,293.0000,.0000
SI0001SI#001735,2026-08-11 00:00:00.000,Go 3 (4+64),16,O,-2.0000,pcs,16030.0000,-27194.1632,.0000,.00,-2.0000,-31635.50,-27194.16,Main Location,1229.0000,.0000
SI0001SI#001735,2026-08-11 00:00:00.000,Go 3 (4+128),16,O,-2.0000,pcs,15570.0000,-29369.3328,.0000,.00,-2.0000,-30672.90,-29369.33,Main Location,286.0000,.0000
SI0001SI#001734,2026-08-11 00:00:00.000,Camon 50 (8+128),16,O,-2.0000,pcs,33020.0000,-59172.7502,.0000,.00,-2.0000,-64719.20,-59172.75,Main Location,51.0000,.0000
PI0001PI#000198,2026-08-10 00:00:00.000,Spark 50 (6+128),33,I,40.0000,pcs,20247.0000,809880.0000,40.0000,809880.00,.0000,.00,.00,Main Location,297.0000,40.0000
PI0001PI#000198,2026-08-10 00:00:00.000,Spark 50 (4+128),33,I,5.0000,pcs,16097.3400,80486.7000,5.0000,80486.70,.0000,.00,.00,Main Location,21.0000,5.0000
SI0001SI#001732,2026-08-10 00:00:00.000,Spark 50 (4+128),16,O,-3.0000,pcs,16510.0000,-48292.0200,.0000,.00,-3.0000,-48787.05,-48292.02,Main Location,21.0000,.0000
SI0001SI#001732,2026-08-10 00:00:00.000,Pova Curve 2 (8+128),16,O,-1.0000,pcs,34910.0000,-34038.9800,.0000,.00,-1.0000,-34386.35,-34038.98,Main Location,14.0000,.0000
SI0001SI#001731,2026-08-10 00:00:00.000,Camon 50 Ultra (8+256),16,O,-1.0000,pcs,44350.0000,-39551.7700,.0000,.00,-1.0000,-43684.75,-39551.77,Main Location,8.0000,.0000
PI0001PI#000198,2026-08-10 00:00:00.000,Camon 50 (8+128),33,I,16.0000,pcs,32195.0000,515120.0000,16.0000,515120.00,.0000,.00,.00,Main Location,53.0000,16.0000
SI0001SI#001731,2026-08-10 00:00:00.000,Camon 50 (8+128),16,O,-2.0000,pcs,33020.0000,-59172.7502,.0000,.00,-2.0000,-65049.40,-59172.75,Main Location,53.0000,.0000
SI0001SI#001729,2026-08-09 00:00:00.000,Spark 50 (6+128),16,O,-2.0000,pcs,20754.0000,-39909.5634,.0000,.00,-2.0000,-40885.38,-39909.56,Main Location,257.0000,.0000
SI0001SI#001730,2026-08-09 00:00:00.000,Camon 50 (8+128),16,O,-3.0000,pcs,33020.0000,-85548.5100,.0000,.00,-3.0000,-97574.10,-85548.51,Main Location,39.0000,.0000
SI0001SI#001728,2026-08-08 00:00:00.000,Camon 50 (8+128),16,O,-3.0000,pcs,33020.0000,-85548.5100,.0000,.00,-3.0000,-97574.10,-85548.51,Main Location,42.0000,.0000
SI0001SI#001724,2026-08-07 00:00:00.000,Spark 50 (6+128),16,O,-1.0000,pcs,20754.0000,-19954.7817,.0000,.00,-1.0000,-20442.69,-19954.78,Main Location,259.0000,.0000
SI0001SI#001721,2026-08-07 00:00:00.000,Spark 50 (6+128),16,O,-20.0000,pcs,20240.0000,-399095.6345,.0000,.00,-20.0000,-404800.00,-399095.63,Main Location,259.0000,.0000
SI0001SI#001720,2026-08-07 00:00:00.000,Spark 40 5G,16,O,-2.0000,pcs,16020.0000,-31272.5600,.0000,.00,-2.0000,-31719.60,-31272.56,Main Location,33.0000,.0000
SI0001SI#001726,2026-08-07 00:00:00.000,Go 3 (4+64),16,O,-50.0000,pcs,13300.0000,-679854.0806,.0000,.00,-50.0000,-665000.00,-679854.08,Main Location,1231.0000,.0000
SI0001SI#001719,2026-08-07 00:00:00.000,Go 3 (4+64),16,O,-30.0000,pcs,13792.0000,-407912.4484,.0000,.00,-30.0000,-413760.00,-407912.45,Main Location,1231.0000,.0000
SI0001SI#001725,2026-08-07 00:00:00.000,Go 3 (4+64),16,O,-8.0000,pcs,14150.0000,-108776.6529,.0000,.00,-8.0000,-111502.00,-108776.65,Main Location,1231.0000,.0000
SI0001SI#001724,2026-08-07 00:00:00.000,Go 3 (4+64),16,O,-5.0000,pcs,14150.0000,-67985.4081,.0000,.00,-5.0000,-69688.75,-67985.41,Main Location,1231.0000,.0000
SI0001SI#001724,2026-08-07 00:00:00.000,Go 3 (4+128),16,O,-1.0000,pcs,15570.0000,-14684.6664,.0000,.00,-1.0000,-15336.45,-14684.67,Main Location,288.0000,.0000
SI0001SI#001722,2026-08-07 00:00:00.000,Go 3 (4+128),16,O,-1.0000,pcs,15570.0000,-14684.6664,.0000,.00,-1.0000,-15336.45,-14684.67,Main Location,288.0000,.0000
SI0001SI#001723,2026-08-07 00:00:00.000,Camon 50 (8+128),16,O,-1.0000,pcs,33020.0000,-28516.1700,.0000,.00,-1.0000,-32524.70,-28516.17,Main Location,45.0000,.0000
SI0001SI#001712,2026-08-06 00:00:00.000,Spark 50 Pro (6-128),16,O,-2.0000,pcs,25470.0000,-49560.0000,.0000,.00,-2.0000,-50175.90,-49560.00,Main Location,13.0000,.0000
SI0001SI#001710,2026-08-06 00:00:00.000,Spark 50 5G (6+128),16,O,-2.0000,pcs,22640.0000,-44142.0000,.0000,.00,-2.0000,-44600.80,-44142.00,Main Location,2.0000,.0000
SI0001SI#001714,2026-08-06 00:00:00.000,Spark 50 (6+128),16,O,-2.0000,pcs,20754.0000,-39909.5634,.0000,.00,-2.0000,-40885.38,-39909.56,Main Location,280.0000,.0000
SI0001SI#001711,2026-08-06 00:00:00.000,Spark 50 (6+128),16,O,-3.0000,pcs,20754.0000,-59864.3452,.0000,.00,-3.0000,-61328.07,-59864.35,Main Location,280.0000,.0000
SI0001SI#001709,2026-08-06 00:00:00.000,Spark 50 (4+128),16,O,-20.0000,pcs,16510.0000,-321946.8000,.0000,.00,-20.0000,-330200.00,-321946.80,Main Location,19.0000,.0000
SI0001SI#001710,2026-08-06 00:00:00.000,Pova Curve 2,16,O,-1.0000,pcs,37740.0000,-35531.5670,.0000,.00,-1.0000,-37173.90,-35531.57,Main Location,40.0000,.0000
SI0001SI#001717,2026-08-06 00:00:00.000,Go 3 (4+64),16,O,-50.0000,pcs,13300.0000,-679854.0806,.0000,.00,-50.0000,-665000.00,-679854.08,Main Location,1324.0000,.0000
SI0001SI#001716,2026-08-06 00:00:00.000,Go 3 (4+64),16,O,-60.0000,pcs,13760.0000,-815824.8968,.0000,.00,-60.0000,-825600.00,-815824.90,Main Location,1324.0000,.0000
SI0001SI#001712,2026-08-06 00:00:00.000,Go 3 (4+64),16,O,-5.0000,pcs,14150.0000,-67985.4081,.0000,.00,-5.0000,-69688.75,-67985.41,Main Location,1324.0000,.0000
SI0001SI#001710,2026-08-06 00:00:00.000,Go 3 (4+64),16,O,-9.0000,pcs,14150.0000,-122373.7345,.0000,.00,-9.0000,-125439.75,-122373.73,Main Location,1324.0000,.0000
SI0001SI#001710,2026-08-06 00:00:00.000,Camon 50 Ultra (8+256),16,O,-1.0000,pcs,44350.0000,-39551.7700,.0000,.00,-1.0000,-43684.75,-39551.77,Main Location,9.0000,.0000
SI0001SI#001713,2026-08-06 00:00:00.000,Camon 50 (8+256),16,O,-1.0000,pcs,34900.0000,-32194.7000,.0000,.00,-1.0000,-34376.50,-32194.70,Main Location,86.0000,.0000
SI0001SI#001703,2026-08-05 00:00:00.000,Spark50 Pro (4-128),16,O,-3.0000,pcs,23590.0000,-68850.0000,.0000,.00,-3.0000,-70062.30,-68850.00,Main Location,7.0000,.0000
SI0001SI#001699,2026-08-05 00:00:00.000,Spark 50 Pro (6-128),16,O,-2.0000,pcs,25470.0000,-49560.0000,.0000,.00,-2.0000,-50175.90,-49560.00,Main Location,15.0000,.0000
SI0001SI#001703,2026-08-05 00:00:00.000,Spark 50 5G (6+128),16,O,-5.0000,pcs,22640.0000,-110355.0000,.0000,.00,-5.0000,-112068.00,-110355.00,Main Location,4.0000,.0000
SI0001SI#001705,2026-08-05 00:00:00.000,Spark 50 (6+128),16,O,-2.0000,pcs,20754.0000,-39909.5634,.0000,.00,-2.0000,-41508.00,-39909.56,Main Location,285.0000,.0000
SI0001SI#001704,2026-08-05 00:00:00.000,Spark 50 (6+128),16,O,-3.0000,pcs,20754.0000,-59864.3452,.0000,.00,-3.0000,-62262.00,-59864.35,Main Location,285.0000,.0000
SI0001SI#001701,2026-08-05 00:00:00.000,Spark 50 (6+128),16,O,-1.0000,pcs,20754.0000,-19954.7817,.0000,.00,-1.0000,-20442.69,-19954.78,Main Location,285.0000,.0000
SI0001SI#001706,2026-08-05 00:00:00.000,Spark 50 (4+128),16,O,-1.0000,pcs,16510.0000,-16097.3400,.0000,.00,-1.0000,-16510.00,-16097.34,Main Location,39.0000,.0000
SI0001SI#001704,2026-08-05 00:00:00.000,Pova Slim,16,O,-1.0000,pcs,28300.0000,-27594.0200,.0000,.00,-1.0000,-28300.00,-27594.02,Main Location,2.0000,.0000
SI0001SI#001704,2026-08-05 00:00:00.000,Pova Curve 2,16,O,-1.0000,pcs,37740.0000,-35531.5670,.0000,.00,-1.0000,-37740.00,-35531.57,Main Location,41.0000,.0000
SI0001SI#001704,2026-08-05 00:00:00.000,Pova 7 Pro,16,O,-1.0000,pcs,33020.0000,-33020.0000,.0000,.00,-1.0000,-33020.00,-33020.00,Main Location,.0000,.0000
SI0001SI#001707,2026-08-05 00:00:00.000,Go 3 (4+64),16,O,-27.0000,pcs,13792.0000,-367121.2035,.0000,.00,-27.0000,-372384.00,-367121.20,Main Location,1448.0000,.0000
SI0001SI#001703,2026-08-05 00:00:00.000,Go 3 (4+64),16,O,-5.0000,pcs,14150.0000,-67985.4081,.0000,.00,-5.0000,-70042.50,-67985.41,Main Location,1448.0000,.0000
SI0001SI#001702,2026-08-05 00:00:00.000,Go 3 (4+64),16,O,-20.0000,pcs,14150.0000,-271941.6323,.0000,.00,-20.0000,-283000.00,-271941.63,Main Location,1448.0000,.0000
SI0001SI#001700,2026-08-05 00:00:00.000,Go 3 (4+64),16,O,-2.0000,pcs,14150.0000,-27194.1632,.0000,.00,-2.0000,-27875.50,-27194.16,Main Location,1448.0000,.0000
SI0001SI#001699,2026-08-05 00:00:00.000,Go 3 (4+64),16,O,-5.0000,pcs,14150.0000,-67985.4081,.0000,.00,-5.0000,-69688.75,-67985.41,Main Location,1448.0000,.0000
SI0001SI#001698,2026-08-05 00:00:00.000,Go 3 (4+64),16,O,-3.0000,pcs,14150.0000,-40791.2448,.0000,.00,-3.0000,-41813.25,-40791.24,Main Location,1448.0000,.0000
SI0001SI#001705,2026-08-05 00:00:00.000,Go 3 (4+128),16,O,-2.0000,pcs,15570.0000,-29369.3328,.0000,.00,-2.0000,-31140.00,-29369.33,Main Location,290.0000,.0000
SI0001SI#001704,2026-08-05 00:00:00.000,Camon 50 (8+256),16,O,-2.0000,pcs,36800.0000,-64389.4000,.0000,.00,-2.0000,-73600.00,-64389.40,Main Location,87.0000,.0000
SI0001SI#001705,2026-08-05 00:00:00.000,Camon 50 (8+128),16,O,-1.0000,pcs,33020.0000,-28516.1700,.0000,.00,-1.0000,-33020.00,-28516.17,Main Location,46.0000,.0000
SI0001SI#001704,2026-08-05 00:00:00.000,Camon 50 (8+128),16,O,-1.0000,pcs,33020.0000,-28516.1700,.0000,.00,-1.0000,-33020.00,-28516.17,Main Location,46.0000,.0000
SI0001SI#001696,2026-08-04 00:00:00.000,Spark 50 Pro (6-128),16,O,-1.0000,pcs,25470.0000,-24780.0000,.0000,.00,-1.0000,-25087.95,-24780.00,Main Location,17.0000,.0000
SI0001SI#001696,2026-08-04 00:00:00.000,Spark 50 5G (6+128),16,O,-1.0000,pcs,22640.0000,-22071.0000,.0000,.00,-1.0000,-22300.40,-22071.00,Main Location,9.0000,.0000
SI0001SI#001695,2026-08-04 00:00:00.000,Spark 50 5G (6+128),16,O,-1.0000,pcs,22640.0000,-22071.0000,.0000,.00,-1.0000,-22300.40,-22071.00,Main Location,9.0000,.0000
SR0001SR#000029,2026-08-04 00:00:00.000,Spark 50 (6+128),13,I,2.0000,pcs,.0000,39909.5634,2.0000,39909.56,.0000,.00,.00,Main Location,291.0000,2.0000
SR0001SR#000028,2026-08-04 00:00:00.000,Spark 50 (6+128),13,I,3.0000,pcs,.0000,59864.3452,3.0000,59864.35,.0000,.00,.00,Main Location,291.0000,3.0000
SI0001SI#001697,2026-08-04 00:00:00.000,Spark 50 (6+128),16,O,-30.0000,pcs,20246.0000,-598643.4517,.0000,.00,-30.0000,-607380.00,-598643.45,Main Location,291.0000,.0000
SI0001SI#001696,2026-08-04 00:00:00.000,Spark 50 (4+128),16,O,-1.0000,pcs,16510.0000,-16097.3400,.0000,.00,-1.0000,-16262.35,-16097.34,Main Location,40.0000,.0000
SR0001SR#000028,2026-08-04 00:00:00.000,Pova Slim,13,I,1.0000,pcs,.0000,27594.0200,1.0000,27594.02,.0000,.00,.00,Main Location,3.0000,1.0000
SI0001SI#001695,2026-08-04 00:00:00.000,Pova Curve 2 (8+128),16,O,-1.0000,pcs,34910.0000,-34038.9800,.0000,.00,-1.0000,-34386.35,-34038.98,Main Location,15.0000,.0000
SR0001SR#000028,2026-08-04 00:00:00.000,Pova Curve 2,13,I,1.0000,pcs,.0000,35531.5670,1.0000,35531.57,.0000,.00,.00,Main Location,42.0000,1.0000
SI0001SI#001695,2026-08-04 00:00:00.000,Pova Curve 2,16,O,-1.0000,pcs,37740.0000,-35531.5670,.0000,.00,-1.0000,-37173.90,-35531.57,Main Location,42.0000,.0000
SR0001SR#000028,2026-08-04 00:00:00.000,Pova 7 Pro,13,I,1.0000,pcs,33020.0000,33020.0000,1.0000,33020.00,.0000,.00,.00,Main Location,1.0000,1.0000
SI0001SI#001691,2026-08-04 00:00:00.000,Go2,16,O,-2.0000,pcs,10390.0000,.0000,.0000,.00,-2.0000,-20572.20,.00,Main Location,.0000,.0000
SI0001SI#001697,2026-08-04 00:00:00.000,Go 3 (4+64),16,O,-90.0000,pcs,13792.0000,-1223737.3451,.0000,.00,-90.0000,-1241280.00,-1223737.35,Main Location,1510.0000,.0000
SI0001SI#001696,2026-08-04 00:00:00.000,Go 3 (4+64),16,O,-6.0000,pcs,14150.0000,-81582.4897,.0000,.00,-6.0000,-83626.50,-81582.49,Main Location,1510.0000,.0000
SI0001SI#001694,2026-08-04 00:00:00.000,Go 3 (4+64),16,O,-5.0000,pcs,14150.0000,-67985.4081,.0000,.00,-5.0000,-69688.75,-67985.41,Main Location,1510.0000,.0000
SI0001SI#001693,2026-08-04 00:00:00.000,Go 3 (4+64),16,O,-20.0000,pcs,14150.0000,-271941.6323,.0000,.00,-20.0000,-278755.00,-271941.63,Main Location,1510.0000,.0000
SI0001SI#001692,2026-08-04 00:00:00.000,Go 3 (4+64),16,O,-5.0000,pcs,14150.0000,-67985.4081,.0000,.00,-5.0000,-69688.75,-67985.41,Main Location,1510.0000,.0000
SR0001SR#000029,2026-08-04 00:00:00.000,Go 3 (4+128),13,I,2.0000,pcs,.0000,29369.3328,2.0000,29369.33,.0000,.00,.00,Main Location,292.0000,2.0000
SI0001SI#001696,2026-08-04 00:00:00.000,Go 3 (4+128),16,O,-1.0000,pcs,15570.0000,-14684.6664,.0000,.00,-1.0000,-15336.45,-14684.67,Main Location,292.0000,.0000
SI0001SI#001692,2026-08-04 00:00:00.000,Go 3 (4+128),16,O,-2.0000,pcs,15570.0000,-29369.3328,.0000,.00,-2.0000,-30672.90,-29369.33,Main Location,292.0000,.0000
SR0001SR#000028,2026-08-04 00:00:00.000,Camon 50 (8+256),13,I,2.0000,pcs,.0000,64389.4000,2.0000,64389.40,.0000,.00,.00,Main Location,89.0000,2.0000
SI0001SI#001695,2026-08-04 00:00:00.000,Camon 50 (8+256),16,O,-1.0000,pcs,36800.0000,-32194.7000,.0000,.00,-1.0000,-36248.00,-32194.70,Main Location,89.0000,.0000
SR0001SR#000029,2026-08-04 00:00:00.000,Camon 50 (8+128),13,I,1.0000,pcs,.0000,28516.1700,1.0000,28516.17,.0000,.00,.00,Main Location,48.0000,1.0000
SR0001SR#000028,2026-08-04 00:00:00.000,Camon 50 (8+128),13,I,1.0000,pcs,.0000,28516.1700,1.0000,28516.17,.0000,.00,.00,Main Location,48.0000,1.0000
SI0001SI#001696,2026-08-04 00:00:00.000,Camon 50 (8+128),16,O,-1.0000,pcs,33020.0000,-28516.1700,.0000,.00,-1.0000,-32524.70,-28516.17,Main Location,48.0000,.0000
SI0001SI#001695,2026-08-04 00:00:00.000,Camon 50 (8+128),16,O,-1.0000,pcs,33020.0000,-28516.1700,.0000,.00,-1.0000,-32524.70,-28516.17,Main Location,48.0000,.0000
SI0001SI#001690,2026-08-02 00:00:00.000,Spark 50 5G (6+128),16,O,-1.0000,pcs,22640.0000,-22071.0000,.0000,.00,-1.0000,-22413.60,-22071.00,Main Location,11.0000,.0000
SR0001SR#000027,2026-07-31 00:00:00.000,Spark40 (6+128),13,I,1.0000,pcs,16050.0000,16050.0000,1.0000,16050.00,.0000,.00,.00,Main Location,1.0000,1.0000
SR0001SR#000027,2026-07-31 00:00:00.000,Spark 50 Pro (6-128),13,I,2.0000,pcs,.0000,49560.0000,2.0000,49560.00,.0000,.00,.00,Main Location,18.0000,2.0000
SR0001SR#000027,2026-07-31 00:00:00.000,Spark 50 5G (6+128),13,I,2.0000,pcs,.0000,44142.0000,2.0000,44142.00,.0000,.00,.00,Main Location,12.0000,2.0000
PI0001PI#000197,2026-07-31 00:00:00.000,Spark 50 5G (6+128),33,I,10.0000,pcs,22071.0000,220710.0000,10.0000,220710.00,.0000,.00,.00,Main Location,12.0000,10.0000
SR0001SR#000027,2026-07-31 00:00:00.000,Spark 50 (6+128),13,I,7.0000,pcs,.0000,139683.4721,7.0000,139683.47,.0000,.00,.00,Main Location,316.0000,7.0000
SR0001SR#000025,2026-07-31 00:00:00.000,Spark 50 (6+128),13,I,2.0000,pcs,.0000,39909.5634,2.0000,39909.56,.0000,.00,.00,Main Location,316.0000,2.0000
SI0001SI#001648,2026-07-31 00:00:00.000,Spark 50 (6+128),16,O,-2.0000,pcs,20246.0000,-39909.5634,.0000,.00,-2.0000,-40492.00,-39909.56,Main Location,316.0000,.0000
SR0001SR#000027,2026-07-31 00:00:00.000,Spark 50 (4+128),13,I,1.0000,pcs,.0000,16097.3400,1.0000,16097.34,.0000,.00,.00,Main Location,41.0000,1.0000
SI0001SI#001649,2026-07-31 00:00:00.000,Spark 50 (4+128),16,O,-2.0000,pcs,16510.0000,-32194.6800,.0000,.00,-2.0000,-32689.80,-32194.68,Main Location,41.0000,.0000
SR0001SR#000027,2026-07-31 00:00:00.000,Spark 40(8+256),13,I,8.0000,pcs,.0000,139722.8304,8.0000,139722.83,.0000,.00,.00,Main Location,10.0000,8.0000
SR0001SR#000027,2026-07-31 00:00:00.000,Spark 40 5G,13,I,1.0000,pcs,.0000,15636.2800,1.0000,15636.28,.0000,.00,.00,Main Location,35.0000,1.0000
SR0001SR#000025,2026-07-31 00:00:00.000,Spark 40 5G,13,I,2.0000,pcs,.0000,31272.5600,2.0000,31272.56,.0000,.00,.00,Main Location,35.0000,2.0000
SR0001SR#000027,2026-07-31 00:00:00.000,Pova Slim,13,I,1.0000,pcs,28300.0000,27594.0200,1.0000,27594.02,.0000,.00,.00,Main Location,2.0000,1.0000
SR0001SR#000025,2026-07-31 00:00:00.000,Pova Slim,13,I,1.0000,pcs,28300.0000,27594.0200,1.0000,27594.02,.0000,.00,.00,Main Location,2.0000,1.0000
SI0001SI#001708,2026-07-31 00:00:00.000,Go2,16,O,-1.0000,pcs,10300.0000,.0000,.0000,.00,-1.0000,-10094.00,.00,Main Location,2.0000,.0000
SR0001SR#000027,2026-07-31 00:00:00.000,Go2,13,I,3.0000,pcs,10390.0000,.0000,3.0000,.00,.0000,.00,.00,Main Location,2.0000,3.0000
SR0001SR#000027,2026-07-31 00:00:00.000,Go 3 (4+64),13,I,74.0000,pcs,.0000,1006184.0393,74.0000,1006184.04,.0000,.00,.00,Main Location,1636.0000,74.0000
SI0001SI#001647,2026-07-31 00:00:00.000,Go 3 (4+64),16,O,-2.0000,pcs,14150.0000,-27194.1632,.0000,.00,-2.0000,-27875.50,-27194.16,Main Location,1636.0000,.0000
SR0001SR#000027,2026-07-31 00:00:00.000,Go 3 (4+128),13,I,2.0000,pcs,.0000,29369.3328,2.0000,29369.33,.0000,.00,.00,Main Location,293.0000,2.0000
PI0001PI#000197,2026-07-31 00:00:00.000,Go 3 (4+128),33,I,200.0000,pcs,15186.0000,3037200.0000,200.0000,3037200.00,.0000,.00,.00,Main Location,293.0000,200.0000
SI0001SI#001646,2026-07-31 00:00:00.000,Go 3 (4+128),16,O,-8.0000,pcs,15570.0000,-117477.3310,.0000,.00,-8.0000,-122691.60,-117477.33,Main Location,293.0000,.0000
PI0001PI#000197,2026-07-31 00:00:00.000,Camon 50 Ultra (8+256),33,I,10.0000,pcs,39551.7700,395517.7000,10.0000,395517.70,.0000,.00,.00,Main Location,10.0000,10.0000
SR0001SR#000027,2026-07-31 00:00:00.000,Camon 50 (8+256),13,I,2.0000,pcs,.0000,64389.4000,2.0000,64389.40,.0000,.00,.00,Main Location,88.0000,2.0000
SR0001SR#000027,2026-07-31 00:00:00.000,Camon 50 (8+128),13,I,1.0000,pcs,.0000,28516.1700,1.0000,28516.17,.0000,.00,.00,Main Location,48.0000,1.0000
SI0001SI#001652,2026-07-30 00:00:00.000,Spark 50 (4+128),16,O,-3.0000,pcs,16510.0000,-48292.0200,.0000,.00,-3.0000,-48787.05,-48292.02,Main Location,42.0000,.0000
SI0001SI#001651,2026-07-30 00:00:00.000,Go 3 (4+128),16,O,-4.0000,pcs,15570.0000,-54687.4847,.0000,.00,-4.0000,-61345.80,-54687.48,Main Location,99.0000,.0000
SI0001SI#001650,2026-07-30 00:00:00.000,Camon 50 Ultra (12+256),16,O,-1.0000,pcs,50610.0000,-45986.7000,.0000,.00,-1.0000,-50610.00,-45986.70,Main Location,1.0000,.0000
SI0001SI#001656,2026-07-29 00:00:00.000,Spark 50 (6+128),16,O,-3.0000,pcs,20754.0000,-59864.3452,.0000,.00,-3.0000,-61328.07,-59864.35,Main Location,309.0000,.0000
SI0001SI#001655,2026-07-29 00:00:00.000,Go 3 (4+64),16,O,-8.0000,pcs,14150.0000,-108776.6529,.0000,.00,-8.0000,-111502.00,-108776.65,Main Location,1564.0000,.0000
SI0001SI#001654,2026-07-29 00:00:00.000,Go 3 (4+64),16,O,-2.0000,pcs,14150.0000,-27194.1632,.0000,.00,-2.0000,-27875.50,-27194.16,Main Location,1564.0000,.0000
SI0001SI#001688,2026-07-29 00:00:00.000,Go 3 (4+128),16,O,-100.0000,pcs,15185.0000,-1367187.1174,.0000,.00,-100.0000,-1488130.00,-1367187.12,Main Location,103.0000,.0000
SI0001SI#001653,2026-07-29 00:00:00.000,Camon 50 (8+128),16,O,-1.0000,pcs,32195.0000,-28516.1700,.0000,.00,-1.0000,-32195.00,-28516.17,Main Location,47.0000,.0000
SI0001SI#001687,2026-07-28 00:00:00.000,Spark 50 (6+128),16,O,-50.0000,pcs,20246.0000,-997739.0862,.0000,.00,-50.0000,-1012300.00,-997739.09,Main Location,312.0000,.0000
SI0001SI#001657,2026-07-28 00:00:00.000,Spark 50 (6+128),16,O,-1.0000,pcs,20754.0000,-19954.7817,.0000,.00,-1.0000,-20546.46,-19954.78,Main Location,312.0000,.0000
SI0001SI#001687,2026-07-28 00:00:00.000,Go 3 (4+64),16,O,-20.0000,pcs,13792.0000,-271941.6322,.0000,.00,-20.0000,-275840.00,-271941.63,Main Location,1574.0000,.0000
SI0001SI#001660,2026-07-28 00:00:00.000,Go 3 (4+64),16,O,-2.0000,pcs,14150.0000,-27194.1632,.0000,.00,-2.0000,-28300.00,-27194.16,Main Location,1574.0000,.0000
SI0001SI#001659,2026-07-28 00:00:00.000,Go 3 (4+64),16,O,-6.0000,pcs,14150.0000,-81582.4897,.0000,.00,-6.0000,-83626.50,-81582.49,Main Location,1574.0000,.0000
SI0001SI#001658,2026-07-28 00:00:00.000,Go 3 (4+64),16,O,-3.0000,pcs,14150.0000,-40791.2448,.0000,.00,-3.0000,-41813.25,-40791.24,Main Location,1574.0000,.0000
SI0001SI#001662,2026-07-27 00:00:00.000,Spark 50 (4+128),16,O,-1.0000,pcs,16510.0000,-16097.3400,.0000,.00,-1.0000,-16262.35,-16097.34,Main Location,45.0000,.0000
SI0001SI#001661,2026-07-27 00:00:00.000,Pova Curve 2,16,O,-1.0000,pcs,33020.0000,-35531.5670,.0000,.00,-1.0000,-32689.80,-35531.57,Main Location,42.0000,.0000
SI0001SI#001663,2026-07-26 00:00:00.000,Spark 50 (4+128),16,O,-2.0000,pcs,16510.0000,-32194.6800,.0000,.00,-2.0000,-32524.70,-32194.68,Main Location,46.0000,.0000
SI0001SI#001686,2026-07-26 00:00:00.000,Go 3 (4+64),16,O,-100.0000,pcs,13792.0000,-1359708.1612,.0000,.00,-100.0000,-1379200.00,-1359708.16,Main Location,1605.0000,.0000
SI0001SI#001686,2026-07-26 00:00:00.000,Camon 50 (8+128),16,O,-20.0000,pcs,32194.0000,-570323.4000,.0000,.00,-20.0000,-634221.80,-570323.40,Main Location,48.0000,.0000
SI0001SI#001663,2026-07-26 00:00:00.000,Camon 50 (8+128),16,O,-1.0000,pcs,33020.0000,-28516.1700,.0000,.00,-1.0000,-32524.70,-28516.17,Main Location,48.0000,.0000
SI0001SI#001689,2026-07-25 00:00:00.000,Go 3 (4+64),16,O,-25.0000,pcs,13792.0000,-339927.0403,.0000,.00,-25.0000,-344800.00,-339927.04,Main Location,1705.0000,.0000
SI0001SI#001665,2026-07-24 00:00:00.000,Spark 50 Pro (6-128),16,O,-5.0000,pcs,25470.0000,-123900.0000,.0000,.00,-5.0000,-126076.50,-123900.00,Main Location,16.0000,.0000
SI0001SI#001665,2026-07-24 00:00:00.000,Spark 50 (6+128),16,O,-5.0000,pcs,20754.0000,-99773.9086,.0000,.00,-5.0000,-102732.30,-99773.91,Main Location,363.0000,.0000
SI0001SI#001685,2026-07-24 00:00:00.000,Go 3 (4+64),16,O,-20.0000,pcs,13792.0000,-271941.6322,.0000,.00,-20.0000,-275840.00,-271941.63,Main Location,1730.0000,.0000
SI0001SI#001667,2026-07-24 00:00:00.000,Go 3 (4+64),16,O,-2.0000,pcs,14150.0000,-27194.1632,.0000,.00,-2.0000,-27875.50,-27194.16,Main Location,1730.0000,.0000
SI0001SI#001666,2026-07-24 00:00:00.000,Go 3 (4+64),16,O,-5.0000,pcs,14150.0000,-67985.4081,.0000,.00,-5.0000,-69688.75,-67985.41,Main Location,1730.0000,.0000
SI0001SI#001667,2026-07-24 00:00:00.000,Camon 50 (8+256),16,O,-1.0000,pcs,36800.0000,-32194.7000,.0000,.00,-1.0000,-36248.00,-32194.70,Main Location,86.0000,.0000
PI0001PI#000196,2026-07-23 00:00:00.000,Spark 50 Pro (6-128),33,I,20.0000,pcs,24780.0000,495600.0000,20.0000,495600.00,.0000,.00,.00,Main Location,21.0000,20.0000
PI0001PI#000196,2026-07-23 00:00:00.000,Spark 50 (6+128),33,I,150.0000,pcs,20247.0000,3037050.0000,150.0000,3037050.00,.0000,.00,.00,Main Location,368.0000,150.0000
SI0001SI#001668,2026-07-23 00:00:00.000,Spark 50 (6+128),16,O,-4.0000,pcs,20754.0000,-79819.1269,.0000,.00,-4.0000,-81770.76,-79819.13,Main Location,368.0000,.0000
SI0001SI#001669,2026-07-23 00:00:00.000,Spark 50 (4+128),16,O,-2.0000,pcs,16510.0000,-32194.6800,.0000,.00,-2.0000,-32524.70,-32194.68,Main Location,48.0000,.0000
SI0001SI#001668,2026-07-23 00:00:00.000,Go 3 (4+64),16,O,-3.0000,pcs,14150.0000,-40791.2448,.0000,.00,-3.0000,-41813.25,-40791.24,Main Location,1757.0000,.0000
SI0001SI#001668,2026-07-23 00:00:00.000,Go 3 (4+128),16,O,-5.0000,pcs,15570.0000,-68359.3559,.0000,.00,-5.0000,-76682.25,-68359.36,Main Location,203.0000,.0000
PI0001PI#000195,2026-07-22 00:00:00.000,Spark50 Pro (4-128),33,I,10.0000,pcs,22950.0000,229500.0000,10.0000,229500.00,.0000,.00,.00,Main Location,10.0000,10.0000
PI0001PI#000195,2026-07-22 00:00:00.000,Spark 50 (6+128),33,I,100.0000,pcs,20247.0000,2024700.0000,100.0000,2024700.00,.0000,.00,.00,Main Location,222.0000,100.0000
SI0001SI#001671,2026-07-22 00:00:00.000,Spark 50 (6+128),16,O,-10.0000,pcs,20754.0000,-197573.3694,.0000,.00,-10.0000,-203389.20,-197573.37,Main Location,222.0000,.0000
SI0001SI#001670,2026-07-22 00:00:00.000,Spark 50 (4+128),16,O,-2.0000,pcs,16510.0000,-32194.6800,.0000,.00,-2.0000,-32524.70,-32194.68,Main Location,50.0000,.0000
SI0001SI#001684,2026-07-22 00:00:00.000,Camon 50 (8+128),16,O,-50.0000,pcs,32194.0000,-1425808.5000,.0000,.00,-50.0000,-1609700.00,-1425808.50,Main Location,69.0000,.0000
SI0001SI#001670,2026-07-22 00:00:00.000,Camon 50 (8+128),16,O,-1.0000,pcs,33020.0000,-28516.1700,.0000,.00,-1.0000,-32524.70,-28516.17,Main Location,69.0000,.0000
SI0001SI#001673,2026-07-21 00:00:00.000,Spark 50 (6+128),16,O,-1.0000,pcs,20754.0000,-19386.3801,.0000,.00,-1.0000,-20442.69,-19386.38,Main Location,132.0000,.0000
SI0001SI#001683,2026-07-21 00:00:00.000,Go 3 (4+128),16,O,-30.0000,pcs,15185.0000,-410156.1352,.0000,.00,-30.0000,-446439.00,-410156.14,Main Location,208.0000,.0000
SI0001SI#001683,2026-07-21 00:00:00.000,Camon 50 (8+256),16,O,-2.0000,pcs,35883.0000,-64389.4000,.0000,.00,-2.0000,-71766.00,-64389.40,Main Location,87.0000,.0000
SI0001SI#001672,2026-07-21 00:00:00.000,Camon 50 (8+128),16,O,-5.0000,pcs,33020.0000,-142580.8500,.0000,.00,-5.0000,-163449.00,-142580.85,Main Location,120.0000,.0000
PI0001PI#000194,2026-07-20 00:00:00.000,Spark 50 (6+128),33,I,50.0000,pcs,20247.0000,1012350.0000,50.0000,1012350.00,.0000,.00,.00,Main Location,133.0000,50.0000
SI0001SI#001682,2026-07-20 00:00:00.000,Spark 50 (6+128),16,O,-40.0000,pcs,20246.0000,-775455.2032,.0000,.00,-40.0000,-793643.20,-775455.20,Main Location,133.0000,.0000
SI0001SI#001682,2026-07-20 00:00:00.000,Go 3 (4+64),16,O,-40.0000,pcs,13792.0000,-543883.2645,.0000,.00,-40.0000,-551680.00,-543883.26,Main Location,1760.0000,.0000
SI0001SI#001682,2026-07-20 00:00:00.000,Go 3 (4+128),16,O,-20.0000,pcs,15185.0000,-273437.4235,.0000,.00,-20.0000,-297626.00,-273437.42,Main Location,238.0000,.0000
PI0001PI#000193,2026-07-19 00:00:00.000,Spark 50 (6+128),33,I,50.0000,pcs,20247.0000,1012350.0000,50.0000,1012350.00,.0000,.00,.00,Main Location,123.0000,50.0000
SI0001SI#001675,2026-07-19 00:00:00.000,Spark 50 (6+128),16,O,-20.0000,pcs,18650.0000,-380730.6917,.0000,.00,-20.0000,-373000.00,-380730.69,Main Location,123.0000,.0000
SI0001SI#001676,2026-07-19 00:00:00.000,Spark 50 (6+128),16,O,-1.0000,pcs,20754.0000,-19036.5346,.0000,.00,-1.0000,-20442.69,-19036.53,Main Location,123.0000,.0000
SI0001SI#001674,2026-07-19 00:00:00.000,Spark 50 (4+128),16,O,-1.0000,pcs,16510.0000,-16097.3400,.0000,.00,-1.0000,-16262.35,-16097.34,Main Location,52.0000,.0000
SI0001SI#001677,2026-07-17 00:00:00.000,Spark 50 (6+128),16,O,-1.0000,pcs,20754.0000,-18392.6700,.0000,.00,-1.0000,-20442.69,-18392.67,Main Location,94.0000,.0000
SR0001SR#000026,2026-07-17 00:00:00.000,Camon 50 (8+128),13,I,1.0000,pcs,.0000,28516.1700,1.0000,28516.17,.0000,.00,.00,Main Location,125.0000,1.0000
SI0001SI#001679,2026-07-16 00:00:00.000,Spark 50 (6+128),16,O,-2.0000,pcs,20754.0000,-36785.3400,.0000,.00,-2.0000,-40885.38,-36785.34,Main Location,95.0000,.0000
SI0001SI#001678,2026-07-16 00:00:00.000,Spark 50 (4+128),16,O,-5.0000,pcs,16097.0000,-80486.7000,.0000,.00,-5.0000,-80485.00,-80486.70,Main Location,53.0000,.0000
SI0001SI#001679,2026-07-16 00:00:00.000,Pova Curve 2 (8+128),16,O,-1.0000,pcs,34910.0000,-34038.9800,.0000,.00,-1.0000,-34386.35,-34038.98,Main Location,16.0000,.0000
SI0001SI#001679,2026-07-16 00:00:00.000,Go 3 (4+64),16,O,-5.0000,pcs,14150.0000,-67985.4081,.0000,.00,-5.0000,-69688.75,-67985.41,Main Location,1800.0000,.0000
SI0001SI#001680,2026-07-16 00:00:00.000,Camon 50 (8+256),16,O,-1.0000,pcs,36800.0000,-32194.7000,.0000,.00,-1.0000,-36248.00,-32194.70,Main Location,89.0000,.0000
SI0001SI#001681,2026-07-16 00:00:00.000,Camon 50 (8+128),16,O,-1.0000,pcs,33020.0000,-28516.1700,.0000,.00,-1.0000,-32524.70,-28516.17,Main Location,124.0000,.0000
SI0001SI#001679,2026-07-16 00:00:00.000,Camon 50 (8+128),16,O,-2.0000,pcs,33020.0000,-57032.3400,.0000,.00,-2.0000,-65049.40,-57032.34,Main Location,124.0000,.0000
SI0001SI#001644,2026-07-15 00:00:00.000,Tablet Megapad 4+128,16,O,-1.0000,pcs,19810.0000,-19314.8100,.0000,.00,-1.0000,-19413.80,-19314.81,Main Location,7.0000,.0000
SI0001SI#001644,2026-07-15 00:00:00.000,Spark 50 (6+128),16,O,-2.0000,pcs,20754.0000,-36785.3400,.0000,.00,-2.0000,-40677.84,-36785.34,Main Location,97.0000,.0000
SI0001SI#001643,2026-07-15 00:00:00.000,Spark 50 (4+128),16,O,-3.0000,pcs,16510.0000,-48292.0200,.0000,.00,-3.0000,-48787.05,-48292.02,Main Location,58.0000,.0000
SI0001SI#001643,2026-07-15 00:00:00.000,Pova Slim,16,O,-1.0000,pcs,28300.0000,-27594.0200,.0000,.00,-1.0000,-27875.50,-27594.02,Main Location,.0000,.0000
SI0001SI#001645,2026-07-15 00:00:00.000,Camon 50 (8+128),16,O,-1.0000,pcs,33020.0000,-28516.1700,.0000,.00,-1.0000,-32524.70,-28516.17,Main Location,127.0000,.0000
SI0001SI#001641,2026-07-14 00:00:00.000,Spark 50 (6+128),16,O,-20.0000,pcs,20246.0000,-367853.4000,.0000,.00,-20.0000,-404920.00,-367853.40,Main Location,99.0000,.0000
SI0001SI#001640,2026-07-14 00:00:00.000,Spark 50 (6+128),16,O,-13.0000,pcs,20246.0000,-239104.7100,.0000,.00,-13.0000,-263198.00,-239104.71,Main Location,99.0000,.0000
SI0001SI#001638,2026-07-14 00:00:00.000,Spark 50 (6+128),16,O,-2.0000,pcs,20754.0000,-36785.3400,.0000,.00,-2.0000,-40885.38,-36785.34,Main Location,99.0000,.0000
SI0001SI#001642,2026-07-14 00:00:00.000,Spark 50 (4+128),16,O,-2.0000,pcs,16510.0000,-32194.6800,.0000,.00,-2.0000,-32524.70,-32194.68,Main Location,61.0000,.0000
SI0001SI#001635,2026-07-14 00:00:00.000,Spark 50 (4+128),16,O,-1.0000,pcs,16510.0000,-16097.3400,.0000,.00,-1.0000,-16510.00,-16097.34,Main Location,61.0000,.0000
SI0001SI#001637,2026-07-14 00:00:00.000,Spark 40 5G,16,O,-4.0000,pcs,15636.0000,-62545.1200,.0000,.00,-4.0000,-62544.00,-62545.12,Main Location,32.0000,.0000
SI0001SI#001640,2026-07-14 00:00:00.000,Pova Slim,16,O,-17.0000,pcs,27594.0000,-469098.3400,.0000,.00,-17.0000,-469098.00,-469098.34,Main Location,1.0000,.0000
SI0001SI#001639,2026-07-14 00:00:00.000,Pova Slim,16,O,-10.0000,pcs,28300.0000,-275940.2000,.0000,.00,-10.0000,-278755.00,-275940.20,Main Location,1.0000,.0000
SI0001SI#001638,2026-07-14 00:00:00.000,Go 3 (4+64),16,O,-5.0000,pcs,14150.0000,-67985.4081,.0000,.00,-5.0000,-69688.75,-67985.41,Main Location,1805.0000,.0000
SI0001SI#001638,2026-07-14 00:00:00.000,Camon 50 (8+128),16,O,-1.0000,pcs,33020.0000,-28516.1700,.0000,.00,-1.0000,-32524.70,-28516.17,Main Location,128.0000,.0000
SI0001SI#001636,2026-07-14 00:00:00.000,Camon 50 (8+128),16,O,-10.0000,pcs,32194.0000,-285161.7000,.0000,.00,-10.0000,-321940.00,-285161.70,Main Location,128.0000,.0000
SI0001SI#001632,2026-07-13 00:00:00.000,Spark 50 (6+128),16,O,-1.0000,pcs,20754.0000,-18392.6700,.0000,.00,-1.0000,-20442.69,-18392.67,Main Location,134.0000,.0000
SI0001SI#001628,2026-07-13 00:00:00.000,Spark 50 (4+128),16,O,-5.0000,pcs,16510.0000,-80486.7000,.0000,.00,-5.0000,-81311.75,-80486.70,Main Location,64.0000,.0000
SI0001SI#001627,2026-07-13 00:00:00.000,Spark 50 (4+128),16,O,-3.0000,pcs,16510.0000,-48292.0200,.0000,.00,-3.0000,-49034.70,-48292.02,Main Location,64.0000,.0000
SI0001SI#001634,2026-07-13 00:00:00.000,Pova Slim,16,O,-1.0000,pcs,27594.0000,-27594.0200,.0000,.00,-1.0000,-27594.00,-27594.02,Main Location,28.0000,.0000
SI0001SI#001632,2026-07-13 00:00:00.000,Pova Slim,16,O,-1.0000,pcs,28300.0000,-27594.0200,.0000,.00,-1.0000,-27875.50,-27594.02,Main Location,28.0000,.0000
SI0001SI#001630,2026-07-13 00:00:00.000,Pova Slim,16,O,-1.0000,pcs,28300.0000,-27594.0200,.0000,.00,-1.0000,-27875.50,-27594.02,Main Location,28.0000,.0000
SI0001SI#001629,2026-07-13 00:00:00.000,Go 3 (4+64),16,O,-1.0000,pcs,14150.0000,-13597.0816,.0000,.00,-1.0000,-13937.75,-13597.08,Main Location,1810.0000,.0000
SI0001SI#001634,2026-07-13 00:00:00.000,Camon 50 (8+256),16,O,-1.0000,pcs,32195.0000,-32194.7000,.0000,.00,-1.0000,-32195.00,-32194.70,Main Location,90.0000,.0000
SI0001SI#001630,2026-07-13 00:00:00.000,Camon 50 (8+256),16,O,-1.0000,pcs,36800.0000,-32194.7000,.0000,.00,-1.0000,-36248.00,-32194.70,Main Location,90.0000,.0000
SI0001SI#001633,2026-07-13 00:00:00.000,Camon 50 (8+128),16,O,-10.0000,pcs,32194.0000,-285161.7000,.0000,.00,-10.0000,-321940.00,-285161.70,Main Location,139.0000,.0000
SI0001SI#001631,2026-07-13 00:00:00.000,Camon 50 (8+128),16,O,-1.0000,pcs,33020.0000,-28516.1700,.0000,.00,-1.0000,-32524.70,-28516.17,Main Location,139.0000,.0000
SI0001SI#001627,2026-07-13 00:00:00.000,Camon 50 (8+128),16,O,-2.0000,pcs,33020.0000,-57032.3400,.0000,.00,-2.0000,-65379.60,-57032.34,Main Location,139.0000,.0000
SI0001SI#001620,2026-07-12 00:00:00.000,Spark 50 Pro (6-128),16,O,-1.0000,pcs,25470.0000,-24780.0000,.0000,.00,-1.0000,-25215.30,-24780.00,Main Location,1.0000,.0000
SI0001SI#001623,2026-07-12 00:00:00.000,Spark 50 (6+128),16,O,-1.0000,pcs,20754.0000,-18392.6700,.0000,.00,-1.0000,-20754.00,-18392.67,Main Location,135.0000,.0000
SI0001SI#001622,2026-07-12 00:00:00.000,Spark 50 (6+128),16,O,-4.0000,pcs,20754.0000,-73570.6800,.0000,.00,-4.0000,-81770.76,-73570.68,Main Location,135.0000,.0000
SI0001SI#001621,2026-07-12 00:00:00.000,Spark 50 (6+128),16,O,-10.0000,pcs,20246.0000,-183926.7000,.0000,.00,-10.0000,-202460.00,-183926.70,Main Location,135.0000,.0000
SI0001SI#001624,2026-07-12 00:00:00.000,Spark 50 (4+128),16,O,-2.0000,pcs,16510.0000,-32194.6800,.0000,.00,-2.0000,-32524.70,-32194.68,Main Location,72.0000,.0000
SI0001SI#001621,2026-07-12 00:00:00.000,Spark 50 (4+128),16,O,-10.0000,pcs,16097.0000,-160973.4000,.0000,.00,-10.0000,-160970.00,-160973.40,Main Location,72.0000,.0000
SI0001SI#001620,2026-07-12 00:00:00.000,Spark 40 5G,16,O,-2.0000,pcs,16040.0000,-31272.5600,.0000,.00,-2.0000,-31759.20,-31272.56,Main Location,36.0000,.0000
SI0001SI#001623,2026-07-12 00:00:00.000,Pova Slim,16,O,-1.0000,pcs,28300.0000,-27594.0200,.0000,.00,-1.0000,-28300.00,-27594.02,Main Location,31.0000,.0000
SI0001SI#001622,2026-07-12 00:00:00.000,Pova Slim,16,O,-1.0000,pcs,28300.0000,-27594.0200,.0000,.00,-1.0000,-27875.50,-27594.02,Main Location,31.0000,.0000
SI0001SI#001620,2026-07-12 00:00:00.000,Pova Slim,16,O,-1.0000,pcs,28300.0000,-27594.0200,.0000,.00,-1.0000,-28017.00,-27594.02,Main Location,31.0000,.0000
SI0001SI#001620,2026-07-12 00:00:00.000,Pova Curve 2 (8+128),16,O,-1.0000,pcs,34910.0000,-34038.9800,.0000,.00,-1.0000,-34560.90,-34038.98,Main Location,17.0000,.0000
SI0001SI#001620,2026-07-12 00:00:00.000,Pova Curve 2,16,O,-1.0000,pcs,37740.0000,-35531.5670,.0000,.00,-1.0000,-37362.60,-35531.57,Main Location,43.0000,.0000
SI0001SI#001625,2026-07-12 00:00:00.000,Go 3 (4+64),16,O,-50.0000,pcs,13585.0000,-679854.0806,.0000,.00,-50.0000,-679250.00,-679854.08,Main Location,1811.0000,.0000
SI0001SI#001624,2026-07-12 00:00:00.000,Go 3 (4+64),16,O,-3.0000,pcs,14150.0000,-40791.2448,.0000,.00,-3.0000,-41813.25,-40791.24,Main Location,1811.0000,.0000
SI0001SI#001623,2026-07-12 00:00:00.000,Go 3 (4+64),16,O,-1.0000,pcs,14150.0000,-13597.0816,.0000,.00,-1.0000,-14150.00,-13597.08,Main Location,1811.0000,.0000
SI0001SI#001622,2026-07-12 00:00:00.000,Go 3 (4+64),16,O,-3.0000,pcs,14150.0000,-40791.2448,.0000,.00,-3.0000,-41813.25,-40791.24,Main Location,1811.0000,.0000
SI0001SI#001620,2026-07-12 00:00:00.000,Go 3 (4+64),16,O,-2.0000,pcs,14150.0000,-27194.1632,.0000,.00,-2.0000,-28017.00,-27194.16,Main Location,1811.0000,.0000
SI0001SI#001619,2026-07-11 00:00:00.000,Spark 50 (4+128),16,O,-20.0000,pcs,16097.0000,-321946.8000,.0000,.00,-20.0000,-321940.00,-321946.80,Main Location,84.0000,.0000
SI0001SI#001618,2026-07-11 00:00:00.000,Go 3 (4+64),16,O,-4.0000,pcs,14150.0000,-54388.3264,.0000,.00,-4.0000,-56034.00,-54388.33,Main Location,1870.0000,.0000
SI0001SI#001606,2026-07-10 00:00:00.000,Spark 50 Pro (6-128),16,O,-1.0000,pcs,25470.0000,-24780.0000,.0000,.00,-1.0000,-25087.95,-24780.00,Main Location,2.0000,.0000
SI0001SI#001612,2026-07-10 00:00:00.000,Spark 50 (6+128),16,O,-10.0000,pcs,20754.0000,-183926.7000,.0000,.00,-10.0000,-203389.20,-183926.70,Main Location,150.0000,.0000
SI0001SI#001611,2026-07-10 00:00:00.000,Spark 50 (6+128),16,O,-1.0000,pcs,20754.0000,-18392.6700,.0000,.00,-1.0000,-20442.69,-18392.67,Main Location,150.0000,.0000
SI0001SI#001610,2026-07-10 00:00:00.000,Spark 50 (6+128),16,O,-2.0000,pcs,20754.0000,-36785.3400,.0000,.00,-2.0000,-40885.38,-36785.34,Main Location,150.0000,.0000
SI0001SI#001608,2026-07-10 00:00:00.000,Spark 50 (6+128),16,O,-20.0000,pcs,20246.0000,-367853.4000,.0000,.00,-20.0000,-404920.00,-367853.40,Main Location,150.0000,.0000
SI0001SI#001606,2026-07-10 00:00:00.000,Spark 50 (6+128),16,O,-2.0000,pcs,20754.0000,-36785.3400,.0000,.00,-2.0000,-40885.38,-36785.34,Main Location,150.0000,.0000
SI0001SI#001604,2026-07-10 00:00:00.000,Spark 50 (6+128),16,O,-30.0000,pcs,20246.0000,-551780.1000,.0000,.00,-30.0000,-607380.00,-551780.10,Main Location,150.0000,.0000
SI0001SI#001615,2026-07-10 00:00:00.000,Spark 50 (4+128),16,O,-1.0000,pcs,16510.0000,-16097.3400,.0000,.00,-1.0000,-16262.35,-16097.34,Main Location,104.0000,.0000
SI0001SI#001614,2026-07-10 00:00:00.000,Spark 50 (4+128),16,O,-1.0000,pcs,16510.0000,-16097.3400,.0000,.00,-1.0000,-16262.35,-16097.34,Main Location,104.0000,.0000
SI0001SI#001611,2026-07-10 00:00:00.000,Spark 50 (4+128),16,O,-2.0000,pcs,16510.0000,-32194.6800,.0000,.00,-2.0000,-32524.70,-32194.68,Main Location,104.0000,.0000
SI0001SI#001605,2026-07-10 00:00:00.000,Spark 50 (4+128),16,O,-3.0000,pcs,16510.0000,-48292.0200,.0000,.00,-3.0000,-48787.05,-48292.02,Main Location,104.0000,.0000
SI0001SI#001617,2026-07-10 00:00:00.000,Pova Slim,16,O,-10.0000,pcs,27594.0000,-275940.2000,.0000,.00,-10.0000,-275940.00,-275940.20,Main Location,34.0000,.0000
SI0001SI#001606,2026-07-10 00:00:00.000,Pova Slim,16,O,-1.0000,pcs,28300.0000,-27594.0200,.0000,.00,-1.0000,-28017.00,-27594.02,Main Location,34.0000,.0000
SI0001SI#001611,2026-07-10 00:00:00.000,Pova Curve 2,16,O,-1.0000,pcs,37740.0000,-35531.5670,.0000,.00,-1.0000,-37173.90,-35531.57,Main Location,44.0000,.0000
SI0001SI#001616,2026-07-10 00:00:00.000,Go 3 (4+64),16,O,-4.0000,pcs,14150.0000,-54388.3264,.0000,.00,-4.0000,-55751.00,-54388.33,Main Location,1874.0000,.0000
SI0001SI#001613,2026-07-10 00:00:00.000,Go 3 (4+64),16,O,-2.0000,pcs,14150.0000,-27194.1632,.0000,.00,-2.0000,-28300.00,-27194.16,Main Location,1874.0000,.0000
SI0001SI#001611,2026-07-10 00:00:00.000,Go 3 (4+64),16,O,-1.0000,pcs,14150.0000,-13597.0816,.0000,.00,-1.0000,-13937.75,-13597.08,Main Location,1874.0000,.0000
SI0001SI#001609,2026-07-10 00:00:00.000,Go 3 (4+64),16,O,-2.0000,pcs,14150.0000,-27194.1632,.0000,.00,-2.0000,-27875.50,-27194.16,Main Location,1874.0000,.0000
SI0001SI#001607,2026-07-10 00:00:00.000,Go 3 (4+64),16,O,-80.0000,pcs,13792.0000,-1087766.5290,.0000,.00,-80.0000,-1103360.00,-1087766.53,Main Location,1874.0000,.0000
SI0001SI#001606,2026-07-10 00:00:00.000,Go 3 (4+64),16,O,-2.0000,pcs,14150.0000,-27194.1632,.0000,.00,-2.0000,-27875.50,-27194.16,Main Location,1874.0000,.0000
SI0001SI#001606,2026-07-10 00:00:00.000,Go 3 (4+128),16,O,-1.0000,pcs,15570.0000,-13671.8712,.0000,.00,-1.0000,-15336.45,-13671.87,Main Location,258.0000,.0000
SI0001SI#001606,2026-07-10 00:00:00.000,Camon 50 Ultra (12+256),16,O,-1.0000,pcs,51900.0000,-45986.7000,.0000,.00,-1.0000,-51121.50,-45986.70,Main Location,2.0000,.0000
SI0001SI#001606,2026-07-10 00:00:00.000,Camon 50 (8+128),16,O,-1.0000,pcs,33020.0000,-28516.1700,.0000,.00,-1.0000,-32524.70,-28516.17,Main Location,152.0000,.0000
SI0001SI#001604,2026-07-10 00:00:00.000,Camon 50 (8+128),16,O,-5.0000,pcs,32194.0000,-142580.8500,.0000,.00,-5.0000,-160970.00,-142580.85,Main Location,152.0000,.0000
SI0001SI#001603,2026-07-09 00:00:00.000,Spark 50 (6+128),16,O,-100.0000,pcs,19500.0000,-1839267.0000,.0000,.00,-100.0000,-1950000.00,-1839267.00,Main Location,215.0000,.0000
SI0001SI#001598,2026-07-09 00:00:00.000,Spark 50 (6+128),16,O,-20.0000,pcs,20754.0000,-367853.4000,.0000,.00,-20.0000,-408853.80,-367853.40,Main Location,215.0000,.0000
SI0001SI#001600,2026-07-09 00:00:00.000,Spark 50 (4+128),16,O,-2.0000,pcs,16510.0000,-32194.6800,.0000,.00,-2.0000,-32524.70,-32194.68,Main Location,111.0000,.0000
SI0001SI#001598,2026-07-09 00:00:00.000,Spark 40 5G,16,O,-9.0000,pcs,16040.0000,-140726.5200,.0000,.00,-9.0000,-142194.60,-140726.52,Main Location,38.0000,.0000
SI0001SI#001603,2026-07-09 00:00:00.000,Pova Slim,16,O,-60.0000,pcs,27594.0000,-1655641.2000,.0000,.00,-60.0000,-1655640.00,-1655641.20,Main Location,45.0000,.0000
SI0001SI#001602,2026-07-09 00:00:00.000,Pova Slim,16,O,-5.0000,pcs,27594.0000,-137970.1000,.0000,.00,-5.0000,-137970.00,-137970.10,Main Location,45.0000,.0000
SI0001SI#001601,2026-07-09 00:00:00.000,Pova Slim,16,O,-1.0000,pcs,28300.0000,-27594.0200,.0000,.00,-1.0000,-27875.50,-27594.02,Main Location,45.0000,.0000
SI0001SI#001598,2026-07-09 00:00:00.000,Pova Slim,16,O,-5.0000,pcs,28300.0000,-137970.1000,.0000,.00,-5.0000,-139377.50,-137970.10,Main Location,45.0000,.0000
SI0001SI#001601,2026-07-09 00:00:00.000,Pova Curve 2 (8+128),16,O,-1.0000,pcs,34910.0000,-34038.9800,.0000,.00,-1.0000,-34386.35,-34038.98,Main Location,18.0000,.0000
SI0001SI#001598,2026-07-09 00:00:00.000,Go 3 (4+128),16,O,-6.0000,pcs,15570.0000,-82031.2270,.0000,.00,-6.0000,-92018.70,-82031.23,Main Location,259.0000,.0000
SI0001SI#001602,2026-07-09 00:00:00.000,Camon 50 (8+256),16,O,-5.0000,pcs,35883.0000,-160973.5000,.0000,.00,-5.0000,-179415.00,-160973.50,Main Location,92.0000,.0000
SI0001SI#001602,2026-07-09 00:00:00.000,Camon 50 (8+128),16,O,-5.0000,pcs,32194.0000,-142580.8500,.0000,.00,-5.0000,-160970.00,-142580.85,Main Location,158.0000,.0000
SI0001SI#001599,2026-07-09 00:00:00.000,Camon 50 (8+128),16,O,-1.0000,pcs,32195.0000,-28516.1700,.0000,.00,-1.0000,-32195.00,-28516.17,Main Location,158.0000,.0000
SI0001SI#001597,2026-07-08 00:00:00.000,Spark 50 Pro (6-128),16,O,-1.0000,pcs,25470.0000,-24780.0000,.0000,.00,-1.0000,-25087.95,-24780.00,Main Location,3.0000,.0000
SI0001SI#001595,2026-07-08 00:00:00.000,Spark 50 Pro (6-128),16,O,-1.0000,pcs,25470.0000,-24780.0000,.0000,.00,-1.0000,-25087.95,-24780.00,Main Location,3.0000,.0000
SI0001SI#001593,2026-07-08 00:00:00.000,Spark 50 Pro (6-128),16,O,-1.0000,pcs,25470.0000,-24780.0000,.0000,.00,-1.0000,-25158.69,-24780.00,Main Location,3.0000,.0000
SI0001SI#001593,2026-07-08 00:00:00.000,Spark 50 (6+128),16,O,-3.0000,pcs,20754.0000,-55178.0100,.0000,.00,-3.0000,-61519.05,-55178.01,Main Location,335.0000,.0000
SI0001SI#001594,2026-07-08 00:00:00.000,Spark 50 (6+128),16,O,-1.0000,pcs,20754.0000,-18392.6700,.0000,.00,-1.0000,-20414.40,-18392.67,Main Location,335.0000,.0000
SI0001SI#001595,2026-07-08 00:00:00.000,Spark 50 (4+128),16,O,-1.0000,pcs,16510.0000,-16097.3400,.0000,.00,-1.0000,-16262.35,-16097.34,Main Location,113.0000,.0000
SI0001SI#001594,2026-07-08 00:00:00.000,Spark 50 (4+128),16,O,-1.0000,pcs,16510.0000,-16097.3400,.0000,.00,-1.0000,-16262.35,-16097.34,Main Location,113.0000,.0000
SI0001SI#001591,2026-07-08 00:00:00.000,Spark 50 (4+128),16,O,-10.0000,pcs,16097.0000,-160973.4000,.0000,.00,-10.0000,-160970.00,-160973.40,Main Location,113.0000,.0000
SI0001SI#001593,2026-07-08 00:00:00.000,Pova Slim,16,O,-1.0000,pcs,28300.0000,-27594.0200,.0000,.00,-1.0000,-27875.50,-27594.02,Main Location,116.0000,.0000
SI0001SI#001592,2026-07-08 00:00:00.000,Pova Curve 2,16,O,-1.0000,pcs,37740.0000,-35531.5670,.0000,.00,-1.0000,-37173.90,-35531.57,Main Location,45.0000,.0000
SI0001SI#001596,2026-07-08 00:00:00.000,Go 3 (4+64),16,O,-2.0000,pcs,14150.0000,-27194.1632,.0000,.00,-2.0000,-27875.50,-27194.16,Main Location,1965.0000,.0000
SI0001SI#001593,2026-07-08 00:00:00.000,Go 3 (4+64),16,O,-5.0000,pcs,14150.0000,-67985.4081,.0000,.00,-5.0000,-69688.75,-67985.41,Main Location,1965.0000,.0000
SI0001SI#001589,2026-07-07 00:00:00.000,Spark 50 (4+128),16,O,-1.0000,pcs,16510.0000,-16097.3400,.0000,.00,-1.0000,-16262.35,-16097.34,Main Location,125.0000,.0000
SI0001SI#001588,2026-07-07 00:00:00.000,Spark 40 5G,16,O,-14.0000,pcs,16040.0000,-218907.9200,.0000,.00,-14.0000,-222314.40,-218907.92,Main Location,47.0000,.0000
SI0001SI#001588,2026-07-07 00:00:00.000,Pova Curve 2 (8+128),16,O,-5.0000,pcs,34910.0000,-170194.9000,.0000,.00,-5.0000,-172804.50,-170194.90,Main Location,19.0000,.0000
SI0001SI#001590,2026-07-07 00:00:00.000,Go 3 (4+64),16,O,-2.0000,pcs,14150.0000,-27194.1632,.0000,.00,-2.0000,-27875.50,-27194.16,Main Location,1972.0000,.0000
SI0001SI#001588,2026-07-07 00:00:00.000,Go 3 (4+64),16,O,-6.0000,pcs,14150.0000,-81582.4897,.0000,.00,-6.0000,-84051.00,-81582.49,Main Location,1972.0000,.0000
SI0001SI#001586,2026-07-06 00:00:00.000,Tablet Megapad 4+128,16,O,-2.0000,pcs,19314.0000,-38629.6200,.0000,.00,-2.0000,-38628.00,-38629.62,Main Location,8.0000,.0000
SI0001SI#001586,2026-07-06 00:00:00.000,Spark 50 Pro (6-128),16,O,-2.0000,pcs,24837.0000,-49560.0000,.0000,.00,-2.0000,-49674.00,-49560.00,Main Location,6.0000,.0000
SI0001SI#001586,2026-07-06 00:00:00.000,Spark 50 (6+128),16,O,-2.0000,pcs,20246.0000,-36785.3400,.0000,.00,-2.0000,-40492.00,-36785.34,Main Location,339.0000,.0000
SI0001SI#001586,2026-07-06 00:00:00.000,Spark 50 (4+128),16,O,-2.0000,pcs,16097.0000,-32194.6800,.0000,.00,-2.0000,-32194.00,-32194.68,Main Location,126.0000,.0000
SI0001SI#001586,2026-07-06 00:00:00.000,Spark 40 5G,16,O,-2.0000,pcs,15636.0000,-31272.5600,.0000,.00,-2.0000,-31272.00,-31272.56,Main Location,61.0000,.0000
SI0001SI#001585,2026-07-06 00:00:00.000,Spark 40 5G,16,O,-50.0000,pcs,15636.0000,-781814.0000,.0000,.00,-50.0000,-781800.00,-781814.00,Main Location,61.0000,.0000
SI0001SI#001584,2026-07-06 00:00:00.000,Spark 40 5G,16,O,-1.0000,pcs,16020.0000,-15636.2800,.0000,.00,-1.0000,-15779.70,-15636.28,Main Location,61.0000,.0000
SI0001SI#001586,2026-07-06 00:00:00.000,Pova Slim,16,O,-2.0000,pcs,27594.0000,-55188.0400,.0000,.00,-2.0000,-55188.00,-55188.04,Main Location,117.0000,.0000
SI0001SI#001586,2026-07-06 00:00:00.000,Go 3 (4+64),16,O,-2.0000,pcs,13792.0000,-27194.1632,.0000,.00,-2.0000,-27584.00,-27194.16,Main Location,1980.0000,.0000
SI0001SI#001582,2026-07-06 00:00:00.000,Go 3 (4+64),16,O,-2.0000,pcs,14150.0000,-27194.1632,.0000,.00,-2.0000,-27875.50,-27194.16,Main Location,1980.0000,.0000
SI0001SI#001586,2026-07-06 00:00:00.000,Go 3 (4+128),16,O,-2.0000,pcs,15185.0000,-27343.7423,.0000,.00,-2.0000,-30370.00,-27343.74,Main Location,265.0000,.0000
SI0001SI#001582,2026-07-06 00:00:00.000,Go 3 (4+128),16,O,-2.0000,pcs,15570.0000,-27343.7423,.0000,.00,-2.0000,-30672.90,-27343.74,Main Location,265.0000,.0000
SI0001SI#001586,2026-07-06 00:00:00.000,Camon 50 (8+256),16,O,-2.0000,pcs,35883.0000,-64389.4000,.0000,.00,-2.0000,-71766.00,-64389.40,Main Location,97.0000,.0000
SI0001SI#001586,2026-07-06 00:00:00.000,Camon 50 (8+128),16,O,-2.0000,pcs,32194.0000,-57032.3400,.0000,.00,-2.0000,-64388.00,-57032.34,Main Location,164.0000,.0000
SI0001SI#001583,2026-07-06 00:00:00.000,Camon 50 (8+128),16,O,-1.0000,pcs,33020.0000,-28516.1700,.0000,.00,-1.0000,-32524.70,-28516.17,Main Location,164.0000,.0000
SI0001SI#001582,2026-07-06 00:00:00.000,Camon 50 (8+128),16,O,-1.0000,pcs,33020.0000,-28516.1700,.0000,.00,-1.0000,-32524.70,-28516.17,Main Location,164.0000,.0000
SI0001SI#001581,2026-07-05 00:00:00.000,Spark 50 (4+128),16,O,-1.0000,pcs,16510.0000,-16097.3400,.0000,.00,-1.0000,-16262.35,-16097.34,Main Location,128.0000,.0000
SI0001SI#001580,2026-07-05 00:00:00.000,Spark 40 5G,16,O,-50.0000,pcs,15636.0000,-781814.0000,.0000,.00,-50.0000,-781800.00,-781814.00,Main Location,114.0000,.0000
SI0001SI#001577,2026-07-05 00:00:00.000,Go 3 (4+64),16,O,-70.0000,pcs,13790.0000,-951795.7129,.0000,.00,-70.0000,-965300.00,-951795.71,Main Location,1984.0000,.0000
SI0001SI#001579,2026-07-05 00:00:00.000,Go 3 (4+128),16,O,-1.0000,pcs,15570.0000,-13671.8712,.0000,.00,-1.0000,-15336.45,-13671.87,Main Location,269.0000,.0000
SI0001SI#001579,2026-07-05 00:00:00.000,Camon 50 Ultra (12+256),16,O,-2.0000,pcs,51900.0000,-91973.4000,.0000,.00,-2.0000,-102243.00,-91973.40,Main Location,3.0000,.0000
SI0001SI#001579,2026-07-05 00:00:00.000,Camon 50 (8+128),16,O,-1.0000,pcs,33020.0000,-28516.1700,.0000,.00,-1.0000,-32524.70,-28516.17,Main Location,168.0000,.0000
SI0001SI#001578,2026-07-05 00:00:00.000,Camon 50 (8+128),16,O,-1.0000,pcs,33020.0000,-28516.1700,.0000,.00,-1.0000,-32524.70,-28516.17,Main Location,168.0000,.0000
SI0001SI#001574,2026-07-03 00:00:00.000,Spark 50 (6+128),16,O,-10.0000,pcs,20247.0000,-183926.7000,.0000,.00,-10.0000,-202470.00,-183926.70,Main Location,341.0000,.0000
SI0001SI#001575,2026-07-03 00:00:00.000,Spark 50 (6+128),16,O,-1.0000,pcs,20754.0000,-18392.6700,.0000,.00,-1.0000,-20442.69,-18392.67,Main Location,341.0000,.0000
SI0001SI#001576,2026-07-03 00:00:00.000,Spark 50 (4+128),16,O,-3.0000,pcs,16510.0000,-48292.0200,.0000,.00,-3.0000,-48787.05,-48292.02,Main Location,129.0000,.0000
SI0001SI#001575,2026-07-03 00:00:00.000,Spark 50 (4+128),16,O,-1.0000,pcs,16510.0000,-16097.3400,.0000,.00,-1.0000,-16262.35,-16097.34,Main Location,129.0000,.0000
SI0001SI#001575,2026-07-03 00:00:00.000,Go 3 (4+64),16,O,-1.0000,pcs,14150.0000,-13597.0816,.0000,.00,-1.0000,-13937.75,-13597.08,Main Location,2054.0000,.0000
SI0001SI#001573,2026-07-02 00:00:00.000,Spark 50 (4+128),16,O,-5.0000,pcs,16510.0000,-80486.7000,.0000,.00,-5.0000,-81311.75,-80486.70,Main Location,133.0000,.0000
SI0001SI#001572,2026-07-02 00:00:00.000,Spark 50 (4+128),16,O,-5.0000,pcs,16510.0000,-80486.7000,.0000,.00,-5.0000,-81311.75,-80486.70,Main Location,133.0000,.0000
SI0001SI#001573,2026-07-02 00:00:00.000,Go 3 (4+64),16,O,-2.0000,pcs,14150.0000,-27194.1632,.0000,.00,-2.0000,-27875.50,-27194.16,Main Location,2055.0000,.0000
SI0001SI#001572,2026-07-02 00:00:00.000,Go 3 (4+64),16,O,-5.0000,pcs,14150.0000,-67985.4081,.0000,.00,-5.0000,-69688.75,-67985.41,Main Location,2055.0000,.0000
SI0001SI#001571,2026-07-02 00:00:00.000,Go 3 (4+64),16,O,-1.0000,pcs,14150.0000,-13597.0816,.0000,.00,-1.0000,-14150.00,-13597.08,Main Location,2055.0000,.0000
SI0001SI#001572,2026-07-02 00:00:00.000,Camon 50 (8+256),16,O,-1.0000,pcs,36800.0000,-32194.7000,.0000,.00,-1.0000,-36248.00,-32194.70,Main Location,99.0000,.0000
SI0001SI#001572,2026-07-02 00:00:00.000,Camon 50 (8+128),16,O,-2.0000,pcs,33020.0000,-57032.3400,.0000,.00,-2.0000,-65049.40,-57032.34,Main Location,170.0000,.0000
SI0001SI#001570,2026-06-30 00:00:00.000,Spark 50 (6+128),16,O,-50.0000,pcs,16097.0000,-919633.5000,.0000,.00,-50.0000,-804850.00,-919633.50,Main Location,352.0000,.0000
PI0001PI#000191,2026-06-30 00:00:00.000,Spark 50 (4+128),33,I,40.0000,pcs,16097.3400,643893.6000,40.0000,643893.60,.0000,.00,.00,Main Location,143.0000,40.0000
PI0001PI#000191,2026-06-30 00:00:00.000,Pova Slim,33,I,10.0000,pcs,27594.0200,275940.2000,10.0000,275940.20,.0000,.00,.00,Main Location,119.0000,10.0000
PI0001PI#000192,2026-06-30 00:00:00.000,Pova Curve 2 (8+128),33,I,20.0000,pcs,34038.9800,680779.6000,20.0000,680779.60,.0000,.00,.00,Main Location,24.0000,20.0000
PI0001PI#000192,2026-06-30 00:00:00.000,Pova Curve 2,33,I,25.0000,pcs,36785.3400,919633.5000,25.0000,919633.50,.0000,.00,.00,Main Location,46.0000,25.0000
SI0001SI#001569,2026-06-30 00:00:00.000,Go 3 (4+64),16,O,-1.0000,pcs,14150.0000,-13597.0816,.0000,.00,-1.0000,-13867.00,-13597.08,Main Location,2063.0000,.0000
PI0001PI#000192,2026-06-30 00:00:00.000,Go 3 (4+64),33,I,300.0000,pcs,13792.0000,4137600.0000,300.0000,4137600.00,.0000,.00,.00,Main Location,2063.0000,300.0000
PI0001PI#000191,2026-06-30 00:00:00.000,Go 3 (4+64),33,I,70.0000,pcs,13792.0000,965440.0000,70.0000,965440.00,.0000,.00,.00,Main Location,2063.0000,70.0000
SI0001SI#001568,2026-06-29 00:00:00.000,Spark 50 (4+128),16,O,-10.0000,pcs,16097.0000,-160973.4000,.0000,.00,-10.0000,-160970.00,-160973.40,Main Location,103.0000,.0000
SI0001SI#001567,2026-06-29 00:00:00.000,Spark 50 (4+128),16,O,-10.0000,pcs,16510.0000,-160973.4000,.0000,.00,-10.0000,-162623.50,-160973.40,Main Location,103.0000,.0000
SI0001SI#001568,2026-06-29 00:00:00.000,Go 3 (4+64),16,O,-30.0000,pcs,13792.0000,-406635.2382,.0000,.00,-30.0000,-413760.00,-406635.24,Main Location,1694.0000,.0000
SI0001SI#001564,2026-06-28 00:00:00.000,Spark 50 (6+128),16,O,-10.0000,pcs,18500.0000,-183926.7000,.0000,.00,-10.0000,-185000.00,-183926.70,Main Location,402.0000,.0000
SI0001SI#001563,2026-06-28 00:00:00.000,Spark 50 (6+128),16,O,-4.0000,pcs,18392.0000,-73570.6800,.0000,.00,-4.0000,-73568.00,-73570.68,Main Location,402.0000,.0000
PI0001PI#000190,2026-06-28 00:00:00.000,Spark 50 (4+128),33,I,60.0000,pcs,16097.3400,965840.4000,60.0000,965840.40,.0000,.00,.00,Main Location,123.0000,60.0000
SI0001SI#001563,2026-06-28 00:00:00.000,Spark 50 (4+128),16,O,-10.0000,pcs,16097.0000,-160973.4000,.0000,.00,-10.0000,-160970.00,-160973.40,Main Location,123.0000,.0000
SI0001SI#001565,2026-06-28 00:00:00.000,Pova Curve 2,16,O,-2.0000,pcs,37740.0000,-68077.9600,.0000,.00,-2.0000,-75480.00,-68077.96,Main Location,21.0000,.0000
PI0001PI#000190,2026-06-28 00:00:00.000,Go 3 (4+64),33,I,160.0000,pcs,13792.0000,2206720.0000,160.0000,2206720.00,.0000,.00,.00,Main Location,1724.0000,160.0000
SI0001SI#001563,2026-06-28 00:00:00.000,Go 3 (4+64),16,O,-8.0000,pcs,13792.0000,-108436.0635,.0000,.00,-8.0000,-110336.00,-108436.06,Main Location,1724.0000,.0000
SI0001SI#001560,2026-06-26 00:00:00.000,Spark 50 (4+128),16,O,-5.0000,pcs,16510.0000,-80486.7000,.0000,.00,-5.0000,-81311.75,-80486.70,Main Location,73.0000,.0000
SI0001SI#001562,2026-06-26 00:00:00.000,Spark 40 5G,16,O,-1.0000,pcs,16040.0000,-15636.2800,.0000,.00,-1.0000,-15799.40,-15636.28,Main Location,164.0000,.0000
SI0001SI#001562,2026-06-26 00:00:00.000,Go 3 (4+64),16,O,-1.0000,pcs,14150.0000,-13530.3357,.0000,.00,-1.0000,-13937.75,-13530.34,Main Location,1572.0000,.0000
SI0001SI#001560,2026-06-26 00:00:00.000,Go 3 (4+64),16,O,-5.0000,pcs,14150.0000,-67651.6786,.0000,.00,-5.0000,-69688.75,-67651.68,Main Location,1572.0000,.0000
SI0001SI#001561,2026-06-26 00:00:00.000,Camon 50 (8+256),16,O,-1.0000,pcs,36800.0000,-32194.7000,.0000,.00,-1.0000,-36064.00,-32194.70,Main Location,100.0000,.0000
SI0001SI#001557,2026-06-25 00:00:00.000,Tablet Megapad 4+128,16,O,-1.0000,pcs,19810.0000,-19314.8100,.0000,.00,-1.0000,-19512.85,-19314.81,Main Location,10.0000,.0000
SI0001SI#001559,2026-06-25 00:00:00.000,Spark 50 (6+128),16,O,-2.0000,pcs,20754.0000,-36785.3400,.0000,.00,-2.0000,-41092.92,-36785.34,Main Location,416.0000,.0000
SI0001SI#001559,2026-06-25 00:00:00.000,Spark 50 (4+128),16,O,-3.0000,pcs,16510.0000,-48292.0200,.0000,.00,-3.0000,-49034.70,-48292.02,Main Location,78.0000,.0000
PI0001PI#000189,2026-06-25 00:00:00.000,Spark 50 (4+128),33,I,20.0000,pcs,16097.3400,321946.8000,20.0000,321946.80,.0000,.00,.00,Main Location,78.0000,20.0000
SI0001SI#001559,2026-06-25 00:00:00.000,Spark 40 5G,16,O,-4.0000,pcs,16040.0000,-62545.1200,.0000,.00,-4.0000,-63518.40,-62545.12,Main Location,165.0000,.0000
SI0001SI#001559,2026-06-25 00:00:00.000,Pova Slim,16,O,-1.0000,pcs,28300.0000,-27594.0200,.0000,.00,-1.0000,-28017.00,-27594.02,Main Location,109.0000,.0000
SI0001SI#001557,2026-06-25 00:00:00.000,Pova Curve 2,16,O,-1.0000,pcs,37740.0000,-34038.9800,.0000,.00,-1.0000,-37173.90,-34038.98,Main Location,23.0000,.0000
SI0001SI#001559,2026-06-25 00:00:00.000,Go 3 (4+64),16,O,-5.0000,pcs,14150.0000,-67651.6786,.0000,.00,-5.0000,-70042.50,-67651.68,Main Location,1578.0000,.0000
SI0001SI#001558,2026-06-25 00:00:00.000,Go 3 (4+64),16,O,-100.0000,pcs,13792.0000,-1353033.5719,.0000,.00,-100.0000,-1379200.00,-1353033.57,Main Location,1578.0000,.0000
PI0001PI#000189,2026-06-25 00:00:00.000,Go 3 (4+64),33,I,60.0000,pcs,13792.0000,827520.0000,60.0000,827520.00,.0000,.00,.00,Main Location,1578.0000,60.0000
SI0001SI#001559,2026-06-25 00:00:00.000,Go 3 (4+128),16,O,-2.0000,pcs,15570.0000,-27343.7423,.0000,.00,-2.0000,-30828.60,-27343.74,Main Location,270.0000,.0000
PI0001PI#000189,2026-06-25 00:00:00.000,Go 3 (4+128),33,I,39.0000,pcs,15186.0000,592254.0000,39.0000,592254.00,.0000,.00,.00,Main Location,270.0000,39.0000
SI0001SI#001555,2026-06-24 00:00:00.000,Spark 50 Pro (6-128),16,O,-1.0000,pcs,25470.0000,-24780.0000,.0000,.00,-1.0000,-25087.95,-24780.00,Main Location,8.0000,.0000
SI0001SI#001556,2026-06-24 00:00:00.000,Spark 50 (4+128),16,O,-5.0000,pcs,16510.0000,-80486.7000,.0000,.00,-5.0000,-81311.75,-80486.70,Main Location,61.0000,.0000
SI0001SI#001555,2026-06-24 00:00:00.000,Spark 50 (4+128),16,O,-2.0000,pcs,16510.0000,-32194.6800,.0000,.00,-2.0000,-32524.70,-32194.68,Main Location,61.0000,.0000
SI0001SI#001556,2026-06-24 00:00:00.000,Go 3 (4+64),16,O,-5.0000,pcs,14150.0000,-67603.3118,.0000,.00,-5.0000,-69688.75,-67603.31,Main Location,1623.0000,.0000
SI0001SI#001555,2026-06-24 00:00:00.000,Go 3 (4+64),16,O,-1.0000,pcs,14150.0000,-13520.6624,.0000,.00,-1.0000,-13937.75,-13520.66,Main Location,1623.0000,.0000
PI0001PI#000188,2026-06-23 00:00:00.000,Spark 50 (4+128),33,I,19.0000,pcs,16097.3400,305849.4600,19.0000,305849.46,.0000,.00,.00,Main Location,68.0000,19.0000
SI0001SI#001554,2026-06-23 00:00:00.000,Pova Slim,16,O,-1.0000,pcs,28300.0000,-27594.0200,.0000,.00,-1.0000,-27875.50,-27594.02,Main Location,110.0000,.0000
SI0001SI#001553,2026-06-22 00:00:00.000,Spark 50 Pro (6-128),16,O,-2.0000,pcs,25470.0000,-49560.0000,.0000,.00,-2.0000,-50940.00,-49560.00,Main Location,9.0000,.0000
SI0001SI#001551,2026-06-22 00:00:00.000,Spark 50 (4+128),16,O,-2.0000,pcs,16510.0000,-32194.6800,.0000,.00,-2.0000,-32524.70,-32194.68,Main Location,49.0000,.0000
SI0001SI#001552,2026-06-22 00:00:00.000,Go 3 (4+64),16,O,-1.0000,pcs,14150.0000,-13520.6624,.0000,.00,-1.0000,-13937.75,-13520.66,Main Location,1629.0000,.0000
SI0001SI#001552,2026-06-22 00:00:00.000,Go 3 (4+128),16,O,-2.0000,pcs,15570.0000,-26836.8666,.0000,.00,-2.0000,-30672.90,-26836.87,Main Location,233.0000,.0000
SI0001SI#001550,2026-06-21 00:00:00.000,Spark 50 Pro (6-128),16,O,-1.0000,pcs,25470.0000,-24780.0000,.0000,.00,-1.0000,-25087.95,-24780.00,Main Location,11.0000,.0000
SI0001SI#001549,2026-06-21 00:00:00.000,Pova Slim,16,O,-1.0000,pcs,28300.0000,-27594.0200,.0000,.00,-1.0000,-27875.50,-27594.02,Main Location,111.0000,.0000
PI0001PI#000187,2026-06-21 00:00:00.000,Go 3 (4+64),33,I,100.0000,pcs,13792.0000,1379200.0000,100.0000,1379200.00,.0000,.00,.00,Main Location,1630.0000,100.0000
SI0001SI#001550,2026-06-21 00:00:00.000,Go 3 (4+64),16,O,-2.0000,pcs,14150.0000,-27041.3247,.0000,.00,-2.0000,-27875.50,-27041.32,Main Location,1630.0000,.0000
SI0001SI#001549,2026-06-21 00:00:00.000,Go 3 (4+64),16,O,-1.0000,pcs,14150.0000,-13520.6624,.0000,.00,-1.0000,-13937.75,-13520.66,Main Location,1630.0000,.0000
SI0001SI#001549,2026-06-21 00:00:00.000,Camon 50 (8+256),16,O,-1.0000,pcs,36800.0000,-32194.7000,.0000,.00,-1.0000,-36248.00,-32194.70,Main Location,101.0000,.0000
SI0001SI#001550,2026-06-21 00:00:00.000,Camon 50 (8+128),16,O,-1.0000,pcs,33020.0000,-28516.1700,.0000,.00,-1.0000,-32524.70,-28516.17,Main Location,172.0000,.0000
SI0001SI#001548,2026-06-19 00:00:00.000,Spark 50 Pro (6-128),16,O,-1.0000,pcs,25470.0000,-24780.0000,.0000,.00,-1.0000,-25087.95,-24780.00,Main Location,12.0000,.0000
SI0001SI#001548,2026-06-19 00:00:00.000,Spark 50 (6+128),16,O,-3.0000,pcs,18870.0000,-55178.0100,.0000,.00,-3.0000,-55676.07,-55178.01,Main Location,418.0000,.0000
SI0001SI#001547,2026-06-19 00:00:00.000,Spark 50 (6+128),16,O,-5.0000,pcs,20754.0000,-91963.3500,.0000,.00,-5.0000,-103770.00,-91963.35,Main Location,418.0000,.0000
SI0001SI#001548,2026-06-19 00:00:00.000,Spark 50 (4+128),16,O,-2.0000,pcs,16510.0000,-32194.6800,.0000,.00,-2.0000,-32538.80,-32194.68,Main Location,51.0000,.0000
SI0001SI#001547,2026-06-19 00:00:00.000,Spark 50 (4+128),16,O,-10.0000,pcs,16510.0000,-160973.4000,.0000,.00,-10.0000,-165100.00,-160973.40,Main Location,51.0000,.0000
SI0001SI#001546,2026-06-19 00:00:00.000,Spark 40 5G,16,O,-5.0000,pcs,16040.0000,-78181.4000,.0000,.00,-5.0000,-78997.00,-78181.40,Main Location,169.0000,.0000
SI0001SI#001547,2026-06-19 00:00:00.000,Pova Slim,16,O,-10.0000,pcs,28300.0000,-275940.2000,.0000,.00,-10.0000,-283000.00,-275940.20,Main Location,112.0000,.0000
SI0001SI#001545,2026-06-19 00:00:00.000,Pova Slim,16,O,-10.0000,pcs,28300.0000,-275940.2000,.0000,.00,-10.0000,-278755.00,-275940.20,Main Location,112.0000,.0000
SI0001SI#001548,2026-06-19 00:00:00.000,Go 3 (4+64),16,O,-2.0000,pcs,14150.0000,-27005.9252,.0000,.00,-2.0000,-27875.50,-27005.93,Main Location,1533.0000,.0000
SI0001SI#001546,2026-06-19 00:00:00.000,Go 3 (4+64),16,O,-3.0000,pcs,14150.0000,-40508.8877,.0000,.00,-3.0000,-41813.25,-40508.89,Main Location,1533.0000,.0000
SI0001SI#001546,2026-06-19 00:00:00.000,Go 3 (4+128),16,O,-2.0000,pcs,15570.0000,-26836.8666,.0000,.00,-2.0000,-30672.90,-26836.87,Main Location,235.0000,.0000
SI0001SI#001548,2026-06-19 00:00:00.000,Camon 50 (8+128),16,O,-1.0000,pcs,33020.0000,-28516.1700,.0000,.00,-1.0000,-32524.70,-28516.17,Main Location,173.0000,.0000
SI0001SI#001544,2026-06-18 00:00:00.000,Spark50 Pro Luiv Demo,16,O,-1.0000,pcs,18960.0000,-18500.0000,.0000,.00,-1.0000,-18960.00,-18500.00,Main Location,1.0000,.0000
SI0001SI#001541,2026-06-18 00:00:00.000,Spark 50 Pro (6-128),16,O,-2.0000,pcs,25470.0000,-49560.0000,.0000,.00,-2.0000,-50175.90,-49560.00,Main Location,13.0000,.0000
SI0001SI#001540,2026-06-18 00:00:00.000,Spark 50 Pro (6-128),16,O,-2.0000,pcs,25470.0000,-49560.0000,.0000,.00,-2.0000,-50175.90,-49560.00,Main Location,13.0000,.0000
SI0001SI#001541,2026-06-18 00:00:00.000,Spark 50 (6+128),16,O,-2.0000,pcs,18870.0000,-36785.3400,.0000,.00,-2.0000,-37173.90,-36785.34,Main Location,426.0000,.0000
SI0001SI#001541,2026-06-18 00:00:00.000,Spark 50 (4+128),16,O,-2.0000,pcs,16510.0000,-32194.6800,.0000,.00,-2.0000,-32524.70,-32194.68,Main Location,63.0000,.0000
SI0001SI#001542,2026-06-18 00:00:00.000,Pova Slim,16,O,-2.0000,pcs,28300.0000,-55188.0400,.0000,.00,-2.0000,-55751.00,-55188.04,Main Location,132.0000,.0000
SI0001SI#001541,2026-06-18 00:00:00.000,Go 3 (4+64),16,O,-1.0000,pcs,14150.0000,-13502.9626,.0000,.00,-1.0000,-13937.75,-13502.96,Main Location,1538.0000,.0000
SI0001SI#001543,2026-06-18 00:00:00.000,Camon30 12+256,16,O,-1.0000,pcs,27700.0000,-27535.0000,.0000,.00,-1.0000,-27700.00,-27535.00,Main Location,1.0000,.0000
SI0001SI#001539,2026-06-17 00:00:00.000,Spark 50 Pro (6-128),16,O,-3.0000,pcs,25470.0000,-74340.0000,.0000,.00,-3.0000,-76410.00,-74340.00,Main Location,17.0000,.0000
PI0001PI#000185,2026-06-17 00:00:00.000,Spark 50 Pro (6-128),33,I,20.0000,pcs,24780.0000,495600.0000,20.0000,495600.00,.0000,.00,.00,Main Location,17.0000,20.0000
SI0001SI#001536,2026-06-17 00:00:00.000,Spark 40 5G,16,O,-2.0000,pcs,16040.0000,-31272.5600,.0000,.00,-2.0000,-31598.80,-31272.56,Main Location,174.0000,.0000
SI0001SI#001537,2026-06-17 00:00:00.000,Pova Slim,16,O,-1.0000,pcs,28300.0000,-27594.0200,.0000,.00,-1.0000,-27875.50,-27594.02,Main Location,134.0000,.0000
SI0001SI#001536,2026-06-17 00:00:00.000,Pova Slim,16,O,-1.0000,pcs,28300.0000,-27594.0200,.0000,.00,-1.0000,-27875.50,-27594.02,Main Location,134.0000,.0000
SI0001SI#001538,2026-06-17 00:00:00.000,Go 3 (4+64),16,O,-5.0000,pcs,14150.0000,-67514.8129,.0000,.00,-5.0000,-70750.00,-67514.81,Main Location,1539.0000,.0000
PI0001PI#000186,2026-06-16 00:00:00.000,Spark50 Pro Luiv Demo,33,I,2.0000,pcs,18500.0000,37000.0000,2.0000,37000.00,.0000,.00,.00,Main Location,2.0000,2.0000
SI0001SI#001534,2026-06-16 00:00:00.000,Spark 50 (6+128),16,O,-5.0000,pcs,18870.0000,-91963.3500,.0000,.00,-5.0000,-92934.75,-91963.35,Main Location,428.0000,.0000
SI0001SI#001534,2026-06-16 00:00:00.000,Spark 50 (4+128),16,O,-5.0000,pcs,16510.0000,-80486.7000,.0000,.00,-5.0000,-81311.75,-80486.70,Main Location,65.0000,.0000
SI0001SI#001535,2026-06-16 00:00:00.000,Go 3 (4+128),16,O,-1.0000,pcs,15570.0000,-13418.4333,.0000,.00,-1.0000,-15258.60,-13418.43,Main Location,237.0000,.0000
SI0001SI#001533,2026-06-16 00:00:00.000,Camon 50 (8+128),16,O,-1.0000,pcs,33020.0000,-28516.1700,.0000,.00,-1.0000,-32524.70,-28516.17,Main Location,174.0000,.0000
SI0001SI#001566,2026-06-15 00:00:00.000,Spark 50 (6+128),16,O,-50.0000,pcs,18393.0000,-919633.5000,.0000,.00,-50.0000,-919650.00,-919633.50,Main Location,433.0000,.0000
SI0001SI#001532,2026-06-15 00:00:00.000,Spark 50 (6+128),16,O,-10.0000,pcs,18870.0000,-183926.7000,.0000,.00,-10.0000,-186813.00,-183926.70,Main Location,433.0000,.0000
SI0001SI#001566,2026-06-15 00:00:00.000,Spark 40 5G,16,O,-50.0000,pcs,15636.0000,-781814.0000,.0000,.00,-50.0000,-781800.00,-781814.00,Main Location,176.0000,.0000
SI0001SI#001532,2026-06-15 00:00:00.000,Spark 40 5G,16,O,-4.0000,pcs,16040.0000,-62545.1200,.0000,.00,-4.0000,-62556.00,-62545.12,Main Location,176.0000,.0000
SI0001SI#001531,2026-06-15 00:00:00.000,Spark 40 5G,16,O,-80.0000,pcs,15640.0000,-1250902.4000,.0000,.00,-80.0000,-1251200.00,-1250902.40,Main Location,176.0000,.0000
PI0001PI#000184,2026-06-15 00:00:00.000,Pova Slim,33,I,100.0000,pcs,27594.0200,2759402.0000,100.0000,2759402.00,.0000,.00,.00,Main Location,136.0000,100.0000
SI0001SI#001587,2026-06-15 00:00:00.000,Go 3 (4+64),16,O,-60.0000,pcs,1392.0000,-810177.7549,.0000,.00,-60.0000,-83520.00,-810177.75,Main Location,1544.0000,.0000
SI0001SI#001529,2026-06-15 00:00:00.000,Go 3 (4+64),16,O,-1.0000,pcs,14150.0000,-13502.9626,.0000,.00,-1.0000,-13937.75,-13502.96,Main Location,1544.0000,.0000
SI0001SI#001528,2026-06-14 00:00:00.000,Spark 50 (6+128),16,O,-1.0000,pcs,18870.0000,-18392.6700,.0000,.00,-1.0000,-18586.95,-18392.67,Main Location,493.0000,.0000
SI0001SI#001527,2026-06-14 00:00:00.000,Spark 50 (6+128),16,O,-1.0000,pcs,18870.0000,-18392.6700,.0000,.00,-1.0000,-18586.95,-18392.67,Main Location,493.0000,.0000
SI0001SI#001525,2026-06-14 00:00:00.000,Spark 50 (6+128),16,O,-2.0000,pcs,18870.0000,-36785.3400,.0000,.00,-2.0000,-37173.90,-36785.34,Main Location,493.0000,.0000
SI0001SI#001524,2026-06-14 00:00:00.000,Spark 50 (6+128),16,O,-3.0000,pcs,18870.0000,-55178.0100,.0000,.00,-3.0000,-55760.85,-55178.01,Main Location,493.0000,.0000
PI0001PI#000183,2026-06-14 00:00:00.000,Spark 50 (4+128),33,I,70.0000,pcs,16097.3400,1126813.8000,70.0000,1126813.80,.0000,.00,.00,Main Location,70.0000,70.0000
SI0001SI#001525,2026-06-14 00:00:00.000,Spark 40 5G,16,O,-1.0000,pcs,16040.0000,-15636.2800,.0000,.00,-1.0000,-15799.40,-15636.28,Main Location,310.0000,.0000
PI0001PI#000183,2026-06-14 00:00:00.000,Pova Slim,33,I,30.0000,pcs,27594.0200,827820.6000,30.0000,827820.60,.0000,.00,.00,Main Location,36.0000,30.0000
SI0001SI#001525,2026-06-14 00:00:00.000,Pova Slim,16,O,-1.0000,pcs,28300.0000,-27594.0200,.0000,.00,-1.0000,-27875.50,-27594.02,Main Location,36.0000,.0000
SI0001SI#001528,2026-06-14 00:00:00.000,Go 3 (4+64),16,O,-4.0000,pcs,14150.0000,-54011.8503,.0000,.00,-4.0000,-55751.00,-54011.85,Main Location,1605.0000,.0000
SI0001SI#001526,2026-06-14 00:00:00.000,Go 3 (4+64),16,O,-10.0000,pcs,14150.0000,-135029.6258,.0000,.00,-10.0000,-138670.00,-135029.63,Main Location,1605.0000,.0000
SI0001SI#001525,2026-06-14 00:00:00.000,Go 3 (4+64),16,O,-3.0000,pcs,14150.0000,-40508.8877,.0000,.00,-3.0000,-41813.25,-40508.89,Main Location,1605.0000,.0000
SI0001SI#001525,2026-06-14 00:00:00.000,Camon 50 (8+128),16,O,-1.0000,pcs,33020.0000,-28516.1700,.0000,.00,-1.0000,-32524.70,-28516.17,Main Location,175.0000,.0000
SI0001SI#001523,2026-06-12 00:00:00.000,Spark 50 (6+128),16,O,-4.0000,pcs,18870.0000,-73570.6800,.0000,.00,-4.0000,-75480.00,-73570.68,Main Location,500.0000,.0000
SI0001SI#001522,2026-06-12 00:00:00.000,Spark 50 (6+128),16,O,-1.0000,pcs,18870.0000,-18392.6700,.0000,.00,-1.0000,-18586.95,-18392.67,Main Location,500.0000,.0000
SI0001SI#001520,2026-06-12 00:00:00.000,Spark 50 (6+128),16,O,-10.0000,pcs,18870.0000,-183926.7000,.0000,.00,-10.0000,-185869.50,-183926.70,Main Location,500.0000,.0000
SI0001SI#001520,2026-06-12 00:00:00.000,Pova Slim,16,O,-1.0000,pcs,28300.0000,-27594.0200,.0000,.00,-1.0000,-27875.50,-27594.02,Main Location,7.0000,.0000
SI0001SI#001519,2026-06-12 00:00:00.000,Pova Slim,16,O,-2.0000,pcs,28300.0000,-55188.0400,.0000,.00,-2.0000,-55751.00,-55188.04,Main Location,7.0000,.0000
SI0001SI#001521,2026-06-12 00:00:00.000,Go 3 (4+64),16,O,-3.0000,pcs,14150.0000,-40508.8877,.0000,.00,-3.0000,-41813.25,-40508.89,Main Location,1622.0000,.0000
SI0001SI#001517,2026-06-11 00:00:00.000,Spark 50 (6+128),16,O,-3.0000,pcs,18870.0000,-55178.0100,.0000,.00,-3.0000,-55760.85,-55178.01,Main Location,515.0000,.0000
SI0001SI#001516,2026-06-11 00:00:00.000,Spark 50 (6+128),16,O,-8.0000,pcs,18870.0000,-147141.3600,.0000,.00,-8.0000,-149450.40,-147141.36,Main Location,515.0000,.0000
SI0001SI#001515,2026-06-11 00:00:00.000,Spark 50 (6+128),16,O,-1.0000,pcs,18870.0000,-18392.6700,.0000,.00,-1.0000,-18586.95,-18392.67,Main Location,515.0000,.0000
SI0001SI#001514,2026-06-11 00:00:00.000,Spark 50 (6+128),16,O,-1.0000,pcs,18870.0000,-18392.6700,.0000,.00,-1.0000,-18586.95,-18392.67,Main Location,515.0000,.0000
SI0001SI#001516,2026-06-11 00:00:00.000,Spark 40 5G,16,O,-12.0000,pcs,16040.0000,-187635.3600,.0000,.00,-12.0000,-190555.20,-187635.36,Main Location,311.0000,.0000
SI0001SI#001514,2026-06-11 00:00:00.000,Pova Slim,16,O,-1.0000,pcs,28300.0000,-27594.0200,.0000,.00,-1.0000,-27875.50,-27594.02,Main Location,10.0000,.0000
SI0001SI#001518,2026-06-11 00:00:00.000,Go 3 (4+64),16,O,-1.0000,pcs,14150.0000,-13502.9626,.0000,.00,-1.0000,-14150.00,-13502.96,Main Location,1625.0000,.0000
SI0001SI#001516,2026-06-11 00:00:00.000,Go 3 (4+64),16,O,-12.0000,pcs,14150.0000,-162035.5510,.0000,.00,-12.0000,-168102.00,-162035.55,Main Location,1625.0000,.0000
SI0001SI#001514,2026-06-11 00:00:00.000,Go 3 (4+64),16,O,-1.0000,pcs,14150.0000,-13502.9626,.0000,.00,-1.0000,-13937.75,-13502.96,Main Location,1625.0000,.0000
SI0001SI#001516,2026-06-11 00:00:00.000,Go 3 (4+128),16,O,-12.0000,pcs,15570.0000,-161021.1996,.0000,.00,-12.0000,-184971.60,-161021.20,Main Location,238.0000,.0000
SI0001SI#001516,2026-06-11 00:00:00.000,Camon 50 (8+256),16,O,-1.0000,pcs,36800.0000,-32194.7000,.0000,.00,-1.0000,-36432.00,-32194.70,Main Location,102.0000,.0000
SI0001SI#001516,2026-06-11 00:00:00.000,Camon 50 (8+128),16,O,-4.0000,pcs,33020.0000,-114064.6800,.0000,.00,-4.0000,-130759.20,-114064.68,Main Location,176.0000,.0000
SI0001SI#001513,2026-06-10 00:00:00.000,Spark 50 (6+128),16,O,-6.0000,pcs,18870.0000,-110356.0200,.0000,.00,-6.0000,-111521.70,-110356.02,Main Location,528.0000,.0000
SI0001SI#001512,2026-06-10 00:00:00.000,Spark 50 (6+128),16,O,-5.0000,pcs,18870.0000,-91963.3500,.0000,.00,-5.0000,-92934.75,-91963.35,Main Location,528.0000,.0000
SI0001SI#001510,2026-06-10 00:00:00.000,Spark 50 (6+128),16,O,-15.0000,pcs,18393.0000,-275890.0500,.0000,.00,-15.0000,-275895.00,-275890.05,Main Location,528.0000,.0000
SI0001SI#001509,2026-06-10 00:00:00.000,Spark 50 (6+128),16,O,-2.0000,pcs,18870.0000,-36785.3400,.0000,.00,-2.0000,-37173.90,-36785.34,Main Location,528.0000,.0000
SI0001SI#001508,2026-06-10 00:00:00.000,Spark 50 (6+128),16,O,-4.0000,pcs,18870.0000,-73570.6800,.0000,.00,-4.0000,-74347.80,-73570.68,Main Location,528.0000,.0000
SI0001SI#001511,2026-06-10 00:00:00.000,Pova Slim,16,O,-1.0000,pcs,28300.0000,-27594.0200,.0000,.00,-1.0000,-27875.50,-27594.02,Main Location,11.0000,.0000
SI0001SI#001512,2026-06-10 00:00:00.000,Go 3 (4+64),16,O,-5.0000,pcs,14150.0000,-67514.8129,.0000,.00,-5.0000,-69688.75,-67514.81,Main Location,1639.0000,.0000
SI0001SI#001509,2026-06-10 00:00:00.000,Go 3 (4+64),16,O,-1.0000,pcs,14150.0000,-13502.9626,.0000,.00,-1.0000,-13937.75,-13502.96,Main Location,1639.0000,.0000
SI0001SI#001507,2026-06-09 00:00:00.000,Spark 50 (6+128),16,O,-1.0000,pcs,18870.0000,-18392.6700,.0000,.00,-1.0000,-18870.00,-18392.67,Main Location,560.0000,.0000
SI0001SI#001506,2026-06-09 00:00:00.000,Spark 50 (6+128),16,O,-1.0000,pcs,18870.0000,-18392.6700,.0000,.00,-1.0000,-18586.95,-18392.67,Main Location,560.0000,.0000
PI0001PI#000182,2026-06-09 00:00:00.000,Pova Slim,33,I,10.0000,pcs,27594.0200,275940.2000,10.0000,275940.20,.0000,.00,.00,Main Location,12.0000,10.0000
SI0001SI#001506,2026-06-09 00:00:00.000,Go 3 (4+64),16,O,-3.0000,pcs,14150.0000,-40508.8877,.0000,.00,-3.0000,-41813.25,-40508.89,Main Location,1645.0000,.0000
SI0001SI#001505,2026-06-08 00:00:00.000,Spark 50 (6+128),16,O,-1.0000,pcs,18870.0000,-18392.6700,.0000,.00,-1.0000,-18586.95,-18392.67,Main Location,562.0000,.0000
SI0001SI#001503,2026-06-08 00:00:00.000,Spark 50 (6+128),16,O,-1.0000,pcs,18870.0000,-18392.6700,.0000,.00,-1.0000,-18870.00,-18392.67,Main Location,562.0000,.0000
SI0001SI#001505,2026-06-08 00:00:00.000,Spark 50 (4+128),16,O,-2.0000,pcs,16510.0000,-32194.6800,.0000,.00,-2.0000,-32524.70,-32194.68,Main Location,.0000,.0000
SI0001SI#001503,2026-06-08 00:00:00.000,Spark 40 5G,16,O,-2.0000,pcs,16040.0000,-31272.5600,.0000,.00,-2.0000,-32080.00,-31272.56,Main Location,323.0000,.0000
SI0001SI#001504,2026-06-08 00:00:00.000,Pova Slim,16,O,-1.0000,pcs,28300.0000,-27594.0200,.0000,.00,-1.0000,-27875.50,-27594.02,Main Location,2.0000,.0000
SI0001SI#001503,2026-06-08 00:00:00.000,Go 3 (4+64),16,O,-2.0000,pcs,14150.0000,-27005.9252,.0000,.00,-2.0000,-28300.00,-27005.93,Main Location,1648.0000,.0000
SI0001SI#001502,2026-06-08 00:00:00.000,Go 3 (4+64),16,O,-50.0000,pcs,13792.0000,-675148.1291,.0000,.00,-50.0000,-689600.00,-675148.13,Main Location,1648.0000,.0000
SI0001SI#001505,2026-06-08 00:00:00.000,Camon 50 Ultra (12+256),16,O,-1.0000,pcs,51900.0000,-45986.7000,.0000,.00,-1.0000,-51121.50,-45986.70,Main Location,5.0000,.0000
SI0001SI#001501,2026-06-07 00:00:00.000,Spark 50 (6+128),16,O,-120.0000,pcs,18393.0000,-2207120.4000,.0000,.00,-120.0000,-2207160.00,-2207120.40,Main Location,564.0000,.0000
SI0001SI#001500,2026-06-07 00:00:00.000,Spark 50 (6+128),16,O,-1.0000,pcs,18870.0000,-18392.6700,.0000,.00,-1.0000,-18586.95,-18392.67,Main Location,564.0000,.0000
SI0001SI#001499,2026-06-07 00:00:00.000,Spark 50 (6+128),16,O,-3.0000,pcs,18870.0000,-55178.0100,.0000,.00,-3.0000,-55760.85,-55178.01,Main Location,564.0000,.0000
SI0001SI#001500,2026-06-07 00:00:00.000,Spark 50 (4+128),16,O,-3.0000,pcs,16510.0000,-48292.0200,.0000,.00,-3.0000,-48787.05,-48292.02,Main Location,2.0000,.0000
SI0001SI#001499,2026-06-07 00:00:00.000,Spark 50 (4+128),16,O,-1.0000,pcs,16510.0000,-16097.3400,.0000,.00,-1.0000,-16262.35,-16097.34,Main Location,2.0000,.0000
SI0001SI#001501,2026-06-07 00:00:00.000,Pova Slim,16,O,-10.0000,pcs,27594.0000,-275940.2000,.0000,.00,-10.0000,-275940.00,-275940.20,Main Location,3.0000,.0000
SI0001SI#001501,2026-06-07 00:00:00.000,Go 3 (4+64),16,O,-60.0000,pcs,13792.0000,-810177.7549,.0000,.00,-60.0000,-827520.00,-810177.75,Main Location,1700.0000,.0000
SI0001SI#001501,2026-06-07 00:00:00.000,Go 3 (4+128),16,O,-40.0000,pcs,15185.0000,-536737.3321,.0000,.00,-40.0000,-607400.00,-536737.33,Main Location,250.0000,.0000
SI0001SI#001498,2026-06-06 00:00:00.000,Spark 50 (6+128),16,O,-2.0000,pcs,18870.0000,-36785.3400,.0000,.00,-2.0000,-37740.00,-36785.34,Main Location,688.0000,.0000
SI0001SI#001497,2026-06-06 00:00:00.000,Spark 50 (6+128),16,O,-5.0000,pcs,18870.0000,-91963.3500,.0000,.00,-5.0000,-92934.75,-91963.35,Main Location,688.0000,.0000
SI0001SI#001496,2026-06-06 00:00:00.000,Spark 50 (6+128),16,O,-2.0000,pcs,18870.0000,-36785.3400,.0000,.00,-2.0000,-37173.90,-36785.34,Main Location,688.0000,.0000
SI0001SI#001493,2026-06-06 00:00:00.000,Spark 50 (6+128),16,O,-3.0000,pcs,18870.0000,-55178.0100,.0000,.00,-3.0000,-55760.85,-55178.01,Main Location,688.0000,.0000
SI0001SI#001493,2026-06-06 00:00:00.000,Spark 40 5G,16,O,-2.0000,pcs,16040.0000,-31272.5600,.0000,.00,-2.0000,-31598.80,-31272.56,Main Location,325.0000,.0000
SI0001SI#001495,2026-06-06 00:00:00.000,Pova Slim,16,O,-1.0000,pcs,28300.0000,-27594.0200,.0000,.00,-1.0000,-27875.50,-27594.02,Main Location,13.0000,.0000
SI0001SI#001494,2026-06-06 00:00:00.000,Pova Slim,16,O,-5.0000,pcs,28300.0000,-137970.1000,.0000,.00,-5.0000,-139377.50,-137970.10,Main Location,13.0000,.0000
SI0001SI#001497,2026-06-06 00:00:00.000,Go 3 (4+64),16,O,-5.0000,pcs,14150.0000,-67514.8129,.0000,.00,-5.0000,-69688.75,-67514.81,Main Location,1760.0000,.0000
SI0001SI#001494,2026-06-06 00:00:00.000,Go 3 (4+64),16,O,-5.0000,pcs,14150.0000,-67514.8129,.0000,.00,-5.0000,-69688.75,-67514.81,Main Location,1760.0000,.0000
SI0001SI#001493,2026-06-06 00:00:00.000,Go 3 (4+64),16,O,-3.0000,pcs,14150.0000,-40508.8877,.0000,.00,-3.0000,-41813.25,-40508.89,Main Location,1760.0000,.0000
SI0001SI#001497,2026-06-06 00:00:00.000,Go 3 (4+128),16,O,-2.0000,pcs,15570.0000,-26836.8666,.0000,.00,-2.0000,-30672.90,-26836.87,Main Location,290.0000,.0000
SI0001SI#001495,2026-06-06 00:00:00.000,Camon 50 Ultra (12+256),16,O,-1.0000,pcs,51900.0000,-45986.7000,.0000,.00,-1.0000,-51121.50,-45986.70,Main Location,6.0000,.0000
SI0001SI#001492,2026-06-05 00:00:00.000,Spark 50 (6+128),16,O,-3.0000,pcs,18870.0000,-55178.0100,.0000,.00,-3.0000,-55760.85,-55178.01,Main Location,700.0000,.0000
SI0001SI#001492,2026-06-05 00:00:00.000,Spark 50 (4+128),16,O,-3.0000,pcs,16510.0000,-48292.0200,.0000,.00,-3.0000,-48787.05,-48292.02,Main Location,6.0000,.0000
SI0001SI#001492,2026-06-05 00:00:00.000,Pova Slim,16,O,-5.0000,pcs,28300.0000,-137970.1000,.0000,.00,-5.0000,-139377.50,-137970.10,Main Location,19.0000,.0000
SI0001SI#001491,2026-05-26 00:00:00.000,Go 3 (4+64),16,O,-5.0000,pcs,14150.0000,-67514.8129,.0000,.00,-5.0000,-69688.75,-67514.81,Main Location,1773.0000,.0000
SI0001SI#001490,2026-05-26 00:00:00.000,Go 3 (4+64),16,O,-1.0000,pcs,14150.0000,-13502.9626,.0000,.00,-1.0000,-14150.00,-13502.96,Main Location,1773.0000,.0000
SI0001SI#001477,2026-05-26 00:00:00.000,Go 3 (4+64),16,O,-2.0000,pcs,14510.0000,-27005.9252,.0000,.00,-2.0000,-28584.70,-27005.93,Main Location,1773.0000,.0000
SI0001SI#001476,2026-05-25 00:00:00.000,Spark 50 5G (6+128),16,O,-5.0000,pcs,22640.0000,-110355.0000,.0000,.00,-5.0000,-111502.00,-110355.00,Main Location,.0000,.0000
SI0001SI#001476,2026-05-25 00:00:00.000,Spark 50 (6+128),16,O,-2.0000,pcs,18870.0000,-36785.3400,.0000,.00,-2.0000,-37173.90,-36785.34,Main Location,703.0000,.0000
SI0001SI#001475,2026-05-25 00:00:00.000,Spark 50 (6+128),16,O,-6.0000,pcs,18870.0000,-110356.0200,.0000,.00,-6.0000,-111521.70,-110356.02,Main Location,703.0000,.0000
SI0001SI#001474,2026-05-25 00:00:00.000,Spark 50 (6+128),16,O,-2.0000,pcs,18870.0000,-36785.3400,.0000,.00,-2.0000,-37173.90,-36785.34,Main Location,703.0000,.0000
PI0001PI#000181,2026-05-25 00:00:00.000,Spark 50 (6+128),33,I,342.0000,pcs,18392.6700,6290293.1400,342.0000,6290293.14,.0000,.00,.00,Main Location,703.0000,342.0000
SI0001SI#001476,2026-05-25 00:00:00.000,Spark 50 (4+128),16,O,-2.0000,pcs,16510.0000,-32194.6800,.0000,.00,-2.0000,-32524.70,-32194.68,Main Location,9.0000,.0000
SI0001SI#001476,2026-05-25 00:00:00.000,Pova Slim,16,O,-2.0000,pcs,28300.0000,-55188.0400,.0000,.00,-2.0000,-55751.00,-55188.04,Main Location,24.0000,.0000
SI0001SI#001475,2026-05-25 00:00:00.000,Go 3 (4+64),16,O,-2.0000,pcs,14150.0000,-27005.9252,.0000,.00,-2.0000,-27875.50,-27005.93,Main Location,1781.0000,.0000
PI0001PI#000181,2026-05-25 00:00:00.000,Go 3 (4+64),33,I,601.0000,pcs,13792.0000,8288992.0000,601.0000,8288992.00,.0000,.00,.00,Main Location,1781.0000,601.0000
SI0001SI#001475,2026-05-25 00:00:00.000,Go 3 (4+128),16,O,-1.0000,pcs,15570.0000,-13418.4333,.0000,.00,-1.0000,-15336.45,-13418.43,Main Location,292.0000,.0000
SI0001SI#001476,2026-05-25 00:00:00.000,Camon 50 (8+128),16,O,-1.0000,pcs,33020.0000,-28516.1700,.0000,.00,-1.0000,-32524.70,-28516.17,Main Location,180.0000,.0000
SI0001SI#001475,2026-05-25 00:00:00.000,Camon 50 (8+128),16,O,-1.0000,pcs,33020.0000,-28516.1700,.0000,.00,-1.0000,-32524.70,-28516.17,Main Location,180.0000,.0000
PI0001PI#000180,2026-05-24 00:00:00.000,Spark 50 (6+128),33,I,100.0000,pcs,18392.6700,1839267.0000,100.0000,1839267.00,.0000,.00,.00,Main Location,371.0000,100.0000
SI0001SI#001473,2026-05-24 00:00:00.000,Spark 50 (6+128),16,O,-2.0000,pcs,18870.0000,-36785.3400,.0000,.00,-2.0000,-37173.90,-36785.34,Main Location,371.0000,.0000
PI0001PI#000180,2026-05-24 00:00:00.000,Spark 50 (4+128),33,I,10.0000,pcs,16097.3400,160973.4000,10.0000,160973.40,.0000,.00,.00,Main Location,11.0000,10.0000
SI0001SI#001473,2026-05-24 00:00:00.000,Spark 50 (4+128),16,O,-1.0000,pcs,16510.0000,-16097.3400,.0000,.00,-1.0000,-16262.35,-16097.34,Main Location,11.0000,.0000
SI0001SI#001473,2026-05-24 00:00:00.000,Pova Slim,16,O,-1.0000,pcs,28300.0000,-27594.0200,.0000,.00,-1.0000,-27875.50,-27594.02,Main Location,26.0000,.0000
SI0001SI#001473,2026-05-24 00:00:00.000,Pova Curve 2,16,O,-1.0000,pcs,34910.0000,-34038.9800,.0000,.00,-1.0000,-34386.35,-34038.98,Main Location,24.0000,.0000
SI0001SI#001488,2026-05-24 00:00:00.000,Go 3 (4+128),16,O,-60.0000,pcs,14400.0000,-805105.9981,.0000,.00,-60.0000,-864000.00,-805106.00,Main Location,293.0000,.0000
SI0001SI#001488,2026-05-24 00:00:00.000,Camon 50 (8+128),16,O,-30.0000,pcs,29400.0000,-855485.1000,.0000,.00,-30.0000,-882000.00,-855485.10,Main Location,182.0000,.0000
SI0001SI#001473,2026-05-24 00:00:00.000,Camon 50 (8+128),16,O,-1.0000,pcs,33020.0000,-28516.1700,.0000,.00,-1.0000,-32524.70,-28516.17,Main Location,182.0000,.0000
SI0001SI#001486,2026-05-23 00:00:00.000,Spark 50 5G (6+128),16,O,-4.0000,pcs,22071.0000,-88284.0000,.0000,.00,-4.0000,-88284.00,-88284.00,Main Location,5.0000,.0000
SI0001SI#001471,2026-05-23 00:00:00.000,Spark 50 5G (6+128),16,O,-1.0000,pcs,22640.0000,-22071.0000,.0000,.00,-1.0000,-22640.00,-22071.00,Main Location,5.0000,.0000
SI0001SI#001470,2026-05-23 00:00:00.000,Spark 50 5G (6+128),16,O,-2.0000,pcs,22640.0000,-44142.0000,.0000,.00,-2.0000,-44600.80,-44142.00,Main Location,5.0000,.0000
SI0001SI#001486,2026-05-23 00:00:00.000,Spark 50 (6+128),16,O,-26.0000,pcs,18393.0000,-478209.4200,.0000,.00,-26.0000,-478218.00,-478209.42,Main Location,273.0000,.0000
SI0001SI#001489,2026-05-23 00:00:00.000,Spark 50 (6+128),16,O,-50.0000,pcs,18392.0000,-919633.5000,.0000,.00,-50.0000,-919600.00,-919633.50,Main Location,273.0000,.0000
SI0001SI#001471,2026-05-23 00:00:00.000,Spark 50 (6+128),16,O,-2.0000,pcs,18870.0000,-36785.3400,.0000,.00,-2.0000,-37740.00,-36785.34,Main Location,273.0000,.0000
SI0001SI#001470,2026-05-23 00:00:00.000,Spark 50 (6+128),16,O,-2.0000,pcs,18870.0000,-36785.3400,.0000,.00,-2.0000,-37173.90,-36785.34,Main Location,273.0000,.0000
SI0001SI#001471,2026-05-23 00:00:00.000,Pova Curve 2,16,O,-1.0000,pcs,34910.0000,-34038.9800,.0000,.00,-1.0000,-34910.00,-34038.98,Main Location,25.0000,.0000
SI0001SI#001463,2026-05-22 00:00:00.000,Spark 50 5G (6+128),16,O,-2.0000,pcs,22640.0000,-44142.0000,.0000,.00,-2.0000,-44600.80,-44142.00,Main Location,12.0000,.0000
SI0001SI#001464,2026-05-22 00:00:00.000,Spark 50 (6+128),16,O,-10.0000,pcs,18393.0000,-183926.7000,.0000,.00,-10.0000,-183930.00,-183926.70,Main Location,353.0000,.0000
SI0001SI#001469,2026-05-22 00:00:00.000,Spark 50 (6+128),16,O,-2.0000,pcs,18393.0000,-36785.3400,.0000,.00,-2.0000,-36786.00,-36785.34,Main Location,353.0000,.0000
SI0001SI#001468,2026-05-22 00:00:00.000,Spark 50 (6+128),16,O,-2.0000,pcs,18870.0000,-36785.3400,.0000,.00,-2.0000,-37173.90,-36785.34,Main Location,353.0000,.0000
SI0001SI#001462,2026-05-22 00:00:00.000,Spark 50 (6+128),16,O,-2.0000,pcs,18870.0000,-36785.3400,.0000,.00,-2.0000,-37173.90,-36785.34,Main Location,353.0000,.0000
SI0001SI#001461,2026-05-22 00:00:00.000,Spark 50 (6+128),16,O,-2.0000,pcs,18870.0000,-36785.3400,.0000,.00,-2.0000,-37173.90,-36785.34,Main Location,353.0000,.0000
SI0001SI#001462,2026-05-22 00:00:00.000,Spark 50 (4+128),16,O,-2.0000,pcs,16510.0000,-32194.6800,.0000,.00,-2.0000,-32524.70,-32194.68,Main Location,2.0000,.0000
SI0001SI#001467,2026-05-22 00:00:00.000,Spark 40(8+256),16,O,-10.0000,pcs,18880.0000,-174653.5371,.0000,.00,-10.0000,-185968.00,-174653.54,Main Location,2.0000,.0000
SI0001SI#001466,2026-05-22 00:00:00.000,Spark 40(8+256),16,O,-4.0000,pcs,18880.0000,-69861.4148,.0000,.00,-4.0000,-74387.20,-69861.41,Main Location,2.0000,.0000
SI0001SI#001463,2026-05-22 00:00:00.000,Pova Slim,16,O,-3.0000,pcs,28300.0000,-82782.0600,.0000,.00,-3.0000,-83626.50,-82782.06,Main Location,27.0000,.0000
SI0001SI#001461,2026-05-22 00:00:00.000,Pova Slim,16,O,-2.0000,pcs,28300.0000,-55188.0400,.0000,.00,-2.0000,-55751.00,-55188.04,Main Location,27.0000,.0000
SI0001SI#001461,2026-05-22 00:00:00.000,Go 3 (4+64),16,O,-2.0000,pcs,14150.0000,-26711.9971,.0000,.00,-2.0000,-27875.50,-26712.00,Main Location,1182.0000,.0000
SI0001SI#001465,2026-05-22 00:00:00.000,Camon 50 Ultra (12+256),16,O,-1.0000,pcs,52900.0000,-45986.7000,.0000,.00,-1.0000,-52106.50,-45986.70,Main Location,7.0000,.0000
SI0001SI#001461,2026-05-22 00:00:00.000,Camon 50 (8+128),16,O,-2.0000,pcs,33020.0000,-57032.3400,.0000,.00,-2.0000,-65049.40,-57032.34,Main Location,213.0000,.0000
PI0001PI#000179,2026-05-21 00:00:00.000,Spark 50 (6+128),33,I,54.0000,pcs,18392.6700,993204.1800,54.0000,993204.18,.0000,.00,.00,Main Location,371.0000,54.0000
SI0001SI#001460,2026-05-21 00:00:00.000,Pova Curve 2,16,O,-1.0000,pcs,37740.0000,-34038.9800,.0000,.00,-1.0000,-37173.90,-34038.98,Main Location,26.0000,.0000
SI0001SI#001487,2026-05-21 00:00:00.000,Go 3 (4+64),16,O,-100.0000,pcs,12400.0000,-1335599.8548,.0000,.00,-100.0000,-1240000.00,-1335599.85,Main Location,1184.0000,.0000
SI0001SI#001487,2026-05-21 00:00:00.000,Camon 50 (8+128),16,O,-10.0000,pcs,29400.0000,-285161.7000,.0000,.00,-10.0000,-294000.00,-285161.70,Main Location,215.0000,.0000
SI0001SI#001456,2026-05-20 00:00:00.000,Spark 50 5G (6+128),16,O,-1.0000,pcs,22640.0000,-22071.0000,.0000,.00,-1.0000,-22300.40,-22071.00,Main Location,14.0000,.0000
PI0001PI#000178,2026-05-20 00:00:00.000,Spark 50 (6+128),33,I,50.0000,pcs,18392.6700,919633.5000,50.0000,919633.50,.0000,.00,.00,Main Location,317.0000,50.0000
SI0001SI#001458,2026-05-20 00:00:00.000,Spark 50 (6+128),16,O,-2.0000,pcs,18870.0000,-36785.3400,.0000,.00,-2.0000,-37173.90,-36785.34,Main Location,317.0000,.0000
SI0001SI#001457,2026-05-20 00:00:00.000,Spark 50 (6+128),16,O,-1.0000,pcs,18870.0000,-18392.6700,.0000,.00,-1.0000,-18586.95,-18392.67,Main Location,317.0000,.0000
SI0001SI#001456,2026-05-20 00:00:00.000,Spark 50 (6+128),16,O,-2.0000,pcs,18870.0000,-36785.3400,.0000,.00,-2.0000,-37173.90,-36785.34,Main Location,317.0000,.0000
SI0001SI#001456,2026-05-20 00:00:00.000,Spark 50 (4+128),16,O,-2.0000,pcs,16510.0000,-32194.6800,.0000,.00,-2.0000,-32524.70,-32194.68,Main Location,4.0000,.0000
SI0001SI#001456,2026-05-20 00:00:00.000,Spark 40 5G,16,O,-2.0000,pcs,16040.0000,-31272.5600,.0000,.00,-2.0000,-31598.80,-31272.56,Main Location,327.0000,.0000
SI0001SI#001457,2026-05-20 00:00:00.000,Pova Slim,16,O,-1.0000,pcs,28300.0000,-27594.0200,.0000,.00,-1.0000,-27875.50,-27594.02,Main Location,32.0000,.0000
SI0001SI#001457,2026-05-20 00:00:00.000,Pova Curve 2,16,O,-1.0000,pcs,34910.0000,-34038.9800,.0000,.00,-1.0000,-34386.35,-34038.98,Main Location,27.0000,.0000
SI0001SI#001458,2026-05-20 00:00:00.000,Go 3 (4+64),16,O,-5.0000,pcs,14150.0000,-66779.9927,.0000,.00,-5.0000,-69688.75,-66779.99,Main Location,1284.0000,.0000
SI0001SI#001459,2026-05-20 00:00:00.000,Camon 50 Ultra (8+256),16,O,-1.0000,pcs,44350.0000,-39551.7700,.0000,.00,-1.0000,-43684.75,-39551.77,Main Location,.0000,.0000
SI0001SI#001457,2026-05-20 00:00:00.000,Camon 50 Ultra (8+256),16,O,-1.0000,pcs,43250.0000,-39551.7700,.0000,.00,-1.0000,-42601.25,-39551.77,Main Location,.0000,.0000
SI0001SI#001457,2026-05-20 00:00:00.000,Camon 50 (8+128),16,O,-1.0000,pcs,33020.0000,-28516.1700,.0000,.00,-1.0000,-32524.70,-28516.17,Main Location,225.0000,.0000
SI0001SI#001456,2026-05-20 00:00:00.000,Camon 50 (8+128),16,O,-1.0000,pcs,33020.0000,-28516.1700,.0000,.00,-1.0000,-32524.70,-28516.17,Main Location,225.0000,.0000
SI0001SI#001454,2026-05-19 00:00:00.000,Spark 50 (6+128),16,O,-2.0000,pcs,18870.0000,-36785.3400,.0000,.00,-2.0000,-37173.90,-36785.34,Main Location,272.0000,.0000
SI0001SI#001451,2026-05-19 00:00:00.000,Spark 50 (6+128),16,O,-1.0000,pcs,18870.0000,-18392.6700,.0000,.00,-1.0000,-18586.95,-18392.67,Main Location,272.0000,.0000
SI0001SI#001450,2026-05-19 00:00:00.000,Spark 50 (6+128),16,O,-2.0000,pcs,18393.0000,-36785.3400,.0000,.00,-2.0000,-36786.00,-36785.34,Main Location,272.0000,.0000
SI0001SI#001454,2026-05-19 00:00:00.000,Spark 50 (4+128),16,O,-2.0000,pcs,16510.0000,-32194.6800,.0000,.00,-2.0000,-32524.70,-32194.68,Main Location,6.0000,.0000
SI0001SI#001455,2026-05-19 00:00:00.000,Pova Slim,16,O,-6.0000,pcs,28300.0000,-165564.1200,.0000,.00,-6.0000,-167253.00,-165564.12,Main Location,33.0000,.0000
PI0001PI#000177,2026-05-19 00:00:00.000,Pova Slim,33,I,30.0000,pcs,27594.0200,827820.6000,30.0000,827820.60,.0000,.00,.00,Main Location,33.0000,30.0000
SI0001SI#001449,2026-05-19 00:00:00.000,Pova Slim,16,O,-2.0000,pcs,28300.0000,-55188.0400,.0000,.00,-2.0000,-55751.00,-55188.04,Main Location,33.0000,.0000
PI0001PI#000176,2026-05-19 00:00:00.000,Pova Slim,33,I,10.0000,pcs,27594.0200,275940.2000,10.0000,275940.20,.0000,.00,.00,Main Location,33.0000,10.0000
SI0001SI#001454,2026-05-19 00:00:00.000,Pova Curve 2 (8+128),16,O,-1.0000,pcs,34910.0000,-34038.9800,.0000,.00,-1.0000,-34386.35,-34038.98,Main Location,4.0000,.0000
SI0001SI#001455,2026-05-19 00:00:00.000,GO1 4+128,16,O,-1.0000,pcs,12500.0000,-11582.5100,.0000,.00,-1.0000,-12312.50,-11582.51,Main Location,1.0000,.0000
SI0001SI#001453,2026-05-19 00:00:00.000,Go 3 (4+64),16,O,-3.0000,pcs,14150.0000,-40067.9956,.0000,.00,-3.0000,-41813.25,-40068.00,Main Location,1289.0000,.0000
SI0001SI#001452,2026-05-19 00:00:00.000,Go 3 (4+64),16,O,-3.0000,pcs,14150.0000,-40067.9956,.0000,.00,-3.0000,-41813.25,-40068.00,Main Location,1289.0000,.0000
SI0001SI#001451,2026-05-19 00:00:00.000,Go 3 (4+128),16,O,-2.0000,pcs,15570.0000,-26836.8666,.0000,.00,-2.0000,-30672.90,-26836.87,Main Location,353.0000,.0000
SI0001SI#001448,2026-05-18 00:00:00.000,Spark 50 (6+128),16,O,-12.0000,pcs,18393.0000,-220712.0400,.0000,.00,-12.0000,-220716.00,-220712.04,Main Location,277.0000,.0000
SI0001SI#001445,2026-05-17 00:00:00.000,Spark 50 5G (6+128),16,O,-5.0000,pcs,22071.0000,-110355.0000,.0000,.00,-5.0000,-110355.00,-110355.00,Main Location,15.0000,.0000
SI0001SI#001444,2026-05-17 00:00:00.000,Spark 50 (6+128),16,O,-1.0000,pcs,18870.0000,-18392.6700,.0000,.00,-1.0000,-18586.95,-18392.67,Main Location,289.0000,.0000
PI0001PI#000175,2026-05-17 00:00:00.000,Spark 50 (6+128),33,I,100.0000,pcs,18392.6700,1839267.0000,100.0000,1839267.00,.0000,.00,.00,Main Location,289.0000,100.0000
SI0001SI#001445,2026-05-17 00:00:00.000,Spark 50 (4+128),16,O,-5.0000,pcs,16097.0000,-80486.7000,.0000,.00,-5.0000,-80485.00,-80486.70,Main Location,8.0000,.0000
SI0001SI#001442,2026-05-17 00:00:00.000,Spark 50 (4+128),16,O,-2.0000,pcs,16510.0000,-32194.6800,.0000,.00,-2.0000,-32524.70,-32194.68,Main Location,8.0000,.0000
SR0001SR#000024,2026-05-17 00:00:00.000,GO1 4+128,13,I,1.0000,pcs,.0000,11582.5100,1.0000,11582.51,.0000,.00,.00,Main Location,2.0000,1.0000
PI0001PI#000175,2026-05-17 00:00:00.000,Go 3 (4+64),33,I,100.0000,pcs,13792.0000,1379200.0000,100.0000,1379200.00,.0000,.00,.00,Main Location,1295.0000,100.0000
SI0001SI#001440,2026-05-17 00:00:00.000,Go 3 (4+64),16,O,-1.0000,pcs,14150.0000,-13355.9985,.0000,.00,-1.0000,-13937.75,-13356.00,Main Location,1295.0000,.0000
SI0001SI#001445,2026-05-17 00:00:00.000,Camon 50 (8+256),16,O,-2.0000,pcs,35883.0000,-64389.4000,.0000,.00,-2.0000,-71766.00,-64389.40,Main Location,103.0000,.0000
SI0001SI#001443,2026-05-17 00:00:00.000,Camon 50 (8+128),16,O,-1.0000,pcs,33020.0000,-28516.1700,.0000,.00,-1.0000,-32524.70,-28516.17,Main Location,227.0000,.0000
SI0001SI#001442,2026-05-17 00:00:00.000,Camon 50 (8+128),16,O,-2.0000,pcs,33020.0000,-57032.3400,.0000,.00,-2.0000,-65049.40,-57032.34,Main Location,227.0000,.0000
SI0001SI#001441,2026-05-16 00:00:00.000,Spark40 (6+128),16,O,-1.0000,pcs,16050.0000,-15616.7256,.0000,.00,-1.0000,-15809.25,-15616.73,Main Location,.0000,.0000
SI0001SI#001441,2026-05-16 00:00:00.000,Spark 50 (6+128),16,O,-3.0000,pcs,18870.0000,-55178.0100,.0000,.00,-3.0000,-55760.85,-55178.01,Main Location,190.0000,.0000
SI0001SI#001439,2026-05-16 00:00:00.000,Spark 50 (6+128),16,O,-2.0000,pcs,18870.0000,-36785.3400,.0000,.00,-2.0000,-37173.90,-36785.34,Main Location,190.0000,.0000
SI0001SI#001441,2026-05-16 00:00:00.000,Spark 50 (4+128),16,O,-2.0000,pcs,16510.0000,-32194.6800,.0000,.00,-2.0000,-32524.70,-32194.68,Main Location,15.0000,.0000
SI0001SI#001439,2026-05-16 00:00:00.000,Spark 50 (4+128),16,O,-1.0000,pcs,16510.0000,-16097.3400,.0000,.00,-1.0000,-16262.35,-16097.34,Main Location,15.0000,.0000
SI0001SI#001441,2026-05-16 00:00:00.000,Spark 40(8+256),16,O,-1.0000,pcs,16050.0000,-17465.3537,.0000,.00,-1.0000,-15809.25,-17465.35,Main Location,16.0000,.0000
SI0001SI#001441,2026-05-16 00:00:00.000,Camon 50 Ultra (8+256),16,O,-1.0000,pcs,44350.0000,-39551.7700,.0000,.00,-1.0000,-43684.75,-39551.77,Main Location,2.0000,.0000
SI0001SI#001441,2026-05-16 00:00:00.000,Camon 50 (8+128),16,O,-2.0000,pcs,33020.0000,-57032.3400,.0000,.00,-2.0000,-65049.40,-57032.34,Main Location,230.0000,.0000
SI0001SI#001439,2026-05-16 00:00:00.000,Camon 50 (8+128),16,O,-1.0000,pcs,33020.0000,-28516.1700,.0000,.00,-1.0000,-32524.70,-28516.17,Main Location,230.0000,.0000
SI0001SI#001485,2026-05-15 00:00:00.000,Spark 50 (6+128),16,O,-50.0000,pcs,18393.0000,-919633.5000,.0000,.00,-50.0000,-919650.00,-919633.50,Main Location,195.0000,.0000
SI0001SI#001438,2026-05-15 00:00:00.000,Spark 50 (6+128),16,O,-1.0000,pcs,18870.0000,-18392.6700,.0000,.00,-1.0000,-18586.95,-18392.67,Main Location,195.0000,.0000
SI0001SI#001437,2026-05-15 00:00:00.000,Go 3 (4+64),16,O,-2.0000,pcs,13792.0000,-26639.0872,.0000,.00,-2.0000,-27584.00,-26639.09,Main Location,1196.0000,.0000
SI0001SI#001446,2026-05-14 00:00:00.000,Spark 50 5G (6+128),16,O,-2.0000,pcs,22640.0000,-44142.0000,.0000,.00,-2.0000,-44600.80,-44142.00,Main Location,20.0000,.0000
SI0001SI#001435,2026-05-14 00:00:00.000,Spark 50 5G (6+128),16,O,-1.0000,pcs,22640.0000,-22071.0000,.0000,.00,-1.0000,-22300.40,-22071.00,Main Location,20.0000,.0000
SI0001SI#001446,2026-05-14 00:00:00.000,Spark 50 (6+128),16,O,-2.0000,pcs,18870.0000,-36785.3400,.0000,.00,-2.0000,-37173.90,-36785.34,Main Location,246.0000,.0000
SI0001SI#001446,2026-05-14 00:00:00.000,Spark 50 (4+128),16,O,-1.0000,pcs,16510.0000,-16097.3400,.0000,.00,-1.0000,-16262.35,-16097.34,Main Location,18.0000,.0000
SI0001SI#001436,2026-05-14 00:00:00.000,Go 3 (4+64),16,O,-20.0000,pcs,13792.0000,-266390.8715,.0000,.00,-20.0000,-275840.00,-266390.87,Main Location,1198.0000,.0000
SI0001SI#001447,2026-05-14 00:00:00.000,Camon 50 Ultra (8+256),16,O,-1.0000,pcs,43250.0000,-39551.7700,.0000,.00,-1.0000,-42601.25,-39551.77,Main Location,3.0000,.0000
PI0001PI#000174,2026-05-14 00:00:00.000,Camon 50 Ultra (8+256),33,I,2.0000,pcs,39551.7700,79103.5400,2.0000,79103.54,.0000,.00,.00,Main Location,3.0000,2.0000
PI0001PI#000174,2026-05-14 00:00:00.000,Camon 50 Ultra (12+256),33,I,8.0000,pcs,45986.7000,367893.6000,8.0000,367893.60,.0000,.00,.00,Main Location,8.0000,8.0000
SI0001SI#001447,2026-05-14 00:00:00.000,Camon 50 (8+128),16,O,-2.0000,pcs,33020.0000,-57032.3400,.0000,.00,-2.0000,-65049.40,-57032.34,Main Location,233.0000,.0000
SI0001SI#001433,2026-05-13 00:00:00.000,Spark 50 5G (6+128),16,O,-2.0000,pcs,22640.0000,-44142.0000,.0000,.00,-2.0000,-44600.80,-44142.00,Main Location,23.0000,.0000
SI0001SI#001429,2026-05-13 00:00:00.000,Spark 50 5G (6+128),16,O,-2.0000,pcs,22640.0000,-44142.0000,.0000,.00,-2.0000,-44600.80,-44142.00,Main Location,23.0000,.0000
SI0001SI#001428,2026-05-13 00:00:00.000,Spark 50 5G (6+128),16,O,-2.0000,pcs,22640.0000,-44142.0000,.0000,.00,-2.0000,-44600.80,-44142.00,Main Location,23.0000,.0000
SI0001SI#001434,2026-05-13 00:00:00.000,Spark 50 (6+128),16,O,-1.0000,pcs,18870.0000,-18392.6700,.0000,.00,-1.0000,-18586.95,-18392.67,Main Location,248.0000,.0000
SI0001SI#001432,2026-05-13 00:00:00.000,Spark 50 (6+128),16,O,-3.0000,pcs,18870.0000,-55178.0100,.0000,.00,-3.0000,-55760.85,-55178.01,Main Location,248.0000,.0000
SI0001SI#001431,2026-05-13 00:00:00.000,Spark 50 (6+128),16,O,-1.0000,pcs,18870.0000,-18392.6700,.0000,.00,-1.0000,-18586.95,-18392.67,Main Location,248.0000,.0000
SI0001SI#001429,2026-05-13 00:00:00.000,Spark 50 (6+128),16,O,-1.0000,pcs,18870.0000,-18392.6700,.0000,.00,-1.0000,-18586.95,-18392.67,Main Location,248.0000,.0000
SI0001SI#001428,2026-05-13 00:00:00.000,Spark 50 (6+128),16,O,-2.0000,pcs,18870.0000,-36785.3400,.0000,.00,-2.0000,-37173.90,-36785.34,Main Location,248.0000,.0000
PI0001PI#000173,2026-05-13 00:00:00.000,Spark 50 (6+128),33,I,100.0000,pcs,18392.6700,1839267.0000,100.0000,1839267.00,.0000,.00,.00,Main Location,248.0000,100.0000
SI0001SI#001431,2026-05-13 00:00:00.000,Spark 50 (4+128),16,O,-1.0000,pcs,16510.0000,-16097.3400,.0000,.00,-1.0000,-16262.35,-16097.34,Main Location,19.0000,.0000
SI0001SI#001428,2026-05-13 00:00:00.000,Spark 50 (4+128),16,O,-2.0000,pcs,16510.0000,-32194.6800,.0000,.00,-2.0000,-32524.70,-32194.68,Main Location,19.0000,.0000
PI0001PI#000173,2026-05-13 00:00:00.000,Spark 50 (4+128),33,I,10.0000,pcs,16097.3400,160973.4000,10.0000,160973.40,.0000,.00,.00,Main Location,19.0000,10.0000
SI0001SI#001434,2026-05-13 00:00:00.000,Spark 40(8+256),16,O,-2.0000,pcs,18880.0000,-34930.7074,.0000,.00,-2.0000,-37193.60,-34930.71,Main Location,17.0000,.0000
SI0001SI#001484,2026-05-13 00:00:00.000,Spark 40 5G,16,O,-4.0000,pcs,16040.0000,-62545.1200,.0000,.00,-4.0000,-63197.60,-62545.12,Main Location,329.0000,.0000
SI0001SI#001434,2026-05-13 00:00:00.000,Spark 40 5G,16,O,-4.0000,pcs,16040.0000,-62545.1200,.0000,.00,-4.0000,-63197.60,-62545.12,Main Location,329.0000,.0000
SI0001SI#001433,2026-05-13 00:00:00.000,Pova Curve 2,16,O,-1.0000,pcs,34910.0000,-34038.9800,.0000,.00,-1.0000,-34386.35,-34038.98,Main Location,28.0000,.0000
SI0001SI#001483,2026-05-13 00:00:00.000,Pova Carve,16,O,-8.0000,pcs,31150.0000,-242963.7600,.0000,.00,-8.0000,-245462.00,-242963.76,Main Location,.0000,.0000
SI0001SI#001428,2026-05-13 00:00:00.000,Pova Carve,16,O,-1.0000,pcs,31150.0000,-30370.4700,.0000,.00,-1.0000,-30682.75,-30370.47,Main Location,.0000,.0000
SI0001SI#001430,2026-05-13 00:00:00.000,GO1 4+128,16,O,-3.0000,pcs,11845.0000,-34747.5300,.0000,.00,-3.0000,-34824.30,-34747.53,Main Location,1.0000,.0000
SI0001SI#001432,2026-05-13 00:00:00.000,Go 3 (4+64),16,O,-2.0000,pcs,14150.0000,-26639.0872,.0000,.00,-2.0000,-27875.50,-26639.09,Main Location,1218.0000,.0000
SI0001SI#001431,2026-05-13 00:00:00.000,Go 3 (4+128),16,O,-2.0000,pcs,15570.0000,-26836.8666,.0000,.00,-2.0000,-30672.90,-26836.87,Main Location,355.0000,.0000
SI0001SI#001428,2026-05-13 00:00:00.000,Camon 50 Ultra (8+256),16,O,-1.0000,pcs,44350.0000,-39551.7700,.0000,.00,-1.0000,-43684.75,-39551.77,Main Location,2.0000,.0000
SI0001SI#001428,2026-05-13 00:00:00.000,Camon 50 Ultra (12+256),16,O,-1.0000,pcs,51900.0000,-45986.7000,.0000,.00,-1.0000,-51121.50,-45986.70,Main Location,.0000,.0000
SI0001SI#001428,2026-05-13 00:00:00.000,Camon 50 (8+128),16,O,-2.0000,pcs,33020.0000,-57032.3400,.0000,.00,-2.0000,-65049.40,-57032.34,Main Location,235.0000,.0000
SI0001SI#001426,2026-05-12 00:00:00.000,Spark 50 (4+128),16,O,-2.0000,pcs,16510.0000,-32194.6800,.0000,.00,-2.0000,-32524.70,-32194.68,Main Location,12.0000,.0000
SI0001SI#001427,2026-05-12 00:00:00.000,Pova Carve,16,O,-4.0000,pcs,33020.0000,-121481.8800,.0000,.00,-4.0000,-130098.80,-121481.88,Main Location,9.0000,.0000
SI0001SI#001482,2026-05-12 00:00:00.000,Go 3 (4+128),16,O,-50.0000,pcs,14300.0000,-670921.6651,.0000,.00,-50.0000,-715000.00,-670921.67,Main Location,357.0000,.0000
SI0001SI#001427,2026-05-12 00:00:00.000,Camon40 Pro,16,O,-2.0000,pcs,26410.0000,-51409.9600,.0000,.00,-2.0000,-52027.70,-51409.96,Main Location,1.0000,.0000
SI0001SI#001425,2026-05-12 00:00:00.000,Camon 50 Ultra (8+256),16,O,-1.0000,pcs,44350.0000,-39551.7700,.0000,.00,-1.0000,-43684.75,-39551.77,Main Location,3.0000,.0000
SI0001SI#001427,2026-05-12 00:00:00.000,Camon 50 Ultra (8+256),16,O,-3.0000,pcs,44350.0000,-118655.3100,.0000,.00,-3.0000,-131054.25,-118655.31,Main Location,3.0000,.0000
SI0001SI#001427,2026-05-12 00:00:00.000,Camon 50 Ultra (12+256),16,O,-2.0000,pcs,51900.0000,-91973.4000,.0000,.00,-2.0000,-102243.00,-91973.40,Main Location,1.0000,.0000
SI0001SI#001482,2026-05-12 00:00:00.000,Camon 50 (8+128),16,O,-50.0000,pcs,29450.0000,-1425808.5000,.0000,.00,-50.0000,-1472500.00,-1425808.50,Main Location,237.0000,.0000
SI0001SI#001422,2026-05-11 00:00:00.000,Spark40 (6+128),16,O,-2.0000,pcs,16050.0000,-31233.4511,.0000,.00,-2.0000,-31618.50,-31233.45,Main Location,1.0000,.0000
PI0001PI#000172,2026-05-11 00:00:00.000,Spark 50 (6+128),33,I,76.0000,pcs,18392.6700,1397842.9200,76.0000,1397842.92,.0000,.00,.00,Main Location,156.0000,76.0000
SI0001SI#001422,2026-05-11 00:00:00.000,Spark 50 (6+128),16,O,-2.0000,pcs,18870.0000,-36785.3400,.0000,.00,-2.0000,-37173.90,-36785.34,Main Location,156.0000,.0000
SI0001SI#001421,2026-05-11 00:00:00.000,Spark 50 (6+128),16,O,-1.0000,pcs,18870.0000,-18392.6700,.0000,.00,-1.0000,-18586.95,-18392.67,Main Location,156.0000,.0000
PI0001PI#000172,2026-05-11 00:00:00.000,Spark 50 (4+128),33,I,5.0000,pcs,16097.3400,80486.7000,5.0000,80486.70,.0000,.00,.00,Main Location,14.0000,5.0000
SI0001SI#001421,2026-05-11 00:00:00.000,Spark 50 (4+128),16,O,-1.0000,pcs,16510.0000,-16097.3400,.0000,.00,-1.0000,-16262.35,-16097.34,Main Location,14.0000,.0000
SI0001SI#001422,2026-05-11 00:00:00.000,Pova Carve,16,O,-1.0000,pcs,31150.0000,-30370.4700,.0000,.00,-1.0000,-30682.75,-30370.47,Main Location,13.0000,.0000
SI0001SI#001424,2026-05-11 00:00:00.000,GO1 4+64,16,O,-4.0000,pcs,10425.0000,-40776.8400,.0000,.00,-4.0000,-40866.00,-40776.84,Main Location,.0000,.0000
SI0001SI#001424,2026-05-11 00:00:00.000,GO1 4+128,16,O,-10.0000,pcs,11845.0000,-115825.1000,.0000,.00,-10.0000,-116081.00,-115825.10,Main Location,4.0000,.0000
SI0001SI#001423,2026-05-11 00:00:00.000,GO1 4+128,16,O,-4.0000,pcs,11845.0000,-46330.0400,.0000,.00,-4.0000,-46432.40,-46330.04,Main Location,4.0000,.0000
SI0001SI#001424,2026-05-11 00:00:00.000,GO1 3+64,16,O,-1.0000,pcs,9480.0000,-9272.6000,.0000,.00,-1.0000,-9294.56,-9272.60,Main Location,1.0000,.0000
PI0001PI#000172,2026-05-11 00:00:00.000,Camon 50 Ultra (8+256),33,I,7.0000,pcs,39551.7700,276862.3900,7.0000,276862.39,.0000,.00,.00,Main Location,7.0000,7.0000
PI0001PI#000172,2026-05-11 00:00:00.000,Camon 50 Ultra (12+256),33,I,3.0000,pcs,45986.7000,137960.1000,3.0000,137960.10,.0000,.00,.00,Main Location,3.0000,3.0000
SI0001SI#001422,2026-05-11 00:00:00.000,Camon 50 (8+256),16,O,-1.0000,pcs,36800.0000,-32194.7000,.0000,.00,-1.0000,-36304.70,-32194.70,Main Location,105.0000,.0000
SI0001SI#001422,2026-05-11 00:00:00.000,Camon 50 (8+128),16,O,-2.0000,pcs,33020.0000,-57032.3400,.0000,.00,-2.0000,-65049.40,-57032.34,Main Location,287.0000,.0000
SI0001SI#001419,2026-05-10 00:00:00.000,Spark 50 (6+128),16,O,-2.0000,pcs,18870.0000,-36785.3400,.0000,.00,-2.0000,-37173.90,-36785.34,Main Location,83.0000,.0000
SI0001SI#001420,2026-05-10 00:00:00.000,Spark 50 (4+128),16,O,-1.0000,pcs,16510.0000,-16097.3400,.0000,.00,-1.0000,-16262.35,-16097.34,Main Location,10.0000,.0000
SI0001SI#001420,2026-05-10 00:00:00.000,Pova Carve,16,O,-1.0000,pcs,31150.0000,-30370.4700,.0000,.00,-1.0000,-30682.75,-30370.47,Main Location,14.0000,.0000
SI0001SI#001419,2026-05-10 00:00:00.000,Pova Carve,16,O,-1.0000,pcs,31150.0000,-30370.4700,.0000,.00,-1.0000,-30682.75,-30370.47,Main Location,14.0000,.0000
SI0001SI#001481,2026-05-10 00:00:00.000,Go 3 (4+64),16,O,-60.0000,pcs,12440.0000,-799172.6146,.0000,.00,-60.0000,-746400.00,-799172.61,Main Location,1220.0000,.0000
SI0001SI#001420,2026-05-10 00:00:00.000,Go 3 (4+64),16,O,-1.0000,pcs,14150.0000,-13319.5436,.0000,.00,-1.0000,-13937.75,-13319.54,Main Location,1220.0000,.0000
SI0001SI#001419,2026-05-10 00:00:00.000,Go 3 (4+64),16,O,-2.0000,pcs,14150.0000,-26639.0872,.0000,.00,-2.0000,-27875.50,-26639.09,Main Location,1220.0000,.0000
SI0001SI#001419,2026-05-10 00:00:00.000,Go 3 (4+128),16,O,-1.0000,pcs,15570.0000,-13418.4333,.0000,.00,-1.0000,-15336.45,-13418.43,Main Location,407.0000,.0000
SI0001SI#001417,2026-05-09 00:00:00.000,Spark 50 5G (6+128),16,O,-2.0000,pcs,22640.0000,-44142.0000,.0000,.00,-2.0000,-44600.80,-44142.00,Main Location,29.0000,.0000
SI0001SI#001417,2026-05-09 00:00:00.000,Spark 50 (4+128),16,O,-1.0000,pcs,16510.0000,-16097.3400,.0000,.00,-1.0000,-16262.35,-16097.34,Main Location,11.0000,.0000
SI0001SI#001416,2026-05-09 00:00:00.000,Spark 50 (4+128),16,O,-1.0000,pcs,16510.0000,-16097.3400,.0000,.00,-1.0000,-16262.35,-16097.34,Main Location,11.0000,.0000
SI0001SI#001415,2026-05-09 00:00:00.000,Spark 50 (4+128),16,O,-3.0000,pcs,16510.0000,-48292.0200,.0000,.00,-3.0000,-48787.05,-48292.02,Main Location,11.0000,.0000
SI0001SI#001417,2026-05-09 00:00:00.000,Pova Carve,16,O,-1.0000,pcs,31150.0000,-30370.4700,.0000,.00,-1.0000,-30682.75,-30370.47,Main Location,16.0000,.0000
SI0001SI#001415,2026-05-09 00:00:00.000,Pova Carve,16,O,-2.0000,pcs,31150.0000,-60740.9400,.0000,.00,-2.0000,-61365.50,-60740.94,Main Location,16.0000,.0000
SI0001SI#001480,2026-05-09 00:00:00.000,Go 3 (4+64),16,O,-40.0000,pcs,12440.0000,-532781.7431,.0000,.00,-40.0000,-497600.00,-532781.74,Main Location,1283.0000,.0000
SI0001SI#001480,2026-05-09 00:00:00.000,Camon 50 (8+128),16,O,-30.0000,pcs,29050.0000,-855485.1000,.0000,.00,-30.0000,-871500.00,-855485.10,Main Location,289.0000,.0000
SI0001SI#001413,2026-05-08 00:00:00.000,Spark40 (6+128),16,O,-2.0000,pcs,16050.0000,-31233.4511,.0000,.00,-2.0000,-32100.00,-31233.45,Main Location,3.0000,.0000
SI0001SI#001412,2026-05-08 00:00:00.000,Spark40 (6+128),16,O,-10.0000,pcs,16050.0000,-156167.2556,.0000,.00,-10.0000,-158092.50,-156167.26,Main Location,3.0000,.0000
SI0001SI#001409,2026-05-08 00:00:00.000,Spark40 (6+128),16,O,-1.0000,pcs,16050.0000,-15616.7256,.0000,.00,-1.0000,-15809.25,-15616.73,Main Location,3.0000,.0000
SI0001SI#001409,2026-05-08 00:00:00.000,Spark 50 5G (6+128),16,O,-1.0000,pcs,22640.0000,-22071.0000,.0000,.00,-1.0000,-22300.40,-22071.00,Main Location,31.0000,.0000
SI0001SI#001407,2026-05-08 00:00:00.000,Spark 50 5G (6+128),16,O,-1.0000,pcs,22640.0000,-22071.0000,.0000,.00,-1.0000,-22300.40,-22071.00,Main Location,31.0000,.0000
SI0001SI#001413,2026-05-08 00:00:00.000,Spark 50 (6+128),16,O,-1.0000,pcs,18870.0000,-18392.6700,.0000,.00,-1.0000,-18870.00,-18392.67,Main Location,85.0000,.0000
SI0001SI#001411,2026-05-08 00:00:00.000,Spark 50 (6+128),16,O,-1.0000,pcs,18870.0000,-18392.6700,.0000,.00,-1.0000,-18586.95,-18392.67,Main Location,85.0000,.0000
SI0001SI#001410,2026-05-08 00:00:00.000,Spark 50 (6+128),16,O,-10.0000,pcs,18393.0000,-183926.7000,.0000,.00,-10.0000,-183930.00,-183926.70,Main Location,85.0000,.0000
SI0001SI#001409,2026-05-08 00:00:00.000,Spark 50 (6+128),16,O,-1.0000,pcs,19999.0000,-18392.6700,.0000,.00,-1.0000,-19699.02,-18392.67,Main Location,85.0000,.0000
SI0001SI#001408,2026-05-08 00:00:00.000,Spark 50 (6+128),16,O,-1.0000,pcs,18870.0000,-18392.6700,.0000,.00,-1.0000,-18586.95,-18392.67,Main Location,85.0000,.0000
SI0001SI#001407,2026-05-08 00:00:00.000,Spark 50 (6+128),16,O,-2.0000,pcs,18870.0000,-36785.3400,.0000,.00,-2.0000,-37173.90,-36785.34,Main Location,85.0000,.0000
SI0001SI#001413,2026-05-08 00:00:00.000,Spark 40(8+256),16,O,-2.0000,pcs,18880.0000,-34930.7074,.0000,.00,-2.0000,-37760.00,-34930.71,Main Location,19.0000,.0000
SI0001SI#001414,2026-05-08 00:00:00.000,Spark 40(8+256),16,O,-10.0000,pcs,18880.0000,-174653.5371,.0000,.00,-10.0000,-185968.00,-174653.54,Main Location,19.0000,.0000
SI0001SI#001409,2026-05-08 00:00:00.000,Spark 40(8+256),16,O,-1.0000,pcs,18880.0000,-17465.3537,.0000,.00,-1.0000,-18596.80,-17465.35,Main Location,19.0000,.0000
SI0001SI#001409,2026-05-08 00:00:00.000,Pova Curve 2,16,O,-1.0000,pcs,34910.0000,-34038.9800,.0000,.00,-1.0000,-34386.35,-34038.98,Main Location,29.0000,.0000
SI0001SI#001411,2026-05-08 00:00:00.000,Pova Carve,16,O,-1.0000,pcs,31150.0000,-30370.4700,.0000,.00,-1.0000,-30682.75,-30370.47,Main Location,19.0000,.0000
SI0001SI#001408,2026-05-08 00:00:00.000,Pova Carve,16,O,-1.0000,pcs,31150.0000,-30370.4700,.0000,.00,-1.0000,-30682.75,-30370.47,Main Location,19.0000,.0000
SI0001SI#001407,2026-05-08 00:00:00.000,Pova Carve,16,O,-1.0000,pcs,31150.0000,-30370.4700,.0000,.00,-1.0000,-30682.75,-30370.47,Main Location,19.0000,.0000
SI0001SI#001418,2026-05-08 00:00:00.000,GO1 4+128,16,O,-5.0000,pcs,11845.0000,-57912.5500,.0000,.00,-5.0000,-58336.62,-57912.55,Main Location,18.0000,.0000
SI0001SI#001479,2026-05-08 00:00:00.000,Go 3 (4+64),16,O,-20.0000,pcs,12440.0000,-266390.8715,.0000,.00,-20.0000,-248800.00,-266390.87,Main Location,1323.0000,.0000
SI0001SI#001411,2026-05-08 00:00:00.000,Go 3 (4+64),16,O,-1.0000,pcs,14150.0000,-13319.5436,.0000,.00,-1.0000,-13937.75,-13319.54,Main Location,1323.0000,.0000
SI0001SI#001410,2026-05-08 00:00:00.000,Go 3 (4+64),16,O,-8.0000,pcs,13792.0000,-106556.3486,.0000,.00,-8.0000,-110336.00,-106556.35,Main Location,1323.0000,.0000
SI0001SI#001407,2026-05-08 00:00:00.000,Go 3 (4+64),16,O,-2.0000,pcs,14150.0000,-26639.0872,.0000,.00,-2.0000,-27875.50,-26639.09,Main Location,1323.0000,.0000
SI0001SI#001410,2026-05-08 00:00:00.000,Go 3 (4+128),16,O,-10.0000,pcs,15185.0000,-134184.3330,.0000,.00,-10.0000,-151850.00,-134184.33,Main Location,408.0000,.0000
SI0001SI#001409,2026-05-08 00:00:00.000,Go 3 (4+128),16,O,-1.0000,pcs,16499.0000,-13418.4333,.0000,.00,-1.0000,-16251.52,-13418.43,Main Location,408.0000,.0000
SI0001SI#001410,2026-05-08 00:00:00.000,Camon 50 (8+256),16,O,-2.0000,pcs,35883.0000,-64389.4000,.0000,.00,-2.0000,-71766.00,-64389.40,Main Location,106.0000,.0000
SI0001SI#001411,2026-05-08 00:00:00.000,Camon 50 (8+128),16,O,-1.0000,pcs,33020.0000,-28516.1700,.0000,.00,-1.0000,-32524.70,-28516.17,Main Location,319.0000,.0000
SI0001SI#001410,2026-05-08 00:00:00.000,Camon 50 (8+128),16,O,-2.0000,pcs,32195.0000,-57032.3400,.0000,.00,-2.0000,-64390.00,-57032.34,Main Location,319.0000,.0000
SI0001SI#001409,2026-05-08 00:00:00.000,Camon 50 (8+128),16,O,-2.0000,pcs,33020.0000,-57032.3400,.0000,.00,-2.0000,-65049.40,-57032.34,Main Location,319.0000,.0000
SI0001SI#001405,2026-05-07 00:00:00.000,Spark40 (6+128),16,O,-2.0000,pcs,16050.0000,-31233.4511,.0000,.00,-2.0000,-31618.50,-31233.45,Main Location,16.0000,.0000
SI0001SI#001405,2026-05-07 00:00:00.000,Spark 50 (6+128),16,O,-3.0000,pcs,18870.0000,-55178.0100,.0000,.00,-3.0000,-55760.85,-55178.01,Main Location,101.0000,.0000
SI0001SI#001403,2026-05-07 00:00:00.000,Spark 50 (6+128),16,O,-1.0000,pcs,18870.0000,-18392.6700,.0000,.00,-1.0000,-18586.95,-18392.67,Main Location,101.0000,.0000
PI0001PI#000171,2026-05-07 00:00:00.000,Spark 50 (4+128),33,I,15.0000,pcs,16097.3400,241460.1000,15.0000,241460.10,.0000,.00,.00,Main Location,16.0000,15.0000
SI0001SI#001404,2026-05-07 00:00:00.000,Pova Carve,16,O,-2.0000,pcs,31150.0000,-60740.9400,.0000,.00,-2.0000,-61252.70,-60740.94,Main Location,22.0000,.0000
SI0001SI#001406,2026-05-07 00:00:00.000,Pova Carve,16,O,-3.0000,pcs,31150.0000,-91111.4100,.0000,.00,-3.0000,-92048.25,-91111.41,Main Location,22.0000,.0000
SI0001SI#001478,2026-05-07 00:00:00.000,Go 3 (4+64),16,O,-80.0000,pcs,12440.0000,-1065563.4862,.0000,.00,-80.0000,-995200.00,-1065563.49,Main Location,1354.0000,.0000
SI0001SI#001404,2026-05-07 00:00:00.000,Camon 50 (8+128),16,O,-1.0000,pcs,33020.0000,-28516.1700,.0000,.00,-1.0000,-32524.70,-28516.17,Main Location,324.0000,.0000
SI0001SI#001399,2026-05-06 00:00:00.000,Spark40 (6+128),16,O,-2.0000,pcs,16050.0000,-31233.4511,.0000,.00,-2.0000,-31618.50,-31233.45,Main Location,18.0000,.0000
SI0001SI#001401,2026-05-06 00:00:00.000,Spark40 (6+128),16,O,-1.0000,pcs,16050.0000,-15616.7256,.0000,.00,-1.0000,-15809.25,-15616.73,Main Location,18.0000,.0000
SI0001SI#001398,2026-05-06 00:00:00.000,Spark40 (6+128),16,O,-5.0000,pcs,16050.0000,-78083.6278,.0000,.00,-5.0000,-79046.25,-78083.63,Main Location,18.0000,.0000
SI0001SI#001399,2026-05-06 00:00:00.000,Spark 50 (6+128),16,O,-2.0000,pcs,18870.0000,-36785.3400,.0000,.00,-2.0000,-37173.90,-36785.34,Main Location,105.0000,.0000
SI0001SI#001401,2026-05-06 00:00:00.000,Spark 50 (6+128),16,O,-1.0000,pcs,18870.0000,-18392.6700,.0000,.00,-1.0000,-18586.95,-18392.67,Main Location,105.0000,.0000
SI0001SI#001397,2026-05-06 00:00:00.000,Spark 50 (6+128),16,O,-30.0000,pcs,18870.0000,-551780.1000,.0000,.00,-30.0000,-557608.50,-551780.10,Main Location,105.0000,.0000
SI0001SI#001400,2026-05-06 00:00:00.000,Spark 50 (6+128),16,O,-1.0000,pcs,18870.0000,-18392.6700,.0000,.00,-1.0000,-18586.95,-18392.67,Main Location,105.0000,.0000
SI0001SI#001399,2026-05-06 00:00:00.000,Spark 40(8+256),16,O,-1.0000,pcs,18880.0000,-17465.3537,.0000,.00,-1.0000,-18596.80,-17465.35,Main Location,32.0000,.0000
SI0001SI#001401,2026-05-06 00:00:00.000,Spark 40(8+256),16,O,-1.0000,pcs,18880.0000,-17465.3537,.0000,.00,-1.0000,-18596.80,-17465.35,Main Location,32.0000,.0000
SI0001SI#001397,2026-05-06 00:00:00.000,Spark 40 5G,16,O,-30.0000,pcs,16040.0000,-469088.4000,.0000,.00,-30.0000,-473982.00,-469088.40,Main Location,337.0000,.0000
SI0001SI#001399,2026-05-06 00:00:00.000,Pova Curve 2 (8+128),16,O,-1.0000,pcs,34910.0000,-34038.9800,.0000,.00,-1.0000,-34386.35,-34038.98,Main Location,5.0000,.0000
SI0001SI#001400,2026-05-06 00:00:00.000,Pova Curve 2,16,O,-1.0000,pcs,37740.0000,-34038.9800,.0000,.00,-1.0000,-37173.90,-34038.98,Main Location,30.0000,.0000
SI0001SI#001399,2026-05-06 00:00:00.000,Pova Carve,16,O,-2.0000,pcs,31150.0000,-60740.9400,.0000,.00,-2.0000,-61365.50,-60740.94,Main Location,27.0000,.0000
SI0001SI#001400,2026-05-06 00:00:00.000,Pova Carve,16,O,-1.0000,pcs,31150.0000,-30370.4700,.0000,.00,-1.0000,-30682.75,-30370.47,Main Location,27.0000,.0000
SI0001SI#001401,2026-05-06 00:00:00.000,Go 3 (4+64),16,O,-1.0000,pcs,14150.0000,-13319.5436,.0000,.00,-1.0000,-13937.75,-13319.54,Main Location,1434.0000,.0000
SI0001SI#001396,2026-05-05 00:00:00.000,Spark40 (6+128),16,O,-2.0000,pcs,16050.0000,-31233.4511,.0000,.00,-2.0000,-31618.50,-31233.45,Main Location,26.0000,.0000
SI0001SI#001395,2026-05-05 00:00:00.000,Spark 50 5G (6+128),16,O,-1.0000,pcs,22640.0000,-22071.0000,.0000,.00,-1.0000,-22300.40,-22071.00,Main Location,33.0000,.0000
SI0001SI#001396,2026-05-05 00:00:00.000,Spark 50 (6+128),16,O,-1.0000,pcs,18870.0000,-18392.6700,.0000,.00,-1.0000,-18586.95,-18392.67,Main Location,139.0000,.0000
SI0001SI#001395,2026-05-05 00:00:00.000,Spark 50 (6+128),16,O,-1.0000,pcs,18870.0000,-18392.6700,.0000,.00,-1.0000,-18586.95,-18392.67,Main Location,139.0000,.0000
SI0001SI#001393,2026-05-05 00:00:00.000,Spark 50 (6+128),16,O,-4.0000,pcs,18870.0000,-73570.6800,.0000,.00,-4.0000,-74352.00,-73570.68,Main Location,139.0000,.0000
SI0001SI#001396,2026-05-05 00:00:00.000,Spark 50 (4+128),16,O,-3.0000,pcs,16510.0000,-48292.0200,.0000,.00,-3.0000,-48787.05,-48292.02,Main Location,1.0000,.0000
SI0001SI#001395,2026-05-05 00:00:00.000,Spark 50 (4+128),16,O,-1.0000,pcs,16510.0000,-16097.3400,.0000,.00,-1.0000,-16262.35,-16097.34,Main Location,1.0000,.0000
SI0001SI#001396,2026-05-05 00:00:00.000,Spark 40(8+256),16,O,-2.0000,pcs,18880.0000,-34930.7074,.0000,.00,-2.0000,-37193.60,-34930.71,Main Location,34.0000,.0000
SI0001SI#001394,2026-05-05 00:00:00.000,Pova Slim,16,O,-1.0000,pcs,28300.0000,-27594.0200,.0000,.00,-1.0000,-27875.50,-27594.02,Main Location,1.0000,.0000
SI0001SI#001396,2026-05-05 00:00:00.000,Pova Curve 2 (8+128),16,O,-1.0000,pcs,34910.0000,-34038.9800,.0000,.00,-1.0000,-34386.35,-34038.98,Main Location,6.0000,.0000
SI0001SI#001396,2026-05-05 00:00:00.000,Go 3 (4+64),16,O,-3.0000,pcs,14150.0000,-39958.6307,.0000,.00,-3.0000,-41813.25,-39958.63,Main Location,1435.0000,.0000
SI0001SI#001395,2026-05-05 00:00:00.000,Go 3 (4+64),16,O,-1.0000,pcs,14150.0000,-13319.5436,.0000,.00,-1.0000,-13937.75,-13319.54,Main Location,1435.0000,.0000
SI0001SI#001393,2026-05-05 00:00:00.000,Go 3 (4+64),16,O,-4.0000,pcs,14150.0000,-53278.1743,.0000,.00,-4.0000,-55751.00,-53278.17,Main Location,1435.0000,.0000
SI0001SI#001396,2026-05-05 00:00:00.000,Go 3 (4+128),16,O,-2.0000,pcs,15570.0000,-26836.8666,.0000,.00,-2.0000,-30672.90,-26836.87,Main Location,419.0000,.0000
SI0001SI#001395,2026-05-05 00:00:00.000,Go 3 (4+128),16,O,-1.0000,pcs,15570.0000,-13418.4333,.0000,.00,-1.0000,-15336.45,-13418.43,Main Location,419.0000,.0000
SI0001SI#001396,2026-05-05 00:00:00.000,Camon 50 (8+128),16,O,-2.0000,pcs,33020.0000,-57032.3400,.0000,.00,-2.0000,-65049.40,-57032.34,Main Location,325.0000,.0000
SI0001SI#001391,2026-05-04 00:00:00.000,Spark 50 (6+128),16,O,-1.0000,pcs,18393.0000,-18392.6700,.0000,.00,-1.0000,-18393.00,-18392.67,Main Location,145.0000,.0000
SI0001SI#001388,2026-05-04 00:00:00.000,Spark 50 (6+128),16,O,-1.0000,pcs,18870.0000,-18392.6700,.0000,.00,-1.0000,-18586.95,-18392.67,Main Location,145.0000,.0000
SI0001SI#001389,2026-05-04 00:00:00.000,Spark 50 (4+128),16,O,-1.0000,pcs,16510.0000,-16097.3400,.0000,.00,-1.0000,-16262.35,-16097.34,Main Location,5.0000,.0000
SI0001SI#001389,2026-05-04 00:00:00.000,Spark 40 5G,16,O,-1.0000,pcs,16040.0000,-15636.2800,.0000,.00,-1.0000,-15799.40,-15636.28,Main Location,367.0000,.0000
SI0001SI#001392,2026-05-04 00:00:00.000,Go 3 (4+64),16,O,-4.0000,pcs,14150.0000,-53278.1743,.0000,.00,-4.0000,-55751.00,-53278.17,Main Location,1443.0000,.0000
SI0001SI#001390,2026-05-04 00:00:00.000,Go 3 (4+128),16,O,-1.0000,pcs,15570.0000,-13418.4333,.0000,.00,-1.0000,-15336.45,-13418.43,Main Location,422.0000,.0000
SI0001SI#001402,2026-05-03 00:00:00.000,Pova Carve,16,O,-2.0000,pcs,31150.0000,-60740.9400,.0000,.00,-2.0000,-61365.50,-60740.94,Main Location,30.0000,.0000
SI0001SI#001387,2026-05-03 00:00:00.000,Go 3 (4+128),16,O,-1.0000,pcs,15570.0000,-13418.4333,.0000,.00,-1.0000,-15336.45,-13418.43,Main Location,423.0000,.0000
SI0001SI#001386,2026-05-02 00:00:00.000,Camon40 Pro,16,O,-2.0000,pcs,26410.0000,-51409.9600,.0000,.00,-2.0000,-52027.70,-51409.96,Main Location,3.0000,.0000
SI0001SI#001385,2026-05-01 00:00:00.000,Camon40 Pro,16,O,-15.0000,pcs,26410.0000,-385574.7000,.0000,.00,-15.0000,-390207.75,-385574.70,Main Location,5.0000,.0000
PI0001PI#000169,2026-04-30 00:00:00.000,Spark 50 5G (6+128),33,I,25.0000,pcs,22071.0000,551775.0000,25.0000,551775.00,.0000,.00,.00,Main Location,34.0000,25.0000
PI0001PI#000169,2026-04-30 00:00:00.000,Spark 50 (6+128),33,I,120.0000,pcs,18392.6700,2207120.4000,120.0000,2207120.40,.0000,.00,.00,Main Location,147.0000,120.0000
SI0001SI#001384,2026-04-30 00:00:00.000,Pova Carve,16,O,-1.0000,pcs,31150.0000,-30370.4700,.0000,.00,-1.0000,-30682.75,-30370.47,Main Location,32.0000,.0000
PI0001PI#000170,2026-04-30 00:00:00.000,Go 3 (4+64),33,I,145.0000,pcs,13792.0000,1999840.0000,145.0000,1999840.00,.0000,.00,.00,Main Location,1447.0000,145.0000
PI0001PI#000169,2026-04-30 00:00:00.000,Go 3 (4+64),33,I,150.0000,pcs,13792.0000,2068800.0000,150.0000,2068800.00,.0000,.00,.00,Main Location,1447.0000,150.0000
PI0001PI#000169,2026-04-30 00:00:00.000,Go 3 (4+128),33,I,20.0000,pcs,15186.0000,303720.0000,20.0000,303720.00,.0000,.00,.00,Main Location,424.0000,20.0000
PI0001PI#000170,2026-04-30 00:00:00.000,Camon40 Pro,33,I,19.0000,pcs,25704.9800,488394.6200,19.0000,488394.62,.0000,.00,.00,Main Location,20.0000,19.0000
SI0001SI#001380,2026-04-29 00:00:00.000,Spark 40(8+256),16,O,-1.0000,pcs,18870.0000,-17465.3537,.0000,.00,-1.0000,-18586.95,-17465.35,Main Location,36.0000,.0000
SI0001SI#001381,2026-04-29 00:00:00.000,GO1 4+128,16,O,-5.0000,pcs,11845.0000,-57912.5500,.0000,.00,-5.0000,-58040.50,-57912.55,Main Location,23.0000,.0000
SI0001SI#001382,2026-04-29 00:00:00.000,Go 3 (4+64),16,O,-5.0000,pcs,14150.0000,-65992.7932,.0000,.00,-5.0000,-70750.00,-65992.79,Main Location,1152.0000,.0000
SI0001SI#001378,2026-04-28 00:00:00.000,Spark 50 (6+128),16,O,-1.0000,pcs,18870.0000,-18392.6700,.0000,.00,-1.0000,-18586.95,-18392.67,Main Location,27.0000,.0000
SI0001SI#001378,2026-04-28 00:00:00.000,Spark 50 (4+128),16,O,-1.0000,pcs,16510.0000,-16097.3400,.0000,.00,-1.0000,-16262.35,-16097.34,Main Location,6.0000,.0000
SI0001SI#001379,2026-04-28 00:00:00.000,Pova Curve 2 (8+128),16,O,-3.0000,pcs,34910.0000,-102116.9400,.0000,.00,-3.0000,-103031.70,-102116.94,Main Location,7.0000,.0000
PI0001PI#000168,2026-04-28 00:00:00.000,Go 3 (4+64),33,I,780.0000,pcs,13792.0000,10757760.0000,780.0000,10757760.00,.0000,.00,.00,Main Location,1157.0000,780.0000
SI0001SI#001374,2026-04-27 00:00:00.000,Spark40 (6+128),16,O,-1.0000,pcs,16050.0000,-15616.7256,.0000,.00,-1.0000,-15809.25,-15616.73,Main Location,28.0000,.0000
SI0001SI#001377,2026-04-27 00:00:00.000,Spark 50 (6+128),16,O,-1.0000,pcs,18870.0000,-18392.6700,.0000,.00,-1.0000,-18870.00,-18392.67,Main Location,28.0000,.0000
SI0001SI#001375,2026-04-27 00:00:00.000,Spark 50 (6+128),16,O,-1.0000,pcs,18870.0000,-18392.6700,.0000,.00,-1.0000,-18586.95,-18392.67,Main Location,28.0000,.0000
SI0001SI#001375,2026-04-27 00:00:00.000,Spark 50 (4+128),16,O,-3.0000,pcs,16510.0000,-48292.0200,.0000,.00,-3.0000,-48787.05,-48292.02,Main Location,7.0000,.0000
SI0001SI#001373,2026-04-26 00:00:00.000,Spark 50 5G (6+128),16,O,-2.0000,pcs,22071.0000,-44142.0000,.0000,.00,-2.0000,-44142.00,-44142.00,Main Location,9.0000,.0000
SI0001SI#001373,2026-04-26 00:00:00.000,Spark 50 (6+128),16,O,-3.0000,pcs,18393.0000,-55178.0100,.0000,.00,-3.0000,-55179.00,-55178.01,Main Location,30.0000,.0000
SI0001SI#001370,2026-04-24 00:00:00.000,Spark40 (6+128),16,O,-20.0000,pcs,16050.0000,-312334.5112,.0000,.00,-20.0000,-317790.00,-312334.51,Main Location,29.0000,.0000
SI0001SI#001369,2026-04-24 00:00:00.000,Spark 50 (6+128),16,O,-1.0000,pcs,18870.0000,-18392.6700,.0000,.00,-1.0000,-18586.95,-18392.67,Main Location,33.0000,.0000
SR0001SR#000023,2026-04-24 00:00:00.000,Spark 40 5G,13,I,18.0000,pcs,.0000,281453.0400,18.0000,281453.04,.0000,.00,.00,Main Location,368.0000,18.0000
SI0001SI#001372,2026-04-24 00:00:00.000,Go 3 (4+64),16,O,-300.0000,pcs,13112.0000,-3591224.6809,.0000,.00,-300.0000,-3933600.00,-3591224.68,Main Location,377.0000,.0000
SI0001SI#001371,2026-04-24 00:00:00.000,Go 3 (4+64),16,O,-17.0000,pcs,13792.0000,-203502.7319,.0000,.00,-17.0000,-234464.00,-203502.73,Main Location,377.0000,.0000
SI0001SI#001365,2026-04-23 00:00:00.000,Spark 50 (6+128),16,O,-2.0000,pcs,18393.0000,-36785.3400,.0000,.00,-2.0000,-36786.00,-36785.34,Main Location,34.0000,.0000
SI0001SI#001366,2026-04-23 00:00:00.000,Spark 40(8+256),16,O,-5.0000,pcs,18880.0000,-87326.7685,.0000,.00,-5.0000,-92984.00,-87326.77,Main Location,37.0000,.0000
SI0001SI#001368,2026-04-23 00:00:00.000,Pova Slim,16,O,-20.0000,pcs,27594.0000,-551880.4000,.0000,.00,-20.0000,-551880.00,-551880.40,Main Location,2.0000,.0000
SI0001SI#001367,2026-04-23 00:00:00.000,Pova Slim,16,O,-2.0000,pcs,28300.0000,-55188.0400,.0000,.00,-2.0000,-55751.00,-55188.04,Main Location,2.0000,.0000
SI0001SI#001368,2026-04-23 00:00:00.000,Pova Carve,16,O,-20.0000,pcs,30370.0000,-607409.4000,.0000,.00,-20.0000,-607400.00,-607409.40,Main Location,33.0000,.0000
SI0001SI#001364,2026-04-22 00:00:00.000,Spark40 (6+128),16,O,-20.0000,pcs,16050.0000,-312334.5112,.0000,.00,-20.0000,-321000.00,-312334.51,Main Location,49.0000,.0000
SI0001SI#001363,2026-04-22 00:00:00.000,Spark40 (6+128),16,O,-10.0000,pcs,16050.0000,-156167.2556,.0000,.00,-10.0000,-158092.50,-156167.26,Main Location,49.0000,.0000
SI0001SI#001361,2026-04-22 00:00:00.000,Spark 50 (6+128),16,O,-2.0000,pcs,18870.0000,-36785.3400,.0000,.00,-2.0000,-37173.90,-36785.34,Main Location,36.0000,.0000
SI0001SI#001362,2026-04-22 00:00:00.000,Go 3 (4+64),16,O,-1.0000,pcs,13680.0000,-11970.7489,.0000,.00,-1.0000,-13474.80,-11970.75,Main Location,694.0000,.0000
SI0001SI#001358,2026-04-21 00:00:00.000,Spark40 (6+128),16,O,-5.0000,pcs,16050.0000,-78083.6278,.0000,.00,-5.0000,-79046.25,-78083.63,Main Location,79.0000,.0000
SI0001SI#001356,2026-04-21 00:00:00.000,Spark40 (6+128),16,O,-5.0000,pcs,16050.0000,-78083.6278,.0000,.00,-5.0000,-79046.25,-78083.63,Main Location,79.0000,.0000
SI0001SI#001357,2026-04-21 00:00:00.000,Spark 50 5G (6+128),16,O,-1.0000,pcs,22640.0000,-22071.0000,.0000,.00,-1.0000,-22300.40,-22071.00,Main Location,11.0000,.0000
SI0001SI#001357,2026-04-21 00:00:00.000,Spark 50 (6+128),16,O,-2.0000,pcs,18870.0000,-36785.3400,.0000,.00,-2.0000,-37173.90,-36785.34,Main Location,38.0000,.0000
SI0001SI#001355,2026-04-21 00:00:00.000,Spark 50 (6+128),16,O,-2.0000,pcs,18393.0000,-36785.3400,.0000,.00,-2.0000,-36786.00,-36785.34,Main Location,38.0000,.0000
PI0001PI#000165,2026-04-21 00:00:00.000,Spark 50 (4+128),33,I,10.0000,pcs,16097.3400,160973.4000,10.0000,160973.40,.0000,.00,.00,Main Location,10.0000,10.0000
SI0001SI#001359,2026-04-21 00:00:00.000,Spark 40(8+256),16,O,-1.0000,pcs,18880.0000,-17465.3537,.0000,.00,-1.0000,-18596.80,-17465.35,Main Location,42.0000,.0000
PI0001PI#000166,2026-04-21 00:00:00.000,Pova Curve 2 (8+128),33,I,10.0000,pcs,34038.9800,340389.8000,10.0000,340389.80,.0000,.00,.00,Main Location,10.0000,10.0000
SI0001SI#001360,2026-04-21 00:00:00.000,Pova Carve,16,O,-2.0000,pcs,31150.0000,-60740.9400,.0000,.00,-2.0000,-61365.50,-60740.94,Main Location,53.0000,.0000
SI0001SI#001383,2026-04-21 00:00:00.000,Go 3 (4+64),16,O,-1.0000,pcs,10390.0000,-11970.7489,.0000,.00,-1.0000,-10390.00,-11970.75,Main Location,695.0000,.0000
SI0001SI#001354,2026-04-21 00:00:00.000,Go 3 (4+64),16,O,-1.0000,pcs,14150.0000,-11970.7489,.0000,.00,-1.0000,-13937.75,-11970.75,Main Location,695.0000,.0000
SI0001SI#001356,2026-04-21 00:00:00.000,Camon 50 Ultra (12+256),16,O,-1.0000,pcs,51900.0000,-45986.7000,.0000,.00,-1.0000,-51121.50,-45986.70,Main Location,.0000,.0000
SI0001SI#001351,2026-04-20 00:00:00.000,Spark40 (6+128),16,O,-50.0000,pcs,15656.0000,-780836.2781,.0000,.00,-50.0000,-782800.00,-780836.28,Main Location,89.0000,.0000
SI0001SI#001351,2026-04-20 00:00:00.000,Spark 40 5G,16,O,-50.0000,pcs,15636.0000,-781814.0000,.0000,.00,-50.0000,-781800.00,-781814.00,Main Location,350.0000,.0000
SI0001SI#001351,2026-04-20 00:00:00.000,Pova Slim,16,O,-25.0000,pcs,27594.0000,-689850.5000,.0000,.00,-25.0000,-689850.00,-689850.50,Main Location,24.0000,.0000
SI0001SI#001351,2026-04-20 00:00:00.000,Pova Carve,16,O,-25.0000,pcs,30370.0000,-759261.7500,.0000,.00,-25.0000,-759250.00,-759261.75,Main Location,55.0000,.0000
SI0001SI#001348,2026-04-19 00:00:00.000,Spark40 (6+128),16,O,-1.0000,pcs,16050.0000,-15616.7256,.0000,.00,-1.0000,-16050.00,-15616.73,Main Location,139.0000,.0000
SI0001SI#001349,2026-04-19 00:00:00.000,Spark 50 5G (6+128),16,O,-1.0000,pcs,22640.0000,-22071.0000,.0000,.00,-1.0000,-22300.40,-22071.00,Main Location,12.0000,.0000
SI0001SI#001348,2026-04-19 00:00:00.000,Spark 50 (6+128),16,O,-1.0000,pcs,18870.0000,-18392.6700,.0000,.00,-1.0000,-18870.00,-18392.67,Main Location,42.0000,.0000
SI0001SI#001349,2026-04-19 00:00:00.000,Spark 50 (4+128),16,O,-1.0000,pcs,16510.0000,-16097.3400,.0000,.00,-1.0000,-16262.35,-16097.34,Main Location,.0000,.0000
SI0001SI#001346,2026-04-19 00:00:00.000,Spark 50 (4+128),16,O,-1.0000,pcs,16510.0000,-16097.3400,.0000,.00,-1.0000,-16262.35,-16097.34,Main Location,.0000,.0000
SI0001SI#001345,2026-04-19 00:00:00.000,Spark 50 (4+128),16,O,-1.0000,pcs,16510.0000,-16097.3400,.0000,.00,-1.0000,-16262.35,-16097.34,Main Location,.0000,.0000
SI0001SI#001348,2026-04-19 00:00:00.000,Spark 40(8+256),16,O,-1.0000,pcs,18880.0000,-17465.3537,.0000,.00,-1.0000,-18880.00,-17465.35,Main Location,43.0000,.0000
SI0001SI#001347,2026-04-19 00:00:00.000,Pova Curve 2,16,O,-1.0000,pcs,37740.0000,-34038.9800,.0000,.00,-1.0000,-37173.90,-34038.98,Main Location,31.0000,.0000
SI0001SI#001349,2026-04-19 00:00:00.000,Pova Carve,16,O,-1.0000,pcs,31150.0000,-30370.4700,.0000,.00,-1.0000,-30682.75,-30370.47,Main Location,80.0000,.0000
SI0001SI#001350,2026-04-19 00:00:00.000,Go 3 (4+64),16,O,-5.0000,pcs,14150.0000,-59853.7447,.0000,.00,-5.0000,-69688.75,-59853.74,Main Location,697.0000,.0000
SI0001SI#001349,2026-04-19 00:00:00.000,Go 3 (4+64),16,O,-2.0000,pcs,14150.0000,-23941.4979,.0000,.00,-2.0000,-27875.50,-23941.50,Main Location,697.0000,.0000
SI0001SI#001347,2026-04-19 00:00:00.000,Camon 50 (8+256),16,O,-1.0000,pcs,36800.0000,-32194.7000,.0000,.00,-1.0000,-36248.00,-32194.70,Main Location,108.0000,.0000
SI0001SI#001349,2026-04-19 00:00:00.000,Camon 50 (8+128),16,O,-1.0000,pcs,33020.0000,-28516.1700,.0000,.00,-1.0000,-32524.70,-28516.17,Main Location,327.0000,.0000
SI0001SI#001347,2026-04-19 00:00:00.000,Camon 50 (8+128),16,O,-1.0000,pcs,33020.0000,-28516.1700,.0000,.00,-1.0000,-32524.70,-28516.17,Main Location,327.0000,.0000
SI0001SI#001339,2026-04-17 00:00:00.000,Spark40 (6+128),16,O,-10.0000,pcs,16050.0000,-156167.2556,.0000,.00,-10.0000,-158092.50,-156167.26,Main Location,140.0000,.0000
SI0001SI#001342,2026-04-17 00:00:00.000,Spark40 (6+128),16,O,-2.0000,pcs,16050.0000,-31233.4511,.0000,.00,-2.0000,-31618.50,-31233.45,Main Location,140.0000,.0000
SI0001SI#001341,2026-04-17 00:00:00.000,Spark40 (6+128),16,O,-2.0000,pcs,16050.0000,-31233.4511,.0000,.00,-2.0000,-31618.50,-31233.45,Main Location,140.0000,.0000
SI0001SI#001340,2026-04-17 00:00:00.000,Spark40 (6+128),16,O,-1.0000,pcs,16050.0000,-15616.7256,.0000,.00,-1.0000,-15809.25,-15616.73,Main Location,140.0000,.0000
SI0001SI#001342,2026-04-17 00:00:00.000,Spark 50 (6+128),16,O,-2.0000,pcs,18870.0000,-36785.3400,.0000,.00,-2.0000,-37173.90,-36785.34,Main Location,43.0000,.0000
SI0001SI#001342,2026-04-17 00:00:00.000,Spark 50 (4+128),16,O,-1.0000,pcs,16510.0000,-16097.3400,.0000,.00,-1.0000,-16262.35,-16097.34,Main Location,3.0000,.0000
SI0001SI#001342,2026-04-17 00:00:00.000,Spark 40(8+256),16,O,-1.0000,pcs,18880.0000,-17465.3537,.0000,.00,-1.0000,-18596.80,-17465.35,Main Location,44.0000,.0000
SI0001SI#001341,2026-04-17 00:00:00.000,Spark 40(8+256),16,O,-2.0000,pcs,18880.0000,-34930.7074,.0000,.00,-2.0000,-37193.60,-34930.71,Main Location,44.0000,.0000
SI0001SI#001339,2026-04-17 00:00:00.000,Pova Slim,16,O,-5.0000,pcs,28300.0000,-137970.1000,.0000,.00,-5.0000,-139377.50,-137970.10,Main Location,49.0000,.0000
SI0001SI#001342,2026-04-17 00:00:00.000,Pova Slim,16,O,-2.0000,pcs,28300.0000,-55188.0400,.0000,.00,-2.0000,-55751.00,-55188.04,Main Location,49.0000,.0000
SI0001SI#001341,2026-04-17 00:00:00.000,Pova Carve,16,O,-1.0000,pcs,31150.0000,-30370.4700,.0000,.00,-1.0000,-30682.75,-30370.47,Main Location,81.0000,.0000
PI0001PI#000163,2026-04-17 00:00:00.000,Go 3 (4+64),33,I,5.0000,pcs,13792.0000,68960.0000,5.0000,68960.00,.0000,.00,.00,Main Location,704.0000,5.0000
SI0001SI#001340,2026-04-17 00:00:00.000,Go 3 (4+64),16,O,-1.0000,pcs,14150.0000,-11970.7489,.0000,.00,-1.0000,-13937.75,-11970.75,Main Location,704.0000,.0000
SI0001SI#001337,2026-04-16 00:00:00.000,Spark40 (6+128),16,O,-1.0000,pcs,16050.0000,-15616.7256,.0000,.00,-1.0000,-15809.25,-15616.73,Main Location,155.0000,.0000
SI0001SI#001336,2026-04-16 00:00:00.000,Spark40 (6+128),16,O,-4.0000,pcs,16050.0000,-62466.9022,.0000,.00,-4.0000,-63237.00,-62466.90,Main Location,155.0000,.0000
SI0001SI#001333,2026-04-16 00:00:00.000,Spark40 (6+128),16,O,-6.0000,pcs,16050.0000,-93700.3534,.0000,.00,-6.0000,-94374.00,-93700.35,Main Location,155.0000,.0000
SI0001SI#001332,2026-04-16 00:00:00.000,Spark40 (6+128),16,O,-2.0000,pcs,16050.0000,-31233.4511,.0000,.00,-2.0000,-31618.50,-31233.45,Main Location,155.0000,.0000
SI0001SI#001336,2026-04-16 00:00:00.000,Spark 50 5G (6+128),16,O,-1.0000,pcs,22640.0000,-22071.0000,.0000,.00,-1.0000,-22300.40,-22071.00,Main Location,13.0000,.0000
SI0001SI#001337,2026-04-16 00:00:00.000,Spark 50 (6+128),16,O,-3.0000,pcs,18870.0000,-55178.0100,.0000,.00,-3.0000,-55760.85,-55178.01,Main Location,45.0000,.0000
SI0001SI#001333,2026-04-16 00:00:00.000,Spark 50 (6+128),16,O,-3.0000,pcs,18870.0000,-55178.0100,.0000,.00,-3.0000,-55477.80,-55178.01,Main Location,45.0000,.0000
SI0001SI#001337,2026-04-16 00:00:00.000,Spark 50 (4+128),16,O,-2.0000,pcs,16510.0000,-32194.6800,.0000,.00,-2.0000,-32524.70,-32194.68,Main Location,4.0000,.0000
SI0001SI#001337,2026-04-16 00:00:00.000,Spark 40(8+256),16,O,-1.0000,pcs,18880.0000,-17465.3537,.0000,.00,-1.0000,-18596.80,-17465.35,Main Location,47.0000,.0000
SI0001SI#001336,2026-04-16 00:00:00.000,Spark 40(8+256),16,O,-3.0000,pcs,18880.0000,-52396.0611,.0000,.00,-3.0000,-55790.40,-52396.06,Main Location,47.0000,.0000
SI0001SI#001336,2026-04-16 00:00:00.000,Pova Slim,16,O,-2.0000,pcs,28300.0000,-55188.0400,.0000,.00,-2.0000,-55751.00,-55188.04,Main Location,56.0000,.0000
SI0001SI#001335,2026-04-16 00:00:00.000,Pova Slim,16,O,-5.0000,pcs,28300.0000,-137970.1000,.0000,.00,-5.0000,-139377.50,-137970.10,Main Location,56.0000,.0000
SI0001SI#001338,2026-04-16 00:00:00.000,Pova Curve 2,16,O,-3.0000,pcs,37740.0000,-102116.9400,.0000,.00,-3.0000,-113220.00,-102116.94,Main Location,32.0000,.0000
SI0001SI#001338,2026-04-16 00:00:00.000,Pova Carve,16,O,-2.0000,pcs,31150.0000,-60740.9400,.0000,.00,-2.0000,-62300.00,-60740.94,Main Location,82.0000,.0000
SI0001SI#001336,2026-04-16 00:00:00.000,Pova Carve,16,O,-1.0000,pcs,31150.0000,-30370.4700,.0000,.00,-1.0000,-30682.75,-30370.47,Main Location,82.0000,.0000
SI0001SI#001334,2026-04-16 00:00:00.000,Pova Carve,16,O,-7.0000,pcs,31150.0000,-212593.2900,.0000,.00,-7.0000,-214779.25,-212593.29,Main Location,82.0000,.0000
SI0001SI#001333,2026-04-16 00:00:00.000,Go2,16,O,-5.0000,pcs,10375.0000,-50718.0434,.0000,.00,-5.0000,-50837.50,-50718.04,Main Location,.0000,.0000
SI0001SI#001331,2026-04-16 00:00:00.000,Go2,16,O,-1.0000,pcs,10390.0000,-10143.6087,.0000,.00,-1.0000,-10234.15,-10143.61,Main Location,.0000,.0000
SI0001SI#001333,2026-04-16 00:00:00.000,GO1 4+128,16,O,-5.0000,pcs,11845.0000,-57912.5500,.0000,.00,-5.0000,-58040.50,-57912.55,Main Location,28.0000,.0000
SI0001SI#001344,2026-04-16 00:00:00.000,Go 3 (4+64),16,O,-20.0000,pcs,13112.0000,-239154.8000,.0000,.00,-20.0000,-262240.00,-239154.80,Main Location,700.0000,.0000
SI0001SI#001330,2026-04-15 00:00:00.000,Spark40 (6+128),16,O,-160.0000,pcs,16050.0000,-2498676.0899,.0000,.00,-160.0000,-2542320.00,-2498676.09,Main Location,168.0000,.0000
SI0001SI#001327,2026-04-15 00:00:00.000,Spark40 (6+128),16,O,-3.0000,pcs,16050.0000,-46850.1767,.0000,.00,-3.0000,-47427.75,-46850.18,Main Location,168.0000,.0000
SI0001SI#001325,2026-04-15 00:00:00.000,Spark40 (6+128),16,O,-50.0000,pcs,16050.0000,-780836.2781,.0000,.00,-50.0000,-790462.50,-780836.28,Main Location,168.0000,.0000
SI0001SI#001329,2026-04-15 00:00:00.000,Spark 50 5G (6+128),16,O,-1.0000,pcs,22640.0000,-22071.0000,.0000,.00,-1.0000,-22300.40,-22071.00,Main Location,14.0000,.0000
SI0001SI#001328,2026-04-15 00:00:00.000,Spark 50 5G (6+128),16,O,-1.0000,pcs,22640.0000,-22071.0000,.0000,.00,-1.0000,-22300.40,-22071.00,Main Location,14.0000,.0000
SI0001SI#001326,2026-04-15 00:00:00.000,Spark 50 (6+128),16,O,-1.0000,pcs,18870.0000,-18392.6700,.0000,.00,-1.0000,-18870.00,-18392.67,Main Location,51.0000,.0000
SI0001SI#001325,2026-04-15 00:00:00.000,Spark 40(8+256),16,O,-10.0000,pcs,18880.0000,-174653.5371,.0000,.00,-10.0000,-185968.00,-174653.54,Main Location,51.0000,.0000
SI0001SI#001353,2026-04-15 00:00:00.000,Live Demo Spark 50 5G,16,O,-1.0000,pcs,16800.0000,-16800.0000,.0000,.00,-1.0000,-16800.00,-16800.00,Main Location,.0000,.0000
SI0001SI#001352,2026-04-15 00:00:00.000,Live Demo Spark 50 5G,16,O,-1.0000,pcs,16800.0000,-16800.0000,.0000,.00,-1.0000,-16800.00,-16800.00,Main Location,.0000,.0000
PI0001PI#000164,2026-04-15 00:00:00.000,Live Demo Spark 50 5G,33,I,2.0000,pcs,16800.0000,33600.0000,2.0000,33600.00,.0000,.00,.00,Main Location,.0000,2.0000
SI0001SI#001353,2026-04-15 00:00:00.000,Live Demo Spark 50 (4+128),16,O,-1.0000,pcs,12250.0000,-12250.0000,.0000,.00,-1.0000,-12250.00,-12250.00,Main Location,.0000,.0000
SI0001SI#001352,2026-04-15 00:00:00.000,Live Demo Spark 50 (4+128),16,O,-1.0000,pcs,12250.0000,-12250.0000,.0000,.00,-1.0000,-12250.00,-12250.00,Main Location,.0000,.0000
PI0001PI#000164,2026-04-15 00:00:00.000,Live Demo Spark 50 (4+128),33,I,2.0000,pcs,12250.0000,24500.0000,2.0000,24500.00,.0000,.00,.00,Main Location,.0000,2.0000
SI0001SI#001343,2026-04-15 00:00:00.000,Go 3 (4+64),16,O,-100.0000,pcs,13792.0000,-1195774.0000,.0000,.00,-100.0000,-1379200.00,-1195774.00,Main Location,720.0000,.0000
SI0001SI#001326,2026-04-15 00:00:00.000,Go 3 (4+64),16,O,-1.0000,pcs,14150.0000,-11957.7400,.0000,.00,-1.0000,-14150.00,-11957.74,Main Location,720.0000,.0000
SI0001SI#001327,2026-04-15 00:00:00.000,Camon 50 (8+128),16,O,-2.0000,pcs,33020.0000,-57032.3400,.0000,.00,-2.0000,-65049.40,-57032.34,Main Location,329.0000,.0000
SI0001SI#001324,2026-04-14 00:00:00.000,Spark 50 5G (6+128),16,O,-4.0000,pcs,22640.0000,-88284.0000,.0000,.00,-4.0000,-89201.60,-88284.00,Main Location,16.0000,.0000
SI0001SI#001322,2026-04-14 00:00:00.000,Spark 50 (6+128),16,O,-1.0000,pcs,18870.0000,-18392.6700,.0000,.00,-1.0000,-18586.95,-18392.67,Main Location,52.0000,.0000
SI0001SI#001323,2026-04-14 00:00:00.000,Pova Slim,16,O,-6.0000,pcs,28300.0000,-165564.1200,.0000,.00,-6.0000,-167253.00,-165564.12,Main Location,63.0000,.0000
SI0001SI#001324,2026-04-14 00:00:00.000,GO1 4+64,16,O,-3.0000,pcs,10425.0000,-30582.6300,.0000,.00,-3.0000,-30805.88,-30582.63,Main Location,4.0000,.0000
SI0001SI#001324,2026-04-14 00:00:00.000,GO1 4+128,16,O,-2.0000,pcs,11845.0000,-23165.0200,.0000,.00,-2.0000,-23334.65,-23165.02,Main Location,33.0000,.0000
SI0001SI#001321,2026-04-13 00:00:00.000,Spark40 (6+128),16,O,-50.0000,pcs,15656.0000,-780836.2781,.0000,.00,-50.0000,-782800.00,-780836.28,Main Location,381.0000,.0000
SI0001SI#001319,2026-04-13 00:00:00.000,Spark40 (6+128),16,O,-1.0000,pcs,16050.0000,-15616.7256,.0000,.00,-1.0000,-15809.25,-15616.73,Main Location,381.0000,.0000
PI0001PI#000162,2026-04-13 00:00:00.000,Spark 50 5G (6+128),33,I,20.0000,pcs,22071.0000,441420.0000,20.0000,441420.00,.0000,.00,.00,Main Location,20.0000,20.0000
SI0001SI#001319,2026-04-13 00:00:00.000,Spark 50 (6+128),16,O,-1.0000,pcs,18870.0000,-18392.6700,.0000,.00,-1.0000,-18586.95,-18392.67,Main Location,53.0000,.0000
SI0001SI#001319,2026-04-13 00:00:00.000,Spark 40(8+256),16,O,-1.0000,pcs,18880.0000,-17465.3537,.0000,.00,-1.0000,-18596.80,-17465.35,Main Location,61.0000,.0000
SI0001SI#001320,2026-04-13 00:00:00.000,Pova Slim,16,O,-1.0000,pcs,28300.0000,-27594.0200,.0000,.00,-1.0000,-27875.50,-27594.02,Main Location,69.0000,.0000
SI0001SI#001321,2026-04-13 00:00:00.000,Go 3 (4+64),16,O,-100.0000,pcs,13112.0000,-1195774.0000,.0000,.00,-100.0000,-1311200.00,-1195774.00,Main Location,821.0000,.0000
SI0001SI#001318,2026-04-12 00:00:00.000,Spark 50 (6+128),16,O,-1.0000,pcs,18870.0000,-18392.6700,.0000,.00,-1.0000,-18586.95,-18392.67,Main Location,54.0000,.0000
SI0001SI#001317,2026-04-12 00:00:00.000,Spark 50 (6+128),16,O,-1.0000,pcs,18870.0000,-18392.6700,.0000,.00,-1.0000,-18586.95,-18392.67,Main Location,54.0000,.0000
SI0001SI#001318,2026-04-12 00:00:00.000,Spark 50 (4+128),16,O,-1.0000,pcs,16510.0000,-16097.3400,.0000,.00,-1.0000,-16262.35,-16097.34,Main Location,6.0000,.0000
SI0001SI#001317,2026-04-12 00:00:00.000,Spark 50 (4+128),16,O,-1.0000,pcs,16510.0000,-16097.3400,.0000,.00,-1.0000,-16262.35,-16097.34,Main Location,6.0000,.0000
SI0001SI#001316,2026-04-12 00:00:00.000,Spark 40(8+256),16,O,-1.0000,pcs,18880.0000,-17465.3537,.0000,.00,-1.0000,-18596.80,-17465.35,Main Location,62.0000,.0000
SI0001SI#001316,2026-04-12 00:00:00.000,Pova Slim,16,O,-2.0000,pcs,28300.0000,-55188.0400,.0000,.00,-2.0000,-55751.00,-55188.04,Main Location,70.0000,.0000
SI0001SI#001314,2026-04-10 00:00:00.000,Spark40 (6+128),16,O,-3.0000,pcs,16050.0000,-46850.1767,.0000,.00,-3.0000,-47427.75,-46850.18,Main Location,432.0000,.0000
SI0001SI#001311,2026-04-10 00:00:00.000,Spark40 (6+128),16,O,-20.0000,pcs,16050.0000,-312334.5112,.0000,.00,-20.0000,-321000.00,-312334.51,Main Location,432.0000,.0000
SI0001SI#001310,2026-04-10 00:00:00.000,Spark40 (6+128),16,O,-2.0000,pcs,16050.0000,-31233.4511,.0000,.00,-2.0000,-32100.00,-31233.45,Main Location,432.0000,.0000
SI0001SI#001309,2026-04-10 00:00:00.000,Spark40 (6+128),16,O,-1.0000,pcs,16050.0000,-15616.7256,.0000,.00,-1.0000,-15809.25,-15616.73,Main Location,432.0000,.0000
SI0001SI#001314,2026-04-10 00:00:00.000,Spark 50 (6+128),16,O,-4.0000,pcs,18870.0000,-73570.6800,.0000,.00,-4.0000,-74347.80,-73570.68,Main Location,56.0000,.0000
SI0001SI#001313,2026-04-10 00:00:00.000,Spark 50 (6+128),16,O,-1.0000,pcs,18870.0000,-18392.6700,.0000,.00,-1.0000,-18586.95,-18392.67,Main Location,56.0000,.0000
SI0001SI#001312,2026-04-10 00:00:00.000,Spark 50 (6+128),16,O,-2.0000,pcs,18870.0000,-36785.3400,.0000,.00,-2.0000,-37244.70,-36785.34,Main Location,56.0000,.0000
SI0001SI#001309,2026-04-10 00:00:00.000,Spark 50 (6+128),16,O,-1.0000,pcs,18870.0000,-18392.6700,.0000,.00,-1.0000,-18586.95,-18392.67,Main Location,56.0000,.0000
SI0001SI#001308,2026-04-10 00:00:00.000,Spark 50 (6+128),16,O,-1.0000,pcs,18870.0000,-18392.6700,.0000,.00,-1.0000,-18586.95,-18392.67,Main Location,56.0000,.0000
PI0001PI#000160,2026-04-10 00:00:00.000,Spark 50 (6+128),33,I,65.0000,pcs,18392.6700,1195523.5500,65.0000,1195523.55,.0000,.00,.00,Main Location,56.0000,65.0000
SI0001SI#001314,2026-04-10 00:00:00.000,Spark 50 (4+128),16,O,-3.0000,pcs,16510.0000,-48292.0200,.0000,.00,-3.0000,-48787.05,-48292.02,Main Location,8.0000,.0000
SI0001SI#001313,2026-04-10 00:00:00.000,Spark 50 (4+128),16,O,-1.0000,pcs,16510.0000,-16097.3400,.0000,.00,-1.0000,-16262.35,-16097.34,Main Location,8.0000,.0000
SI0001SI#001312,2026-04-10 00:00:00.000,Spark 50 (4+128),16,O,-1.0000,pcs,16510.0000,-16097.3400,.0000,.00,-1.0000,-16262.35,-16097.34,Main Location,8.0000,.0000
SI0001SI#001309,2026-04-10 00:00:00.000,Spark 50 (4+128),16,O,-1.0000,pcs,16510.0000,-16097.3400,.0000,.00,-1.0000,-16262.35,-16097.34,Main Location,8.0000,.0000
SI0001SI#001308,2026-04-10 00:00:00.000,Spark 50 (4+128),16,O,-1.0000,pcs,16510.0000,-16097.3400,.0000,.00,-1.0000,-16262.35,-16097.34,Main Location,8.0000,.0000
PI0001PI#000160,2026-04-10 00:00:00.000,Spark 50 (4+128),33,I,15.0000,pcs,16097.3400,241460.1000,15.0000,241460.10,.0000,.00,.00,Main Location,8.0000,15.0000
SI0001SI#001314,2026-04-10 00:00:00.000,Pova Slim,16,O,-2.0000,pcs,28300.0000,-55188.0400,.0000,.00,-2.0000,-55751.00,-55188.04,Main Location,72.0000,.0000
SI0001SI#001315,2026-04-10 00:00:00.000,Go 3 (4+64),16,O,-30.0000,pcs,11958.0000,-358732.2000,.0000,.00,-30.0000,-358740.00,-358732.20,Main Location,921.0000,.0000
SI0001SI#001314,2026-04-10 00:00:00.000,Go 3 (4+64),16,O,-4.0000,pcs,12270.0000,-47830.9600,.0000,.00,-4.0000,-48343.80,-47830.96,Main Location,921.0000,.0000
SI0001SI#001303,2026-04-09 00:00:00.000,Spark40 (6+128),16,O,-1.0000,pcs,16050.0000,-15616.7256,.0000,.00,-1.0000,-15809.25,-15616.73,Main Location,458.0000,.0000
SI0001SI#001306,2026-04-09 00:00:00.000,Spark40 (6+128),16,O,-2.0000,pcs,16050.0000,-31233.4511,.0000,.00,-2.0000,-31618.50,-31233.45,Main Location,458.0000,.0000
SI0001SI#001307,2026-04-09 00:00:00.000,Pova Slim,16,O,-1.0000,pcs,28300.0000,-27594.0200,.0000,.00,-1.0000,-28300.00,-27594.02,Main Location,74.0000,.0000
SI0001SI#001305,2026-04-09 00:00:00.000,Pova Slim,16,O,-2.0000,pcs,28300.0000,-55188.0400,.0000,.00,-2.0000,-55751.00,-55188.04,Main Location,74.0000,.0000
SI0001SI#001305,2026-04-09 00:00:00.000,Pova Curve 2,16,O,-2.0000,pcs,34910.0000,-68077.9600,.0000,.00,-2.0000,-68772.70,-68077.96,Main Location,35.0000,.0000
SI0001SI#001304,2026-04-09 00:00:00.000,Pova Curve 2,16,O,-1.0000,pcs,34910.0000,-34038.9800,.0000,.00,-1.0000,-34386.35,-34038.98,Main Location,35.0000,.0000
SI0001SI#001305,2026-04-09 00:00:00.000,Pova Carve,16,O,-2.0000,pcs,31150.0000,-60740.9400,.0000,.00,-2.0000,-61309.40,-60740.94,Main Location,92.0000,.0000
SI0001SI#001304,2026-04-09 00:00:00.000,Pova Carve,16,O,-1.0000,pcs,31150.0000,-30370.4700,.0000,.00,-1.0000,-30682.75,-30370.47,Main Location,92.0000,.0000
SI0001SI#001303,2026-04-09 00:00:00.000,Camon 50 (8+256),16,O,-1.0000,pcs,33020.0000,-32194.7000,.0000,.00,-1.0000,-32524.70,-32194.70,Main Location,109.0000,.0000
SI0001SI#001304,2026-04-09 00:00:00.000,Camon 50 (8+256),16,O,-1.0000,pcs,33020.0000,-32194.7000,.0000,.00,-1.0000,-32524.70,-32194.70,Main Location,109.0000,.0000
SI0001SI#001300,2026-04-08 00:00:00.000,Spark40 (6+128),16,O,-3.0000,pcs,16050.0000,-46850.1767,.0000,.00,-3.0000,-47427.75,-46850.18,Main Location,461.0000,.0000
SI0001SI#001298,2026-04-08 00:00:00.000,Spark 40 Pro,16,O,-4.0000,pcs,21700.0000,-83923.3394,.0000,.00,-4.0000,-85498.00,-83923.34,Main Location,.0000,.0000
SI0001SI#001302,2026-04-08 00:00:00.000,Pova Curve 2,16,O,-1.0000,pcs,34910.0000,-34038.9800,.0000,.00,-1.0000,-34386.35,-34038.98,Main Location,38.0000,.0000
SI0001SI#001301,2026-04-08 00:00:00.000,Pova Curve 2,16,O,-1.0000,pcs,34910.0000,-34038.9800,.0000,.00,-1.0000,-34386.35,-34038.98,Main Location,38.0000,.0000
SI0001SI#001300,2026-04-08 00:00:00.000,Go 3 (4+64),16,O,-2.0000,pcs,12270.0000,-23915.4800,.0000,.00,-2.0000,-24171.90,-23915.48,Main Location,955.0000,.0000
SI0001SI#001298,2026-04-08 00:00:00.000,Go 3 (4+64),16,O,-1.0000,pcs,12270.0000,-11957.7400,.0000,.00,-1.0000,-12085.95,-11957.74,Main Location,955.0000,.0000
SI0001SI#001299,2026-04-08 00:00:00.000,Camon 50 Ultra (12+256),16,O,-1.0000,pcs,47170.0000,-45986.7000,.0000,.00,-1.0000,-46462.45,-45986.70,Main Location,1.0000,.0000
SI0001SI#001302,2026-04-08 00:00:00.000,Camon 50 (8+256),16,O,-1.0000,pcs,33020.0000,-32194.7000,.0000,.00,-1.0000,-32524.70,-32194.70,Main Location,111.0000,.0000
SI0001SI#001302,2026-04-08 00:00:00.000,Camon 50 (8+128),16,O,-1.0000,pcs,29250.0000,-28516.1700,.0000,.00,-1.0000,-28811.25,-28516.17,Main Location,331.0000,.0000
SI0001SI#001297,2026-04-07 00:00:00.000,Go 3 (4+64),16,O,-14.0000,pcs,11958.0000,-167408.3600,.0000,.00,-14.0000,-167412.00,-167408.36,Main Location,958.0000,.0000
SI0001SI#001291,2026-04-06 00:00:00.000,Pova Slim,16,O,-2.0000,pcs,28300.0000,-55188.0400,.0000,.00,-2.0000,-55751.00,-55188.04,Main Location,77.0000,.0000
SI0001SI#001296,2026-04-06 00:00:00.000,Go 3 (4+64),16,O,-40.0000,pcs,11958.0000,-478309.6000,.0000,.00,-40.0000,-478320.00,-478309.60,Main Location,972.0000,.0000
SI0001SI#001295,2026-04-06 00:00:00.000,Go 3 (4+64),16,O,-50.0000,pcs,11958.0000,-597887.0000,.0000,.00,-50.0000,-597900.00,-597887.00,Main Location,972.0000,.0000
SI0001SI#001294,2026-04-06 00:00:00.000,Go 3 (4+64),16,O,-2.0000,pcs,12270.0000,-23915.4800,.0000,.00,-2.0000,-24171.90,-23915.48,Main Location,972.0000,.0000
SI0001SI#001293,2026-04-06 00:00:00.000,Go 3 (4+64),16,O,-5.0000,pcs,12270.0000,-59788.7000,.0000,.00,-5.0000,-60429.75,-59788.70,Main Location,972.0000,.0000
SI0001SI#001292,2026-04-06 00:00:00.000,Go 3 (4+64),16,O,-20.0000,pcs,12270.0000,-239154.8000,.0000,.00,-20.0000,-245400.00,-239154.80,Main Location,972.0000,.0000
SI0001SI#001290,2026-04-06 00:00:00.000,Go 3 (4+64),16,O,-10.0000,pcs,12270.0000,-119577.4000,.0000,.00,-10.0000,-122700.00,-119577.40,Main Location,972.0000,.0000
SI0001SI#001289,2026-04-05 00:00:00.000,Spark40 (6+128),16,O,-40.0000,pcs,15657.0000,-624669.0225,.0000,.00,-40.0000,-626280.00,-624669.02,Main Location,464.0000,.0000
SI0001SI#001285,2026-04-05 00:00:00.000,Spark40 (6+128),16,O,-2.0000,pcs,16050.0000,-31233.4511,.0000,.00,-2.0000,-31779.00,-31233.45,Main Location,464.0000,.0000
SI0001SI#001286,2026-04-05 00:00:00.000,Spark 40(8+256),16,O,-1.0000,pcs,18880.0000,-17465.3537,.0000,.00,-1.0000,-18596.80,-17465.35,Main Location,63.0000,.0000
SI0001SI#001285,2026-04-05 00:00:00.000,Spark 40(8+256),16,O,-2.0000,pcs,18880.0000,-34930.7074,.0000,.00,-2.0000,-37382.40,-34930.71,Main Location,63.0000,.0000
SI0001SI#001288,2026-04-05 00:00:00.000,Pova Slim,16,O,-2.0000,pcs,28300.0000,-55188.0400,.0000,.00,-2.0000,-55751.00,-55188.04,Main Location,79.0000,.0000
SI0001SI#001287,2026-04-05 00:00:00.000,Pova Curve 2,16,O,-1.0000,pcs,34910.0000,-34038.9800,.0000,.00,-1.0000,-34386.35,-34038.98,Main Location,40.0000,.0000
SI0001SI#001287,2026-04-05 00:00:00.000,Pova Carve,16,O,-1.0000,pcs,31150.0000,-30370.4700,.0000,.00,-1.0000,-30682.75,-30370.47,Main Location,95.0000,.0000
SI0001SI#001289,2026-04-05 00:00:00.000,Go 3 (4+64),16,O,-130.0000,pcs,11958.0000,-1554506.2000,.0000,.00,-130.0000,-1554540.00,-1554506.20,Main Location,1099.0000,.0000
SI0001SI#001287,2026-04-05 00:00:00.000,Go 3 (4+64),16,O,-3.0000,pcs,12270.0000,-35873.2200,.0000,.00,-3.0000,-36257.85,-35873.22,Main Location,1099.0000,.0000
SI0001SI#001285,2026-04-05 00:00:00.000,Go 3 (4+64),16,O,-2.0000,pcs,12270.0000,-23915.4800,.0000,.00,-2.0000,-24294.60,-23915.48,Main Location,1099.0000,.0000
SI0001SI#001287,2026-04-05 00:00:00.000,Go 3 (4+128),16,O,-2.0000,pcs,13680.0000,-26661.8600,.0000,.00,-2.0000,-26949.60,-26661.86,Main Location,404.0000,.0000
SI0001SI#001285,2026-04-05 00:00:00.000,Go 3 (4+128),16,O,-2.0000,pcs,13680.0000,-26661.8600,.0000,.00,-2.0000,-27086.40,-26661.86,Main Location,404.0000,.0000
SI0001SI#001288,2026-04-05 00:00:00.000,Camon 50 (8+256),16,O,-1.0000,pcs,33020.0000,-32194.7000,.0000,.00,-1.0000,-32524.70,-32194.70,Main Location,112.0000,.0000
SI0001SI#001287,2026-04-05 00:00:00.000,Camon 50 (8+256),16,O,-1.0000,pcs,33020.0000,-32194.7000,.0000,.00,-1.0000,-32524.70,-32194.70,Main Location,112.0000,.0000
SI0001SI#001287,2026-04-05 00:00:00.000,Camon 50 (8+128),16,O,-1.0000,pcs,29250.0000,-28516.1700,.0000,.00,-1.0000,-28811.25,-28516.17,Main Location,332.0000,.0000
SI0001SI#001284,2026-04-03 00:00:00.000,Spark40 (6+128),16,O,-2.0000,pcs,16050.0000,-31233.4511,.0000,.00,-2.0000,-31618.50,-31233.45,Main Location,506.0000,.0000
SI0001SI#001283,2026-04-03 00:00:00.000,Spark40 (6+128),16,O,-3.0000,pcs,16050.0000,-46850.1767,.0000,.00,-3.0000,-47427.75,-46850.18,Main Location,506.0000,.0000
SI0001SI#001284,2026-04-03 00:00:00.000,Pova Slim,16,O,-2.0000,pcs,28300.0000,-55188.0400,.0000,.00,-2.0000,-55751.00,-55188.04,Main Location,81.0000,.0000
SI0001SI#001284,2026-04-03 00:00:00.000,Pova Curve 2,16,O,-1.0000,pcs,34910.0000,-34038.9800,.0000,.00,-1.0000,-34386.35,-34038.98,Main Location,41.0000,.0000
SI0001SI#001283,2026-04-03 00:00:00.000,Pova Curve 2,16,O,-1.0000,pcs,34910.0000,-34038.9800,.0000,.00,-1.0000,-34386.35,-34038.98,Main Location,41.0000,.0000
SI0001SI#001284,2026-04-03 00:00:00.000,Pova Carve,16,O,-2.0000,pcs,31150.0000,-60740.9400,.0000,.00,-2.0000,-61365.50,-60740.94,Main Location,96.0000,.0000
SI0001SI#001283,2026-04-03 00:00:00.000,Pova Carve,16,O,-2.0000,pcs,31150.0000,-60740.9400,.0000,.00,-2.0000,-61365.50,-60740.94,Main Location,96.0000,.0000
SI0001SI#001279,2026-04-02 00:00:00.000,Spark40 Pro Pius,16,O,-1.0000,pcs,23590.0000,-22993.3400,.0000,.00,-1.0000,-23236.15,-22993.34,Main Location,.0000,.0000
SR0001SR#000022,2026-04-02 00:00:00.000,Spark40 (6+128),13,I,4.0000,pcs,.0000,62466.9022,4.0000,62466.90,.0000,.00,.00,Main Location,511.0000,4.0000
SI0001SI#001282,2026-04-02 00:00:00.000,Spark40 (6+128),16,O,-1.0000,pcs,16050.0000,-15616.7256,.0000,.00,-1.0000,-15809.25,-15616.73,Main Location,511.0000,.0000
SI0001SI#001280,2026-04-02 00:00:00.000,Spark40 (6+128),16,O,-20.0000,pcs,15657.0000,-312334.5112,.0000,.00,-20.0000,-313140.00,-312334.51,Main Location,511.0000,.0000
SI0001SI#001281,2026-04-02 00:00:00.000,Pova Slim,16,O,-1.0000,pcs,28300.0000,-27594.0200,.0000,.00,-1.0000,-27875.50,-27594.02,Main Location,83.0000,.0000
SI0001SI#001279,2026-04-02 00:00:00.000,Pova Slim,16,O,-2.0000,pcs,28300.0000,-55188.0400,.0000,.00,-2.0000,-55751.00,-55188.04,Main Location,83.0000,.0000
SR0001SR#000022,2026-04-02 00:00:00.000,Go 3 (4+64),13,I,5.0000,pcs,.0000,59788.7000,5.0000,59788.70,.0000,.00,.00,Main Location,1234.0000,5.0000
SI0001SI#001281,2026-04-02 00:00:00.000,Go 3 (4+64),16,O,-5.0000,pcs,12270.0000,-59788.7000,.0000,.00,-5.0000,-60429.75,-59788.70,Main Location,1234.0000,.0000
SR0001SR#000022,2026-04-02 00:00:00.000,Go 3 (4+128),13,I,4.0000,pcs,.0000,53323.7200,4.0000,53323.72,.0000,.00,.00,Main Location,408.0000,4.0000
SI0001SI#001279,2026-04-02 00:00:00.000,Camon 50 Ultra (12+256),16,O,-1.0000,pcs,47170.0000,-45986.7000,.0000,.00,-1.0000,-46462.45,-45986.70,Main Location,2.0000,.0000
SR0001SR#000022,2026-04-02 00:00:00.000,Camon 50 (8+128),13,I,2.0000,pcs,.0000,57032.3400,2.0000,57032.34,.0000,.00,.00,Main Location,333.0000,2.0000
SI0001SI#001277,2026-04-01 00:00:00.000,Spark 40 Pro,16,O,-1.0000,pcs,21700.0000,-20980.8348,.0000,.00,-1.0000,-21700.00,-20980.83,Main Location,4.0000,.0000
SI0001SI#001278,2026-04-01 00:00:00.000,Pova Slim,16,O,-1.0000,pcs,28300.0000,-27594.0200,.0000,.00,-1.0000,-27875.50,-27594.02,Main Location,86.0000,.0000
SI0001SI#001276,2026-04-01 00:00:00.000,Go 3 (4+64),16,O,-20.0000,pcs,11958.0000,-239154.8000,.0000,.00,-20.0000,-239160.00,-239154.80,Main Location,1234.0000,.0000
SI0001SI#001278,2026-04-01 00:00:00.000,Camon 50 (8+256),16,O,-1.0000,pcs,33020.0000,-32194.7000,.0000,.00,-1.0000,-32524.70,-32194.70,Main Location,114.0000,.0000
SR0001SR#000021,2026-03-31 00:00:00.000,Spark40 (6+128),13,I,2.0000,pcs,.0000,31233.4511,2.0000,31233.45,.0000,.00,.00,Main Location,528.0000,2.0000
SR0001SR#000021,2026-03-31 00:00:00.000,Spark 40(8+256),13,I,1.0000,pcs,.0000,17465.3537,1.0000,17465.35,.0000,.00,.00,Main Location,66.0000,1.0000
SR0001SR#000020,2026-03-31 00:00:00.000,Spark 40 Pro,13,I,1.0000,pcs,.0000,20980.8347,1.0000,20980.83,.0000,.00,.00,Main Location,5.0000,1.0000
PI0001PI#000159,2026-03-31 00:00:00.000,Pova Curve 2,33,I,35.0000,pcs,34038.9800,1191364.3000,35.0000,1191364.30,.0000,.00,.00,Main Location,43.0000,35.0000
PI0001PI#000159,2026-03-31 00:00:00.000,Pova Carve,33,I,25.0000,pcs,30370.4700,759261.7500,25.0000,759261.75,.0000,.00,.00,Main Location,100.0000,25.0000
SI0001SI#001275,2026-03-31 00:00:00.000,Live Demo Camon 50,16,O,-1.0000,pcs,21765.0000,-21765.4600,.0000,.00,-1.0000,-21765.00,-21765.46,Main Location,.0000,.0000
SI0001SI#001274,2026-03-31 00:00:00.000,Live Demo Camon 50,16,O,-1.0000,pcs,21765.0000,-21765.4600,.0000,.00,-1.0000,-21765.00,-21765.46,Main Location,.0000,.0000
SR0001SR#000021,2026-03-31 00:00:00.000,Go2,13,I,3.0000,pcs,.0000,30430.8261,3.0000,30430.83,.0000,.00,.00,Main Location,6.0000,3.0000
PI0001PI#000159,2026-03-31 00:00:00.000,Go 3 (4+64),33,I,40.0000,pcs,11957.7400,478309.6000,40.0000,478309.60,.0000,.00,.00,Main Location,1254.0000,40.0000
SR0001SR#000020,2026-03-31 00:00:00.000,Go 3 (4+64),13,I,2.0000,pcs,.0000,23915.4800,2.0000,23915.48,.0000,.00,.00,Main Location,1254.0000,2.0000
SI0001SI#001273,2026-03-31 00:00:00.000,Go 3 (4+64),16,O,-2.0000,pcs,12270.0000,-23915.4800,.0000,.00,-2.0000,-24294.60,-23915.48,Main Location,1254.0000,.0000
SR0001SR#000020,2026-03-31 00:00:00.000,Go 3 (4+128),13,I,1.0000,pcs,.0000,13330.9300,1.0000,13330.93,.0000,.00,.00,Main Location,404.0000,1.0000
SR0001SR#000021,2026-03-31 00:00:00.000,Camon30S 8+256,13,I,1.0000,pcs,27875.0000,27875.0000,1.0000,27875.00,.0000,.00,.00,Main Location,1.0000,1.0000
PI0001PI#000159,2026-03-31 00:00:00.000,Camon 50 (8+256),33,I,68.0000,pcs,32194.7000,2189239.6000,68.0000,2189239.60,.0000,.00,.00,Main Location,115.0000,68.0000
PI0001PI#000159,2026-03-31 00:00:00.000,Camon 50 (8+128),33,I,100.0000,pcs,28516.1700,2851617.0000,100.0000,2851617.00,.0000,.00,.00,Main Location,331.0000,100.0000
SR0001SR#000019,2026-03-31 00:00:00.000,Camon 50 (8+128),13,I,2.0000,pcs,.0000,57032.3400,2.0000,57032.34,.0000,.00,.00,Main Location,331.0000,2.0000
PI0001PI#000158,2026-03-30 00:00:00.000,Spark40 (6+128),33,I,40.0000,pcs,15656.3300,626253.2000,40.0000,626253.20,.0000,.00,.00,Main Location,526.0000,40.0000
SI0001SI#001272,2026-03-30 00:00:00.000,Spark40 (6+128),16,O,-1.0000,pcs,15656.0000,-15616.7256,.0000,.00,-1.0000,-15656.00,-15616.73,Main Location,526.0000,.0000
PI0001PI#000158,2026-03-30 00:00:00.000,Spark 40(8+256),33,I,5.0000,pcs,18392.6700,91963.3500,5.0000,91963.35,.0000,.00,.00,Main Location,65.0000,5.0000
SI0001SI#001271,2026-03-30 00:00:00.000,Pova Carve,16,O,-2.0000,pcs,31150.0000,-60740.9400,.0000,.00,-2.0000,-61365.50,-60740.94,Main Location,75.0000,.0000
PI0001PI#000158,2026-03-30 00:00:00.000,Go 3 (4+64),33,I,50.0000,pcs,11957.7400,597887.0000,50.0000,597887.00,.0000,.00,.00,Main Location,1214.0000,50.0000
SR0001SR#000018,2026-03-30 00:00:00.000,Go 3 (4+64),13,I,11.0000,pcs,.0000,131535.1400,11.0000,131535.14,.0000,.00,.00,Main Location,1214.0000,11.0000
PI0001PI#000158,2026-03-30 00:00:00.000,Go 3 (4+128),33,I,10.0000,pcs,13330.9300,133309.3000,10.0000,133309.30,.0000,.00,.00,Main Location,403.0000,10.0000
PI0001PI#000158,2026-03-30 00:00:00.000,Camon 50 (8+256),33,I,25.0000,pcs,32194.7000,804867.5000,25.0000,804867.50,.0000,.00,.00,Main Location,47.0000,25.0000
SI0001SI#001271,2026-03-30 00:00:00.000,Camon 50 (8+256),16,O,-2.0000,pcs,33020.0000,-64389.4000,.0000,.00,-2.0000,-65049.40,-64389.40,Main Location,47.0000,.0000
PI0001PI#000158,2026-03-30 00:00:00.000,Camon 50 (8+128),33,I,60.0000,pcs,28516.1700,1710970.2000,60.0000,1710970.20,.0000,.00,.00,Main Location,229.0000,60.0000
SI0001SI#001271,2026-03-30 00:00:00.000,Camon 50 (8+128),16,O,-6.0000,pcs,29250.0000,-171097.0200,.0000,.00,-6.0000,-172867.50,-171097.02,Main Location,229.0000,.0000
SI0001SI#001267,2026-03-29 00:00:00.000,Spark40 (6+128),16,O,-2.0000,pcs,16050.0000,-31226.9453,.0000,.00,-2.0000,-31618.50,-31226.95,Main Location,487.0000,.0000
SI0001SI#001270,2026-03-29 00:00:00.000,Spark 40 Pro,16,O,-1.0000,pcs,21700.0000,-20980.8347,.0000,.00,-1.0000,-21374.50,-20980.83,Main Location,4.0000,.0000
SI0001SI#001267,2026-03-29 00:00:00.000,Pova Slim,16,O,-2.0000,pcs,28300.0000,-55188.0400,.0000,.00,-2.0000,-55751.00,-55188.04,Main Location,87.0000,.0000
SI0001SI#001268,2026-03-29 00:00:00.000,Pova Curve 2,16,O,-1.0000,pcs,34910.0000,-34038.9800,.0000,.00,-1.0000,-34386.35,-34038.98,Main Location,8.0000,.0000
SI0001SI#001266,2026-03-29 00:00:00.000,Pova Carve,16,O,-2.0000,pcs,31150.0000,-60740.9400,.0000,.00,-2.0000,-61365.50,-60740.94,Main Location,77.0000,.0000
SI0001SI#001269,2026-03-29 00:00:00.000,Go 3 (4+64),16,O,-1.0000,pcs,12270.0000,-11957.7400,.0000,.00,-1.0000,-12137.30,-11957.74,Main Location,1153.0000,.0000
SI0001SI#001269,2026-03-29 00:00:00.000,Camon 50 (8+128),16,O,-1.0000,pcs,29250.0000,-28516.1700,.0000,.00,-1.0000,-28957.50,-28516.17,Main Location,175.0000,.0000
SI0001SI#001265,2026-03-27 00:00:00.000,GO1 4+64,16,O,-2.0000,pcs,10430.0000,-20388.4200,.0000,.00,-2.0000,-20547.10,-20388.42,Main Location,7.0000,.0000
SI0001SI#001265,2026-03-27 00:00:00.000,GO1 4+128,16,O,-4.0000,pcs,11790.0000,-46330.0400,.0000,.00,-4.0000,-46452.60,-46330.04,Main Location,35.0000,.0000
SI0001SI#001264,2026-03-27 00:00:00.000,Camon 50 Ultra (8+256),16,O,-1.0000,pcs,40570.0000,-39551.7700,.0000,.00,-1.0000,-39961.45,-39551.77,Main Location,.0000,.0000
SI0001SI#001263,2026-03-26 00:00:00.000,GO1 4+128,16,O,-1.0000,pcs,11000.0000,-11582.5100,.0000,.00,-1.0000,-11000.00,-11582.51,Main Location,39.0000,.0000
SI0001SI#001262,2026-03-19 00:00:00.000,Go 3 (4+64),16,O,-1.0000,pcs,12270.0000,-11957.7400,.0000,.00,-1.0000,-12147.30,-11957.74,Main Location,1154.0000,.0000
SI0001SI#001262,2026-03-19 00:00:00.000,Go 3 (4+128),16,O,-1.0000,pcs,13680.0000,-13330.9300,.0000,.00,-1.0000,-13474.80,-13330.93,Main Location,393.0000,.0000
SI0001SI#001261,2026-03-19 00:00:00.000,Camon 50 Ultra (8+256),16,O,-1.0000,pcs,40570.0000,-39551.7700,.0000,.00,-1.0000,-39961.45,-39551.77,Main Location,1.0000,.0000
SI0001SI#001260,2026-03-18 00:00:00.000,Spark40 (6+128),16,O,-3.0000,pcs,16050.0000,-46840.4179,.0000,.00,-3.0000,-47427.75,-46840.42,Main Location,489.0000,.0000
SI0001SI#001260,2026-03-18 00:00:00.000,Spark 40(8+256),16,O,-1.0000,pcs,18880.0000,-17388.0774,.0000,.00,-1.0000,-18596.80,-17388.08,Main Location,60.0000,.0000
SI0001SI#001259,2026-03-18 00:00:00.000,Spark 40(8+256),16,O,-2.0000,pcs,18880.0000,-34776.1547,.0000,.00,-2.0000,-37193.60,-34776.15,Main Location,60.0000,.0000
SI0001SI#001256,2026-03-18 00:00:00.000,Spark 40(8+256),16,O,-1.0000,pcs,18880.0000,-17388.0774,.0000,.00,-1.0000,-18596.80,-17388.08,Main Location,60.0000,.0000
SI0001SI#001260,2026-03-18 00:00:00.000,Spark 40 Pro,16,O,-2.0000,pcs,21700.0000,-41961.6695,.0000,.00,-2.0000,-42749.00,-41961.67,Main Location,5.0000,.0000
SI0001SI#001256,2026-03-18 00:00:00.000,Spark 40 Pro,16,O,-4.0000,pcs,21700.0000,-83923.3390,.0000,.00,-4.0000,-85498.00,-83923.34,Main Location,5.0000,.0000
SI0001SI#001256,2026-03-18 00:00:00.000,Pova Slim,16,O,-2.0000,pcs,28300.0000,-55188.0400,.0000,.00,-2.0000,-55751.00,-55188.04,Main Location,89.0000,.0000
SI0001SI#001260,2026-03-18 00:00:00.000,Pova Curve 2,16,O,-1.0000,pcs,34910.0000,-34038.9800,.0000,.00,-1.0000,-34386.35,-34038.98,Main Location,9.0000,.0000
SI0001SI#001256,2026-03-18 00:00:00.000,Pova Curve 2,16,O,-3.0000,pcs,34910.0000,-102116.9400,.0000,.00,-3.0000,-103159.05,-102116.94,Main Location,9.0000,.0000
SI0001SI#001256,2026-03-18 00:00:00.000,Pova Carve,16,O,-2.0000,pcs,31150.0000,-60740.9400,.0000,.00,-2.0000,-61365.50,-60740.94,Main Location,79.0000,.0000
SI0001SI#001260,2026-03-18 00:00:00.000,Pova 7 Pro,16,O,-1.0000,pcs,33020.0000,-32194.7000,.0000,.00,-1.0000,-32524.70,-32194.70,Main Location,.0000,.0000
SI0001SI#001259,2026-03-18 00:00:00.000,Go 3 (4+64),16,O,-6.0000,pcs,12270.0000,-71746.4400,.0000,.00,-6.0000,-72515.70,-71746.44,Main Location,1155.0000,.0000
SI0001SI#001257,2026-03-18 00:00:00.000,Go 3 (4+64),16,O,-10.0000,pcs,11958.0000,-119577.4000,.0000,.00,-10.0000,-119580.00,-119577.40,Main Location,1155.0000,.0000
SI0001SI#001259,2026-03-18 00:00:00.000,Go 3 (4+128),16,O,-4.0000,pcs,13680.0000,-53323.7200,.0000,.00,-4.0000,-53899.20,-53323.72,Main Location,394.0000,.0000
SI0001SI#001259,2026-03-18 00:00:00.000,Camon 50 Ultra (8+256),16,O,-1.0000,pcs,40570.0000,-39551.7700,.0000,.00,-1.0000,-39961.45,-39551.77,Main Location,2.0000,.0000
SI0001SI#001256,2026-03-18 00:00:00.000,Camon 50 Ultra (12+256),16,O,-1.0000,pcs,47170.0000,-45986.7000,.0000,.00,-1.0000,-46462.45,-45986.70,Main Location,3.0000,.0000
SI0001SI#001260,2026-03-18 00:00:00.000,Camon 50 (8+256),16,O,-2.0000,pcs,33020.0000,-64389.4000,.0000,.00,-2.0000,-65049.40,-64389.40,Main Location,24.0000,.0000
SI0001SI#001260,2026-03-18 00:00:00.000,Camon 50 (8+128),16,O,-3.0000,pcs,29250.0000,-85548.5100,.0000,.00,-3.0000,-86433.75,-85548.51,Main Location,176.0000,.0000
SI0001SI#001258,2026-03-18 00:00:00.000,Camon 50 (8+128),16,O,-2.0000,pcs,29250.0000,-57032.3400,.0000,.00,-2.0000,-57330.00,-57032.34,Main Location,176.0000,.0000
PI0001PI#000157,2026-03-17 00:00:00.000,Spark40 (6+128),33,I,300.0000,pcs,15656.3300,4696899.0000,300.0000,4696899.00,.0000,.00,.00,Main Location,492.0000,300.0000
PI0001PI#000157,2026-03-17 00:00:00.000,Spark 40(8+256),33,I,10.0000,pcs,18392.6700,183926.7000,10.0000,183926.70,.0000,.00,.00,Main Location,64.0000,10.0000
SI0001SI#001253,2026-03-17 00:00:00.000,Pova Curve 2,16,O,-2.0000,pcs,34910.0000,-68077.9600,.0000,.00,-2.0000,-68772.70,-68077.96,Main Location,13.0000,.0000
PI0001PI#000157,2026-03-17 00:00:00.000,Pova Curve 2,33,I,15.0000,pcs,34038.9800,510584.7000,15.0000,510584.70,.0000,.00,.00,Main Location,13.0000,15.0000
SI0001SI#001253,2026-03-17 00:00:00.000,Pova Carve,16,O,-2.0000,pcs,31150.0000,-60740.9400,.0000,.00,-2.0000,-61365.50,-60740.94,Main Location,81.0000,.0000
PI0001PI#000157,2026-03-17 00:00:00.000,Pova Carve,33,I,10.0000,pcs,30370.4700,303704.7000,10.0000,303704.70,.0000,.00,.00,Main Location,81.0000,10.0000
SI0001SI#001254,2026-03-17 00:00:00.000,GO1 4+64,16,O,-2.0000,pcs,10390.0000,-20388.4200,.0000,.00,-2.0000,-20468.30,-20388.42,Main Location,9.0000,.0000
PI0001PI#000157,2026-03-17 00:00:00.000,Go 3 (4+64),33,I,150.0000,pcs,11957.7400,1793661.0000,150.0000,1793661.00,.0000,.00,.00,Main Location,1171.0000,150.0000
PI0001PI#000157,2026-03-17 00:00:00.000,Go 3 (4+128),33,I,180.0000,pcs,13330.9300,2399567.4000,180.0000,2399567.40,.0000,.00,.00,Main Location,398.0000,180.0000
SI0001SI#001252,2026-03-17 00:00:00.000,Camon 50 Ultra (8+256),16,O,-3.0000,pcs,40570.0000,-118655.3100,.0000,.00,-3.0000,-120492.90,-118655.31,Main Location,3.0000,.0000
SI0001SI#001253,2026-03-17 00:00:00.000,Camon 50 (8+256),16,O,-2.0000,pcs,33020.0000,-64389.4000,.0000,.00,-2.0000,-65049.40,-64389.40,Main Location,26.0000,.0000
PI0001PI#000157,2026-03-17 00:00:00.000,Camon 50 (8+256),33,I,15.0000,pcs,32194.7000,482920.5000,15.0000,482920.50,.0000,.00,.00,Main Location,26.0000,15.0000
SI0001SI#001255,2026-03-17 00:00:00.000,Camon 50 (8+128),16,O,-4.0000,pcs,29250.0000,-114064.6800,.0000,.00,-4.0000,-115245.00,-114064.68,Main Location,181.0000,.0000
SI0001SI#001254,2026-03-17 00:00:00.000,Camon 50 (8+128),16,O,-4.0000,pcs,29250.0000,-114064.6800,.0000,.00,-4.0000,-115245.00,-114064.68,Main Location,181.0000,.0000
PI0001PI#000157,2026-03-17 00:00:00.000,Camon 50 (8+128),33,I,30.0000,pcs,28516.1700,855485.1000,30.0000,855485.10,.0000,.00,.00,Main Location,181.0000,30.0000
SI0001SI#001251,2026-03-16 00:00:00.000,Spark40 (6+128),16,O,-40.0000,pcs,15656.0000,-621860.3195,.0000,.00,-40.0000,-626240.00,-621860.32,Main Location,192.0000,.0000
SI0001SI#001247,2026-03-16 00:00:00.000,Spark40 (6+128),16,O,-3.0000,pcs,15656.0000,-46639.5240,.0000,.00,-3.0000,-46968.00,-46639.52,Main Location,192.0000,.0000
PI0001PI#000156,2026-03-16 00:00:00.000,Spark40 (6+128),33,I,20.0000,pcs,15656.3300,313126.6000,20.0000,313126.60,.0000,.00,.00,Main Location,192.0000,20.0000
SI0001SI#001251,2026-03-16 00:00:00.000,Pova Slim,16,O,-60.0000,pcs,27594.0000,-1655641.2000,.0000,.00,-60.0000,-1655640.00,-1655641.20,Main Location,91.0000,.0000
SI0001SI#001246,2026-03-16 00:00:00.000,Pova Slim,16,O,-2.0000,pcs,28300.0000,-55188.0400,.0000,.00,-2.0000,-55751.00,-55188.04,Main Location,91.0000,.0000
SI0001SI#001250,2026-03-16 00:00:00.000,Pova Carve,16,O,-2.0000,pcs,31150.0000,-60740.9400,.0000,.00,-2.0000,-61365.50,-60740.94,Main Location,73.0000,.0000
SI0001SI#001250,2026-03-16 00:00:00.000,GO1 4+128,16,O,-2.0000,pcs,11845.0000,-23165.0200,.0000,.00,-2.0000,-23334.65,-23165.02,Main Location,40.0000,.0000
SI0001SI#001251,2026-03-16 00:00:00.000,Go 3 (4+64),16,O,-180.0000,pcs,11958.0000,-2152393.2000,.0000,.00,-180.0000,-2152440.00,-2152393.20,Main Location,1021.0000,.0000
SI0001SI#001247,2026-03-16 00:00:00.000,Go 3 (4+64),16,O,-4.0000,pcs,11958.0000,-47830.9600,.0000,.00,-4.0000,-47832.00,-47830.96,Main Location,1021.0000,.0000
PI0001PI#000156,2026-03-16 00:00:00.000,Go 3 (4+64),33,I,100.0000,pcs,11957.7400,1195774.0000,100.0000,1195774.00,.0000,.00,.00,Main Location,1021.0000,100.0000
SI0001SI#001250,2026-03-16 00:00:00.000,Go 3 (4+128),16,O,-4.0000,pcs,13680.0000,-53323.7200,.0000,.00,-4.0000,-53899.20,-53323.72,Main Location,218.0000,.0000
SI0001SI#001247,2026-03-16 00:00:00.000,Go 3 (4+128),16,O,-2.0000,pcs,13333.0000,-26661.8600,.0000,.00,-2.0000,-26666.00,-26661.86,Main Location,218.0000,.0000
PI0001PI#000156,2026-03-16 00:00:00.000,Go 3 (4+128),33,I,30.0000,pcs,13330.9300,399927.9000,30.0000,399927.90,.0000,.00,.00,Main Location,218.0000,30.0000
SI0001SI#001249,2026-03-16 00:00:00.000,Camon 50 (8+256),16,O,-1.0000,pcs,33020.0000,-32194.7000,.0000,.00,-1.0000,-32524.70,-32194.70,Main Location,13.0000,.0000
SI0001SI#001248,2026-03-16 00:00:00.000,Camon 50 (8+256),16,O,-1.0000,pcs,33020.0000,-32194.7000,.0000,.00,-1.0000,-32524.70,-32194.70,Main Location,13.0000,.0000
SI0001SI#001246,2026-03-16 00:00:00.000,Camon 50 (8+256),16,O,-1.0000,pcs,33020.0000,-32194.7000,.0000,.00,-1.0000,-32524.70,-32194.70,Main Location,13.0000,.0000
SI0001SI#001245,2026-03-15 00:00:00.000,Spark40 (6+128),16,O,-2.0000,pcs,16050.0000,-31072.5840,.0000,.00,-2.0000,-31618.50,-31072.58,Main Location,215.0000,.0000
SI0001SI#001242,2026-03-15 00:00:00.000,Spark40 (6+128),16,O,-1.0000,pcs,16050.0000,-15536.2920,.0000,.00,-1.0000,-15809.25,-15536.29,Main Location,215.0000,.0000
SI0001SI#001243,2026-03-15 00:00:00.000,Spark 40 5G,16,O,-1.0000,pcs,16040.0000,-15636.2800,.0000,.00,-1.0000,-15799.40,-15636.28,Main Location,400.0000,.0000
SI0001SI#001245,2026-03-15 00:00:00.000,Pova Slim,16,O,-2.0000,pcs,28300.0000,-55188.0400,.0000,.00,-2.0000,-55751.00,-55188.04,Main Location,153.0000,.0000
SI0001SI#001243,2026-03-15 00:00:00.000,Pova Curve 2,16,O,-1.0000,pcs,34910.0000,-34038.9800,.0000,.00,-1.0000,-34386.35,-34038.98,Main Location,.0000,.0000
SI0001SI#001245,2026-03-15 00:00:00.000,Go 3 (4+64),16,O,-2.0000,pcs,12270.0000,-23915.4800,.0000,.00,-2.0000,-24171.90,-23915.48,Main Location,1105.0000,.0000
SI0001SI#001244,2026-03-15 00:00:00.000,Camon 50 Ultra (8+256),16,O,-2.0000,pcs,40570.0000,-79103.5400,.0000,.00,-2.0000,-80328.60,-79103.54,Main Location,6.0000,.0000
SI0001SI#001240,2026-03-15 00:00:00.000,Camon 50 Ultra (8+256),16,O,-1.0000,pcs,40570.0000,-39551.7700,.0000,.00,-1.0000,-39961.45,-39551.77,Main Location,6.0000,.0000
SI0001SI#001243,2026-03-15 00:00:00.000,Camon 50 (8+256),16,O,-1.0000,pcs,33020.0000,-32194.7000,.0000,.00,-1.0000,-32524.70,-32194.70,Main Location,16.0000,.0000
SI0001SI#001243,2026-03-15 00:00:00.000,Camon 50 (8+128),16,O,-2.0000,pcs,29250.0000,-57032.3400,.0000,.00,-2.0000,-57622.50,-57032.34,Main Location,159.0000,.0000
SI0001SI#001241,2026-03-15 00:00:00.000,Camon 50 (8+128),16,O,-1.0000,pcs,29250.0000,-28516.1700,.0000,.00,-1.0000,-28811.25,-28516.17,Main Location,159.0000,.0000
SI0001SI#001238,2026-03-14 00:00:00.000,Spark40 (6+128),16,O,-2.0000,pcs,16050.0000,-31072.5840,.0000,.00,-2.0000,-31618.50,-31072.58,Main Location,218.0000,.0000
SI0001SI#001236,2026-03-14 00:00:00.000,Spark 40(8+256),16,O,-3.0000,pcs,18880.0000,-51606.1250,.0000,.00,-3.0000,-55790.40,-51606.13,Main Location,54.0000,.0000
SI0001SI#001236,2026-03-14 00:00:00.000,GO1 4+64,16,O,-1.0000,pcs,10340.0000,-10194.2100,.0000,.00,-1.0000,-10184.90,-10194.21,Main Location,11.0000,.0000
SI0001SI#001239,2026-03-14 00:00:00.000,Go 3 (4+128),16,O,-1.0000,pcs,13330.0000,-13330.9300,.0000,.00,-1.0000,-13330.00,-13330.93,Main Location,194.0000,.0000
SI0001SI#001238,2026-03-14 00:00:00.000,Go 3 (4+128),16,O,-2.0000,pcs,13680.0000,-26661.8600,.0000,.00,-2.0000,-26949.60,-26661.86,Main Location,194.0000,.0000
SI0001SI#001236,2026-03-14 00:00:00.000,Go 3 (4+128),16,O,-2.0000,pcs,13680.0000,-26661.8600,.0000,.00,-2.0000,-26949.60,-26661.86,Main Location,194.0000,.0000
SI0001SI#001238,2026-03-14 00:00:00.000,Camon 50 Ultra (8+256),16,O,-1.0000,pcs,40570.0000,-39551.7700,.0000,.00,-1.0000,-39961.45,-39551.77,Main Location,9.0000,.0000
SI0001SI#001238,2026-03-14 00:00:00.000,Camon 50 (8+128),16,O,-2.0000,pcs,29250.0000,-57032.3400,.0000,.00,-2.0000,-57622.50,-57032.34,Main Location,162.0000,.0000
SI0001SI#001237,2026-03-14 00:00:00.000,Camon 50 (8+128),16,O,-1.0000,pcs,29250.0000,-28516.1700,.0000,.00,-1.0000,-28811.25,-28516.17,Main Location,162.0000,.0000
SI0001SI#001236,2026-03-14 00:00:00.000,Camon 50 (8+128),16,O,-2.0000,pcs,29250.0000,-57032.3400,.0000,.00,-2.0000,-57622.50,-57032.34,Main Location,162.0000,.0000
SI0001SI#001232,2026-03-13 00:00:00.000,Spark40 (6+128),16,O,-1.0000,pcs,16050.0000,-15536.2920,.0000,.00,-1.0000,-15809.25,-15536.29,Main Location,220.0000,.0000
SI0001SI#001216,2026-03-13 00:00:00.000,Spark40 (6+128),16,O,-5.0000,pcs,16050.0000,-77681.4599,.0000,.00,-5.0000,-79046.25,-77681.46,Main Location,220.0000,.0000
PI0001PI#000153,2026-03-13 00:00:00.000,Spark40 (6+128),33,I,5.0000,pcs,15656.3300,78281.6500,5.0000,78281.65,.0000,.00,.00,Main Location,220.0000,5.0000
SI0001SI#001235,2026-03-13 00:00:00.000,Spark 40 Pro,16,O,-2.0000,pcs,21700.0000,-41961.6695,.0000,.00,-2.0000,-42749.00,-41961.67,Main Location,11.0000,.0000
SI0001SI#001232,2026-03-13 00:00:00.000,Spark 40 Pro,16,O,-1.0000,pcs,21700.0000,-20980.8347,.0000,.00,-1.0000,-21374.50,-20980.83,Main Location,11.0000,.0000
SI0001SI#001235,2026-03-13 00:00:00.000,Spark 40 5G,16,O,-2.0000,pcs,16040.0000,-31272.5600,.0000,.00,-2.0000,-31598.80,-31272.56,Main Location,401.0000,.0000
SI0001SI#001229,2026-03-13 00:00:00.000,Pova Slim,16,O,-1.0000,pcs,28300.0000,-27594.0200,.0000,.00,-1.0000,-27875.50,-27594.02,Main Location,155.0000,.0000
SI0001SI#001227,2026-03-13 00:00:00.000,Pova Slim,16,O,-3.0000,pcs,27594.0000,-82782.0600,.0000,.00,-3.0000,-82782.00,-82782.06,Main Location,155.0000,.0000
SI0001SI#001231,2026-03-13 00:00:00.000,Pova 7 Pro,16,O,-1.0000,pcs,33020.0000,-32194.7000,.0000,.00,-1.0000,-32524.70,-32194.70,Main Location,1.0000,.0000
SI0001SI#001230,2026-03-13 00:00:00.000,Pova 7 Pro,16,O,-1.0000,pcs,33020.0000,-32194.7000,.0000,.00,-1.0000,-32524.70,-32194.70,Main Location,1.0000,.0000
SI0001SI#001228,2026-03-13 00:00:00.000,Go 3 (4+64),16,O,-5.0000,pcs,11958.0000,-59788.7000,.0000,.00,-5.0000,-59790.00,-59788.70,Main Location,1107.0000,.0000
SI0001SI#001227,2026-03-13 00:00:00.000,Go 3 (4+64),16,O,-20.0000,pcs,11958.0000,-239154.8000,.0000,.00,-20.0000,-239160.00,-239154.80,Main Location,1107.0000,.0000
PI0001PI#000155,2026-03-13 00:00:00.000,Go 3 (4+64),33,I,100.0000,pcs,11957.7400,1195774.0000,100.0000,1195774.00,.0000,.00,.00,Main Location,1107.0000,100.0000
SI0001SI#001216,2026-03-13 00:00:00.000,Go 3 (4+64),16,O,-5.0000,pcs,12270.0000,-59788.7000,.0000,.00,-5.0000,-60429.75,-59788.70,Main Location,1107.0000,.0000
PI0001PI#000153,2026-03-13 00:00:00.000,Go 3 (4+64),33,I,5.0000,pcs,11957.7400,59788.7000,5.0000,59788.70,.0000,.00,.00,Main Location,1107.0000,5.0000
SI0001SI#001234,2026-03-13 00:00:00.000,Camon 50 Ultra (8+256),16,O,-1.0000,pcs,40570.0000,-39551.7700,.0000,.00,-1.0000,-39961.45,-39551.77,Main Location,10.0000,.0000
SI0001SI#001233,2026-03-13 00:00:00.000,Camon 50 Ultra (8+256),16,O,-1.0000,pcs,40570.0000,-39551.7700,.0000,.00,-1.0000,-39961.45,-39551.77,Main Location,10.0000,.0000
SI0001SI#001234,2026-03-13 00:00:00.000,Camon 50 Ultra (12+256),16,O,-1.0000,pcs,47170.0000,-45986.7000,.0000,.00,-1.0000,-46462.45,-45986.70,Main Location,4.0000,.0000
SI0001SI#001233,2026-03-13 00:00:00.000,Camon 50 Ultra (12+256),16,O,-1.0000,pcs,47170.0000,-45986.7000,.0000,.00,-1.0000,-46462.45,-45986.70,Main Location,4.0000,.0000
SI0001SI#001235,2026-03-13 00:00:00.000,Camon 50 (8+128),16,O,-2.0000,pcs,29250.0000,-57032.3400,.0000,.00,-2.0000,-57622.50,-57032.34,Main Location,167.0000,.0000
SI0001SI#001227,2026-03-13 00:00:00.000,Camon 50 (8+128),16,O,-2.0000,pcs,28516.0000,-57032.3400,.0000,.00,-2.0000,-57032.00,-57032.34,Main Location,167.0000,.0000
SI0001SI#001226,2026-03-13 00:00:00.000,Camon 50 (8+128),16,O,-2.0000,pcs,29250.0000,-57032.3400,.0000,.00,-2.0000,-57622.50,-57032.34,Main Location,167.0000,.0000
SI0001SI#001224,2026-03-12 00:00:00.000,Spark40 (6+128),16,O,-2.0000,pcs,16050.0000,-31067.1524,.0000,.00,-2.0000,-31618.50,-31067.15,Main Location,221.0000,.0000
SI0001SI#001224,2026-03-12 00:00:00.000,Spark 40(8+256),16,O,-2.0000,pcs,18880.0000,-34404.0833,.0000,.00,-2.0000,-37193.60,-34404.08,Main Location,57.0000,.0000
SI0001SI#001223,2026-03-12 00:00:00.000,Spark 40 Pro,16,O,-7.0000,pcs,21700.0000,-146865.8432,.0000,.00,-7.0000,-149621.50,-146865.84,Main Location,14.0000,.0000
SI0001SI#001224,2026-03-12 00:00:00.000,Pova Slim,16,O,-1.0000,pcs,28300.0000,-27594.0200,.0000,.00,-1.0000,-27875.50,-27594.02,Main Location,159.0000,.0000
SI0001SI#001223,2026-03-12 00:00:00.000,Pova Slim,16,O,-1.0000,pcs,28300.0000,-27594.0200,.0000,.00,-1.0000,-27875.50,-27594.02,Main Location,159.0000,.0000
SI0001SI#001223,2026-03-12 00:00:00.000,Pova 7 Pro,16,O,-7.0000,pcs,33020.0000,-225362.9000,.0000,.00,-7.0000,-227672.90,-225362.90,Main Location,3.0000,.0000
SI0001SI#001225,2026-03-12 00:00:00.000,Go 3 (4+64),16,O,-10.0000,pcs,11598.0000,-119577.4000,.0000,.00,-10.0000,-115980.00,-119577.40,Main Location,1032.0000,.0000
SI0001SI#001225,2026-03-12 00:00:00.000,Go 3 (4+128),16,O,-10.0000,pcs,13331.0000,-133309.3000,.0000,.00,-10.0000,-133310.00,-133309.30,Main Location,199.0000,.0000
SI0001SI#001224,2026-03-12 00:00:00.000,Go 3 (4+128),16,O,-1.0000,pcs,13680.0000,-13330.9300,.0000,.00,-1.0000,-13474.80,-13330.93,Main Location,199.0000,.0000
SI0001SI#001223,2026-03-12 00:00:00.000,Camon 50 Ultra (8+256),16,O,-3.0000,pcs,40570.0000,-118655.3100,.0000,.00,-3.0000,-119884.35,-118655.31,Main Location,12.0000,.0000
PI0001PI#000154,2026-03-12 00:00:00.000,Camon 50 Ultra (8+256),33,I,15.0000,pcs,39551.7700,593276.5500,15.0000,593276.55,.0000,.00,.00,Main Location,12.0000,15.0000
SI0001SI#001223,2026-03-12 00:00:00.000,Camon 50 Ultra (12+256),16,O,-2.0000,pcs,47170.0000,-91973.4000,.0000,.00,-2.0000,-92924.90,-91973.40,Main Location,6.0000,.0000
PI0001PI#000154,2026-03-12 00:00:00.000,Camon 50 Ultra (12+256),33,I,8.0000,pcs,45986.7000,367893.6000,8.0000,367893.60,.0000,.00,.00,Main Location,6.0000,8.0000
SI0001SI#001225,2026-03-12 00:00:00.000,Camon 50 (8+128),16,O,-2.0000,pcs,28516.0000,-57032.3400,.0000,.00,-2.0000,-57032.00,-57032.34,Main Location,173.0000,.0000
SI0001SI#001221,2026-03-11 00:00:00.000,Spark40 (6+128),16,O,-4.0000,pcs,15656.0000,-62134.3048,.0000,.00,-4.0000,-62624.00,-62134.30,Main Location,223.0000,.0000
SI0001SI#001220,2026-03-11 00:00:00.000,Spark40 (6+128),16,O,-2.0000,pcs,16050.0000,-31067.1524,.0000,.00,-2.0000,-31618.50,-31067.15,Main Location,223.0000,.0000
SI0001SI#001217,2026-03-11 00:00:00.000,Spark 40(8+256),16,O,-2.0000,pcs,18880.0000,-34404.0833,.0000,.00,-2.0000,-37193.60,-34404.08,Main Location,59.0000,.0000
SI0001SI#001221,2026-03-11 00:00:00.000,Spark 40 Pro,16,O,-1.0000,pcs,21149.0000,-20980.8347,.0000,.00,-1.0000,-21149.00,-20980.83,Main Location,21.0000,.0000
SI0001SI#001217,2026-03-11 00:00:00.000,Spark 40 Pro,16,O,-2.0000,pcs,21700.0000,-41961.6695,.0000,.00,-2.0000,-42749.00,-41961.67,Main Location,21.0000,.0000
SI0001SI#001222,2026-03-11 00:00:00.000,Pova Slim,16,O,-1.0000,pcs,28300.0000,-27594.0200,.0000,.00,-1.0000,-27875.50,-27594.02,Main Location,161.0000,.0000
SI0001SI#001220,2026-03-11 00:00:00.000,Pova Slim,16,O,-1.0000,pcs,28300.0000,-27594.0200,.0000,.00,-1.0000,-27875.50,-27594.02,Main Location,161.0000,.0000
SI0001SI#001217,2026-03-11 00:00:00.000,Pova Slim,16,O,-2.0000,pcs,28300.0000,-55188.0400,.0000,.00,-2.0000,-55751.00,-55188.04,Main Location,161.0000,.0000
SI0001SI#001219,2026-03-11 00:00:00.000,Pova Curve 2,16,O,-1.0000,pcs,34910.0000,-34038.9800,.0000,.00,-1.0000,-34386.35,-34038.98,Main Location,1.0000,.0000
SI0001SI#001222,2026-03-11 00:00:00.000,Pova Carve,16,O,-1.0000,pcs,31150.0000,-30370.4700,.0000,.00,-1.0000,-30682.75,-30370.47,Main Location,75.0000,.0000
SI0001SI#001219,2026-03-11 00:00:00.000,Pova Carve,16,O,-1.0000,pcs,31150.0000,-30370.4700,.0000,.00,-1.0000,-30682.75,-30370.47,Main Location,75.0000,.0000
SI0001SI#001221,2026-03-11 00:00:00.000,Go 3 (4+64),16,O,-4.0000,pcs,11958.0000,-47830.9600,.0000,.00,-4.0000,-47832.00,-47830.96,Main Location,1042.0000,.0000
SI0001SI#001220,2026-03-11 00:00:00.000,Go 3 (4+64),16,O,-1.0000,pcs,12270.0000,-11957.7400,.0000,.00,-1.0000,-12085.95,-11957.74,Main Location,1042.0000,.0000
SI0001SI#001217,2026-03-11 00:00:00.000,Go 3 (4+64),16,O,-2.0000,pcs,12270.0000,-23915.4800,.0000,.00,-2.0000,-24171.90,-23915.48,Main Location,1042.0000,.0000
SI0001SI#001217,2026-03-11 00:00:00.000,Go 3 (4+128),16,O,-2.0000,pcs,13680.0000,-26661.8600,.0000,.00,-2.0000,-26949.60,-26661.86,Main Location,210.0000,.0000
SI0001SI#001221,2026-03-11 00:00:00.000,Camon 50 (8+256),16,O,-2.0000,pcs,32195.0000,-64389.4000,.0000,.00,-2.0000,-64390.00,-64389.40,Main Location,17.0000,.0000
SI0001SI#001219,2026-03-11 00:00:00.000,Camon 50 (8+256),16,O,-1.0000,pcs,33020.0000,-32194.7000,.0000,.00,-1.0000,-32524.70,-32194.70,Main Location,17.0000,.0000
SI0001SI#001217,2026-03-11 00:00:00.000,Camon 50 (8+256),16,O,-1.0000,pcs,33020.0000,-32194.7000,.0000,.00,-1.0000,-32524.70,-32194.70,Main Location,17.0000,.0000
SI0001SI#001221,2026-03-11 00:00:00.000,Camon 50 (8+128),16,O,-3.0000,pcs,28516.0000,-85548.5100,.0000,.00,-3.0000,-85548.00,-85548.51,Main Location,175.0000,.0000
SI0001SI#001220,2026-03-11 00:00:00.000,Camon 50 (8+128),16,O,-1.0000,pcs,29250.0000,-28516.1700,.0000,.00,-1.0000,-28811.25,-28516.17,Main Location,175.0000,.0000
SI0001SI#001218,2026-03-11 00:00:00.000,Camon 50 (8+128),16,O,-2.0000,pcs,29250.0000,-57032.3400,.0000,.00,-2.0000,-57622.50,-57032.34,Main Location,175.0000,.0000
SI0001SI#001217,2026-03-11 00:00:00.000,Camon 50 (8+128),16,O,-3.0000,pcs,29250.0000,-85548.5100,.0000,.00,-3.0000,-86433.75,-85548.51,Main Location,175.0000,.0000
SI0001SI#001214,2026-03-10 00:00:00.000,Spark40 (6+128),16,O,-30.0000,pcs,15657.0000,-466007.2858,.0000,.00,-30.0000,-469710.00,-466007.29,Main Location,229.0000,.0000
SI0001SI#001210,2026-03-10 00:00:00.000,Spark40 (6+128),16,O,-1.0000,pcs,16050.0000,-15533.5762,.0000,.00,-1.0000,-15809.25,-15533.58,Main Location,229.0000,.0000
PI0001PI#000152,2026-03-10 00:00:00.000,Spark40 (6+128),33,I,50.0000,pcs,15656.3300,782816.5000,50.0000,782816.50,.0000,.00,.00,Main Location,229.0000,50.0000
SI0001SI#001210,2026-03-10 00:00:00.000,Spark 40(8+256),16,O,-1.0000,pcs,18880.0000,-17202.0417,.0000,.00,-1.0000,-18596.80,-17202.04,Main Location,61.0000,.0000
SI0001SI#001213,2026-03-10 00:00:00.000,Spark 40 Pro,16,O,-80.0000,pcs,21700.0000,-1678466.7793,.0000,.00,-80.0000,-1709960.00,-1678466.78,Main Location,24.0000,.0000
SI0001SI#001212,2026-03-10 00:00:00.000,Spark 40 Pro,16,O,-5.0000,pcs,21700.0000,-104904.1737,.0000,.00,-5.0000,-106330.00,-104904.17,Main Location,24.0000,.0000
SI0001SI#001215,2026-03-10 00:00:00.000,Pova Carve,16,O,-2.0000,pcs,31150.0000,-60740.9400,.0000,.00,-2.0000,-61365.50,-60740.94,Main Location,77.0000,.0000
PI0001PI#000152,2026-03-10 00:00:00.000,Pova 7 Pro,33,I,10.0000,pcs,32194.7000,321947.0000,10.0000,321947.00,.0000,.00,.00,Main Location,10.0000,10.0000
SI0001SI#001210,2026-03-10 00:00:00.000,Go 3 (4+64),16,O,-1.0000,pcs,12270.0000,-11957.7400,.0000,.00,-1.0000,-12085.95,-11957.74,Main Location,1049.0000,.0000
PI0001PI#000152,2026-03-10 00:00:00.000,Go 3 (4+64),33,I,25.0000,pcs,11957.7400,298943.5000,25.0000,298943.50,.0000,.00,.00,Main Location,1049.0000,25.0000
PI0001PI#000152,2026-03-10 00:00:00.000,Go 3 (4+128),33,I,25.0000,pcs,13330.9300,333273.2500,25.0000,333273.25,.0000,.00,.00,Main Location,212.0000,25.0000
SI0001SI#001211,2026-03-10 00:00:00.000,Camon 50 (8+128),16,O,-1.0000,pcs,29250.0000,-28516.1700,.0000,.00,-1.0000,-28811.25,-28516.17,Main Location,184.0000,.0000
SI0001SI#001209,2026-03-09 00:00:00.000,Spark40 (6+128),16,O,-5.0000,pcs,16050.0000,-77521.7455,.0000,.00,-5.0000,-79046.25,-77521.75,Main Location,210.0000,.0000
PI0001PI#000151,2026-03-09 00:00:00.000,Spark40 (6+128),33,I,30.0000,pcs,15656.3300,469689.9000,30.0000,469689.90,.0000,.00,.00,Main Location,210.0000,30.0000
SI0001SI#001209,2026-03-09 00:00:00.000,Spark 40(8+256),16,O,-5.0000,pcs,18880.0000,-86010.2084,.0000,.00,-5.0000,-92984.00,-86010.21,Main Location,62.0000,.0000
SI0001SI#001209,2026-03-09 00:00:00.000,Spark 40 Pro,16,O,-5.0000,pcs,21700.0000,-104904.1737,.0000,.00,-5.0000,-106872.50,-104904.17,Main Location,109.0000,.0000
PI0001PI#000151,2026-03-09 00:00:00.000,Pova Carve,33,I,10.0000,pcs,30370.4700,303704.7000,10.0000,303704.70,.0000,.00,.00,Main Location,79.0000,10.0000
SI0001SI#001209,2026-03-09 00:00:00.000,Go 3 (4+64),16,O,-5.0000,pcs,12270.0000,-59788.7000,.0000,.00,-5.0000,-60429.75,-59788.70,Main Location,1025.0000,.0000
SI0001SI#001209,2026-03-09 00:00:00.000,Go 3 (4+128),16,O,-5.0000,pcs,13680.0000,-66654.6500,.0000,.00,-5.0000,-67374.00,-66654.65,Main Location,187.0000,.0000
PI0001PI#000151,2026-03-09 00:00:00.000,Go 3 (4+128),33,I,25.0000,pcs,13330.9300,333273.2500,25.0000,333273.25,.0000,.00,.00,Main Location,187.0000,25.0000
SI0001SI#001205,2026-03-08 00:00:00.000,Spark40 (6+128),16,O,-10.0000,pcs,15657.0000,-154797.0355,.0000,.00,-10.0000,-156570.00,-154797.04,Main Location,185.0000,.0000
SI0001SI#001203,2026-03-08 00:00:00.000,Spark40 (6+128),16,O,-1.0000,pcs,16050.0000,-15479.7035,.0000,.00,-1.0000,-15729.00,-15479.70,Main Location,185.0000,.0000
SI0001SI#001208,2026-03-08 00:00:00.000,Spark 40(8+256),16,O,-2.0000,pcs,18880.0000,-34404.0833,.0000,.00,-2.0000,-37193.60,-34404.08,Main Location,67.0000,.0000
SI0001SI#001206,2026-03-08 00:00:00.000,Spark 40 Pro,16,O,-10.0000,pcs,21700.0000,-209808.3474,.0000,.00,-10.0000,-213745.00,-209808.35,Main Location,114.0000,.0000
SI0001SI#001203,2026-03-08 00:00:00.000,Spark 40 Pro,16,O,-2.0000,pcs,21700.0000,-41961.6695,.0000,.00,-2.0000,-42532.00,-41961.67,Main Location,114.0000,.0000
SI0001SI#001204,2026-03-08 00:00:00.000,Pova Slim,16,O,-1.0000,pcs,28300.0000,-27594.0200,.0000,.00,-1.0000,-27875.50,-27594.02,Main Location,165.0000,.0000
SI0001SI#001207,2026-03-08 00:00:00.000,Pova Curve 2,16,O,-1.0000,pcs,34910.0000,-34038.9800,.0000,.00,-1.0000,-34386.35,-34038.98,Main Location,2.0000,.0000
SI0001SI#001208,2026-03-08 00:00:00.000,Go2,16,O,-4.0000,pcs,10390.0000,-40574.4348,.0000,.00,-4.0000,-40936.60,-40574.43,Main Location,3.0000,.0000
SI0001SI#001204,2026-03-08 00:00:00.000,Camon 50 (8+256),16,O,-1.0000,pcs,33020.0000,-32194.7000,.0000,.00,-1.0000,-32524.70,-32194.70,Main Location,21.0000,.0000
SI0001SI#001208,2026-03-08 00:00:00.000,Camon 50 (8+128),16,O,-4.0000,pcs,29250.0000,-114064.6800,.0000,.00,-4.0000,-115245.00,-114064.68,Main Location,185.0000,.0000
SI0001SI#001204,2026-03-08 00:00:00.000,Camon 50 (8+128),16,O,-2.0000,pcs,29250.0000,-57032.3400,.0000,.00,-2.0000,-57622.50,-57032.34,Main Location,185.0000,.0000
SI0001SI#001202,2026-03-08 00:00:00.000,Camon 50 (8+128),16,O,-1.0000,pcs,29250.0000,-28516.1700,.0000,.00,-1.0000,-28811.25,-28516.17,Main Location,185.0000,.0000
SI0001SI#001200,2026-03-07 00:00:00.000,Spark40 (6+128),16,O,-2.0000,pcs,16050.0000,-30959.4071,.0000,.00,-2.0000,-31779.00,-30959.41,Main Location,196.0000,.0000
SI0001SI#001200,2026-03-07 00:00:00.000,Spark 40(8+256),16,O,-1.0000,pcs,18880.0000,-17202.0417,.0000,.00,-1.0000,-18691.20,-17202.04,Main Location,69.0000,.0000
SI0001SI#001201,2026-03-07 00:00:00.000,Go 3 (4+64),16,O,-5.0000,pcs,11958.0000,-59788.7000,.0000,.00,-5.0000,-59790.00,-59788.70,Main Location,1030.0000,.0000
SI0001SI#001196,2026-03-06 00:00:00.000,Spark40 Pro Pius,16,O,-1.0000,pcs,23590.0000,-22993.3400,.0000,.00,-1.0000,-23236.15,-22993.34,Main Location,1.0000,.0000
SI0001SI#001199,2026-03-06 00:00:00.000,Spark40 (6+128),16,O,-1.0000,pcs,16050.0000,-15479.7035,.0000,.00,-1.0000,-15809.25,-15479.70,Main Location,198.0000,.0000
SI0001SI#001198,2026-03-06 00:00:00.000,Spark40 (6+128),16,O,-1.0000,pcs,16050.0000,-15479.7035,.0000,.00,-1.0000,-15809.25,-15479.70,Main Location,198.0000,.0000
SI0001SI#001198,2026-03-06 00:00:00.000,Spark 40(8+256),16,O,-2.0000,pcs,18880.0000,-34404.0834,.0000,.00,-2.0000,-37193.60,-34404.08,Main Location,70.0000,.0000
SI0001SI#001197,2026-03-06 00:00:00.000,Spark 40 Pro,16,O,-5.0000,pcs,21150.0000,-104904.1737,.0000,.00,-5.0000,-105750.00,-104904.17,Main Location,126.0000,.0000
SI0001SI#001199,2026-03-06 00:00:00.000,Pova Carve,16,O,-1.0000,pcs,31150.0000,-30370.4700,.0000,.00,-1.0000,-30682.75,-30370.47,Main Location,69.0000,.0000
SI0001SI#001198,2026-03-06 00:00:00.000,Go 3 (4+64),16,O,-3.0000,pcs,12270.0000,-35873.2200,.0000,.00,-3.0000,-36257.85,-35873.22,Main Location,1035.0000,.0000
SI0001SI#001198,2026-03-06 00:00:00.000,Go 3 (4+128),16,O,-2.0000,pcs,13680.0000,-26661.8600,.0000,.00,-2.0000,-26949.60,-26661.86,Main Location,167.0000,.0000
SI0001SI#001199,2026-03-06 00:00:00.000,Camon 50 (8+128),16,O,-1.0000,pcs,29250.0000,-28516.1700,.0000,.00,-1.0000,-28811.25,-28516.17,Main Location,192.0000,.0000
SI0001SI#001198,2026-03-06 00:00:00.000,Camon 50 (8+128),16,O,-1.0000,pcs,29250.0000,-28516.1700,.0000,.00,-1.0000,-28811.25,-28516.17,Main Location,192.0000,.0000
SI0001SI#001192,2026-03-05 00:00:00.000,Spark40 (6+128),16,O,-3.0000,pcs,16050.0000,-46439.1106,.0000,.00,-3.0000,-47427.75,-46439.11,Main Location,200.0000,.0000
SI0001SI#001192,2026-03-05 00:00:00.000,Spark 40(8+256),16,O,-2.0000,pcs,18880.0000,-34404.0834,.0000,.00,-2.0000,-37193.60,-34404.08,Main Location,72.0000,.0000
SI0001SI#001195,2026-03-05 00:00:00.000,Spark 40 Pro,16,O,-4.0000,pcs,21700.0000,-83923.3390,.0000,.00,-4.0000,-85498.00,-83923.34,Main Location,131.0000,.0000
SI0001SI#001192,2026-03-05 00:00:00.000,Spark 40 Pro,16,O,-2.0000,pcs,21700.0000,-41961.6695,.0000,.00,-2.0000,-42749.00,-41961.67,Main Location,131.0000,.0000
SI0001SI#001194,2026-03-05 00:00:00.000,Pova Slim,16,O,-1.0000,pcs,28300.0000,-27594.0200,.0000,.00,-1.0000,-27875.50,-27594.02,Main Location,166.0000,.0000
SI0001SI#001192,2026-03-05 00:00:00.000,Pova Slim,16,O,-1.0000,pcs,28300.0000,-27594.0200,.0000,.00,-1.0000,-27875.50,-27594.02,Main Location,166.0000,.0000
SI0001SI#001194,2026-03-05 00:00:00.000,Pova Curve 2,16,O,-1.0000,pcs,34910.0000,-34038.9800,.0000,.00,-1.0000,-34386.35,-34038.98,Main Location,3.0000,.0000
SI0001SI#001195,2026-03-05 00:00:00.000,Go2,16,O,-1.0000,pcs,10390.0000,-10143.6087,.0000,.00,-1.0000,-10234.15,-10143.61,Main Location,7.0000,.0000
SI0001SI#001194,2026-03-05 00:00:00.000,GO1 3+64,16,O,-2.0000,pcs,9430.0000,-18545.2000,.0000,.00,-2.0000,-18860.00,-18545.20,Main Location,2.0000,.0000
SI0001SI#001194,2026-03-05 00:00:00.000,Go 3 (4+64),16,O,-2.0000,pcs,12270.0000,-23915.4800,.0000,.00,-2.0000,-24171.90,-23915.48,Main Location,1038.0000,.0000
SI0001SI#001192,2026-03-05 00:00:00.000,Go 3 (4+64),16,O,-3.0000,pcs,12270.0000,-35873.2200,.0000,.00,-3.0000,-36257.85,-35873.22,Main Location,1038.0000,.0000
SI0001SI#001191,2026-03-05 00:00:00.000,Go 3 (4+64),16,O,-6.0000,pcs,11958.0000,-71746.4400,.0000,.00,-6.0000,-71748.00,-71746.44,Main Location,1038.0000,.0000
SI0001SI#001192,2026-03-05 00:00:00.000,Go 3 (4+128),16,O,-2.0000,pcs,13680.0000,-26661.8600,.0000,.00,-2.0000,-26949.60,-26661.86,Main Location,169.0000,.0000
SI0001SI#001191,2026-03-05 00:00:00.000,Go 3 (4+128),16,O,-2.0000,pcs,13331.0000,-26661.8600,.0000,.00,-2.0000,-26662.00,-26661.86,Main Location,169.0000,.0000
SI0001SI#001193,2026-03-05 00:00:00.000,Camon 50 (8+256),16,O,-1.0000,pcs,33020.0000,-32194.7000,.0000,.00,-1.0000,-32359.60,-32194.70,Main Location,22.0000,.0000
SI0001SI#001193,2026-03-05 00:00:00.000,Camon 50 (8+128),16,O,-1.0000,pcs,29250.0000,-28516.1700,.0000,.00,-1.0000,-28665.00,-28516.17,Main Location,194.0000,.0000
SI0001SI#001192,2026-03-05 00:00:00.000,Camon 50 (8+128),16,O,-1.0000,pcs,29250.0000,-28516.1700,.0000,.00,-1.0000,-28811.25,-28516.17,Main Location,194.0000,.0000
SI0001SI#001188,2026-03-04 00:00:00.000,Spark40 (6+128),16,O,-1.0000,pcs,16050.0000,-15479.7035,.0000,.00,-1.0000,-15809.25,-15479.70,Main Location,203.0000,.0000
SI0001SI#001190,2026-03-04 00:00:00.000,Pova Slim,16,O,-3.0000,pcs,28300.0000,-82782.0600,.0000,.00,-3.0000,-83626.50,-82782.06,Main Location,168.0000,.0000
SI0001SI#001190,2026-03-04 00:00:00.000,Pova Curve 2,16,O,-3.0000,pcs,34910.0000,-102116.9400,.0000,.00,-3.0000,-103159.05,-102116.94,Main Location,4.0000,.0000
SI0001SI#001188,2026-03-04 00:00:00.000,Pova Curve 2,16,O,-1.0000,pcs,34910.0000,-34038.9800,.0000,.00,-1.0000,-34386.35,-34038.98,Main Location,4.0000,.0000
SI0001SI#001190,2026-03-04 00:00:00.000,Pova Carve,16,O,-3.0000,pcs,31150.0000,-91111.4100,.0000,.00,-3.0000,-92048.25,-91111.41,Main Location,70.0000,.0000
SI0001SI#001190,2026-03-04 00:00:00.000,Camon 50 (8+256),16,O,-3.0000,pcs,33020.0000,-96584.1000,.0000,.00,-3.0000,-97574.10,-96584.10,Main Location,23.0000,.0000
SI0001SI#001189,2026-03-04 00:00:00.000,Camon 50 (8+128),16,O,-1.0000,pcs,29250.0000,-28516.1700,.0000,.00,-1.0000,-28811.25,-28516.17,Main Location,196.0000,.0000
SI0001SI#001188,2026-03-04 00:00:00.000,Camon 50 (8+128),16,O,-2.0000,pcs,29250.0000,-57032.3400,.0000,.00,-2.0000,-57622.50,-57032.34,Main Location,196.0000,.0000
SI0001SI#001183,2026-03-03 00:00:00.000,Spark40 (6+128),16,O,-2.0000,pcs,16050.0000,-30959.4071,.0000,.00,-2.0000,-31618.50,-30959.41,Main Location,204.0000,.0000
SI0001SI#001182,2026-03-03 00:00:00.000,Spark40 (6+128),16,O,-3.0000,pcs,16050.0000,-46439.1106,.0000,.00,-3.0000,-47427.75,-46439.11,Main Location,204.0000,.0000
SI0001SI#001185,2026-03-03 00:00:00.000,Spark 40(8+256),16,O,-10.0000,pcs,18393.0000,-172020.4168,.0000,.00,-10.0000,-183930.00,-172020.42,Main Location,74.0000,.0000
SI0001SI#001182,2026-03-03 00:00:00.000,Spark 40(8+256),16,O,-3.0000,pcs,18880.0000,-51606.1250,.0000,.00,-3.0000,-55790.40,-51606.13,Main Location,74.0000,.0000
SI0001SI#001182,2026-03-03 00:00:00.000,Spark 40 Pro,16,O,-2.0000,pcs,21700.0000,-41961.6695,.0000,.00,-2.0000,-42749.00,-41961.67,Main Location,137.0000,.0000
SI0001SI#001183,2026-03-03 00:00:00.000,Pova Slim,16,O,-1.0000,pcs,28300.0000,-27594.0200,.0000,.00,-1.0000,-27875.50,-27594.02,Main Location,171.0000,.0000
SI0001SI#001187,2026-03-03 00:00:00.000,Pova Curve 2,16,O,-1.0000,pcs,34910.0000,-34038.9800,.0000,.00,-1.0000,-34560.90,-34038.98,Main Location,8.0000,.0000
SI0001SI#001182,2026-03-03 00:00:00.000,Pova Carve,16,O,-1.0000,pcs,31150.0000,-30370.4700,.0000,.00,-1.0000,-30725.50,-30370.47,Main Location,73.0000,.0000
SI0001SI#001186,2026-03-03 00:00:00.000,Go 3 (4+64),16,O,-15.0000,pcs,12270.0000,-179366.1000,.0000,.00,-15.0000,-184050.00,-179366.10,Main Location,1049.0000,.0000
SI0001SI#001185,2026-03-03 00:00:00.000,Go 3 (4+64),16,O,-25.0000,pcs,11958.0000,-298943.5000,.0000,.00,-25.0000,-298950.00,-298943.50,Main Location,1049.0000,.0000
SI0001SI#001184,2026-03-03 00:00:00.000,Go 3 (4+64),16,O,-2.0000,pcs,12270.0000,-23915.4800,.0000,.00,-2.0000,-24171.90,-23915.48,Main Location,1049.0000,.0000
SI0001SI#001183,2026-03-03 00:00:00.000,Go 3 (4+64),16,O,-2.0000,pcs,12270.0000,-23915.4800,.0000,.00,-2.0000,-24171.90,-23915.48,Main Location,1049.0000,.0000
SI0001SI#001182,2026-03-03 00:00:00.000,Go 3 (4+64),16,O,-3.0000,pcs,12270.0000,-35873.2200,.0000,.00,-3.0000,-36257.85,-35873.22,Main Location,1049.0000,.0000
SI0001SI#001185,2026-03-03 00:00:00.000,Go 3 (4+128),16,O,-10.0000,pcs,13331.0000,-133309.3000,.0000,.00,-10.0000,-133310.00,-133309.30,Main Location,173.0000,.0000
SI0001SI#001184,2026-03-03 00:00:00.000,Go 3 (4+128),16,O,-1.0000,pcs,13680.0000,-13330.9300,.0000,.00,-1.0000,-13474.80,-13330.93,Main Location,173.0000,.0000
SI0001SI#001183,2026-03-03 00:00:00.000,Go 3 (4+128),16,O,-1.0000,pcs,13680.0000,-13330.9300,.0000,.00,-1.0000,-13474.80,-13330.93,Main Location,173.0000,.0000
SI0001SI#001182,2026-03-03 00:00:00.000,Go 3 (4+128),16,O,-3.0000,pcs,13680.0000,-39992.7900,.0000,.00,-3.0000,-40424.40,-39992.79,Main Location,173.0000,.0000
SI0001SI#001187,2026-03-03 00:00:00.000,Camon 50 (8+256),16,O,-1.0000,pcs,33020.0000,-32194.7000,.0000,.00,-1.0000,-32689.80,-32194.70,Main Location,26.0000,.0000
SI0001SI#001183,2026-03-03 00:00:00.000,Camon 50 (8+128),16,O,-1.0000,pcs,29250.0000,-28516.1700,.0000,.00,-1.0000,-28811.25,-28516.17,Main Location,199.0000,.0000
SI0001SI#001181,2026-03-02 00:00:00.000,Spark40 (6+128),16,O,-5.0000,pcs,16050.0000,-77398.5177,.0000,.00,-5.0000,-79046.25,-77398.52,Main Location,209.0000,.0000
SI0001SI#001180,2026-03-02 00:00:00.000,Spark40 (6+128),16,O,-2.0000,pcs,16050.0000,-30959.4071,.0000,.00,-2.0000,-31618.50,-30959.41,Main Location,209.0000,.0000
SI0001SI#001178,2026-03-02 00:00:00.000,Spark40 (6+128),16,O,-2.0000,pcs,16050.0000,-30959.4071,.0000,.00,-2.0000,-31779.00,-30959.41,Main Location,209.0000,.0000
SI0001SI#001177,2026-03-02 00:00:00.000,Spark40 (6+128),16,O,-2.0000,pcs,16050.0000,-30959.4071,.0000,.00,-2.0000,-31618.50,-30959.41,Main Location,209.0000,.0000
SI0001SI#001176,2026-03-02 00:00:00.000,Spark40 (6+128),16,O,-1.0000,pcs,16050.0000,-15479.7035,.0000,.00,-1.0000,-15809.25,-15479.70,Main Location,209.0000,.0000
SI0001SI#001175,2026-03-02 00:00:00.000,Spark40 (6+128),16,O,-2.0000,pcs,16050.0000,-30959.4071,.0000,.00,-2.0000,-31618.50,-30959.41,Main Location,209.0000,.0000
SI0001SI#001174,2026-03-02 00:00:00.000,Spark40 (6+128),16,O,-2.0000,pcs,16050.0000,-30959.4071,.0000,.00,-2.0000,-31618.50,-30959.41,Main Location,209.0000,.0000
SI0001SI#001173,2026-03-02 00:00:00.000,Spark40 (6+128),16,O,-2.0000,pcs,16050.0000,-30959.4071,.0000,.00,-2.0000,-31618.50,-30959.41,Main Location,209.0000,.0000
SI0001SI#001172,2026-03-02 00:00:00.000,Spark40 (6+128),16,O,-1.0000,pcs,16050.0000,-15479.7035,.0000,.00,-1.0000,-15809.25,-15479.70,Main Location,209.0000,.0000
SI0001SI#001181,2026-03-02 00:00:00.000,Spark 40(8+256),16,O,-2.0000,pcs,18880.0000,-34404.0833,.0000,.00,-2.0000,-37193.60,-34404.08,Main Location,87.0000,.0000
SI0001SI#001178,2026-03-02 00:00:00.000,Spark 40(8+256),16,O,-2.0000,pcs,18880.0000,-34404.0833,.0000,.00,-2.0000,-37382.40,-34404.08,Main Location,87.0000,.0000
SI0001SI#001177,2026-03-02 00:00:00.000,Spark 40(8+256),16,O,-2.0000,pcs,18880.0000,-34404.0833,.0000,.00,-2.0000,-37193.60,-34404.08,Main Location,87.0000,.0000
SI0001SI#001176,2026-03-02 00:00:00.000,Spark 40(8+256),16,O,-1.0000,pcs,18880.0000,-17202.0417,.0000,.00,-1.0000,-18596.80,-17202.04,Main Location,87.0000,.0000
SI0001SI#001181,2026-03-02 00:00:00.000,Spark 40 Pro,16,O,-2.0000,pcs,21700.0000,-41961.6695,.0000,.00,-2.0000,-42749.00,-41961.67,Main Location,139.0000,.0000
SI0001SI#001177,2026-03-02 00:00:00.000,Spark 40 Pro,16,O,-1.0000,pcs,21700.0000,-20980.8347,.0000,.00,-1.0000,-21374.50,-20980.83,Main Location,139.0000,.0000
SI0001SI#001176,2026-03-02 00:00:00.000,Spark 40 Pro,16,O,-1.0000,pcs,21700.0000,-20980.8347,.0000,.00,-1.0000,-21374.50,-20980.83,Main Location,139.0000,.0000
SI0001SI#001174,2026-03-02 00:00:00.000,Spark 40 Pro,16,O,-1.0000,pcs,21700.0000,-20980.8347,.0000,.00,-1.0000,-21374.50,-20980.83,Main Location,139.0000,.0000
SI0001SI#001173,2026-03-02 00:00:00.000,Spark 40 Pro,16,O,-1.0000,pcs,21700.0000,-20980.8347,.0000,.00,-1.0000,-21374.50,-20980.83,Main Location,139.0000,.0000
SI0001SI#001172,2026-03-02 00:00:00.000,Spark 40 Pro,16,O,-1.0000,pcs,21700.0000,-20980.8347,.0000,.00,-1.0000,-21374.50,-20980.83,Main Location,139.0000,.0000
SI0001SI#001181,2026-03-02 00:00:00.000,Pova Slim,16,O,-1.0000,pcs,28300.0000,-27594.0200,.0000,.00,-1.0000,-27875.50,-27594.02,Main Location,172.0000,.0000
SI0001SI#001180,2026-03-02 00:00:00.000,Pova Slim,16,O,-1.0000,pcs,28300.0000,-27594.0200,.0000,.00,-1.0000,-27875.50,-27594.02,Main Location,172.0000,.0000
SI0001SI#001177,2026-03-02 00:00:00.000,Pova Slim,16,O,-2.0000,pcs,28300.0000,-55188.0400,.0000,.00,-2.0000,-55751.00,-55188.04,Main Location,172.0000,.0000
SI0001SI#001175,2026-03-02 00:00:00.000,Pova Slim,16,O,-1.0000,pcs,28300.0000,-27594.0200,.0000,.00,-1.0000,-27875.50,-27594.02,Main Location,172.0000,.0000
SI0001SI#001178,2026-03-02 00:00:00.000,Pova Curve 2,16,O,-1.0000,pcs,34910.0000,-34038.9800,.0000,.00,-1.0000,-34560.90,-34038.98,Main Location,9.0000,.0000
SI0001SI#001175,2026-03-02 00:00:00.000,Pova Curve 2,16,O,-1.0000,pcs,34910.0000,-34038.9800,.0000,.00,-1.0000,-34386.35,-34038.98,Main Location,9.0000,.0000
SI0001SI#001181,2026-03-02 00:00:00.000,Pova Carve,16,O,-1.0000,pcs,31150.0000,-30370.4700,.0000,.00,-1.0000,-30682.75,-30370.47,Main Location,74.0000,.0000
SI0001SI#001181,2026-03-02 00:00:00.000,Go 3 (4+64),16,O,-3.0000,pcs,12270.0000,-35873.2200,.0000,.00,-3.0000,-36257.85,-35873.22,Main Location,1096.0000,.0000
SI0001SI#001180,2026-03-02 00:00:00.000,Go 3 (4+64),16,O,-1.0000,pcs,12270.0000,-11957.7400,.0000,.00,-1.0000,-12085.95,-11957.74,Main Location,1096.0000,.0000
SI0001SI#001178,2026-03-02 00:00:00.000,Go 3 (4+64),16,O,-2.0000,pcs,12270.0000,-23915.4800,.0000,.00,-2.0000,-24294.60,-23915.48,Main Location,1096.0000,.0000
SI0001SI#001177,2026-03-02 00:00:00.000,Go 3 (4+64),16,O,-1.0000,pcs,12270.0000,-11957.7400,.0000,.00,-1.0000,-12085.95,-11957.74,Main Location,1096.0000,.0000
SI0001SI#001176,2026-03-02 00:00:00.000,Go 3 (4+64),16,O,-1.0000,pcs,12270.0000,-11957.7400,.0000,.00,-1.0000,-12085.95,-11957.74,Main Location,1096.0000,.0000
SI0001SI#001175,2026-03-02 00:00:00.000,Go 3 (4+64),16,O,-2.0000,pcs,12270.0000,-23915.4800,.0000,.00,-2.0000,-24171.90,-23915.48,Main Location,1096.0000,.0000
SI0001SI#001174,2026-03-02 00:00:00.000,Go 3 (4+64),16,O,-2.0000,pcs,12270.0000,-23915.4800,.0000,.00,-2.0000,-24171.90,-23915.48,Main Location,1096.0000,.0000
SI0001SI#001173,2026-03-02 00:00:00.000,Go 3 (4+64),16,O,-2.0000,pcs,12270.0000,-23915.4800,.0000,.00,-2.0000,-24171.90,-23915.48,Main Location,1096.0000,.0000
SI0001SI#001172,2026-03-02 00:00:00.000,Go 3 (4+64),16,O,-2.0000,pcs,12270.0000,-23915.4800,.0000,.00,-2.0000,-24171.90,-23915.48,Main Location,1096.0000,.0000
SI0001SI#001177,2026-03-02 00:00:00.000,Go 3 (4+128),16,O,-1.0000,pcs,13680.0000,-13330.9300,.0000,.00,-1.0000,-13474.80,-13330.93,Main Location,188.0000,.0000
SI0001SI#001176,2026-03-02 00:00:00.000,Go 3 (4+128),16,O,-1.0000,pcs,13680.0000,-13330.9300,.0000,.00,-1.0000,-13474.80,-13330.93,Main Location,188.0000,.0000
SI0001SI#001174,2026-03-02 00:00:00.000,Go 3 (4+128),16,O,-1.0000,pcs,13680.0000,-13330.9300,.0000,.00,-1.0000,-13474.80,-13330.93,Main Location,188.0000,.0000
SI0001SI#001173,2026-03-02 00:00:00.000,Go 3 (4+128),16,O,-2.0000,pcs,13680.0000,-26661.8600,.0000,.00,-2.0000,-26949.60,-26661.86,Main Location,188.0000,.0000
SI0001SI#001172,2026-03-02 00:00:00.000,Go 3 (4+128),16,O,-1.0000,pcs,13680.0000,-13330.9300,.0000,.00,-1.0000,-13474.80,-13330.93,Main Location,188.0000,.0000
SI0001SI#001179,2026-03-02 00:00:00.000,Camon 50 (8+256),16,O,-1.0000,pcs,33020.0000,-32194.7000,.0000,.00,-1.0000,-32524.70,-32194.70,Main Location,27.0000,.0000
SI0001SI#001175,2026-03-02 00:00:00.000,Camon 50 (8+256),16,O,-1.0000,pcs,33020.0000,-32194.7000,.0000,.00,-1.0000,-32524.70,-32194.70,Main Location,27.0000,.0000
SI0001SI#001181,2026-03-02 00:00:00.000,Camon 50 (8+128),16,O,-1.0000,pcs,29250.0000,-28516.1700,.0000,.00,-1.0000,-28811.25,-28516.17,Main Location,200.0000,.0000
SI0001SI#001180,2026-03-02 00:00:00.000,Camon 50 (8+128),16,O,-1.0000,pcs,29250.0000,-28516.1700,.0000,.00,-1.0000,-28811.25,-28516.17,Main Location,200.0000,.0000
SI0001SI#001177,2026-03-02 00:00:00.000,Camon 50 (8+128),16,O,-1.0000,pcs,29250.0000,-28516.1700,.0000,.00,-1.0000,-28811.25,-28516.17,Main Location,200.0000,.0000
SI0001SI#001175,2026-03-02 00:00:00.000,Camon 50 (8+128),16,O,-1.0000,pcs,29250.0000,-28516.1700,.0000,.00,-1.0000,-28811.25,-28516.17,Main Location,200.0000,.0000
SI0001SI#001174,2026-03-02 00:00:00.000,Camon 50 (8+128),16,O,-1.0000,pcs,29250.0000,-28516.1700,.0000,.00,-1.0000,-28811.25,-28516.17,Main Location,200.0000,.0000
SI0001SI#001173,2026-03-02 00:00:00.000,Camon 50 (8+128),16,O,-1.0000,pcs,29250.0000,-28516.1700,.0000,.00,-1.0000,-28811.25,-28516.17,Main Location,200.0000,.0000
SI0001SI#001168,2026-03-01 00:00:00.000,Spark40 (6+128),16,O,-10.0000,pcs,16050.0000,-154797.0355,.0000,.00,-10.0000,-158092.50,-154797.04,Main Location,228.0000,.0000
SI0001SI#001168,2026-03-01 00:00:00.000,Spark 40(8+256),16,O,-10.0000,pcs,18880.0000,-172020.4168,.0000,.00,-10.0000,-185968.00,-172020.42,Main Location,94.0000,.0000
SI0001SI#001168,2026-03-01 00:00:00.000,Spark 40 Pro,16,O,-20.0000,pcs,21700.0000,-419616.6948,.0000,.00,-20.0000,-427490.00,-419616.69,Main Location,146.0000,.0000
SI0001SI#001168,2026-03-01 00:00:00.000,Pova Slim,16,O,-6.0000,pcs,28300.0000,-165564.1200,.0000,.00,-6.0000,-167253.00,-165564.12,Main Location,177.0000,.0000
SI0001SI#001167,2026-03-01 00:00:00.000,Pova Curve 2,16,O,-1.0000,pcs,34910.0000,-34038.9800,.0000,.00,-1.0000,-34386.35,-34038.98,Main Location,11.0000,.0000
SI0001SI#001168,2026-03-01 00:00:00.000,Pova Carve,16,O,-6.0000,pcs,31150.0000,-182222.8200,.0000,.00,-6.0000,-184096.50,-182222.82,Main Location,75.0000,.0000
SI0001SI#001167,2026-03-01 00:00:00.000,Pova Carve,16,O,-1.0000,pcs,31150.0000,-30370.4700,.0000,.00,-1.0000,-30682.75,-30370.47,Main Location,75.0000,.0000
SI0001SI#001171,2026-03-01 00:00:00.000,Go 3 (4+64),16,O,-50.0000,pcs,11958.0000,-597887.0000,.0000,.00,-50.0000,-597900.00,-597887.00,Main Location,1112.0000,.0000
SI0001SI#001170,2026-03-01 00:00:00.000,Go 3 (4+64),16,O,-6.0000,pcs,12270.0000,-71746.4400,.0000,.00,-6.0000,-73620.00,-71746.44,Main Location,1112.0000,.0000
SI0001SI#001168,2026-03-01 00:00:00.000,Go 3 (4+64),16,O,-6.0000,pcs,12270.0000,-71746.4400,.0000,.00,-6.0000,-72515.70,-71746.44,Main Location,1112.0000,.0000
SI0001SI#001167,2026-03-01 00:00:00.000,Go 3 (4+64),16,O,-1.0000,pcs,12270.0000,-11957.7400,.0000,.00,-1.0000,-12085.95,-11957.74,Main Location,1112.0000,.0000
SI0001SI#001170,2026-03-01 00:00:00.000,Go 3 (4+128),16,O,-4.0000,pcs,13680.0000,-53323.7200,.0000,.00,-4.0000,-54720.00,-53323.72,Main Location,194.0000,.0000
SI0001SI#001168,2026-03-01 00:00:00.000,Go 3 (4+128),16,O,-6.0000,pcs,13680.0000,-79985.5800,.0000,.00,-6.0000,-80848.80,-79985.58,Main Location,194.0000,.0000
SI0001SI#001168,2026-03-01 00:00:00.000,Camon 50 (8+256),16,O,-6.0000,pcs,33020.0000,-193168.2000,.0000,.00,-6.0000,-195148.20,-193168.20,Main Location,29.0000,.0000
SI0001SI#001169,2026-03-01 00:00:00.000,Camon 50 (8+128),16,O,-1.0000,pcs,29250.0000,-28516.1700,.0000,.00,-1.0000,-28665.00,-28516.17,Main Location,206.0000,.0000
SI0001SI#001168,2026-03-01 00:00:00.000,Camon 50 (8+128),16,O,-10.0000,pcs,29250.0000,-285161.7000,.0000,.00,-10.0000,-288112.50,-285161.70,Main Location,206.0000,.0000
SI0001SI#001166,2026-02-27 00:00:00.000,N30 SE,16,O,-1.0000,pcs,15000.0000,-14750.0000,.0000,.00,-1.0000,-15000.00,-14750.00,Main Location,.0000,.0000
SI0001SI#001164,2026-02-27 00:00:00.000,Go2,16,O,-2.0000,pcs,10390.0000,-20287.2174,.0000,.00,-2.0000,-20780.00,-20287.22,Main Location,8.0000,.0000
SI0001SI#001165,2026-02-27 00:00:00.000,Go 3 (4+64),16,O,-3.0000,pcs,12270.0000,-35873.2200,.0000,.00,-3.0000,-36257.85,-35873.22,Main Location,1175.0000,.0000
SI0001SI#001163,2026-02-27 00:00:00.000,Go 3 (4+64),16,O,-10.0000,pcs,11958.0000,-119577.4000,.0000,.00,-10.0000,-119580.00,-119577.40,Main Location,1175.0000,.0000
SI0001SI#001165,2026-02-27 00:00:00.000,Camon 50 (8+256),16,O,-1.0000,pcs,33020.0000,-32194.7000,.0000,.00,-1.0000,-32524.70,-32194.70,Main Location,35.0000,.0000
SI0001SI#001161,2026-02-26 00:00:00.000,Spark40 (6+128),16,O,-1.0000,pcs,16050.0000,-15479.7035,.0000,.00,-1.0000,-15809.25,-15479.70,Main Location,238.0000,.0000
SI0001SI#001162,2026-02-26 00:00:00.000,Pova Curve 2,16,O,-5.0000,pcs,34910.0000,-170194.9000,.0000,.00,-5.0000,-171931.75,-170194.90,Main Location,12.0000,.0000
SI0001SI#001161,2026-02-26 00:00:00.000,Pova Curve 2,16,O,-1.0000,pcs,34910.0000,-34038.9800,.0000,.00,-1.0000,-34386.35,-34038.98,Main Location,12.0000,.0000
SI0001SI#001160,2026-02-26 00:00:00.000,Pova Curve 2,16,O,-1.0000,pcs,34910.0000,-34038.9800,.0000,.00,-1.0000,-34390.00,-34038.98,Main Location,12.0000,.0000
SI0001SI#001159,2026-02-26 00:00:00.000,Pova Curve 2,16,O,-1.0000,pcs,34910.0000,-34038.9800,.0000,.00,-1.0000,-34390.00,-34038.98,Main Location,12.0000,.0000
SI0001SI#001162,2026-02-26 00:00:00.000,GO1 4+64,16,O,-1.0000,pcs,10340.0000,-10194.2100,.0000,.00,-1.0000,-10184.90,-10194.21,Main Location,12.0000,.0000
SI0001SI#001161,2026-02-26 00:00:00.000,Camon 50 (8+256),16,O,-1.0000,pcs,33020.0000,-32194.7000,.0000,.00,-1.0000,-32524.70,-32194.70,Main Location,36.0000,.0000
PI0001PI#000147,2026-02-25 00:00:00.000,Spark40 (6+128),33,I,60.0000,pcs,15656.3300,939379.8000,60.0000,939379.80,.0000,.00,.00,Main Location,239.0000,60.0000
SI0001SI#001156,2026-02-25 00:00:00.000,Spark 40 Pro,16,O,-1.0000,pcs,21700.0000,-20980.8347,.0000,.00,-1.0000,-21374.50,-20980.83,Main Location,166.0000,.0000
SI0001SI#001155,2026-02-25 00:00:00.000,Pova Slim,16,O,-4.0000,pcs,28300.0000,-110376.0800,.0000,.00,-4.0000,-111502.00,-110376.08,Main Location,183.0000,.0000
PI0001PI#000147,2026-02-25 00:00:00.000,Pova Slim,33,I,100.0000,pcs,27594.0200,2759402.0000,100.0000,2759402.00,.0000,.00,.00,Main Location,183.0000,100.0000
PI0001PI#000149,2026-02-25 00:00:00.000,Pova Curve 2,33,I,20.0000,pcs,34038.9800,680779.6000,20.0000,680779.60,.0000,.00,.00,Main Location,20.0000,20.0000
SI0001SI#001155,2026-02-25 00:00:00.000,Pova Carve,16,O,-4.0000,pcs,31150.0000,-121481.8800,.0000,.00,-4.0000,-122731.00,-121481.88,Main Location,82.0000,.0000
SI0001SI#001158,2026-02-25 00:00:00.000,LIVE DEMO Pova Curve 2,16,O,-1.0000,pcs,25900.0000,-25900.0000,.0000,.00,-1.0000,-25900.00,-25900.00,Main Location,.0000,.0000
SI0001SI#001157,2026-02-25 00:00:00.000,LIVE DEMO Pova Curve 2,16,O,-1.0000,pcs,25900.0000,-25900.0000,.0000,.00,-1.0000,-25900.00,-25900.00,Main Location,.0000,.0000
PI0001PI#000147,2026-02-25 00:00:00.000,Go 3 (4+64),33,I,300.0000,pcs,11957.7400,3587322.0000,300.0000,3587322.00,.0000,.00,.00,Main Location,1188.0000,300.0000
SI0001SI#001156,2026-02-25 00:00:00.000,Camon 50 (8+128),16,O,-1.0000,pcs,29250.0000,-28516.1700,.0000,.00,-1.0000,-28811.25,-28516.17,Main Location,217.0000,.0000
SI0001SI#001154,2026-02-24 00:00:00.000,Spark40 (6+128),16,O,-1.0000,pcs,16050.0000,-15420.4991,.0000,.00,-1.0000,-16050.00,-15420.50,Main Location,179.0000,.0000
PI0001PI#000148,2026-02-24 00:00:00.000,LIVE DEMO Pova Curve 2,33,I,2.0000,pcs,25900.0000,51800.0000,2.0000,51800.00,.0000,.00,.00,Main Location,2.0000,2.0000
SI0001SI#001150,2026-02-24 00:00:00.000,Go2,16,O,-3.0000,pcs,10390.0000,-30430.8261,.0000,.00,-3.0000,-30702.45,-30430.83,Main Location,10.0000,.0000
SI0001SI#001153,2026-02-24 00:00:00.000,Go 3 (4+64),16,O,-5.0000,pcs,12270.0000,-59788.7000,.0000,.00,-5.0000,-60429.75,-59788.70,Main Location,888.0000,.0000
SI0001SI#001152,2026-02-24 00:00:00.000,Go 3 (4+64),16,O,-2.0000,pcs,12270.0000,-23915.4800,.0000,.00,-2.0000,-24171.90,-23915.48,Main Location,888.0000,.0000
SI0001SI#001153,2026-02-24 00:00:00.000,Go 3 (4+128),16,O,-2.0000,pcs,13680.0000,-26661.8600,.0000,.00,-2.0000,-26949.60,-26661.86,Main Location,204.0000,.0000
SI0001SI#001152,2026-02-24 00:00:00.000,Camon 50 (8+256),16,O,-2.0000,pcs,33020.0000,-64389.4000,.0000,.00,-2.0000,-65049.40,-64389.40,Main Location,37.0000,.0000
SI0001SI#001151,2026-02-24 00:00:00.000,Camon 50 (8+256),16,O,-1.0000,pcs,33020.0000,-32194.7000,.0000,.00,-1.0000,-32524.70,-32194.70,Main Location,37.0000,.0000
SI0001SI#001152,2026-02-24 00:00:00.000,Camon 50 (8+128),16,O,-1.0000,pcs,29250.0000,-28516.1700,.0000,.00,-1.0000,-28811.25,-28516.17,Main Location,218.0000,.0000
SI0001SI#001151,2026-02-24 00:00:00.000,Camon 50 (8+128),16,O,-1.0000,pcs,29250.0000,-28516.1700,.0000,.00,-1.0000,-28811.25,-28516.17,Main Location,218.0000,.0000
SI0001SI#001147,2026-02-23 00:00:00.000,Spark 40(8+256),16,O,-1.0000,pcs,18880.0000,-17202.0417,.0000,.00,-1.0000,-18596.80,-17202.04,Main Location,104.0000,.0000
PI0001PI#000146,2026-02-23 00:00:00.000,Pova Slim,33,I,10.0000,pcs,27594.0200,275940.2000,10.0000,275940.20,.0000,.00,.00,Main Location,87.0000,10.0000
SI0001SI#001149,2026-02-23 00:00:00.000,Pova Carve,16,O,-1.0000,pcs,30370.0000,-30370.4700,.0000,.00,-1.0000,-30370.00,-30370.47,Main Location,86.0000,.0000
SI0001SI#001148,2026-02-23 00:00:00.000,Pova 7 Pro,16,O,-1.0000,pcs,33020.0000,-32194.7000,.0000,.00,-1.0000,-32689.80,-32194.70,Main Location,.0000,.0000
SI0001SI#001148,2026-02-23 00:00:00.000,Go 3 (4+64),16,O,-2.0000,pcs,12270.0000,-23915.4800,.0000,.00,-2.0000,-24294.60,-23915.48,Main Location,895.0000,.0000
SI0001SI#001146,2026-02-22 00:00:00.000,Spark 40 Pro,16,O,-2.0000,pcs,21149.0000,-41961.6695,.0000,.00,-2.0000,-42298.00,-41961.67,Main Location,167.0000,.0000
SI0001SI#001146,2026-02-22 00:00:00.000,Go 3 (4+64),16,O,-2.0000,pcs,11958.0000,-23915.4800,.0000,.00,-2.0000,-23916.00,-23915.48,Main Location,897.0000,.0000
SI0001SI#001145,2026-02-22 00:00:00.000,Camon 50 (8+128),16,O,-1.0000,pcs,29250.0000,-28516.1700,.0000,.00,-1.0000,-28811.25,-28516.17,Main Location,220.0000,.0000
SI0001SI#001143,2026-02-21 00:00:00.000,Pova 7 Pro,16,O,-1.0000,pcs,33020.0000,-32194.7000,.0000,.00,-1.0000,-32524.70,-32194.70,Main Location,1.0000,.0000
PI0001PI#000144,2026-02-21 00:00:00.000,Live Demo Camon 50,33,I,2.0000,pcs,21765.4600,43530.9200,2.0000,43530.92,.0000,.00,.00,Main Location,2.0000,2.0000
SI0001SI#001144,2026-02-21 00:00:00.000,Go 3 (4+64),16,O,-2.0000,pcs,12270.0000,-23915.4800,.0000,.00,-2.0000,-24294.60,-23915.48,Main Location,899.0000,.0000
SI0001SI#001144,2026-02-21 00:00:00.000,Camon 50 (8+256),16,O,-1.0000,pcs,33020.0000,-32194.7000,.0000,.00,-1.0000,-32689.80,-32194.70,Main Location,40.0000,.0000
SI0001SI#001144,2026-02-21 00:00:00.000,Camon 50 (8+128),16,O,-1.0000,pcs,29250.0000,-28516.1700,.0000,.00,-1.0000,-28957.50,-28516.17,Main Location,221.0000,.0000
SI0001SI#001141,2026-02-20 00:00:00.000,Spark 40(8+256),16,O,-3.0000,pcs,18880.0000,-51606.1250,.0000,.00,-3.0000,-55790.40,-51606.13,Main Location,105.0000,.0000
SI0001SI#001140,2026-02-20 00:00:00.000,Spark 40(8+256),16,O,-2.0000,pcs,18880.0000,-34404.0834,.0000,.00,-2.0000,-37193.60,-34404.08,Main Location,105.0000,.0000
SI0001SI#001141,2026-02-20 00:00:00.000,Spark 40 Pro,16,O,-3.0000,pcs,21700.0000,-62942.5042,.0000,.00,-3.0000,-64123.50,-62942.50,Main Location,169.0000,.0000
SI0001SI#001140,2026-02-20 00:00:00.000,Spark 40 Pro,16,O,-1.0000,pcs,21700.0000,-20980.8347,.0000,.00,-1.0000,-21374.50,-20980.83,Main Location,169.0000,.0000
SI0001SI#001141,2026-02-20 00:00:00.000,Pova Slim,16,O,-3.0000,pcs,28300.0000,-82782.0600,.0000,.00,-3.0000,-83626.50,-82782.06,Main Location,77.0000,.0000
PI0001PI#000143,2026-02-20 00:00:00.000,Pova Slim,33,I,30.0000,pcs,27594.0200,827820.6000,30.0000,827820.60,.0000,.00,.00,Main Location,77.0000,30.0000
SI0001SI#001141,2026-02-20 00:00:00.000,Pova Carve,16,O,-2.0000,pcs,31150.0000,-60740.9400,.0000,.00,-2.0000,-61365.50,-60740.94,Main Location,87.0000,.0000
SI0001SI#001141,2026-02-20 00:00:00.000,Pova 7 Pro,16,O,-2.0000,pcs,33020.0000,-64389.4000,.0000,.00,-2.0000,-65049.40,-64389.40,Main Location,2.0000,.0000
SI0001SI#001140,2026-02-20 00:00:00.000,Go 3 (4+64),16,O,-1.0000,pcs,12270.0000,-11957.7400,.0000,.00,-1.0000,-12085.95,-11957.74,Main Location,901.0000,.0000
SI0001SI#001141,2026-02-20 00:00:00.000,Go 3 (4+128),16,O,-3.0000,pcs,13680.0000,-39992.7900,.0000,.00,-3.0000,-40424.40,-39992.79,Main Location,206.0000,.0000
SI0001SI#001138,2026-02-20 00:00:00.000,Camon 50 (8+256),16,O,-1.0000,pcs,33020.0000,-32194.7000,.0000,.00,-1.0000,-32524.70,-32194.70,Main Location,41.0000,.0000
SI0001SI#001142,2026-02-20 00:00:00.000,Camon 50 (8+256),16,O,-6.0000,pcs,33020.0000,-193168.2000,.0000,.00,-6.0000,-195148.20,-193168.20,Main Location,41.0000,.0000
SI0001SI#001140,2026-02-20 00:00:00.000,Camon 50 (8+256),16,O,-1.0000,pcs,33020.0000,-32194.7000,.0000,.00,-1.0000,-32524.70,-32194.70,Main Location,41.0000,.0000
SI0001SI#001139,2026-02-20 00:00:00.000,Camon 50 (8+256),16,O,-1.0000,pcs,33020.0000,-32194.7000,.0000,.00,-1.0000,-32524.70,-32194.70,Main Location,41.0000,.0000
PI0001PI#000143,2026-02-20 00:00:00.000,Camon 50 (8+256),33,I,50.0000,pcs,32194.7000,1609735.0000,50.0000,1609735.00,.0000,.00,.00,Main Location,41.0000,50.0000
SI0001SI#001138,2026-02-20 00:00:00.000,Camon 50 (8+128),16,O,-1.0000,pcs,29250.0000,-28516.1700,.0000,.00,-1.0000,-28811.25,-28516.17,Main Location,222.0000,.0000
SI0001SI#001142,2026-02-20 00:00:00.000,Camon 50 (8+128),16,O,-4.0000,pcs,29250.0000,-114064.6800,.0000,.00,-4.0000,-115245.00,-114064.68,Main Location,222.0000,.0000
SI0001SI#001140,2026-02-20 00:00:00.000,Camon 50 (8+128),16,O,-2.0000,pcs,29250.0000,-57032.3400,.0000,.00,-2.0000,-57622.50,-57032.34,Main Location,222.0000,.0000
SI0001SI#001139,2026-02-20 00:00:00.000,Camon 50 (8+128),16,O,-1.0000,pcs,29250.0000,-28516.1700,.0000,.00,-1.0000,-28811.25,-28516.17,Main Location,222.0000,.0000
PI0001PI#000143,2026-02-20 00:00:00.000,Camon 50 (8+128),33,I,230.0000,pcs,28516.1700,6558719.1000,230.0000,6558719.10,.0000,.00,.00,Main Location,222.0000,230.0000
SI0001SI#001137,2026-02-19 00:00:00.000,Spark40 Pro Pius,16,O,-4.0000,pcs,23590.0000,-91973.3600,.0000,.00,-4.0000,-92944.60,-91973.36,Main Location,2.0000,.0000
SI0001SI#001136,2026-02-19 00:00:00.000,Pova Slim,16,O,-1.0000,pcs,28300.0000,-27594.0200,.0000,.00,-1.0000,-27875.50,-27594.02,Main Location,50.0000,.0000
SI0001SI#001134,2026-02-18 00:00:00.000,Spark40 (6+128),16,O,-5.0000,pcs,16050.0000,-77102.4957,.0000,.00,-5.0000,-79046.25,-77102.50,Main Location,180.0000,.0000
SI0001SI#001135,2026-02-18 00:00:00.000,Spark 40(8+256),16,O,-2.0000,pcs,18393.0000,-34404.0834,.0000,.00,-2.0000,-36786.00,-34404.08,Main Location,110.0000,.0000
SI0001SI#001135,2026-02-18 00:00:00.000,Spark 40 Pro,16,O,-3.0000,pcs,21149.0000,-62942.5042,.0000,.00,-3.0000,-63447.00,-62942.50,Main Location,173.0000,.0000
SI0001SI#001131,2026-02-17 00:00:00.000,Tablet Megapad 4+128,16,O,-2.0000,pcs,19810.0000,-38629.6200,.0000,.00,-2.0000,-39025.70,-38629.62,Main Location,11.0000,.0000
SI0001SI#001133,2026-02-17 00:00:00.000,Spark40 (6+128),16,O,-10.0000,pcs,16050.0000,-154204.9915,.0000,.00,-10.0000,-158092.50,-154204.99,Main Location,185.0000,.0000
SI0001SI#001132,2026-02-17 00:00:00.000,Spark40 (6+128),16,O,-3.0000,pcs,16050.0000,-46261.4974,.0000,.00,-3.0000,-47427.75,-46261.50,Main Location,185.0000,.0000
SI0001SI#001131,2026-02-17 00:00:00.000,Spark 40 Pro,16,O,-1.0000,pcs,21700.0000,-20980.8347,.0000,.00,-1.0000,-21374.50,-20980.83,Main Location,176.0000,.0000
SI0001SI#001131,2026-02-17 00:00:00.000,Pova Slim,16,O,-1.0000,pcs,28300.0000,-27594.0200,.0000,.00,-1.0000,-27875.50,-27594.02,Main Location,51.0000,.0000
PI0001PI#000142,2026-02-17 00:00:00.000,Go 3 (4+64),33,I,200.0000,pcs,11957.7400,2391548.0000,200.0000,2391548.00,.0000,.00,.00,Main Location,902.0000,200.0000
SI0001SI#001132,2026-02-17 00:00:00.000,Go 3 (4+64),16,O,-3.0000,pcs,12270.0000,-35873.2200,.0000,.00,-3.0000,-36257.85,-35873.22,Main Location,902.0000,.0000
SI0001SI#001131,2026-02-17 00:00:00.000,Go 3 (4+64),16,O,-2.0000,pcs,12270.0000,-23915.4800,.0000,.00,-2.0000,-24171.90,-23915.48,Main Location,902.0000,.0000
SI0001SI#001126,2026-02-16 00:00:00.000,Spark40 Pro Pius,16,O,-3.0000,pcs,23590.0000,-68980.0200,.0000,.00,-3.0000,-69708.45,-68980.02,Main Location,6.0000,.0000
SI0001SI#001129,2026-02-16 00:00:00.000,Spark40 (6+128),16,O,-2.0000,pcs,16050.0000,-30840.9983,.0000,.00,-2.0000,-31618.50,-30841.00,Main Location,198.0000,.0000
SI0001SI#001128,2026-02-16 00:00:00.000,Spark40 (6+128),16,O,-2.0000,pcs,16050.0000,-30840.9983,.0000,.00,-2.0000,-31618.50,-30841.00,Main Location,198.0000,.0000
SI0001SI#001128,2026-02-16 00:00:00.000,Spark 40(8+256),16,O,-2.0000,pcs,18880.0000,-34404.0834,.0000,.00,-2.0000,-37193.60,-34404.08,Main Location,112.0000,.0000
SI0001SI#001129,2026-02-16 00:00:00.000,Spark 40 Pro,16,O,-1.0000,pcs,21700.0000,-20980.8347,.0000,.00,-1.0000,-21374.50,-20980.83,Main Location,177.0000,.0000
SI0001SI#001128,2026-02-16 00:00:00.000,Spark 40 Pro,16,O,-3.0000,pcs,21700.0000,-62942.5042,.0000,.00,-3.0000,-64123.50,-62942.50,Main Location,177.0000,.0000
SI0001SI#001127,2026-02-16 00:00:00.000,Spark 40 Pro,16,O,-1.0000,pcs,21700.0000,-20980.8347,.0000,.00,-1.0000,-21374.50,-20980.83,Main Location,177.0000,.0000
SI0001SI#001130,2026-02-16 00:00:00.000,Spark 40 5G,16,O,-2.0000,pcs,16040.0000,-31272.5600,.0000,.00,-2.0000,-31598.80,-31272.56,Main Location,403.0000,.0000
SI0001SI#001128,2026-02-16 00:00:00.000,Pova Slim,16,O,-1.0000,pcs,28300.0000,-27594.0200,.0000,.00,-1.0000,-27875.50,-27594.02,Main Location,52.0000,.0000
SI0001SI#001126,2026-02-16 00:00:00.000,Pova Slim,16,O,-1.0000,pcs,28300.0000,-27594.0200,.0000,.00,-1.0000,-27875.50,-27594.02,Main Location,52.0000,.0000
SI0001SI#001128,2026-02-16 00:00:00.000,Pova 7 Pro,16,O,-1.0000,pcs,33020.0000,-32194.7000,.0000,.00,-1.0000,-32524.70,-32194.70,Main Location,4.0000,.0000
SI0001SI#001129,2026-02-16 00:00:00.000,Go 3 (4+64),16,O,-2.0000,pcs,12270.0000,-23915.4800,.0000,.00,-2.0000,-24171.90,-23915.48,Main Location,707.0000,.0000
SI0001SI#001126,2026-02-16 00:00:00.000,Go 3 (4+64),16,O,-1.0000,pcs,12270.0000,-11957.7400,.0000,.00,-1.0000,-12085.95,-11957.74,Main Location,707.0000,.0000
SI0001SI#001129,2026-02-16 00:00:00.000,Go 3 (4+128),16,O,-2.0000,pcs,13680.0000,-26661.8600,.0000,.00,-2.0000,-26949.60,-26661.86,Main Location,209.0000,.0000
SI0001SI#001128,2026-02-16 00:00:00.000,Go 3 (4+128),16,O,-1.0000,pcs,13680.0000,-13330.9300,.0000,.00,-1.0000,-13474.80,-13330.93,Main Location,209.0000,.0000
SI0001SI#001125,2026-02-15 00:00:00.000,Spark40 (6+128),16,O,-40.0000,pcs,15656.0000,-616819.9659,.0000,.00,-40.0000,-626240.00,-616819.97,Main Location,202.0000,.0000
SI0001SI#001124,2026-02-15 00:00:00.000,Spark40 (6+128),16,O,-2.0000,pcs,16050.0000,-30840.9983,.0000,.00,-2.0000,-31779.00,-30841.00,Main Location,202.0000,.0000
SI0001SI#001125,2026-02-15 00:00:00.000,Spark 40 Pro,16,O,-20.0000,pcs,21149.0000,-419616.6948,.0000,.00,-20.0000,-422980.00,-419616.69,Main Location,182.0000,.0000
SI0001SI#001123,2026-02-15 00:00:00.000,Spark 40 Pro,16,O,-2.0000,pcs,21700.0000,-41961.6695,.0000,.00,-2.0000,-42749.00,-41961.67,Main Location,182.0000,.0000
SI0001SI#001125,2026-02-15 00:00:00.000,Pova Slim,16,O,-30.0000,pcs,27594.0000,-827820.6000,.0000,.00,-30.0000,-827820.00,-827820.60,Main Location,54.0000,.0000
SI0001SI#001123,2026-02-15 00:00:00.000,Pova Slim,16,O,-2.0000,pcs,28300.0000,-55188.0400,.0000,.00,-2.0000,-55751.00,-55188.04,Main Location,54.0000,.0000
SI0001SI#001125,2026-02-15 00:00:00.000,Pova Carve,16,O,-30.0000,pcs,30370.0000,-911114.1000,.0000,.00,-30.0000,-911100.00,-911114.10,Main Location,89.0000,.0000
SI0001SI#001125,2026-02-15 00:00:00.000,Pova 7 Pro,16,O,-20.0000,pcs,32194.0000,-643894.0000,.0000,.00,-20.0000,-643880.00,-643894.00,Main Location,5.0000,.0000
SI0001SI#001123,2026-02-15 00:00:00.000,Pova 7 Pro,16,O,-1.0000,pcs,33020.0000,-32194.7000,.0000,.00,-1.0000,-32524.70,-32194.70,Main Location,5.0000,.0000
SI0001SI#001124,2026-02-15 00:00:00.000,Go 3 (4+64),16,O,-1.0000,pcs,12270.0000,-11957.7400,.0000,.00,-1.0000,-12147.30,-11957.74,Main Location,710.0000,.0000
SI0001SI#001123,2026-02-15 00:00:00.000,Go 3 (4+64),16,O,-2.0000,pcs,12270.0000,-23915.4800,.0000,.00,-2.0000,-24171.90,-23915.48,Main Location,710.0000,.0000
SI0001SI#001123,2026-02-15 00:00:00.000,Camon40 Pro,16,O,-2.0000,pcs,26410.0000,-51409.9600,.0000,.00,-2.0000,-52027.70,-51409.96,Main Location,1.0000,.0000
SI0001SI#001122,2026-02-14 00:00:00.000,Spark40 Pro Pius,16,O,-2.0000,pcs,23590.0000,-45986.6800,.0000,.00,-2.0000,-46472.30,-45986.68,Main Location,9.0000,.0000
SI0001SI#001120,2026-02-14 00:00:00.000,Spark40 (6+128),16,O,-20.0000,pcs,15656.0000,-308409.9830,.0000,.00,-20.0000,-313120.00,-308409.98,Main Location,244.0000,.0000
SI0001SI#001122,2026-02-14 00:00:00.000,Spark40 (6+128),16,O,-2.0000,pcs,16050.0000,-30840.9983,.0000,.00,-2.0000,-31618.50,-30841.00,Main Location,244.0000,.0000
SI0001SI#001120,2026-02-14 00:00:00.000,Spark 40(8+256),16,O,-5.0000,pcs,18392.0000,-86010.2084,.0000,.00,-5.0000,-91960.00,-86010.21,Main Location,114.0000,.0000
SI0001SI#001122,2026-02-14 00:00:00.000,Spark 40(8+256),16,O,-2.0000,pcs,18880.0000,-34404.0834,.0000,.00,-2.0000,-37193.60,-34404.08,Main Location,114.0000,.0000
SI0001SI#001120,2026-02-14 00:00:00.000,Spark 40 Pro,16,O,-5.0000,pcs,21149.0000,-104904.1737,.0000,.00,-5.0000,-105745.00,-104904.17,Main Location,204.0000,.0000
SI0001SI#001120,2026-02-14 00:00:00.000,Pova Slim,16,O,-17.0000,pcs,27594.0000,-469098.3400,.0000,.00,-17.0000,-469098.00,-469098.34,Main Location,86.0000,.0000
SI0001SI#001122,2026-02-14 00:00:00.000,Pova Slim,16,O,-1.0000,pcs,28300.0000,-27594.0200,.0000,.00,-1.0000,-27875.50,-27594.02,Main Location,86.0000,.0000
SI0001SI#001120,2026-02-14 00:00:00.000,Pova Carve,16,O,-5.0000,pcs,30370.0000,-151852.3500,.0000,.00,-5.0000,-151850.00,-151852.35,Main Location,119.0000,.0000
SI0001SI#001120,2026-02-14 00:00:00.000,Pova 7 Pro,16,O,-3.0000,pcs,32194.0000,-96584.1000,.0000,.00,-3.0000,-96582.00,-96584.10,Main Location,26.0000,.0000
SI0001SI#001122,2026-02-14 00:00:00.000,Go 3 (4+64),16,O,-3.0000,pcs,12270.0000,-35873.2200,.0000,.00,-3.0000,-36257.85,-35873.22,Main Location,713.0000,.0000
SI0001SI#001121,2026-02-14 00:00:00.000,Go 3 (4+64),16,O,-3.0000,pcs,12270.0000,-35873.2200,.0000,.00,-3.0000,-36810.00,-35873.22,Main Location,713.0000,.0000
SI0001SI#001117,2026-02-10 00:00:00.000,Spark40 Pro Pius,16,O,-5.0000,pcs,23590.0000,-114966.7000,.0000,.00,-5.0000,-116770.50,-114966.70,Main Location,11.0000,.0000
SI0001SI#001116,2026-02-10 00:00:00.000,Spark40 Pro Pius,16,O,-2.0000,pcs,23590.0000,-45986.6800,.0000,.00,-2.0000,-46472.30,-45986.68,Main Location,11.0000,.0000
SI0001SI#001116,2026-02-10 00:00:00.000,Spark40 (6+128),16,O,-4.0000,pcs,16050.0000,-61681.9966,.0000,.00,-4.0000,-63237.00,-61682.00,Main Location,266.0000,.0000
SI0001SI#001113,2026-02-10 00:00:00.000,Spark40 (6+128),16,O,-5.0000,pcs,16050.0000,-77102.4957,.0000,.00,-5.0000,-79447.50,-77102.50,Main Location,266.0000,.0000
SI0001SI#001112,2026-02-10 00:00:00.000,Spark40 (6+128),16,O,-1.0000,pcs,16050.0000,-15420.4991,.0000,.00,-1.0000,-15809.25,-15420.50,Main Location,266.0000,.0000
SI0001SI#001111,2026-02-10 00:00:00.000,Spark40 (6+128),16,O,-4.0000,pcs,16050.0000,-61681.9966,.0000,.00,-4.0000,-63237.00,-61682.00,Main Location,266.0000,.0000
SI0001SI#001110,2026-02-10 00:00:00.000,Spark40 (6+128),16,O,-3.0000,pcs,16050.0000,-46261.4974,.0000,.00,-3.0000,-47427.75,-46261.50,Main Location,266.0000,.0000
SI0001SI#001116,2026-02-10 00:00:00.000,Spark 40(8+256),16,O,-2.0000,pcs,18880.0000,-34404.0834,.0000,.00,-2.0000,-37193.60,-34404.08,Main Location,121.0000,.0000
SI0001SI#001113,2026-02-10 00:00:00.000,Spark 40(8+256),16,O,-5.0000,pcs,18880.0000,-86010.2084,.0000,.00,-5.0000,-93456.00,-86010.21,Main Location,121.0000,.0000
SI0001SI#001111,2026-02-10 00:00:00.000,Spark 40(8+256),16,O,-4.0000,pcs,18880.0000,-68808.1667,.0000,.00,-4.0000,-74387.20,-68808.17,Main Location,121.0000,.0000
SI0001SI#001117,2026-02-10 00:00:00.000,Spark 40 Pro,16,O,-4.0000,pcs,21700.0000,-83923.3390,.0000,.00,-4.0000,-85932.00,-83923.34,Main Location,209.0000,.0000
PI0001PI#000141,2026-02-10 00:00:00.000,Spark 40 Pro,33,I,200.0000,pcs,21149.0700,4229814.0000,200.0000,4229814.00,.0000,.00,.00,Main Location,209.0000,200.0000
SI0001SI#001115,2026-02-10 00:00:00.000,Spark 40 5G,16,O,-2.0000,pcs,16040.0000,-31272.5600,.0000,.00,-2.0000,-31598.80,-31272.56,Main Location,405.0000,.0000
SI0001SI#001116,2026-02-10 00:00:00.000,Pova Slim,16,O,-2.0000,pcs,28300.0000,-55188.0400,.0000,.00,-2.0000,-55751.00,-55188.04,Main Location,104.0000,.0000
PI0001PI#000141,2026-02-10 00:00:00.000,Pova Carve,33,I,100.0000,pcs,30370.4700,3037047.0000,100.0000,3037047.00,.0000,.00,.00,Main Location,124.0000,100.0000
SI0001SI#001116,2026-02-10 00:00:00.000,Pova 7 Pro,16,O,-1.0000,pcs,33020.0000,-32194.7000,.0000,.00,-1.0000,-32524.70,-32194.70,Main Location,29.0000,.0000
PI0001PI#000141,2026-02-10 00:00:00.000,Pova 7 Pro,33,I,20.0000,pcs,32194.7000,643894.0000,20.0000,643894.00,.0000,.00,.00,Main Location,29.0000,20.0000
SI0001SI#001116,2026-02-10 00:00:00.000,Go 3 (4+64),16,O,-3.0000,pcs,12270.0000,-35873.2200,.0000,.00,-3.0000,-36257.85,-35873.22,Main Location,719.0000,.0000
SI0001SI#001115,2026-02-10 00:00:00.000,Go 3 (4+64),16,O,-2.0000,pcs,12270.0000,-23915.4800,.0000,.00,-2.0000,-24171.90,-23915.48,Main Location,719.0000,.0000
SI0001SI#001114,2026-02-10 00:00:00.000,Go 3 (4+64),16,O,-2.0000,pcs,12270.0000,-23915.4800,.0000,.00,-2.0000,-24294.60,-23915.48,Main Location,719.0000,.0000
PI0001PI#000141,2026-02-10 00:00:00.000,Go 3 (4+64),33,I,200.0000,pcs,11957.7400,2391548.0000,200.0000,2391548.00,.0000,.00,.00,Main Location,719.0000,200.0000
SI0001SI#001116,2026-02-10 00:00:00.000,Go 3 (4+128),16,O,-4.0000,pcs,13680.0000,-53323.7200,.0000,.00,-4.0000,-53899.20,-53323.72,Main Location,212.0000,.0000
SI0001SI#001114,2026-02-10 00:00:00.000,Go 3 (4+128),16,O,-2.0000,pcs,13680.0000,-26661.8600,.0000,.00,-2.0000,-27086.40,-26661.86,Main Location,212.0000,.0000
SI0001SI#001110,2026-02-10 00:00:00.000,Camon40 Pro,16,O,-6.0000,pcs,21700.0000,-154229.8800,.0000,.00,-6.0000,-128247.00,-154229.88,Main Location,3.0000,.0000
PI0001PI#000141,2026-02-10 00:00:00.000,Camon40 Pro,33,I,8.0000,pcs,25704.9800,205639.8400,8.0000,205639.84,.0000,.00,.00,Main Location,3.0000,8.0000
SI0001SI#001108,2026-02-09 00:00:00.000,Spark40 (6+128),16,O,-6.0000,pcs,16050.0000,-92522.9949,.0000,.00,-6.0000,-94855.50,-92522.99,Main Location,283.0000,.0000
SI0001SI#001107,2026-02-09 00:00:00.000,Spark40 (6+128),16,O,-1.0000,pcs,16050.0000,-15420.4991,.0000,.00,-1.0000,-16050.00,-15420.50,Main Location,283.0000,.0000
PI0001PI#000140,2026-02-09 00:00:00.000,Spark40 (6+128),33,I,100.0000,pcs,15656.3300,1565633.0000,100.0000,1565633.00,.0000,.00,.00,Main Location,283.0000,100.0000
SI0001SI#001108,2026-02-09 00:00:00.000,Spark 40(8+256),16,O,-3.0000,pcs,18880.0000,-51606.1250,.0000,.00,-3.0000,-55790.40,-51606.13,Main Location,132.0000,.0000
SI0001SI#001108,2026-02-09 00:00:00.000,Spark 40 Pro,16,O,-3.0000,pcs,21700.0000,-55177.8000,.0000,.00,-3.0000,-64123.50,-55177.80,Main Location,13.0000,.0000
SI0001SI#001107,2026-02-09 00:00:00.000,Spark 40 Pro,16,O,-1.0000,pcs,21700.0000,-18392.6000,.0000,.00,-1.0000,-21700.00,-18392.60,Main Location,13.0000,.0000
SI0001SI#001109,2026-02-09 00:00:00.000,Pova Slim,16,O,-1.0000,pcs,28300.0000,-27594.0200,.0000,.00,-1.0000,-27875.50,-27594.02,Main Location,106.0000,.0000
SI0001SI#001108,2026-02-09 00:00:00.000,Pova Slim,16,O,-2.0000,pcs,28300.0000,-55188.0400,.0000,.00,-2.0000,-55751.00,-55188.04,Main Location,106.0000,.0000
SI0001SI#001108,2026-02-09 00:00:00.000,Pova Carve,16,O,-2.0000,pcs,31150.0000,-60740.9400,.0000,.00,-2.0000,-61365.50,-60740.94,Main Location,24.0000,.0000
SI0001SI#001108,2026-02-09 00:00:00.000,Pova 7 Pro,16,O,-1.0000,pcs,33020.0000,-32194.7000,.0000,.00,-1.0000,-32524.70,-32194.70,Main Location,10.0000,.0000
SI0001SI#001118,2026-02-09 00:00:00.000,Go2,16,O,-27.0000,pcs,10144.0000,-273877.4346,.0000,.00,-27.0000,-273888.00,-273877.43,Main Location,13.0000,.0000
SI0001SI#001108,2026-02-09 00:00:00.000,Go 3 (4+64),16,O,-6.0000,pcs,12270.0000,-71746.4400,.0000,.00,-6.0000,-72515.70,-71746.44,Main Location,526.0000,.0000
SI0001SI#001107,2026-02-09 00:00:00.000,Go 3 (4+64),16,O,-2.0000,pcs,12270.0000,-23915.4800,.0000,.00,-2.0000,-24540.00,-23915.48,Main Location,526.0000,.0000
SI0001SI#001108,2026-02-09 00:00:00.000,Go 3 (4+128),16,O,-1.0000,pcs,13680.0000,-13330.9300,.0000,.00,-1.0000,-13474.80,-13330.93,Main Location,218.0000,.0000
SI0001SI#001107,2026-02-09 00:00:00.000,Go 3 (4+128),16,O,-1.0000,pcs,13680.0000,-13330.9300,.0000,.00,-1.0000,-13680.00,-13330.93,Main Location,218.0000,.0000
SI0001SI#001106,2026-02-08 00:00:00.000,Spark40 Pro Pius,16,O,-4.0000,pcs,23590.0000,-91973.3600,.0000,.00,-4.0000,-92944.60,-91973.36,Main Location,18.0000,.0000
SI0001SI#001105,2026-02-08 00:00:00.000,Spark40 Pro Pius,16,O,-8.0000,pcs,23590.0000,-183946.7200,.0000,.00,-8.0000,-188720.00,-183946.72,Main Location,18.0000,.0000
SI0001SI#001104,2026-02-08 00:00:00.000,Spark40 (6+128),16,O,-30.0000,pcs,15656.0000,-458891.3294,.0000,.00,-30.0000,-469680.00,-458891.33,Main Location,190.0000,.0000
SR0001SR#000017,2026-02-08 00:00:00.000,Spark40 (6+128),13,I,5.0000,pcs,.0000,76481.8882,5.0000,76481.89,.0000,.00,.00,Main Location,190.0000,5.0000
SR0001SR#000017,2026-02-08 00:00:00.000,Spark 40(8+256),13,I,5.0000,pcs,.0000,86010.2084,5.0000,86010.21,.0000,.00,.00,Main Location,135.0000,5.0000
SR0001SR#000017,2026-02-08 00:00:00.000,Spark 40 Pro,13,I,4.0000,pcs,.0000,73570.4000,4.0000,73570.40,.0000,.00,.00,Main Location,17.0000,4.0000
SI0001SI#001104,2026-02-08 00:00:00.000,Pova Slim,16,O,-10.0000,pcs,27594.0000,-275940.2000,.0000,.00,-10.0000,-275940.00,-275940.20,Main Location,109.0000,.0000
SI0001SI#001104,2026-02-08 00:00:00.000,Pova Carve,16,O,-30.0000,pcs,30370.0000,-911114.1000,.0000,.00,-30.0000,-911100.00,-911114.10,Main Location,26.0000,.0000
SI0001SI#001103,2026-02-08 00:00:00.000,Pova Carve,16,O,-4.0000,pcs,31150.0000,-121481.8800,.0000,.00,-4.0000,-122731.00,-121481.88,Main Location,26.0000,.0000
SI0001SI#001104,2026-02-08 00:00:00.000,Go2,16,O,-150.0000,pcs,10145.0000,-1521541.3034,.0000,.00,-150.0000,-1521750.00,-1521541.30,Main Location,40.0000,.0000
SI0001SI#001105,2026-02-08 00:00:00.000,Go2,16,O,-10.0000,pcs,10390.0000,-101436.0869,.0000,.00,-10.0000,-103900.00,-101436.09,Main Location,40.0000,.0000
SI0001SI#001103,2026-02-08 00:00:00.000,Go2,16,O,-5.0000,pcs,10390.0000,-50718.0434,.0000,.00,-5.0000,-51170.75,-50718.04,Main Location,40.0000,.0000
SR0001SR#000017,2026-02-08 00:00:00.000,Go 3 (4+64),13,I,2.0000,pcs,.0000,23915.4800,2.0000,23915.48,.0000,.00,.00,Main Location,534.0000,2.0000
SR0001SR#000017,2026-02-08 00:00:00.000,Go 3 (4+128),13,I,2.0000,pcs,.0000,26661.8600,2.0000,26661.86,.0000,.00,.00,Main Location,220.0000,2.0000
SI0001SI#001102,2026-02-07 00:00:00.000,Spark 40(8+256),16,O,-1.0000,pcs,18880.0000,-17202.0417,.0000,.00,-1.0000,-18596.80,-17202.04,Main Location,130.0000,.0000
SI0001SI#001102,2026-02-07 00:00:00.000,Go 3 (4+64),16,O,-1.0000,pcs,12270.0000,-11957.7400,.0000,.00,-1.0000,-12085.95,-11957.74,Main Location,532.0000,.0000
SI0001SI#001100,2026-02-06 00:00:00.000,Spark40 Pro Pius,16,O,-2.0000,pcs,22993.0000,-45986.6800,.0000,.00,-2.0000,-45986.00,-45986.68,Main Location,30.0000,.0000
SI0001SI#001101,2026-02-06 00:00:00.000,Spark40 Pro Pius,16,O,-3.0000,pcs,23590.0000,-68980.0200,.0000,.00,-3.0000,-69708.45,-68980.02,Main Location,30.0000,.0000
SI0001SI#001097,2026-02-06 00:00:00.000,Spark40 Pro Pius,16,O,-11.0000,pcs,23590.0000,-252926.7400,.0000,.00,-11.0000,-255597.65,-252926.74,Main Location,30.0000,.0000
SI0001SI#001097,2026-02-06 00:00:00.000,Spark40 (6+128),16,O,-1.0000,pcs,16050.0000,-15296.3776,.0000,.00,-1.0000,-15809.25,-15296.38,Main Location,215.0000,.0000
SI0001SI#001100,2026-02-06 00:00:00.000,Spark 40 Pro,16,O,-2.0000,pcs,21149.0000,-36785.2000,.0000,.00,-2.0000,-42298.00,-36785.20,Main Location,13.0000,.0000
SI0001SI#001098,2026-02-06 00:00:00.000,Spark 40 Pro,16,O,-1.0000,pcs,21700.0000,-18392.6000,.0000,.00,-1.0000,-21483.00,-18392.60,Main Location,13.0000,.0000
SI0001SI#001100,2026-02-06 00:00:00.000,Pova Carve,16,O,-2.0000,pcs,30370.0000,-60740.9400,.0000,.00,-2.0000,-60740.00,-60740.94,Main Location,60.0000,.0000
SI0001SI#001100,2026-02-06 00:00:00.000,Pova 7 Pro,16,O,-2.0000,pcs,32195.0000,-64389.4000,.0000,.00,-2.0000,-64390.00,-64389.40,Main Location,11.0000,.0000
SI0001SI#001099,2026-02-06 00:00:00.000,Go2,16,O,-25.0000,pcs,10390.0000,-253590.2172,.0000,.00,-25.0000,-257152.50,-253590.22,Main Location,205.0000,.0000
SI0001SI#001101,2026-02-06 00:00:00.000,Go2,16,O,-10.0000,pcs,10390.0000,-101436.0869,.0000,.00,-10.0000,-102341.50,-101436.09,Main Location,205.0000,.0000
SI0001SI#001101,2026-02-06 00:00:00.000,Go 3 (4+64),16,O,-2.0000,pcs,12270.0000,-23915.4800,.0000,.00,-2.0000,-24171.90,-23915.48,Main Location,533.0000,.0000
SI0001SI#001094,2026-02-05 00:00:00.000,Spark40 Pro Pius,16,O,-5.0000,pcs,23590.0000,-114966.7000,.0000,.00,-5.0000,-117950.00,-114966.70,Main Location,46.0000,.0000
SI0001SI#001096,2026-02-05 00:00:00.000,Spark40 (6+128),16,O,-5.0000,pcs,16050.0000,-76481.8882,.0000,.00,-5.0000,-80250.00,-76481.89,Main Location,216.0000,.0000
SI0001SI#001096,2026-02-05 00:00:00.000,Spark 40(8+256),16,O,-5.0000,pcs,18880.0000,-86010.2084,.0000,.00,-5.0000,-94400.00,-86010.21,Main Location,131.0000,.0000
SI0001SI#001095,2026-02-05 00:00:00.000,Spark 40(8+256),16,O,-2.0000,pcs,18880.0000,-34404.0834,.0000,.00,-2.0000,-37382.40,-34404.08,Main Location,131.0000,.0000
SI0001SI#001096,2026-02-05 00:00:00.000,Spark 40 Pro,16,O,-4.0000,pcs,21700.0000,-73570.4000,.0000,.00,-4.0000,-86800.00,-73570.40,Main Location,16.0000,.0000
SI0001SI#001096,2026-02-05 00:00:00.000,Go 3 (4+64),16,O,-2.0000,pcs,12270.0000,-23915.4800,.0000,.00,-2.0000,-24540.00,-23915.48,Main Location,535.0000,.0000
SI0001SI#001096,2026-02-05 00:00:00.000,Go 3 (4+128),16,O,-2.0000,pcs,13680.0000,-26661.8600,.0000,.00,-2.0000,-27360.00,-26661.86,Main Location,218.0000,.0000
SI0001SI#001091,2026-02-04 00:00:00.000,Tablet Megapad 4+128,16,O,-1.0000,pcs,19810.0000,-19314.8100,.0000,.00,-1.0000,-19512.85,-19314.81,Main Location,13.0000,.0000
SI0001SI#001085,2026-02-04 00:00:00.000,Tablet Megapad 4+128,16,O,-1.0000,pcs,19810.0000,-19314.8100,.0000,.00,-1.0000,-19512.85,-19314.81,Main Location,13.0000,.0000
SI0001SI#001092,2026-02-04 00:00:00.000,Spark40 Pro Pius,16,O,-2.0000,pcs,23590.0000,-45986.6800,.0000,.00,-2.0000,-46472.30,-45986.68,Main Location,51.0000,.0000
SI0001SI#001086,2026-02-04 00:00:00.000,Spark40 Pro Pius,16,O,-1.0000,pcs,23590.0000,-22993.3400,.0000,.00,-1.0000,-23236.15,-22993.34,Main Location,51.0000,.0000
SI0001SI#001092,2026-02-04 00:00:00.000,Spark40 (6+128),16,O,-1.0000,pcs,16050.0000,-15296.3776,.0000,.00,-1.0000,-15809.25,-15296.38,Main Location,221.0000,.0000
SI0001SI#001090,2026-02-04 00:00:00.000,Spark40 (6+128),16,O,-3.0000,pcs,16050.0000,-45889.1329,.0000,.00,-3.0000,-48150.00,-45889.13,Main Location,221.0000,.0000
SI0001SI#001087,2026-02-04 00:00:00.000,Spark40 (6+128),16,O,-4.0000,pcs,16050.0000,-61185.5106,.0000,.00,-4.0000,-63237.00,-61185.51,Main Location,221.0000,.0000
SI0001SI#001086,2026-02-04 00:00:00.000,Spark40 (6+128),16,O,-3.0000,pcs,16050.0000,-45889.1329,.0000,.00,-3.0000,-47427.75,-45889.13,Main Location,221.0000,.0000
SI0001SI#001088,2026-02-04 00:00:00.000,Spark 40 Pro,16,O,-2.0000,pcs,21700.0000,-36785.2000,.0000,.00,-2.0000,-42749.00,-36785.20,Main Location,20.0000,.0000
SI0001SI#001086,2026-02-04 00:00:00.000,Spark 40 Pro,16,O,-2.0000,pcs,21700.0000,-36785.2000,.0000,.00,-2.0000,-42749.00,-36785.20,Main Location,20.0000,.0000
SI0001SI#001088,2026-02-04 00:00:00.000,Spark 40 5G,16,O,-1.0000,pcs,16040.0000,-15636.2800,.0000,.00,-1.0000,-15799.40,-15636.28,Main Location,407.0000,.0000
SI0001SI#001093,2026-02-04 00:00:00.000,Pova Slim,16,O,-2.0000,pcs,28300.0000,-55188.0400,.0000,.00,-2.0000,-55751.00,-55188.04,Main Location,119.0000,.0000
SI0001SI#001092,2026-02-04 00:00:00.000,Pova Slim,16,O,-1.0000,pcs,28300.0000,-27594.0200,.0000,.00,-1.0000,-27875.50,-27594.02,Main Location,119.0000,.0000
SI0001SI#001091,2026-02-04 00:00:00.000,Pova Slim,16,O,-1.0000,pcs,28300.0000,-27594.0200,.0000,.00,-1.0000,-27875.50,-27594.02,Main Location,119.0000,.0000
SI0001SI#001087,2026-02-04 00:00:00.000,Pova Slim,16,O,-4.0000,pcs,28300.0000,-110376.0800,.0000,.00,-4.0000,-111502.00,-110376.08,Main Location,119.0000,.0000
SI0001SI#001086,2026-02-04 00:00:00.000,Pova Slim,16,O,-1.0000,pcs,28300.0000,-27594.0200,.0000,.00,-1.0000,-27875.50,-27594.02,Main Location,119.0000,.0000
SI0001SI#001093,2026-02-04 00:00:00.000,Pova Carve,16,O,-5.0000,pcs,31150.0000,-151852.3500,.0000,.00,-5.0000,-153413.75,-151852.35,Main Location,62.0000,.0000
SI0001SI#001091,2026-02-04 00:00:00.000,Pova Carve,16,O,-1.0000,pcs,31150.0000,-30370.4700,.0000,.00,-1.0000,-30682.75,-30370.47,Main Location,62.0000,.0000
SI0001SI#001089,2026-02-04 00:00:00.000,Pova Carve,16,O,-1.0000,pcs,31150.0000,-30370.4700,.0000,.00,-1.0000,-30682.75,-30370.47,Main Location,62.0000,.0000
SI0001SI#001090,2026-02-04 00:00:00.000,Go2,16,O,-5.0000,pcs,10390.0000,-50718.0435,.0000,.00,-5.0000,-51950.00,-50718.04,Main Location,240.0000,.0000
SI0001SI#001086,2026-02-04 00:00:00.000,Go2,16,O,-2.0000,pcs,10390.0000,-20287.2174,.0000,.00,-2.0000,-20468.30,-20287.22,Main Location,240.0000,.0000
SI0001SI#001093,2026-02-04 00:00:00.000,Go 3 (4+64),16,O,-4.0000,pcs,12270.0000,-47830.9600,.0000,.00,-4.0000,-48343.80,-47830.96,Main Location,537.0000,.0000
SI0001SI#001092,2026-02-04 00:00:00.000,Go 3 (4+64),16,O,-1.0000,pcs,12270.0000,-11957.7400,.0000,.00,-1.0000,-12085.95,-11957.74,Main Location,537.0000,.0000
SI0001SI#001091,2026-02-04 00:00:00.000,Go 3 (4+64),16,O,-2.0000,pcs,12270.0000,-23915.4800,.0000,.00,-2.0000,-24171.90,-23915.48,Main Location,537.0000,.0000
SI0001SI#001090,2026-02-04 00:00:00.000,Go 3 (4+64),16,O,-2.0000,pcs,12270.0000,-23915.4800,.0000,.00,-2.0000,-24540.00,-23915.48,Main Location,537.0000,.0000
SI0001SI#001086,2026-02-04 00:00:00.000,Go 3 (4+64),16,O,-2.0000,pcs,12270.0000,-23915.4800,.0000,.00,-2.0000,-24171.90,-23915.48,Main Location,537.0000,.0000
SI0001SI#001093,2026-02-04 00:00:00.000,Go 3 (4+128),16,O,-1.0000,pcs,13680.0000,-13330.9300,.0000,.00,-1.0000,-13474.80,-13330.93,Main Location,220.0000,.0000
SI0001SI#001119,2026-02-03 00:00:00.000,Spark40 Pro Pius,16,O,-2.0000,pcs,23590.0000,-45986.6800,.0000,.00,-2.0000,-46472.30,-45986.68,Main Location,54.0000,.0000
SI0001SI#001119,2026-02-03 00:00:00.000,Spark40 (6+128),16,O,-3.0000,pcs,16050.0000,-45889.1329,.0000,.00,-3.0000,-47427.75,-45889.13,Main Location,232.0000,.0000
SI0001SI#001081,2026-02-03 00:00:00.000,Spark40 (6+128),16,O,-1.0000,pcs,16050.0000,-15296.3776,.0000,.00,-1.0000,-15809.25,-15296.38,Main Location,232.0000,.0000
SI0001SI#001080,2026-02-03 00:00:00.000,Spark40 (6+128),16,O,-2.0000,pcs,16050.0000,-30592.7553,.0000,.00,-2.0000,-31779.00,-30592.76,Main Location,232.0000,.0000
SI0001SI#001079,2026-02-03 00:00:00.000,Spark40 (6+128),16,O,-10.0000,pcs,16050.0000,-152963.7765,.0000,.00,-10.0000,-158092.50,-152963.78,Main Location,232.0000,.0000
SI0001SI#001119,2026-02-03 00:00:00.000,Spark 40(8+256),16,O,-2.0000,pcs,18880.0000,-34404.0834,.0000,.00,-2.0000,-37193.60,-34404.08,Main Location,138.0000,.0000
SI0001SI#001080,2026-02-03 00:00:00.000,Spark 40(8+256),16,O,-1.0000,pcs,18880.0000,-17202.0417,.0000,.00,-1.0000,-18691.20,-17202.04,Main Location,138.0000,.0000
SI0001SI#001119,2026-02-03 00:00:00.000,Spark 40 Pro,16,O,-1.0000,pcs,21700.0000,-18392.6000,.0000,.00,-1.0000,-21374.50,-18392.60,Main Location,24.0000,.0000
SI0001SI#001084,2026-02-03 00:00:00.000,Spark 40 Pro,16,O,-1.0000,pcs,21700.0000,-18392.6000,.0000,.00,-1.0000,-21374.50,-18392.60,Main Location,24.0000,.0000
SI0001SI#001080,2026-02-03 00:00:00.000,Spark 40 Pro,16,O,-1.0000,pcs,21700.0000,-18392.6000,.0000,.00,-1.0000,-21483.00,-18392.60,Main Location,24.0000,.0000
SI0001SI#001080,2026-02-03 00:00:00.000,Spark 40 5G,16,O,-2.0000,pcs,16040.0000,-31272.5600,.0000,.00,-2.0000,-31759.20,-31272.56,Main Location,408.0000,.0000
SI0001SI#001119,2026-02-03 00:00:00.000,Pova Slim,16,O,-1.0000,pcs,28300.0000,-27594.0200,.0000,.00,-1.0000,-27875.50,-27594.02,Main Location,128.0000,.0000
SI0001SI#001083,2026-02-03 00:00:00.000,Pova Slim,16,O,-1.0000,pcs,28300.0000,-27594.0200,.0000,.00,-1.0000,-27875.50,-27594.02,Main Location,128.0000,.0000
SI0001SI#001119,2026-02-03 00:00:00.000,Go2,16,O,-2.0000,pcs,10390.0000,-20287.2174,.0000,.00,-2.0000,-20468.30,-20287.22,Main Location,247.0000,.0000
SI0001SI#001080,2026-02-03 00:00:00.000,Go2,16,O,-2.0000,pcs,10390.0000,-20287.2174,.0000,.00,-2.0000,-20572.20,-20287.22,Main Location,247.0000,.0000
SI0001SI#001119,2026-02-03 00:00:00.000,Go 3 (4+64),16,O,-2.0000,pcs,12270.0000,-23915.4800,.0000,.00,-2.0000,-24171.90,-23915.48,Main Location,548.0000,.0000
SI0001SI#001082,2026-02-03 00:00:00.000,Go 3 (4+64),16,O,-2.0000,pcs,12270.0000,-23915.4800,.0000,.00,-2.0000,-24540.00,-23915.48,Main Location,548.0000,.0000
SI0001SI#001080,2026-02-03 00:00:00.000,Go 3 (4+64),16,O,-2.0000,pcs,12270.0000,-23915.4800,.0000,.00,-2.0000,-24294.60,-23915.48,Main Location,548.0000,.0000
SI0001SI#001079,2026-02-03 00:00:00.000,Go 3 (4+64),16,O,-5.0000,pcs,12270.0000,-59788.7000,.0000,.00,-5.0000,-60429.75,-59788.70,Main Location,548.0000,.0000
SI0001SI#001077,2026-02-02 00:00:00.000,Spark40 (6+128),16,O,-2.0000,pcs,16050.0000,-30592.7553,.0000,.00,-2.0000,-31779.00,-30592.76,Main Location,248.0000,.0000
SI0001SI#001077,2026-02-02 00:00:00.000,Spark 40 5G,16,O,-1.0000,pcs,16040.0000,-15636.2800,.0000,.00,-1.0000,-15879.60,-15636.28,Main Location,410.0000,.0000
SI0001SI#001077,2026-02-02 00:00:00.000,Pova Slim,16,O,-1.0000,pcs,28300.0000,-27594.0200,.0000,.00,-1.0000,-28017.00,-27594.02,Main Location,130.0000,.0000
SI0001SI#001077,2026-02-02 00:00:00.000,Pova 7 Pro,16,O,-1.0000,pcs,33020.0000,-32194.7000,.0000,.00,-1.0000,-32689.80,-32194.70,Main Location,13.0000,.0000
SI0001SI#001078,2026-02-02 00:00:00.000,Go2,16,O,-3.0000,pcs,10390.0000,-30430.8261,.0000,.00,-3.0000,-31170.00,-30430.83,Main Location,251.0000,.0000
SI0001SI#001077,2026-02-02 00:00:00.000,Go2,16,O,-2.0000,pcs,10390.0000,-20287.2174,.0000,.00,-2.0000,-20572.20,-20287.22,Main Location,251.0000,.0000
SI0001SI#001078,2026-02-02 00:00:00.000,Go 3 (4+64),16,O,-1.0000,pcs,12270.0000,-11957.7400,.0000,.00,-1.0000,-12270.00,-11957.74,Main Location,559.0000,.0000
SI0001SI#001077,2026-02-02 00:00:00.000,Go 3 (4+64),16,O,-2.0000,pcs,12270.0000,-23915.4800,.0000,.00,-2.0000,-24294.60,-23915.48,Main Location,559.0000,.0000
PI0001PI#000139,2026-01-30 00:00:00.000,Spark40 (6+128),33,I,100.0000,pcs,15656.3300,1565633.0000,100.0000,1565633.00,.0000,.00,.00,Main Location,250.0000,100.0000
SI0001SI#001075,2026-01-30 00:00:00.000,Go2,16,O,-10.0000,pcs,10390.0000,-101436.0869,.0000,.00,-10.0000,-103900.00,-101436.09,Main Location,256.0000,.0000
PI0001PI#000139,2026-01-30 00:00:00.000,Go 3 (4+64),33,I,90.0000,pcs,11957.7400,1076196.6000,90.0000,1076196.60,.0000,.00,.00,Main Location,562.0000,90.0000
SI0001SI#001076,2026-01-30 00:00:00.000,Go 3 (4+64),16,O,-3.0000,pcs,12270.0000,-35873.2200,.0000,.00,-3.0000,-36257.85,-35873.22,Main Location,562.0000,.0000
PI0001PI#000139,2026-01-30 00:00:00.000,Go 3 (4+128),33,I,165.0000,pcs,13330.9300,2199603.4500,165.0000,2199603.45,.0000,.00,.00,Main Location,221.0000,165.0000
SI0001SI#001074,2026-01-29 00:00:00.000,Spark40 Pro Pius,16,O,-1.0000,pcs,23590.0000,-22993.3400,.0000,.00,-1.0000,-23236.15,-22993.34,Main Location,56.0000,.0000
SI0001SI#001074,2026-01-29 00:00:00.000,Go2,16,O,-2.0000,pcs,10390.0000,-20287.2174,.0000,.00,-2.0000,-20468.30,-20287.22,Main Location,266.0000,.0000
SI0001SI#001074,2026-01-29 00:00:00.000,Go 3 (4+64),16,O,-1.0000,pcs,12270.0000,-11957.7400,.0000,.00,-1.0000,-12085.95,-11957.74,Main Location,475.0000,.0000
PI0001PI#000138,2026-01-29 00:00:00.000,Go 3 (4+64),33,I,48.0000,pcs,11957.7400,573971.5200,48.0000,573971.52,.0000,.00,.00,Main Location,475.0000,48.0000
SI0001SI#001073,2026-01-28 00:00:00.000,Spark40 Pro Pius,16,O,-1.0000,pcs,23590.0000,-22993.3400,.0000,.00,-1.0000,-23236.15,-22993.34,Main Location,57.0000,.0000
SI0001SI#001073,2026-01-28 00:00:00.000,Spark40 (6+128),16,O,-3.0000,pcs,16050.0000,-45169.2282,.0000,.00,-3.0000,-47427.75,-45169.23,Main Location,150.0000,.0000
SI0001SI#001073,2026-01-28 00:00:00.000,Spark 40(8+256),16,O,-2.0000,pcs,18880.0000,-34404.0834,.0000,.00,-2.0000,-37193.60,-34404.08,Main Location,141.0000,.0000
SI0001SI#001073,2026-01-28 00:00:00.000,Go2,16,O,-1.0000,pcs,10390.0000,-10143.6087,.0000,.00,-1.0000,-10234.15,-10143.61,Main Location,268.0000,.0000
SI0001SI#001073,2026-01-28 00:00:00.000,Go 3 (4+64),16,O,-2.0000,pcs,12270.0000,-23915.4800,.0000,.00,-2.0000,-24171.90,-23915.48,Main Location,428.0000,.0000
PI0001PI#000137,2026-01-28 00:00:00.000,Go 3 (4+64),33,I,120.0000,pcs,11957.7400,1434928.8000,120.0000,1434928.80,.0000,.00,.00,Main Location,428.0000,120.0000
PI0001PI#000136,2026-01-27 00:00:00.000,Spark40 (6+128),33,I,120.0000,pcs,15656.3300,1878759.6000,120.0000,1878759.60,.0000,.00,.00,Main Location,153.0000,120.0000
PI0001PI#000136,2026-01-27 00:00:00.000,Spark 40(8+256),33,I,80.0000,pcs,18392.6700,1471413.6000,80.0000,1471413.60,.0000,.00,.00,Main Location,143.0000,80.0000
SI0001SI#001072,2026-01-27 00:00:00.000,Pova Carve,16,O,-3.0000,pcs,31150.0000,-91111.4100,.0000,.00,-3.0000,-92048.25,-91111.41,Main Location,69.0000,.0000
PI0001PI#000136,2026-01-27 00:00:00.000,Go 3 (4+64),33,I,250.0000,pcs,11957.7400,2989435.0000,250.0000,2989435.00,.0000,.00,.00,Main Location,310.0000,250.0000
SI0001SI#001069,2026-01-26 00:00:00.000,Tablet Megapad 4+128,16,O,-1.0000,pcs,19810.0000,-19314.8100,.0000,.00,-1.0000,-19512.85,-19314.81,Main Location,15.0000,.0000
SI0001SI#001071,2026-01-26 00:00:00.000,Spark40 Pro Pius,16,O,-1.0000,pcs,23590.0000,-22993.3400,.0000,.00,-1.0000,-23236.15,-22993.34,Main Location,58.0000,.0000
SI0001SI#001071,2026-01-26 00:00:00.000,Spark40 (6+128),16,O,-2.0000,pcs,16050.0000,-25749.7600,.0000,.00,-2.0000,-31618.50,-25749.76,Main Location,33.0000,.0000
SI0001SI#001067,2026-01-26 00:00:00.000,Spark40 (6+128),16,O,-1.0000,pcs,16050.0000,-12874.8800,.0000,.00,-1.0000,-16050.00,-12874.88,Main Location,33.0000,.0000
SI0001SI#001071,2026-01-26 00:00:00.000,Pova 7 Pro,16,O,-1.0000,pcs,33020.0000,-32194.7000,.0000,.00,-1.0000,-32524.70,-32194.70,Main Location,14.0000,.0000
SI0001SI#001071,2026-01-26 00:00:00.000,Go2,16,O,-2.0000,pcs,10390.0000,-20287.2174,.0000,.00,-2.0000,-20468.30,-20287.22,Main Location,269.0000,.0000
SI0001SI#001071,2026-01-26 00:00:00.000,Go 3 (4+64),16,O,-1.0000,pcs,12270.0000,-11957.7400,.0000,.00,-1.0000,-12085.95,-11957.74,Main Location,60.0000,.0000
SI0001SI#001068,2026-01-26 00:00:00.000,Go 3 (4+64),16,O,-1.0000,pcs,12270.0000,-11957.7400,.0000,.00,-1.0000,-12085.95,-11957.74,Main Location,60.0000,.0000
SI0001SI#001070,2026-01-26 00:00:00.000,Go 3 (4+128),16,O,-1.0000,pcs,13680.0000,-13330.9300,.0000,.00,-1.0000,-13474.80,-13330.93,Main Location,56.0000,.0000
SI0001SI#001066,2026-01-25 00:00:00.000,Spark40 Pro Pius,16,O,-1.0000,pcs,23590.0000,-22993.3400,.0000,.00,-1.0000,-23236.15,-22993.34,Main Location,59.0000,.0000
SI0001SI#001065,2026-01-25 00:00:00.000,Pova Slim,16,O,-1.0000,pcs,28300.0000,-27594.0200,.0000,.00,-1.0000,-27875.50,-27594.02,Main Location,131.0000,.0000
SI0001SI#001066,2026-01-25 00:00:00.000,Pova 7 Pro,16,O,-1.0000,pcs,33020.0000,-32194.7000,.0000,.00,-1.0000,-32524.70,-32194.70,Main Location,15.0000,.0000
SI0001SI#001063,2026-01-25 00:00:00.000,Go2,16,O,-4.0000,pcs,10390.0000,-40574.4348,.0000,.00,-4.0000,-41560.00,-40574.43,Main Location,271.0000,.0000
SI0001SI#001066,2026-01-25 00:00:00.000,Go 3 (4+64),16,O,-3.0000,pcs,12270.0000,-35873.2200,.0000,.00,-3.0000,-36257.85,-35873.22,Main Location,62.0000,.0000
SI0001SI#001064,2026-01-25 00:00:00.000,Go 3 (4+128),16,O,-2.0000,pcs,13680.0000,-26661.8600,.0000,.00,-2.0000,-26949.60,-26661.86,Main Location,57.0000,.0000
SI0001SI#001058,2026-01-23 00:00:00.000,Tablet Megapad 4+128,16,O,-1.0000,pcs,19810.0000,-19314.8100,.0000,.00,-1.0000,-19512.85,-19314.81,Main Location,16.0000,.0000
PI0001PI#000135,2026-01-23 00:00:00.000,Spark 40(8+256),33,I,10.0000,pcs,18392.6700,183926.7000,10.0000,183926.70,.0000,.00,.00,Main Location,63.0000,10.0000
SI0001SI#001062,2026-01-23 00:00:00.000,Spark 40 5G,16,O,-6.0000,pcs,16040.0000,-93817.6800,.0000,.00,-6.0000,-96240.00,-93817.68,Main Location,411.0000,.0000
SI0001SI#001059,2026-01-23 00:00:00.000,Pova Slim,16,O,-2.0000,pcs,28300.0000,-55188.0400,.0000,.00,-2.0000,-55751.00,-55188.04,Main Location,132.0000,.0000
SI0001SI#001058,2026-01-23 00:00:00.000,Pova Slim,16,O,-1.0000,pcs,28300.0000,-27594.0200,.0000,.00,-1.0000,-27875.50,-27594.02,Main Location,132.0000,.0000
SI0001SI#001061,2026-01-23 00:00:00.000,Pova 7 Pro,16,O,-2.0000,pcs,33020.0000,-64389.4000,.0000,.00,-2.0000,-65049.40,-64389.40,Main Location,16.0000,.0000
SI0001SI#001060,2026-01-23 00:00:00.000,Go2,16,O,-1.0000,pcs,10390.0000,-10143.6087,.0000,.00,-1.0000,-10390.00,-10143.61,Main Location,275.0000,.0000
SI0001SI#001059,2026-01-23 00:00:00.000,Go 3 (4+64),16,O,-4.0000,pcs,12270.0000,-47830.9600,.0000,.00,-4.0000,-48343.80,-47830.96,Main Location,65.0000,.0000
PI0001PI#000135,2026-01-23 00:00:00.000,Go 3 (4+64),33,I,20.0000,pcs,11957.7400,239154.8000,20.0000,239154.80,.0000,.00,.00,Main Location,65.0000,20.0000
PI0001PI#000135,2026-01-23 00:00:00.000,Go 3 (4+128),33,I,20.0000,pcs,13330.9300,266618.6000,20.0000,266618.60,.0000,.00,.00,Main Location,59.0000,20.0000
SI0001SI#001055,2026-01-22 00:00:00.000,Spark40 (6+128),16,O,-1.0000,pcs,16050.0000,-12874.8800,.0000,.00,-1.0000,-15889.50,-12874.88,Main Location,36.0000,.0000
SI0001SI#001055,2026-01-22 00:00:00.000,Spark 40(8+256),16,O,-1.0000,pcs,18880.0000,-15180.2200,.0000,.00,-1.0000,-18691.20,-15180.22,Main Location,53.0000,.0000
SI0001SI#001057,2026-01-22 00:00:00.000,Pova Carve,16,O,-1.0000,pcs,31150.0000,-30370.4700,.0000,.00,-1.0000,-30682.75,-30370.47,Main Location,72.0000,.0000
SI0001SI#001056,2026-01-22 00:00:00.000,Go2,16,O,-100.0000,pcs,10145.0000,-1014360.8690,.0000,.00,-100.0000,-1014500.00,-1014360.87,Main Location,276.0000,.0000
SI0001SI#001055,2026-01-22 00:00:00.000,Go2,16,O,-1.0000,pcs,10390.0000,-10143.6087,.0000,.00,-1.0000,-10286.10,-10143.61,Main Location,276.0000,.0000
SI0001SI#001054,2026-01-22 00:00:00.000,Go2,16,O,-70.0000,pcs,10390.0000,-710052.6083,.0000,.00,-70.0000,-727300.00,-710052.61,Main Location,276.0000,.0000
SI0001SI#001055,2026-01-22 00:00:00.000,Go 3 (4+64),16,O,-1.0000,pcs,12270.0000,-11957.7400,.0000,.00,-1.0000,-12147.30,-11957.74,Main Location,49.0000,.0000
SI0001SI#001055,2026-01-22 00:00:00.000,Go 3 (4+128),16,O,-1.0000,pcs,13680.0000,-13330.9300,.0000,.00,-1.0000,-13543.20,-13330.93,Main Location,39.0000,.0000
SI0001SI#001051,2026-01-21 00:00:00.000,Spark40 Pro Pius,16,O,-3.0000,pcs,23590.0000,-68980.0200,.0000,.00,-3.0000,-69708.45,-68980.02,Main Location,60.0000,.0000
SI0001SI#001053,2026-01-21 00:00:00.000,Spark 40 Pro,16,O,-60.0000,pcs,21149.0000,-1103556.0000,.0000,.00,-60.0000,-1249905.90,-1103556.00,Main Location,27.0000,.0000
SI0001SI#001053,2026-01-21 00:00:00.000,Spark 40 5G,16,O,-40.0000,pcs,15636.0000,-625451.2000,.0000,.00,-40.0000,-616058.40,-625451.20,Main Location,417.0000,.0000
SI0001SI#001053,2026-01-21 00:00:00.000,Pova Slim,16,O,-10.0000,pcs,27592.0000,-275940.2000,.0000,.00,-10.0000,-271781.20,-275940.20,Main Location,135.0000,.0000
SI0001SI#001052,2026-01-21 00:00:00.000,Go2,16,O,-80.0000,pcs,10390.0000,-811488.6952,.0000,.00,-80.0000,-818732.00,-811488.70,Main Location,447.0000,.0000
SI0001SI#001053,2026-01-21 00:00:00.000,Go2,16,O,-140.0000,pcs,10390.0000,-1420105.2166,.0000,.00,-140.0000,-1440054.00,-1420105.22,Main Location,447.0000,.0000
SI0001SI#001051,2026-01-21 00:00:00.000,Go2,16,O,-20.0000,pcs,10390.0000,-202872.1738,.0000,.00,-20.0000,-204683.00,-202872.17,Main Location,447.0000,.0000
SI0001SI#001051,2026-01-21 00:00:00.000,Go 3 (4+64),16,O,-2.0000,pcs,12270.0000,-23915.4800,.0000,.00,-2.0000,-24171.90,-23915.48,Main Location,50.0000,.0000
SI0001SI#001049,2026-01-20 00:00:00.000,Tablet Megapad 4+128,16,O,-1.0000,pcs,19810.0000,-19314.8100,.0000,.00,-1.0000,-19512.85,-19314.81,Main Location,17.0000,.0000
SI0001SI#001049,2026-01-20 00:00:00.000,Spark 40 Pro,16,O,-1.0000,pcs,21700.0000,-18392.6000,.0000,.00,-1.0000,-21374.50,-18392.60,Main Location,87.0000,.0000
SI0001SI#001049,2026-01-20 00:00:00.000,Pova Carve,16,O,-1.0000,pcs,31150.0000,-30370.4700,.0000,.00,-1.0000,-30682.75,-30370.47,Main Location,73.0000,.0000
SI0001SI#001045,2026-01-20 00:00:00.000,Pova 7 Pro,16,O,-1.0000,pcs,33020.0000,-32194.7000,.0000,.00,-1.0000,-32524.70,-32194.70,Main Location,18.0000,.0000
SI0001SI#001048,2026-01-20 00:00:00.000,Go2,16,O,-30.0000,pcs,10390.0000,-304308.2607,.0000,.00,-30.0000,-311700.00,-304308.26,Main Location,687.0000,.0000
SI0001SI#001047,2026-01-20 00:00:00.000,Go2,16,O,-50.0000,pcs,10390.0000,-507180.4345,.0000,.00,-50.0000,-514305.00,-507180.43,Main Location,687.0000,.0000
SI0001SI#001046,2026-01-20 00:00:00.000,Go2,16,O,-2.0000,pcs,10390.0000,-20287.2174,.0000,.00,-2.0000,-20780.00,-20287.22,Main Location,687.0000,.0000
SI0001SI#001050,2026-01-20 00:00:00.000,Go 3 (4+64),16,O,-1.0000,pcs,12270.0000,-11957.7400,.0000,.00,-1.0000,-12270.00,-11957.74,Main Location,52.0000,.0000
SI0001SI#001050,2026-01-20 00:00:00.000,Go 3 (4+128),16,O,-1.0000,pcs,13680.0000,-13330.9300,.0000,.00,-1.0000,-13680.00,-13330.93,Main Location,40.0000,.0000
SI0001SI#001035,2026-01-19 00:00:00.000,Spark40 Pro Pius,16,O,-1.0000,pcs,23590.0000,-22993.3400,.0000,.00,-1.0000,-23236.15,-22993.34,Main Location,63.0000,.0000
SI0001SI#001035,2026-01-19 00:00:00.000,Spark40 (6+128),16,O,-1.0000,pcs,16050.0000,-12874.8800,.0000,.00,-1.0000,-15809.25,-12874.88,Main Location,37.0000,.0000
SI0001SI#001038,2026-01-19 00:00:00.000,Spark 40c (4+128),16,O,-20.0000,pcs,11790.0000,-229833.4000,.0000,.00,-20.0000,-232263.00,-229833.40,Main Location,.0000,.0000
SI0001SI#001039,2026-01-19 00:00:00.000,Spark 40 Pro,16,O,-1.0000,pcs,21150.0000,-18392.6000,.0000,.00,-1.0000,-21150.00,-18392.60,Main Location,88.0000,.0000
SI0001SI#001037,2026-01-19 00:00:00.000,Pova Slim,16,O,-1.0000,pcs,28300.0000,-27594.0200,.0000,.00,-1.0000,-28017.00,-27594.02,Main Location,145.0000,.0000
SI0001SI#001038,2026-01-19 00:00:00.000,Go2,16,O,-70.0000,pcs,10390.0000,-710052.6083,.0000,.00,-70.0000,-716390.50,-710052.61,Main Location,769.0000,.0000
SI0001SI#001036,2026-01-19 00:00:00.000,Go2,16,O,-5.0000,pcs,10390.0000,-50718.0435,.0000,.00,-5.0000,-51170.75,-50718.04,Main Location,769.0000,.0000
SI0001SI#001035,2026-01-19 00:00:00.000,Go2,16,O,-4.0000,pcs,10390.0000,-40574.4348,.0000,.00,-4.0000,-40936.60,-40574.43,Main Location,769.0000,.0000
SI0001SI#001035,2026-01-19 00:00:00.000,Go 3 (4+64),16,O,-1.0000,pcs,12270.0000,-11957.7400,.0000,.00,-1.0000,-12085.95,-11957.74,Main Location,53.0000,.0000
SI0001SI#001034,2026-01-18 00:00:00.000,Tablet Megapad 4+128,16,O,-2.0000,pcs,19810.0000,-38629.6200,.0000,.00,-2.0000,-39025.70,-38629.62,Main Location,18.0000,.0000
SI0001SI#001029,2026-01-18 00:00:00.000,Spark40 (6+128),16,O,-30.0000,pcs,15656.0000,-386246.4000,.0000,.00,-30.0000,-462634.80,-386246.40,Main Location,38.0000,.0000
SI0001SI#001029,2026-01-18 00:00:00.000,Spark 40c (4+128),16,O,-20.0000,pcs,11790.0000,-229833.4000,.0000,.00,-20.0000,-232263.00,-229833.40,Main Location,20.0000,.0000
SI0001SI#001029,2026-01-18 00:00:00.000,Pova Slim,16,O,-20.0000,pcs,27594.0000,-551880.4000,.0000,.00,-20.0000,-543601.80,-551880.40,Main Location,146.0000,.0000
SI0001SI#001029,2026-01-18 00:00:00.000,Go2,16,O,-120.0000,pcs,10390.0000,-1217233.0428,.0000,.00,-120.0000,-1234332.00,-1217233.04,Main Location,848.0000,.0000
SI0001SI#001032,2026-01-18 00:00:00.000,Go2,16,O,-2.0000,pcs,10390.0000,-20287.2174,.0000,.00,-2.0000,-20468.30,-20287.22,Main Location,848.0000,.0000
SI0001SI#001034,2026-01-18 00:00:00.000,Go 3 (4+64),16,O,-2.0000,pcs,12270.0000,-23915.4800,.0000,.00,-2.0000,-24171.90,-23915.48,Main Location,54.0000,.0000
SI0001SI#001033,2026-01-18 00:00:00.000,Go 3 (4+64),16,O,-1.0000,pcs,12270.0000,-11957.7400,.0000,.00,-1.0000,-12270.00,-11957.74,Main Location,54.0000,.0000
SI0001SI#001031,2026-01-18 00:00:00.000,Go 3 (4+64),16,O,-2.0000,pcs,12270.0000,-23915.4800,.0000,.00,-2.0000,-24171.90,-23915.48,Main Location,54.0000,.0000
SI0001SI#001030,2026-01-18 00:00:00.000,Go 3 (4+64),16,O,-2.0000,pcs,12270.0000,-23915.4800,.0000,.00,-2.0000,-24171.90,-23915.48,Main Location,54.0000,.0000
SI0001SI#001034,2026-01-18 00:00:00.000,Go 3 (4+128),16,O,-2.0000,pcs,13680.0000,-26661.8600,.0000,.00,-2.0000,-26949.60,-26661.86,Main Location,41.0000,.0000
SI0001SI#001032,2026-01-18 00:00:00.000,Go 3 (4+128),16,O,-1.0000,pcs,13680.0000,-13330.9300,.0000,.00,-1.0000,-13474.80,-13330.93,Main Location,41.0000,.0000
SI0001SI#001031,2026-01-18 00:00:00.000,Go 3 (4+128),16,O,-2.0000,pcs,13680.0000,-26661.8600,.0000,.00,-2.0000,-26949.60,-26661.86,Main Location,41.0000,.0000
SI0001SI#001030,2026-01-18 00:00:00.000,Go 3 (4+128),16,O,-2.0000,pcs,13680.0000,-26661.8600,.0000,.00,-2.0000,-26949.60,-26661.86,Main Location,41.0000,.0000
PI0001PI#000133,2026-01-16 00:00:00.000,Tablet Megapad 4+128,33,I,20.0000,pcs,19314.8100,386296.2000,20.0000,386296.20,.0000,.00,.00,Main Location,20.0000,20.0000
SI0001SI#001024,2026-01-16 00:00:00.000,Spark40 (6+128),16,O,-10.0000,pcs,15656.0000,-128748.8000,.0000,.00,-10.0000,-156560.00,-128748.80,Main Location,68.0000,.0000
SI0001SI#001023,2026-01-16 00:00:00.000,Spark40 (6+128),16,O,-1.0000,pcs,16050.0000,-12874.8800,.0000,.00,-1.0000,-15889.50,-12874.88,Main Location,68.0000,.0000
SI0001SI#001014,2026-01-16 00:00:00.000,Spark40 (6+128),16,O,-2.0000,pcs,16050.0000,-25749.7600,.0000,.00,-2.0000,-31618.50,-25749.76,Main Location,68.0000,.0000
SI0001SI#001015,2026-01-16 00:00:00.000,Spark 40c (4+128),16,O,-7.0000,pcs,11790.0000,-80441.6900,.0000,.00,-7.0000,-81292.05,-80441.69,Main Location,40.0000,.0000
SI0001SI#001023,2026-01-16 00:00:00.000,Spark 40(8+256),16,O,-1.0000,pcs,18880.0000,-15180.2200,.0000,.00,-1.0000,-18691.20,-15180.22,Main Location,54.0000,.0000
SI0001SI#001014,2026-01-16 00:00:00.000,Spark 40(8+256),16,O,-2.0000,pcs,18880.0000,-30360.4400,.0000,.00,-2.0000,-37193.60,-30360.44,Main Location,54.0000,.0000
SI0001SI#001023,2026-01-16 00:00:00.000,Spark 40 Pro,16,O,-1.0000,pcs,21700.0000,-18392.6000,.0000,.00,-1.0000,-21483.00,-18392.60,Main Location,89.0000,.0000
SI0001SI#001014,2026-01-16 00:00:00.000,Spark 40 Pro,16,O,-1.0000,pcs,21700.0000,-18392.6000,.0000,.00,-1.0000,-21416.95,-18392.60,Main Location,89.0000,.0000
SI0001SI#001028,2026-01-16 00:00:00.000,Pova Slim,16,O,-1.0000,pcs,28300.0000,-27594.0200,.0000,.00,-1.0000,-27875.50,-27594.02,Main Location,166.0000,.0000
SI0001SI#001019,2026-01-16 00:00:00.000,Pova Slim,16,O,-1.0000,pcs,28300.0000,-27594.0200,.0000,.00,-1.0000,-27875.50,-27594.02,Main Location,166.0000,.0000
SI0001SI#001015,2026-01-16 00:00:00.000,Pova Slim,16,O,-1.0000,pcs,28300.0000,-27594.0200,.0000,.00,-1.0000,-27875.50,-27594.02,Main Location,166.0000,.0000
SI0001SI#001014,2026-01-16 00:00:00.000,Pova Slim,16,O,-1.0000,pcs,28300.0000,-27594.0200,.0000,.00,-1.0000,-27875.50,-27594.02,Main Location,166.0000,.0000
SI0001SI#001028,2026-01-16 00:00:00.000,Pova 7 Pro,16,O,-1.0000,pcs,33020.0000,-32194.7000,.0000,.00,-1.0000,-32524.70,-32194.70,Main Location,19.0000,.0000
SI0001SI#001021,2026-01-16 00:00:00.000,Pova 7 Pro,16,O,-1.0000,pcs,33020.0000,-32194.7000,.0000,.00,-1.0000,-32524.70,-32194.70,Main Location,19.0000,.0000
SI0001SI#001027,2026-01-16 00:00:00.000,Go2,16,O,-20.0000,pcs,10390.0000,-202872.1738,.0000,.00,-20.0000,-205722.00,-202872.17,Main Location,970.0000,.0000
SI0001SI#001026,2026-01-16 00:00:00.000,Go2,16,O,-3.0000,pcs,10390.0000,-30430.8261,.0000,.00,-3.0000,-31170.00,-30430.83,Main Location,970.0000,.0000
SI0001SI#001022,2026-01-16 00:00:00.000,Go2,16,O,-7.0000,pcs,10390.0000,-71005.2608,.0000,.00,-7.0000,-72300.00,-71005.26,Main Location,970.0000,.0000
SI0001SI#001020,2026-01-16 00:00:00.000,Go2,16,O,-1.0000,pcs,10500.0000,-10143.6087,.0000,.00,-1.0000,-10500.00,-10143.61,Main Location,970.0000,.0000
SI0001SI#001016,2026-01-16 00:00:00.000,Go2,16,O,-2.0000,pcs,10390.0000,-20287.2174,.0000,.00,-2.0000,-20468.30,-20287.22,Main Location,970.0000,.0000
SI0001SI#001015,2026-01-16 00:00:00.000,Go2,16,O,-10.0000,pcs,10390.0000,-101436.0869,.0000,.00,-10.0000,-102341.50,-101436.09,Main Location,970.0000,.0000
SI0001SI#001013,2026-01-16 00:00:00.000,Go2,16,O,-10.0000,pcs,10390.0000,-101436.0869,.0000,.00,-10.0000,-103900.00,-101436.09,Main Location,970.0000,.0000
SI0001SI#001025,2026-01-16 00:00:00.000,Go 3 (4+64),16,O,-1.0000,pcs,12270.0000,-11957.7400,.0000,.00,-1.0000,-12085.95,-11957.74,Main Location,61.0000,.0000
SI0001SI#001023,2026-01-16 00:00:00.000,Go 3 (4+64),16,O,-1.0000,pcs,12270.0000,-11957.7400,.0000,.00,-1.0000,-12147.30,-11957.74,Main Location,61.0000,.0000
SI0001SI#001019,2026-01-16 00:00:00.000,Go 3 (4+64),16,O,-2.0000,pcs,12270.0000,-23915.4800,.0000,.00,-2.0000,-24171.90,-23915.48,Main Location,61.0000,.0000
PI0001PI#000133,2026-01-16 00:00:00.000,Go 3 (4+64),33,I,65.0000,pcs,11957.7400,777253.1000,65.0000,777253.10,.0000,.00,.00,Main Location,61.0000,65.0000
SI0001SI#001025,2026-01-16 00:00:00.000,Go 3 (4+128),16,O,-1.0000,pcs,13680.0000,-13330.9300,.0000,.00,-1.0000,-13474.80,-13330.93,Main Location,48.0000,.0000
SI0001SI#001023,2026-01-16 00:00:00.000,Go 3 (4+128),16,O,-1.0000,pcs,13680.0000,-13330.9300,.0000,.00,-1.0000,-13543.20,-13330.93,Main Location,48.0000,.0000
PI0001PI#000133,2026-01-16 00:00:00.000,Go 3 (4+128),33,I,50.0000,pcs,13330.9300,666546.5000,50.0000,666546.50,.0000,.00,.00,Main Location,48.0000,50.0000
SI0001SI#001018,2026-01-15 00:00:00.000,Spark40 Pro Pius,16,O,-1.0000,pcs,23590.0000,-22993.3400,.0000,.00,-1.0000,-23590.00,-22993.34,Main Location,64.0000,.0000
SI0001SI#001009,2026-01-15 00:00:00.000,Spark40 (6+128),16,O,-1.0000,pcs,16050.0000,-12874.8800,.0000,.00,-1.0000,-15809.25,-12874.88,Main Location,81.0000,.0000
SI0001SI#001012,2026-01-15 00:00:00.000,Spark 40c (4+128),16,O,-2.0000,pcs,11790.0000,-22983.3400,.0000,.00,-2.0000,-23226.30,-22983.34,Main Location,47.0000,.0000
SI0001SI#001011,2026-01-15 00:00:00.000,Spark 40 Pro,16,O,-3.0000,pcs,21700.0000,-55177.8000,.0000,.00,-3.0000,-65100.00,-55177.80,Main Location,91.0000,.0000
SI0001SI#001012,2026-01-15 00:00:00.000,Spark 40 5G,16,O,-3.0000,pcs,16020.0000,-46908.8400,.0000,.00,-3.0000,-47339.10,-46908.84,Main Location,457.0000,.0000
SI0001SI#001009,2026-01-15 00:00:00.000,Pova Slim,16,O,-1.0000,pcs,28300.0000,-27594.0200,.0000,.00,-1.0000,-27875.50,-27594.02,Main Location,170.0000,.0000
SI0001SI#001012,2026-01-15 00:00:00.000,Go2,16,O,-10.0000,pcs,10390.0000,-101436.0869,.0000,.00,-10.0000,-102341.50,-101436.09,Main Location,1023.0000,.0000
SI0001SI#001011,2026-01-15 00:00:00.000,Go2,16,O,-5.0000,pcs,10390.0000,-50718.0435,.0000,.00,-5.0000,-51950.00,-50718.04,Main Location,1023.0000,.0000
SI0001SI#001010,2026-01-15 00:00:00.000,Go2,16,O,-4.0000,pcs,10390.0000,-40574.4348,.0000,.00,-4.0000,-41560.00,-40574.43,Main Location,1023.0000,.0000
SI0001SI#001005,2026-01-14 00:00:00.000,Spark40 Pro Pius,16,O,-10.0000,pcs,23590.0000,-229933.4000,.0000,.00,-10.0000,-232361.50,-229933.40,Main Location,65.0000,.0000
SI0001SI#001017,2026-01-14 00:00:00.000,Spark40 (6+128),16,O,-50.0000,pcs,15256.0000,-643744.0000,.0000,.00,-50.0000,-762800.00,-643744.00,Main Location,82.0000,.0000
SI0001SI#001006,2026-01-14 00:00:00.000,Spark40 (6+128),16,O,-100.0000,pcs,15656.0000,-1287488.0000,.0000,.00,-100.0000,-1542116.00,-1287488.00,Main Location,82.0000,.0000
SI0001SI#001005,2026-01-14 00:00:00.000,Spark 40c (4+128),16,O,-15.0000,pcs,11790.0000,-172375.0500,.0000,.00,-15.0000,-174197.25,-172375.05,Main Location,49.0000,.0000
SI0001SI#001008,2026-01-14 00:00:00.000,Pova Carve,16,O,-2.0000,pcs,31150.0000,-60740.9400,.0000,.00,-2.0000,-61365.50,-60740.94,Main Location,74.0000,.0000
SI0001SI#001008,2026-01-14 00:00:00.000,Pova 7 Pro,16,O,-1.0000,pcs,33020.0000,-32194.7000,.0000,.00,-1.0000,-32524.70,-32194.70,Main Location,21.0000,.0000
SI0001SI#001006,2026-01-14 00:00:00.000,Go2,16,O,-220.0000,pcs,10390.0000,-2231593.9119,.0000,.00,-220.0000,-2262942.00,-2231593.91,Main Location,1042.0000,.0000
SI0001SI#001007,2026-01-14 00:00:00.000,Go2,16,O,-5.0000,pcs,10390.0000,-50718.0435,.0000,.00,-5.0000,-51170.75,-50718.04,Main Location,1042.0000,.0000
SI0001SI#001005,2026-01-14 00:00:00.000,Go2,16,O,-30.0000,pcs,10390.0000,-304308.2607,.0000,.00,-30.0000,-307024.50,-304308.26,Main Location,1042.0000,.0000
SI0001SI#001001,2026-01-13 00:00:00.000,Spark40 Pro Pius,16,O,-1.0000,pcs,23590.0000,-22993.3400,.0000,.00,-1.0000,-23236.15,-22993.34,Main Location,75.0000,.0000
SI0001SI#001002,2026-01-13 00:00:00.000,Spark 40(8+256),16,O,-4.0000,pcs,23590.0000,-60720.8800,.0000,.00,-4.0000,-92944.60,-60720.88,Main Location,57.0000,.0000
SI0001SI#001001,2026-01-13 00:00:00.000,Spark 40(8+256),16,O,-1.0000,pcs,15570.0000,-15180.2200,.0000,.00,-1.0000,-15336.45,-15180.22,Main Location,57.0000,.0000
SI0001SI#001004,2026-01-13 00:00:00.000,Go2,16,O,-150.0000,pcs,10390.0000,-1521541.3036,.0000,.00,-150.0000,-1542915.00,-1521541.30,Main Location,1297.0000,.0000
SI0001SI#001003,2026-01-13 00:00:00.000,Go2,16,O,-1.0000,pcs,10390.0000,-10143.6087,.0000,.00,-1.0000,-10390.00,-10143.61,Main Location,1297.0000,.0000
SI0001SI#000999,2026-01-12 00:00:00.000,Spark40 Pro Pius,16,O,-1.0000,pcs,23590.0000,-22993.3400,.0000,.00,-1.0000,-23236.15,-22993.34,Main Location,76.0000,.0000
SI0001SI#000999,2026-01-12 00:00:00.000,Spark40 (6+128),16,O,-3.0000,pcs,13210.0000,-38624.6400,.0000,.00,-3.0000,-39035.55,-38624.64,Main Location,232.0000,.0000
SI0001SI#001000,2026-01-12 00:00:00.000,Spark 40c (4+128),16,O,-20.0000,pcs,11790.0000,-229833.4000,.0000,.00,-20.0000,-232263.00,-229833.40,Main Location,64.0000,.0000
SI0001SI#000999,2026-01-12 00:00:00.000,Spark 40c (4+128),16,O,-3.0000,pcs,11790.0000,-34475.0100,.0000,.00,-3.0000,-34839.45,-34475.01,Main Location,64.0000,.0000
SI0001SI#000998,2026-01-12 00:00:00.000,Spark 40c (4+128),16,O,-4.0000,pcs,11790.0000,-45966.6800,.0000,.00,-4.0000,-46452.60,-45966.68,Main Location,64.0000,.0000
SI0001SI#000999,2026-01-12 00:00:00.000,Spark 40(8+256),16,O,-2.0000,pcs,15570.0000,-30360.4400,.0000,.00,-2.0000,-30672.90,-30360.44,Main Location,62.0000,.0000
SI0001SI#000999,2026-01-12 00:00:00.000,Spark 40 Pro,16,O,-2.0000,pcs,18870.0000,-36785.2000,.0000,.00,-2.0000,-37173.90,-36785.20,Main Location,94.0000,.0000
SI0001SI#000996,2026-01-12 00:00:00.000,Pova Carve,16,O,-1.0000,pcs,31150.0000,-30370.4700,.0000,.00,-1.0000,-31150.00,-30370.47,Main Location,76.0000,.0000
SI0001SI#000999,2026-01-12 00:00:00.000,Pova 7 Pro,16,O,-1.0000,pcs,33020.0000,-32194.7000,.0000,.00,-1.0000,-32524.70,-32194.70,Main Location,22.0000,.0000
SI0001SI#001000,2026-01-12 00:00:00.000,Go2,16,O,-17.0000,pcs,10390.0000,-172441.3477,.0000,.00,-17.0000,-174863.70,-172441.35,Main Location,1448.0000,.0000
SI0001SI#000999,2026-01-12 00:00:00.000,Go2,16,O,-5.0000,pcs,10390.0000,-50718.0435,.0000,.00,-5.0000,-51170.75,-50718.04,Main Location,1448.0000,.0000
SI0001SI#000998,2026-01-12 00:00:00.000,Go2,16,O,-4.0000,pcs,10390.0000,-40574.4348,.0000,.00,-4.0000,-40936.60,-40574.43,Main Location,1448.0000,.0000
SI0001SI#000997,2026-01-12 00:00:00.000,Go2,16,O,-3.0000,pcs,10390.0000,-30430.8261,.0000,.00,-3.0000,-31170.00,-30430.83,Main Location,1448.0000,.0000
SI0001SI#000994,2026-01-11 00:00:00.000,Spark40 Pro Pius,16,O,-3.0000,pcs,23590.0000,-68980.0200,.0000,.00,-3.0000,-69708.45,-68980.02,Main Location,77.0000,.0000
SI0001SI#000991,2026-01-11 00:00:00.000,Spark40 Pro Pius,16,O,-5.0000,pcs,23590.0000,-114966.7000,.0000,.00,-5.0000,-116180.75,-114966.70,Main Location,77.0000,.0000
SI0001SI#000995,2026-01-11 00:00:00.000,Spark40 (6+128),16,O,-2.0000,pcs,13210.0000,-25749.7600,.0000,.00,-2.0000,-26023.70,-25749.76,Main Location,235.0000,.0000
SI0001SI#000994,2026-01-11 00:00:00.000,Spark40 (6+128),16,O,-4.0000,pcs,13210.0000,-51499.5200,.0000,.00,-4.0000,-52047.40,-51499.52,Main Location,235.0000,.0000
SI0001SI#000992,2026-01-11 00:00:00.000,Spark40 (6+128),16,O,-2.0000,pcs,13210.0000,-25749.7600,.0000,.00,-2.0000,-26420.00,-25749.76,Main Location,235.0000,.0000
SI0001SI#000989,2026-01-11 00:00:00.000,Spark 40c (4+128),16,O,-30.0000,pcs,11790.0000,-344750.1000,.0000,.00,-30.0000,-348394.50,-344750.10,Main Location,91.0000,.0000
SI0001SI#000993,2026-01-11 00:00:00.000,Spark 40c (4+128),16,O,-55.0000,pcs,11790.0000,-632041.8500,.0000,.00,-55.0000,-638723.25,-632041.85,Main Location,91.0000,.0000
SI0001SI#000995,2026-01-11 00:00:00.000,Spark 40c (4+128),16,O,-5.0000,pcs,11790.0000,-57458.3500,.0000,.00,-5.0000,-58065.75,-57458.35,Main Location,91.0000,.0000
SI0001SI#000994,2026-01-11 00:00:00.000,Spark 40c (4+128),16,O,-5.0000,pcs,11790.0000,-57458.3500,.0000,.00,-5.0000,-58065.75,-57458.35,Main Location,91.0000,.0000
SI0001SI#000995,2026-01-11 00:00:00.000,Spark 40(8+256),16,O,-2.0000,pcs,15570.0000,-30360.4400,.0000,.00,-2.0000,-30672.90,-30360.44,Main Location,64.0000,.0000
SI0001SI#000995,2026-01-11 00:00:00.000,Spark 40 Pro,16,O,-3.0000,pcs,18870.0000,-55177.8000,.0000,.00,-3.0000,-55760.85,-55177.80,Main Location,96.0000,.0000
SI0001SI#000994,2026-01-11 00:00:00.000,Spark 40 Pro,16,O,-2.0000,pcs,18870.0000,-36785.2000,.0000,.00,-2.0000,-37173.90,-36785.20,Main Location,96.0000,.0000
SI0001SI#000994,2026-01-11 00:00:00.000,Pova Carve,16,O,-1.0000,pcs,31150.0000,-30370.4700,.0000,.00,-1.0000,-30682.75,-30370.47,Main Location,77.0000,.0000
SI0001SI#000995,2026-01-11 00:00:00.000,Pova 7 Pro,16,O,-1.0000,pcs,33020.0000,-32194.7000,.0000,.00,-1.0000,-32524.70,-32194.70,Main Location,23.0000,.0000
SI0001SI#000994,2026-01-11 00:00:00.000,Pova 7 Pro,16,O,-2.0000,pcs,33020.0000,-64389.4000,.0000,.00,-2.0000,-65049.40,-64389.40,Main Location,23.0000,.0000
SI0001SI#000991,2026-01-11 00:00:00.000,Pova 7 Pro,16,O,-1.0000,pcs,33020.0000,-32194.7000,.0000,.00,-1.0000,-32524.70,-32194.70,Main Location,23.0000,.0000
SI0001SI#000990,2026-01-11 00:00:00.000,Pova 7 Pro,16,O,-2.0000,pcs,33020.0000,-64389.4000,.0000,.00,-2.0000,-65049.40,-64389.40,Main Location,23.0000,.0000
SI0001SI#000993,2026-01-11 00:00:00.000,Go2,16,O,-120.0000,pcs,10390.0000,-1217233.0428,.0000,.00,-120.0000,-1234332.00,-1217233.04,Main Location,1477.0000,.0000
SI0001SI#000995,2026-01-11 00:00:00.000,Go2,16,O,-10.0000,pcs,10390.0000,-101436.0869,.0000,.00,-10.0000,-102341.50,-101436.09,Main Location,1477.0000,.0000
SI0001SI#000992,2026-01-11 00:00:00.000,Go2,16,O,-10.0000,pcs,10390.0000,-101436.0869,.0000,.00,-10.0000,-103900.00,-101436.09,Main Location,1477.0000,.0000
SI0001SI#000986,2026-01-09 00:00:00.000,Spark40 Pro Pius,16,O,-4.0000,pcs,23590.0000,-91973.3600,.0000,.00,-4.0000,-92944.60,-91973.36,Main Location,85.0000,.0000
SI0001SI#000980,2026-01-09 00:00:00.000,Spark40 Pro Pius,16,O,-2.0000,pcs,23590.0000,-45986.6800,.0000,.00,-2.0000,-46480.00,-45986.68,Main Location,85.0000,.0000
SI0001SI#000982,2026-01-09 00:00:00.000,Spark40 (6+128),16,O,-3.0000,pcs,13210.0000,-38624.6400,.0000,.00,-3.0000,-39035.55,-38624.64,Main Location,243.0000,.0000
SI0001SI#000988,2026-01-09 00:00:00.000,Spark 40c (4+128),16,O,-1.0000,pcs,11790.0000,-11491.6700,.0000,.00,-1.0000,-11790.00,-11491.67,Main Location,186.0000,.0000
SI0001SI#000982,2026-01-09 00:00:00.000,Spark 40(8+256),16,O,-2.0000,pcs,15570.0000,-30360.4400,.0000,.00,-2.0000,-30672.90,-30360.44,Main Location,66.0000,.0000
SI0001SI#000982,2026-01-09 00:00:00.000,Spark 40 Pro,16,O,-1.0000,pcs,18870.0000,-18392.6000,.0000,.00,-1.0000,-18586.95,-18392.60,Main Location,101.0000,.0000
SI0001SI#000988,2026-01-09 00:00:00.000,Pova Slim,16,O,-1.0000,pcs,28300.0000,-27594.0200,.0000,.00,-1.0000,-28300.00,-27594.02,Main Location,171.0000,.0000
SI0001SI#000982,2026-01-09 00:00:00.000,Pova Slim,16,O,-1.0000,pcs,28300.0000,-27594.0200,.0000,.00,-1.0000,-27875.50,-27594.02,Main Location,171.0000,.0000
SI0001SI#000986,2026-01-09 00:00:00.000,Pova Carve,16,O,-2.0000,pcs,31150.0000,-60740.9400,.0000,.00,-2.0000,-61365.50,-60740.94,Main Location,78.0000,.0000
SI0001SI#000985,2026-01-09 00:00:00.000,Go2,16,O,-40.0000,pcs,10390.0000,-405744.3476,.0000,.00,-40.0000,-415600.00,-405744.35,Main Location,1617.0000,.0000
SI0001SI#000984,2026-01-09 00:00:00.000,Go2,16,O,-12.0000,pcs,10390.0000,-121723.3043,.0000,.00,-12.0000,-124680.00,-121723.30,Main Location,1617.0000,.0000
SI0001SI#000983,2026-01-09 00:00:00.000,Go2,16,O,-2.0000,pcs,10390.0000,-20287.2174,.0000,.00,-2.0000,-20780.00,-20287.22,Main Location,1617.0000,.0000
SI0001SI#000982,2026-01-09 00:00:00.000,Go2,16,O,-4.0000,pcs,10390.0000,-40574.4348,.0000,.00,-4.0000,-40936.60,-40574.43,Main Location,1617.0000,.0000
SI0001SI#000981,2026-01-09 00:00:00.000,Go2,16,O,-2.0000,pcs,10390.0000,-20287.2174,.0000,.00,-2.0000,-20780.00,-20287.22,Main Location,1617.0000,.0000
SI0001SI#000983,2026-01-09 00:00:00.000,GO1 4+128,16,O,-3.0000,pcs,11845.0000,-34747.5300,.0000,.00,-3.0000,-35535.00,-34747.53,Main Location,42.0000,.0000
SI0001SI#000988,2026-01-09 00:00:00.000,Camon40 Pro,16,O,-5.0000,pcs,26410.0000,-128524.9000,.0000,.00,-5.0000,-132050.00,-128524.90,Main Location,1.0000,.0000
SI0001SI#000987,2026-01-09 00:00:00.000,Camon40 Pro,16,O,-10.0000,pcs,26410.0000,-257049.8000,.0000,.00,-10.0000,-260138.50,-257049.80,Main Location,1.0000,.0000
SI0001SI#000976,2026-01-08 00:00:00.000,Spark40 (6+128),16,O,-3.0000,pcs,13210.0000,-38624.6400,.0000,.00,-3.0000,-39035.55,-38624.64,Main Location,246.0000,.0000
SI0001SI#000977,2026-01-08 00:00:00.000,Spark 40c (4+128),16,O,-40.0000,pcs,11790.0000,-459666.8000,.0000,.00,-40.0000,-464526.00,-459666.80,Main Location,187.0000,.0000
SI0001SI#000976,2026-01-08 00:00:00.000,Spark 40(8+256),16,O,-2.0000,pcs,15570.0000,-30360.4400,.0000,.00,-2.0000,-30672.90,-30360.44,Main Location,68.0000,.0000
SI0001SI#000976,2026-01-08 00:00:00.000,Spark 40 Pro,16,O,-3.0000,pcs,18870.0000,-55177.8000,.0000,.00,-3.0000,-55760.85,-55177.80,Main Location,102.0000,.0000
SI0001SI#000976,2026-01-08 00:00:00.000,Pova Slim,16,O,-1.0000,pcs,28300.0000,-27594.0200,.0000,.00,-1.0000,-27875.50,-27594.02,Main Location,173.0000,.0000
SI0001SI#000977,2026-01-08 00:00:00.000,Go2,16,O,-60.0000,pcs,10390.0000,-608616.5214,.0000,.00,-60.0000,-617166.00,-608616.52,Main Location,1677.0000,.0000
SI0001SI#000978,2026-01-08 00:00:00.000,Go2,16,O,-2.0000,pcs,10390.0000,-20287.2174,.0000,.00,-2.0000,-20468.30,-20287.22,Main Location,1677.0000,.0000
SI0001SI#000976,2026-01-08 00:00:00.000,Go2,16,O,-2.0000,pcs,10390.0000,-20287.2174,.0000,.00,-2.0000,-20468.30,-20287.22,Main Location,1677.0000,.0000
SI0001SI#000979,2026-01-08 00:00:00.000,Camon40 Pro,16,O,-2.0000,pcs,26410.0000,-51409.9600,.0000,.00,-2.0000,-52820.00,-51409.96,Main Location,16.0000,.0000
SI0001SI#000974,2026-01-07 00:00:00.000,Pova Slim,16,O,-5.0000,pcs,28300.0000,-137970.1000,.0000,.00,-5.0000,-139377.50,-137970.10,Main Location,174.0000,.0000
SI0001SI#000973,2026-01-07 00:00:00.000,Pova Carve,16,O,-2.0000,pcs,31150.0000,-60740.9400,.0000,.00,-2.0000,-61365.50,-60740.94,Main Location,80.0000,.0000
SI0001SI#000975,2026-01-07 00:00:00.000,Pova Carve,16,O,-1.0000,pcs,31150.0000,-30370.4700,.0000,.00,-1.0000,-31150.00,-30370.47,Main Location,80.0000,.0000
SI0001SI#000974,2026-01-07 00:00:00.000,Pova Carve,16,O,-3.0000,pcs,31150.0000,-91111.4100,.0000,.00,-3.0000,-92048.25,-91111.41,Main Location,80.0000,.0000
SI0001SI#000974,2026-01-07 00:00:00.000,Pova 7 Pro,16,O,-1.0000,pcs,33020.0000,-32194.7000,.0000,.00,-1.0000,-32524.70,-32194.70,Main Location,29.0000,.0000
SI0001SI#000972,2026-01-07 00:00:00.000,Go2,16,O,-10.0000,pcs,10390.0000,-101436.0869,.0000,.00,-10.0000,-102341.50,-101436.09,Main Location,1741.0000,.0000
SI0001SI#000971,2026-01-07 00:00:00.000,Go2,16,O,-1.0000,pcs,10390.0000,-10143.6087,.0000,.00,-1.0000,-10234.15,-10143.61,Main Location,1741.0000,.0000
SI0001SI#000970,2026-01-07 00:00:00.000,Go2,16,O,-40.0000,pcs,10390.0000,-405744.3476,.0000,.00,-40.0000,-415600.00,-405744.35,Main Location,1741.0000,.0000
SI0001SI#000969,2026-01-06 00:00:00.000,Spark40 Pro Pius,16,O,-2.0000,pcs,23590.0000,-45986.6800,.0000,.00,-2.0000,-46708.20,-45986.68,Main Location,91.0000,.0000
SI0001SI#000969,2026-01-06 00:00:00.000,Spark 40c (4+128),16,O,-10.0000,pcs,11790.0000,-114916.7000,.0000,.00,-10.0000,-116721.00,-114916.70,Main Location,227.0000,.0000
SI0001SI#000969,2026-01-06 00:00:00.000,Spark 40 Pro,16,O,-1.0000,pcs,18870.0000,-18392.6000,.0000,.00,-1.0000,-18681.30,-18392.60,Main Location,105.0000,.0000
SI0001SI#000969,2026-01-06 00:00:00.000,Go2,16,O,-10.0000,pcs,10390.0000,-101436.0869,.0000,.00,-10.0000,-102861.00,-101436.09,Main Location,1792.0000,.0000
SI0001SI#000967,2026-01-05 00:00:00.000,Pova Slim,16,O,-2.0000,pcs,28300.0000,-55188.0400,.0000,.00,-2.0000,-55751.00,-55188.04,Main Location,179.0000,.0000
SI0001SI#000968,2026-01-05 00:00:00.000,Go2,16,O,-11.0000,pcs,10390.0000,-111579.6956,.0000,.00,-11.0000,-112575.65,-111579.70,Main Location,1802.0000,.0000
SI0001SI#000966,2026-01-04 00:00:00.000,Spark40 (6+128),16,O,-10.0000,pcs,13210.0000,-128748.8000,.0000,.00,-10.0000,-130118.50,-128748.80,Main Location,249.0000,.0000
SI0001SI#000965,2026-01-04 00:00:00.000,Spark40 (6+128),16,O,-3.0000,pcs,13210.0000,-38624.6400,.0000,.00,-3.0000,-39035.55,-38624.64,Main Location,249.0000,.0000
SI0001SI#000966,2026-01-04 00:00:00.000,Spark 40 Pro,16,O,-6.0000,pcs,18870.0000,-110355.6000,.0000,.00,-6.0000,-111521.70,-110355.60,Main Location,106.0000,.0000
SI0001SI#000965,2026-01-04 00:00:00.000,Spark 40 Pro,16,O,-3.0000,pcs,18870.0000,-55177.8000,.0000,.00,-3.0000,-55760.85,-55177.80,Main Location,106.0000,.0000
SI0001SI#000964,2026-01-04 00:00:00.000,Spark 40 Pro,16,O,-1.0000,pcs,18870.0000,-18392.6000,.0000,.00,-1.0000,-18586.95,-18392.60,Main Location,106.0000,.0000
SI0001SI#000964,2026-01-04 00:00:00.000,Pova Slim,16,O,-1.0000,pcs,28300.0000,-27594.0200,.0000,.00,-1.0000,-27875.50,-27594.02,Main Location,181.0000,.0000
SI0001SI#000966,2026-01-04 00:00:00.000,Go2,16,O,-4.0000,pcs,10390.0000,-40574.4348,.0000,.00,-4.0000,-40936.60,-40574.43,Main Location,1813.0000,.0000
SI0001SI#000966,2026-01-04 00:00:00.000,Camon40 Pro,16,O,-10.0000,pcs,26410.0000,-257049.8000,.0000,.00,-10.0000,-260138.50,-257049.80,Main Location,18.0000,.0000
SI0001SI#000963,2026-01-02 00:00:00.000,Spark40 Pro Pius,16,O,-2.0000,pcs,23590.0000,-45986.6800,.0000,.00,-2.0000,-46472.30,-45986.68,Main Location,93.0000,.0000
SI0001SI#000963,2026-01-02 00:00:00.000,Spark40 (6+128),16,O,-5.0000,pcs,13210.0000,-64374.4000,.0000,.00,-5.0000,-65059.25,-64374.40,Main Location,262.0000,.0000
SI0001SI#000963,2026-01-02 00:00:00.000,Spark 40c (4+128),16,O,-3.0000,pcs,11790.0000,-34475.0100,.0000,.00,-3.0000,-34839.45,-34475.01,Main Location,237.0000,.0000
SI0001SI#000961,2026-01-02 00:00:00.000,Spark 40c (4+128),16,O,-1.0000,pcs,11790.0000,-11491.6700,.0000,.00,-1.0000,-11790.00,-11491.67,Main Location,237.0000,.0000
SI0001SI#000960,2026-01-02 00:00:00.000,Spark 40c (4+128),16,O,-10.0000,pcs,11790.0000,-114916.7000,.0000,.00,-10.0000,-116721.00,-114916.70,Main Location,237.0000,.0000
SI0001SI#000963,2026-01-02 00:00:00.000,Spark 40(8+256),16,O,-3.0000,pcs,15570.0000,-45540.6600,.0000,.00,-3.0000,-46009.35,-45540.66,Main Location,70.0000,.0000
SI0001SI#000961,2026-01-02 00:00:00.000,Spark 40(8+256),16,O,-1.0000,pcs,15570.0000,-15180.2200,.0000,.00,-1.0000,-15570.00,-15180.22,Main Location,70.0000,.0000
SI0001SI#000963,2026-01-02 00:00:00.000,Spark 40 5G,16,O,-1.0000,pcs,16020.0000,-15636.2800,.0000,.00,-1.0000,-15779.70,-15636.28,Main Location,460.0000,.0000
SI0001SI#000963,2026-01-02 00:00:00.000,Pova Slim,16,O,-2.0000,pcs,28300.0000,-55188.0400,.0000,.00,-2.0000,-55751.00,-55188.04,Main Location,182.0000,.0000
SI0001SI#000963,2026-01-02 00:00:00.000,Pova Carve,16,O,-1.0000,pcs,31150.0000,-30370.4700,.0000,.00,-1.0000,-30682.75,-30370.47,Main Location,86.0000,.0000
SI0001SI#000963,2026-01-02 00:00:00.000,Pova 7 Pro,16,O,-2.0000,pcs,33020.0000,-64389.4000,.0000,.00,-2.0000,-65049.40,-64389.40,Main Location,30.0000,.0000
SI0001SI#000962,2026-01-02 00:00:00.000,Pova 7 Pro,16,O,-1.0000,pcs,33020.0000,-32194.7000,.0000,.00,-1.0000,-33020.00,-32194.70,Main Location,30.0000,.0000
SI0001SI#000963,2026-01-02 00:00:00.000,Go2,16,O,-5.0000,pcs,10390.0000,-50718.0435,.0000,.00,-5.0000,-51170.75,-50718.04,Main Location,1817.0000,.0000
SI0001SI#000961,2026-01-02 00:00:00.000,Go2,16,O,-1.0000,pcs,10390.0000,-10143.6087,.0000,.00,-1.0000,-10390.00,-10143.61,Main Location,1817.0000,.0000
SI0001SI#000960,2026-01-02 00:00:00.000,Go2,16,O,-15.0000,pcs,10390.0000,-152154.1304,.0000,.00,-15.0000,-154291.50,-152154.13,Main Location,1817.0000,.0000
SI0001SI#000959,2026-01-01 00:00:00.000,Spark40 (6+128),16,O,-5.0000,pcs,13210.0000,-64374.4000,.0000,.00,-5.0000,-65059.25,-64374.40,Main Location,267.0000,.0000
SI0001SI#000958,2026-01-01 00:00:00.000,Spark40 (6+128),16,O,-6.0000,pcs,13210.0000,-77249.2800,.0000,.00,-6.0000,-78071.10,-77249.28,Main Location,267.0000,.0000
SI0001SI#000958,2026-01-01 00:00:00.000,Spark 40(8+256),16,O,-4.0000,pcs,15570.0000,-60720.8800,.0000,.00,-4.0000,-61345.80,-60720.88,Main Location,74.0000,.0000
SI0001SI#000957,2026-01-01 00:00:00.000,Pova Slim,16,O,-1.0000,pcs,28300.0000,-27594.0200,.0000,.00,-1.0000,-28300.00,-27594.02,Main Location,184.0000,.0000
PI0001PI#000131,2025-12-31 00:00:00.000,Spark40 Pro Pius,33,I,31.0000,pcs,22993.3400,712793.5400,31.0000,712793.54,.0000,.00,.00,Main Location,95.0000,31.0000
SI0001SI#000956,2025-12-31 00:00:00.000,Spark40 Pro Pius,16,O,-2.0000,pcs,23590.0000,-45986.6800,.0000,.00,-2.0000,-46472.30,-45986.68,Main Location,95.0000,.0000
SR0001SR#000013,2025-12-31 00:00:00.000,Spark40 Pro Pius,13,I,1.0000,pcs,.0000,22993.3400,1.0000,22993.34,.0000,.00,.00,Main Location,95.0000,1.0000
SI0001SI#000956,2025-12-31 00:00:00.000,Spark40 (6+128),16,O,-5.0000,pcs,13210.0000,-64374.4000,.0000,.00,-5.0000,-65059.25,-64374.40,Main Location,278.0000,.0000
SI0001SI#000955,2025-12-31 00:00:00.000,Spark40 (6+128),16,O,-1.0000,pcs,13210.0000,-12874.8800,.0000,.00,-1.0000,-13077.90,-12874.88,Main Location,278.0000,.0000
SR0001SR#000015,2025-12-31 00:00:00.000,Spark40 (6+128),13,I,10.0000,pcs,.0000,128748.8000,10.0000,128748.80,.0000,.00,.00,Main Location,278.0000,10.0000
SR0001SR#000014,2025-12-31 00:00:00.000,Spark40 (6+128),13,I,5.0000,pcs,.0000,64374.4000,5.0000,64374.40,.0000,.00,.00,Main Location,278.0000,5.0000
SR0001SR#000013,2025-12-31 00:00:00.000,Spark40 (6+128),13,I,2.0000,pcs,.0000,25749.7600,2.0000,25749.76,.0000,.00,.00,Main Location,278.0000,2.0000
SI0001SI#000954,2025-12-31 00:00:00.000,Spark40 (6+128),16,O,-10.0000,pcs,12875.0000,-128748.8000,.0000,.00,-10.0000,-128750.00,-128748.80,Main Location,278.0000,.0000
PI0001PI#000130,2025-12-31 00:00:00.000,Spark40 (6+128),33,I,44.0000,pcs,12874.8800,566494.7200,44.0000,566494.72,.0000,.00,.00,Main Location,278.0000,44.0000
SR0001SR#000015,2025-12-31 00:00:00.000,Spark 40c (4+128),13,I,1.0000,pcs,.0000,11491.6700,1.0000,11491.67,.0000,.00,.00,Main Location,251.0000,1.0000
PI0001PI#000130,2025-12-31 00:00:00.000,Spark 40c (4+128),33,I,10.0000,pcs,11491.6700,114916.7000,10.0000,114916.70,.0000,.00,.00,Main Location,251.0000,10.0000
SI0001SI#000956,2025-12-31 00:00:00.000,Spark 40(8+256),16,O,-5.0000,pcs,15570.0000,-75901.1000,.0000,.00,-5.0000,-76682.25,-75901.10,Main Location,78.0000,.0000
SI0001SI#000955,2025-12-31 00:00:00.000,Spark 40(8+256),16,O,-1.0000,pcs,15570.0000,-15180.2200,.0000,.00,-1.0000,-15414.30,-15180.22,Main Location,78.0000,.0000
SR0001SR#000015,2025-12-31 00:00:00.000,Spark 40(8+256),13,I,1.0000,pcs,.0000,15180.2200,1.0000,15180.22,.0000,.00,.00,Main Location,78.0000,1.0000
SR0001SR#000013,2025-12-31 00:00:00.000,Spark 40(8+256),13,I,2.0000,pcs,.0000,30360.4400,2.0000,30360.44,.0000,.00,.00,Main Location,78.0000,2.0000
PI0001PI#000130,2025-12-31 00:00:00.000,Spark 40(8+256),33,I,5.0000,pcs,15180.2200,75901.1000,5.0000,75901.10,.0000,.00,.00,Main Location,78.0000,5.0000
SR0001SR#000013,2025-12-31 00:00:00.000,Spark 40 Pro,13,I,7.0000,pcs,.0000,128748.2000,7.0000,128748.20,.0000,.00,.00,Main Location,116.0000,7.0000
PI0001PI#000130,2025-12-31 00:00:00.000,Spark 40 Pro,33,I,78.0000,pcs,18392.6000,1434622.8000,78.0000,1434622.80,.0000,.00,.00,Main Location,116.0000,78.0000
PI0001PI#000131,2025-12-31 00:00:00.000,Spark 40 5G,33,I,318.0000,pcs,15636.2800,4972337.0400,318.0000,4972337.04,.0000,.00,.00,Main Location,461.0000,318.0000
SR0001SR#000013,2025-12-31 00:00:00.000,Spark 40 5G,13,I,2.0000,pcs,.0000,31272.5600,2.0000,31272.56,.0000,.00,.00,Main Location,461.0000,2.0000
SR0001SR#000012,2025-12-31 00:00:00.000,Spark 40 5G,13,I,10.0000,pcs,.0000,156362.8000,10.0000,156362.80,.0000,.00,.00,Main Location,461.0000,10.0000
PI0001PI#000131,2025-12-31 00:00:00.000,Pova Slim,33,I,26.0000,pcs,27594.0200,717444.5200,26.0000,717444.52,.0000,.00,.00,Main Location,185.0000,26.0000
SI0001SI#000956,2025-12-31 00:00:00.000,Pova Slim,16,O,-1.0000,pcs,28300.0000,-27594.0200,.0000,.00,-1.0000,-27875.50,-27594.02,Main Location,185.0000,.0000
SI0001SI#000954,2025-12-31 00:00:00.000,Pova Slim,16,O,-1.0000,pcs,27594.0000,-27594.0200,.0000,.00,-1.0000,-27594.00,-27594.02,Main Location,185.0000,.0000
PI0001PI#000131,2025-12-31 00:00:00.000,Pova Carve,33,I,25.0000,pcs,30370.4700,759261.7500,25.0000,759261.75,.0000,.00,.00,Main Location,87.0000,25.0000
SR0001SR#000013,2025-12-31 00:00:00.000,Pova Carve,13,I,1.0000,pcs,.0000,30370.4700,1.0000,30370.47,.0000,.00,.00,Main Location,87.0000,1.0000
PI0001PI#000131,2025-12-31 00:00:00.000,Pova 7 Pro,33,I,9.0000,pcs,32194.7000,289752.3000,9.0000,289752.30,.0000,.00,.00,Main Location,33.0000,9.0000
SI0001SI#000956,2025-12-31 00:00:00.000,Pova 7 Pro,16,O,-1.0000,pcs,33020.0000,-32194.7000,.0000,.00,-1.0000,-32524.70,-32194.70,Main Location,33.0000,.0000
SR0001SR#000015,2025-12-31 00:00:00.000,Pova 7 Pro,13,I,1.0000,pcs,.0000,32194.7000,1.0000,32194.70,.0000,.00,.00,Main Location,33.0000,1.0000
SR0001SR#000013,2025-12-31 00:00:00.000,Pova 7 Pro,13,I,1.0000,pcs,.0000,32194.7000,1.0000,32194.70,.0000,.00,.00,Main Location,33.0000,1.0000
SI0001SI#000954,2025-12-31 00:00:00.000,Pova 7 Pro,16,O,-2.0000,pcs,32195.0000,-64389.4000,.0000,.00,-2.0000,-64390.00,-64389.40,Main Location,33.0000,.0000
PI0001PI#000131,2025-12-31 00:00:00.000,Go2,33,I,31.0000,pcs,10143.5300,314449.4300,31.0000,314449.43,.0000,.00,.00,Main Location,1838.0000,31.0000
SR0001SR#000015,2025-12-31 00:00:00.000,Go2,13,I,10.0000,pcs,.0000,101436.0869,10.0000,101436.09,.0000,.00,.00,Main Location,1838.0000,10.0000
SR0001SR#000014,2025-12-31 00:00:00.000,Go2,13,I,2.0000,pcs,.0000,20287.2174,2.0000,20287.22,.0000,.00,.00,Main Location,1838.0000,2.0000
SR0001SR#000013,2025-12-31 00:00:00.000,Go2,13,I,3.0000,pcs,.0000,30430.8261,3.0000,30430.83,.0000,.00,.00,Main Location,1838.0000,3.0000
SI0001SI#000954,2025-12-31 00:00:00.000,Go2,16,O,-8.0000,pcs,10145.0000,-81148.8695,.0000,.00,-8.0000,-81160.00,-81148.87,Main Location,1838.0000,.0000
SR0001SR#000015,2025-12-31 00:00:00.000,GO1 3+64,13,I,1.0000,pcs,.0000,9272.6000,1.0000,9272.60,.0000,.00,.00,Main Location,4.0000,1.0000
SR0001SR#000016,2025-12-31 00:00:00.000,Camon 40 Pro 5G,13,I,1.0000,pcs,33020.0000,32164.3444,1.0000,32164.34,.0000,.00,.00,Main Location,1.0000,1.0000
SI0001SI#000953,2025-12-30 00:00:00.000,Spark40 (6+128),16,O,-2.0000,pcs,13210.0000,-25749.7600,.0000,.00,-2.0000,-26023.70,-25749.76,Main Location,233.0000,.0000
SR0001SR#000011,2025-12-30 00:00:00.000,Go2,13,I,1.0000,pcs,.0000,10143.6100,1.0000,10143.61,.0000,.00,.00,Main Location,1800.0000,1.0000
SI0001SI#000952,2025-12-29 00:00:00.000,Spark40 (6+128),16,O,-20.0000,pcs,13210.0000,-257497.6000,.0000,.00,-20.0000,-260237.00,-257497.60,Main Location,235.0000,.0000
SI0001SI#000952,2025-12-29 00:00:00.000,Spark 40 Pro,16,O,-3.0000,pcs,18870.0000,-55177.8000,.0000,.00,-3.0000,-55760.85,-55177.80,Main Location,31.0000,.0000
SI0001SI#000951,2025-12-29 00:00:00.000,Camon40 Pro,16,O,-5.0000,pcs,26410.0000,-128524.9000,.0000,.00,-5.0000,-130069.25,-128524.90,Main Location,28.0000,.0000
PI0001PI#000128,2025-12-28 00:00:00.000,Spark40 (6+128),33,I,20.0000,pcs,12874.8800,257497.6000,20.0000,257497.60,.0000,.00,.00,Main Location,255.0000,20.0000
SI0001SI#000949,2025-12-28 00:00:00.000,Spark40 (6+128),16,O,-1.0000,pcs,13210.0000,-12874.8800,.0000,.00,-1.0000,-13011.85,-12874.88,Main Location,255.0000,.0000
SI0001SI#000948,2025-12-28 00:00:00.000,Spark40 (6+128),16,O,-20.0000,pcs,12875.0000,-257497.6000,.0000,.00,-20.0000,-257500.00,-257497.60,Main Location,255.0000,.0000
PI0001PI#000129,2025-12-28 00:00:00.000,Spark 40c (4+128),33,I,42.0000,pcs,11491.6700,482650.1400,42.0000,482650.14,.0000,.00,.00,Main Location,240.0000,42.0000
PI0001PI#000128,2025-12-28 00:00:00.000,Spark 40c (4+128),33,I,50.0000,pcs,11491.6700,574583.5000,50.0000,574583.50,.0000,.00,.00,Main Location,240.0000,50.0000
SI0001SI#000948,2025-12-28 00:00:00.000,Spark 40(8+256),16,O,-5.0000,pcs,15181.0000,-75901.1000,.0000,.00,-5.0000,-75905.00,-75901.10,Main Location,76.0000,.0000
PI0001PI#000128,2025-12-28 00:00:00.000,Spark 40 Pro,33,I,30.0000,pcs,18392.6000,551778.0000,30.0000,551778.00,.0000,.00,.00,Main Location,34.0000,30.0000
SI0001SI#000950,2025-12-28 00:00:00.000,Spark 40 Pro,16,O,-2.0000,pcs,18870.0000,-36785.2000,.0000,.00,-2.0000,-37173.90,-36785.20,Main Location,34.0000,.0000
SI0001SI#000949,2025-12-28 00:00:00.000,Go2,16,O,-1.0000,pcs,10390.0000,-10143.6100,.0000,.00,-1.0000,-10234.15,-10143.61,Main Location,1799.0000,.0000
SI0001SI#000948,2025-12-28 00:00:00.000,Go2,16,O,-20.0000,pcs,10145.0000,-202872.2009,.0000,.00,-20.0000,-202900.00,-202872.20,Main Location,1799.0000,.0000
SI0001SI#000946,2025-12-25 00:00:00.000,Spark40 (6+128),16,O,-3.0000,pcs,13210.0000,-38624.6400,.0000,.00,-3.0000,-39035.55,-38624.64,Main Location,256.0000,.0000
PI0001PI#000127,2025-12-25 00:00:00.000,Spark40 (6+128),33,I,25.0000,pcs,12874.8800,321872.0000,25.0000,321872.00,.0000,.00,.00,Main Location,256.0000,25.0000
SI0001SI#000947,2025-12-25 00:00:00.000,Spark 40c (4+128),16,O,-40.0000,pcs,11492.0000,-459666.8000,.0000,.00,-40.0000,-459680.00,-459666.80,Main Location,148.0000,.0000
PI0001PI#000127,2025-12-25 00:00:00.000,Spark 40c (4+128),33,I,15.0000,pcs,11491.6700,172375.0500,15.0000,172375.05,.0000,.00,.00,Main Location,148.0000,15.0000
SI0001SI#000947,2025-12-25 00:00:00.000,Spark 40 Pro,16,O,-35.0000,pcs,18392.0000,-643741.0000,.0000,.00,-35.0000,-643720.00,-643741.00,Main Location,6.0000,.0000
SI0001SI#000946,2025-12-25 00:00:00.000,Spark 40 Pro,16,O,-2.0000,pcs,18870.0000,-36785.2000,.0000,.00,-2.0000,-37173.90,-36785.20,Main Location,6.0000,.0000
SI0001SI#000947,2025-12-25 00:00:00.000,Pova Slim,16,O,-15.0000,pcs,27594.0000,-413910.3000,.0000,.00,-15.0000,-413910.00,-413910.30,Main Location,161.0000,.0000
SI0001SI#000945,2025-12-24 00:00:00.000,Spark40 Pro Pius,16,O,-10.0000,pcs,22993.0000,-229933.4000,.0000,.00,-10.0000,-229930.00,-229933.40,Main Location,65.0000,.0000
SI0001SI#000945,2025-12-24 00:00:00.000,Spark 40 Pro,16,O,-10.0000,pcs,18393.0000,-183926.0000,.0000,.00,-10.0000,-183930.00,-183926.00,Main Location,43.0000,.0000
SI0001SI#000945,2025-12-24 00:00:00.000,Go2,16,O,-30.0000,pcs,10145.0000,-304308.3014,.0000,.00,-30.0000,-304350.00,-304308.30,Main Location,1820.0000,.0000
SI0001SI#000938,2025-12-23 00:00:00.000,Spark40 Pro Pius,16,O,-2.0000,pcs,23590.0000,-45986.6800,.0000,.00,-2.0000,-46472.30,-45986.68,Main Location,75.0000,.0000
PI0001PI#000125,2025-12-23 00:00:00.000,Spark40 Pro Pius,33,I,50.0000,pcs,22993.3400,1149667.0000,50.0000,1149667.00,.0000,.00,.00,Main Location,75.0000,50.0000
SI0001SI#000938,2025-12-23 00:00:00.000,Spark40 (6+128),16,O,-3.0000,pcs,13210.0000,-38624.6400,.0000,.00,-3.0000,-39035.55,-38624.64,Main Location,234.0000,.0000
SI0001SI#000937,2025-12-23 00:00:00.000,Spark40 (6+128),16,O,-1.0000,pcs,13210.0000,-12874.8800,.0000,.00,-1.0000,-13077.90,-12874.88,Main Location,234.0000,.0000
PI0001PI#000125,2025-12-23 00:00:00.000,Spark40 (6+128),33,I,10.0000,pcs,12874.8800,128748.8000,10.0000,128748.80,.0000,.00,.00,Main Location,234.0000,10.0000
PI0001PI#000125,2025-12-23 00:00:00.000,Spark40 (6+128),33,I,35.0000,pcs,12874.8800,450620.8000,35.0000,450620.80,.0000,.00,.00,Main Location,234.0000,35.0000
SI0001SI#000938,2025-12-23 00:00:00.000,Spark 40(8+256),16,O,-2.0000,pcs,15570.0000,-30360.4400,.0000,.00,-2.0000,-30672.90,-30360.44,Main Location,81.0000,.0000
PI0001PI#000125,2025-12-23 00:00:00.000,Spark 40(8+256),33,I,41.0000,pcs,15180.2200,622389.0200,41.0000,622389.02,.0000,.00,.00,Main Location,81.0000,41.0000
SI0001SI#000938,2025-12-23 00:00:00.000,Pova Slim,16,O,-1.0000,pcs,28300.0000,-27594.0200,.0000,.00,-1.0000,-27875.50,-27594.02,Main Location,176.0000,.0000
PI0001PI#000125,2025-12-23 00:00:00.000,Pova Slim,33,I,150.0000,pcs,27594.0200,4139103.0000,150.0000,4139103.00,.0000,.00,.00,Main Location,176.0000,150.0000
PI0001PI#000125,2025-12-23 00:00:00.000,Pova Carve,33,I,50.0000,pcs,30370.4700,1518523.5000,50.0000,1518523.50,.0000,.00,.00,Main Location,61.0000,50.0000
PI0001PI#000125,2025-12-23 00:00:00.000,Pova 7 Pro,33,I,20.0000,pcs,32194.7000,643894.0000,20.0000,643894.00,.0000,.00,.00,Main Location,25.0000,20.0000
PI0001PI#000125,2025-12-23 00:00:00.000,Go2,33,I,150.0000,pcs,10143.5300,1521529.5000,150.0000,1521529.50,.0000,.00,.00,Main Location,1850.0000,150.0000
PI0001PI#000125,2025-12-23 00:00:00.000,Go2,33,I,100.0000,pcs,10143.5300,1014353.0000,100.0000,1014353.00,.0000,.00,.00,Main Location,1850.0000,100.0000
SI0001SI#000936,2025-12-22 00:00:00.000,Spark40 (6+128),16,O,-6.0000,pcs,13210.0000,-77249.2800,.0000,.00,-6.0000,-78071.10,-77249.28,Main Location,193.0000,.0000
PI0001PI#000124,2025-12-22 00:00:00.000,Spark40 (6+128),33,I,18.0000,pcs,12874.8800,231747.8400,18.0000,231747.84,.0000,.00,.00,Main Location,193.0000,18.0000
SI0001SI#000936,2025-12-22 00:00:00.000,Spark 40c (4+128),16,O,-2.0000,pcs,11790.0000,-22983.3400,.0000,.00,-2.0000,-23226.30,-22983.34,Main Location,173.0000,.0000
PI0001PI#000124,2025-12-22 00:00:00.000,Spark 40(8+256),33,I,15.0000,pcs,15180.2200,227703.3000,15.0000,227703.30,.0000,.00,.00,Main Location,42.0000,15.0000
PI0001PI#000124,2025-12-22 00:00:00.000,Spark 40 Pro,33,I,10.0000,pcs,18392.6000,183926.0000,10.0000,183926.00,.0000,.00,.00,Main Location,53.0000,10.0000
SI0001SI#000944,2025-12-22 00:00:00.000,Camon40 Pro,16,O,-2.0000,pcs,25708.0000,-51409.9600,.0000,.00,-2.0000,-51416.00,-51409.96,Main Location,33.0000,.0000
SI0001SI#000943,2025-12-22 00:00:00.000,Camon40 Pro,16,O,-10.0000,pcs,26400.0000,-257049.8000,.0000,.00,-10.0000,-264000.00,-257049.80,Main Location,33.0000,.0000
PI0001PI#000124,2025-12-22 00:00:00.000,Camon40 Pro,33,I,40.0000,pcs,25704.9800,1028199.2000,40.0000,1028199.20,.0000,.00,.00,Main Location,33.0000,40.0000
SR0001SR#000009,2025-12-21 00:00:00.000,Spark40 Pro Pius,13,I,1.0000,pcs,.0000,22993.3400,1.0000,22993.34,.0000,.00,.00,Main Location,27.0000,1.0000
SI0001SI#000941,2025-12-21 00:00:00.000,Spark40 Pro Pius,16,O,-10.0000,pcs,22993.0000,-229933.4000,.0000,.00,-10.0000,-229930.00,-229933.40,Main Location,27.0000,.0000
SR0001SR#000010,2025-12-21 00:00:00.000,Spark40 (6+128),13,I,2.0000,pcs,.0000,25749.7600,2.0000,25749.76,.0000,.00,.00,Main Location,181.0000,2.0000
SR0001SR#000009,2025-12-21 00:00:00.000,Spark40 (6+128),13,I,1.0000,pcs,.0000,12874.8800,1.0000,12874.88,.0000,.00,.00,Main Location,181.0000,1.0000
SI0001SI#000940,2025-12-21 00:00:00.000,Spark40 (6+128),16,O,-15.0000,pcs,12875.0000,-193123.2000,.0000,.00,-15.0000,-193125.00,-193123.20,Main Location,181.0000,.0000
SI0001SI#000934,2025-12-21 00:00:00.000,Spark40 (6+128),16,O,-10.0000,pcs,12845.0000,-128748.8000,.0000,.00,-10.0000,-128450.00,-128748.80,Main Location,181.0000,.0000
SR0001SR#000010,2025-12-21 00:00:00.000,Spark 40c (4+128),13,I,1.0000,pcs,.0000,11491.6700,1.0000,11491.67,.0000,.00,.00,Main Location,175.0000,1.0000
SR0001SR#000009,2025-12-21 00:00:00.000,Spark 40c (4+128),13,I,1.0000,pcs,.0000,11491.6700,1.0000,11491.67,.0000,.00,.00,Main Location,175.0000,1.0000
SI0001SI#000933,2025-12-21 00:00:00.000,Spark 40c (4+128),16,O,-2.0000,pcs,11790.0000,-22983.3400,.0000,.00,-2.0000,-23226.30,-22983.34,Main Location,175.0000,.0000
SR0001SR#000010,2025-12-21 00:00:00.000,Spark 40(8+256),13,I,1.0000,pcs,.0000,15180.2200,1.0000,15180.22,.0000,.00,.00,Main Location,27.0000,1.0000
SI0001SI#000940,2025-12-21 00:00:00.000,Spark 40(8+256),16,O,-5.0000,pcs,15181.0000,-75901.1000,.0000,.00,-5.0000,-75905.00,-75901.10,Main Location,27.0000,.0000
SR0001SR#000010,2025-12-21 00:00:00.000,Spark 40 Pro,13,I,1.0000,pcs,.0000,18392.6000,1.0000,18392.60,.0000,.00,.00,Main Location,43.0000,1.0000
SI0001SI#000941,2025-12-21 00:00:00.000,Spark 40 Pro,16,O,-10.0000,pcs,18392.0000,-183926.0000,.0000,.00,-10.0000,-183920.00,-183926.00,Main Location,43.0000,.0000
SI0001SI#000940,2025-12-21 00:00:00.000,Spark 40 Pro,16,O,-5.0000,pcs,18392.0000,-91963.0000,.0000,.00,-5.0000,-91960.00,-91963.00,Main Location,43.0000,.0000
SI0001SI#000932,2025-12-21 00:00:00.000,Pova Slim,16,O,-1.0000,pcs,28300.0000,-27594.0200,.0000,.00,-1.0000,-27875.50,-27594.02,Main Location,27.0000,.0000
SI0001SI#000935,2025-12-21 00:00:00.000,Pova 7 Pro,16,O,-2.0000,pcs,33020.0000,-64389.4000,.0000,.00,-2.0000,-65049.40,-64389.40,Main Location,5.0000,.0000
SR0001SR#000010,2025-12-21 00:00:00.000,Go2,13,I,2.0000,pcs,.0000,20287.2451,2.0000,20287.25,.0000,.00,.00,Main Location,1600.0000,2.0000
SR0001SR#000009,2025-12-21 00:00:00.000,Go2,13,I,2.0000,pcs,.0000,20287.2451,2.0000,20287.25,.0000,.00,.00,Main Location,1600.0000,2.0000
SI0001SI#000942,2025-12-21 00:00:00.000,Go2,16,O,-1.0000,pcs,10145.0000,-10143.6226,.0000,.00,-1.0000,-10145.00,-10143.62,Main Location,1600.0000,.0000
SI0001SI#000941,2025-12-21 00:00:00.000,Go2,16,O,-30.0000,pcs,10145.0000,-304308.6766,.0000,.00,-30.0000,-304350.00,-304308.68,Main Location,1600.0000,.0000
SI0001SI#000935,2025-12-21 00:00:00.000,Camon40 Pro,16,O,-5.0000,pcs,26410.0000,-128524.9000,.0000,.00,-5.0000,-130069.25,-128524.90,Main Location,5.0000,.0000
SI0001SI#000931,2025-12-19 00:00:00.000,Spark40 Pro Pius,16,O,-1.0000,pcs,22940.0000,-22993.3400,.0000,.00,-1.0000,-22940.00,-22993.34,Main Location,36.0000,.0000
SR0001SR#000008,2025-12-19 00:00:00.000,Spark40 (6+128),13,I,1.0000,pcs,.0000,12874.8800,1.0000,12874.88,.0000,.00,.00,Main Location,203.0000,1.0000
SR0001SR#000008,2025-12-19 00:00:00.000,Spark 40 Pro,13,I,1.0000,pcs,.0000,18392.6000,1.0000,18392.60,.0000,.00,.00,Main Location,57.0000,1.0000
SR0001SR#000008,2025-12-19 00:00:00.000,Pova Slim,13,I,1.0000,pcs,.0000,27594.0200,1.0000,27594.02,.0000,.00,.00,Main Location,28.0000,1.0000
SR0001SR#000008,2025-12-19 00:00:00.000,Pova 7 Pro,13,I,1.0000,pcs,.0000,32194.7000,1.0000,32194.70,.0000,.00,.00,Main Location,7.0000,1.0000
SR0001SR#000008,2025-12-19 00:00:00.000,Go2,13,I,3.0000,pcs,.0000,30430.8677,3.0000,30430.87,.0000,.00,.00,Main Location,1627.0000,3.0000
SI0001SI#000930,2025-12-18 00:00:00.000,Spark40 (6+128),16,O,-2.0000,pcs,13210.0000,-25749.7600,.0000,.00,-2.0000,-26023.70,-25749.76,Main Location,202.0000,.0000
SI0001SI#000928,2025-12-18 00:00:00.000,Spark40 (6+128),16,O,-2.0000,pcs,13210.0000,-25749.7600,.0000,.00,-2.0000,-26023.70,-25749.76,Main Location,202.0000,.0000
PI0001PI#000123,2025-12-18 00:00:00.000,Spark40 (6+128),33,I,60.0000,pcs,12874.8800,772492.8000,60.0000,772492.80,.0000,.00,.00,Main Location,202.0000,60.0000
SI0001SI#000928,2025-12-18 00:00:00.000,Spark 40(8+256),16,O,-1.0000,pcs,15570.0000,-15180.2200,.0000,.00,-1.0000,-15336.45,-15180.22,Main Location,31.0000,.0000
SI0001SI#000930,2025-12-18 00:00:00.000,Spark 40 Pro,16,O,-1.0000,pcs,18870.0000,-18392.6000,.0000,.00,-1.0000,-18586.95,-18392.60,Main Location,56.0000,.0000
PI0001PI#000123,2025-12-18 00:00:00.000,Spark 40 Pro,33,I,30.0000,pcs,18392.6000,551778.0000,30.0000,551778.00,.0000,.00,.00,Main Location,56.0000,30.0000
SI0001SI#000930,2025-12-18 00:00:00.000,Pova 7 Pro,16,O,-1.0000,pcs,33020.0000,-32194.7000,.0000,.00,-1.0000,-32524.70,-32194.70,Main Location,6.0000,.0000
SI0001SI#000929,2025-12-18 00:00:00.000,Camon40 Pro,16,O,-1.0000,pcs,26410.0000,-25704.9800,.0000,.00,-1.0000,-26410.00,-25704.98,Main Location,10.0000,.0000
SI0001SI#000926,2025-12-17 00:00:00.000,Spark40 Pro Pius,16,O,-2.0000,pcs,23590.0000,-45986.6800,.0000,.00,-2.0000,-46472.30,-45986.68,Main Location,37.0000,.0000
SI0001SI#000926,2025-12-17 00:00:00.000,Spark40 (6+128),16,O,-2.0000,pcs,13210.0000,-25749.7600,.0000,.00,-2.0000,-26023.70,-25749.76,Main Location,146.0000,.0000
SI0001SI#000924,2025-12-17 00:00:00.000,Spark 40c (4+128),16,O,-1.0000,pcs,11790.0000,-11491.6700,.0000,.00,-1.0000,-11613.15,-11491.67,Main Location,175.0000,.0000
SI0001SI#000927,2025-12-17 00:00:00.000,Spark 40(8+256),16,O,-10.0000,pcs,15145.0000,-151802.2000,.0000,.00,-10.0000,-151450.00,-151802.20,Main Location,32.0000,.0000
SI0001SI#000924,2025-12-17 00:00:00.000,Spark 40 Pro,16,O,-3.0000,pcs,18870.0000,-55177.8000,.0000,.00,-3.0000,-55760.85,-55177.80,Main Location,27.0000,.0000
SI0001SI#000926,2025-12-17 00:00:00.000,Pova Slim,16,O,-1.0000,pcs,28300.0000,-27594.0200,.0000,.00,-1.0000,-27875.50,-27594.02,Main Location,27.0000,.0000
SI0001SI#000925,2025-12-17 00:00:00.000,Pova Slim,16,O,-1.0000,pcs,28300.0000,-27594.0200,.0000,.00,-1.0000,-27875.50,-27594.02,Main Location,27.0000,.0000
SI0001SI#000926,2025-12-17 00:00:00.000,Pova Carve,16,O,-1.0000,pcs,31150.0000,-30370.4700,.0000,.00,-1.0000,-30682.75,-30370.47,Main Location,11.0000,.0000
SI0001SI#000927,2025-12-17 00:00:00.000,Camon40 Pro,16,O,-35.0000,pcs,25640.0000,-899674.3000,.0000,.00,-35.0000,-897400.00,-899674.30,Main Location,11.0000,.0000
PI0001PI#000126,2025-12-16 00:00:00.000,Spark40 (6+128),33,I,30.0000,pcs,12874.8800,386246.4000,30.0000,386246.40,.0000,.00,.00,Main Location,148.0000,30.0000
PI0001PI#000126,2025-12-16 00:00:00.000,Spark 40c (4+128),33,I,5.0000,pcs,11491.6700,57458.3500,5.0000,57458.35,.0000,.00,.00,Main Location,176.0000,5.0000
PI0001PI#000126,2025-12-16 00:00:00.000,Spark 40 Pro,33,I,30.0000,pcs,18392.6000,551778.0000,30.0000,551778.00,.0000,.00,.00,Main Location,30.0000,30.0000
SI0001SI#000923,2025-12-16 00:00:00.000,Pova Carve,16,O,-5.0000,pcs,31150.0000,-151852.3500,.0000,.00,-5.0000,-153413.75,-151852.35,Main Location,12.0000,.0000
SI0001SI#000922,2025-12-16 00:00:00.000,Camon40 Pro,16,O,-4.0000,pcs,26410.0000,-102819.9200,.0000,.00,-4.0000,-104055.40,-102819.92,Main Location,46.0000,.0000
SR0001SR#000007,2025-12-15 00:00:00.000,Spark40 Pro Pius,13,I,1.0000,pcs,.0000,22993.3400,1.0000,22993.34,.0000,.00,.00,Main Location,39.0000,1.0000
SI0001SI#000939,2025-12-15 00:00:00.000,Spark40 (6+128),16,O,-50.0000,pcs,12875.0000,-643744.0000,.0000,.00,-50.0000,-643750.00,-643744.00,Main Location,118.0000,.0000
SI0001SI#000920,2025-12-15 00:00:00.000,Spark40 (6+128),16,O,-5.0000,pcs,13210.0000,-64374.4000,.0000,.00,-5.0000,-65059.25,-64374.40,Main Location,118.0000,.0000
SI0001SI#000918,2025-12-15 00:00:00.000,Spark40 (6+128),16,O,-1.0000,pcs,13210.0000,-12874.8800,.0000,.00,-1.0000,-13011.85,-12874.88,Main Location,118.0000,.0000
SI0001SI#000917,2025-12-15 00:00:00.000,Spark40 (6+128),16,O,-3.0000,pcs,13210.0000,-38624.6400,.0000,.00,-3.0000,-39035.55,-38624.64,Main Location,118.0000,.0000
PI0001PI#000122,2025-12-15 00:00:00.000,Spark40 (6+128),33,I,150.0000,pcs,12874.8800,1931232.0000,150.0000,1931232.00,.0000,.00,.00,Main Location,118.0000,150.0000
SI0001SI#000939,2025-12-15 00:00:00.000,Spark 40c (4+128),16,O,-10.0000,pcs,11492.0000,-114916.7000,.0000,.00,-10.0000,-114920.00,-114916.70,Main Location,171.0000,.0000
SI0001SI#000917,2025-12-15 00:00:00.000,Spark 40c (4+128),16,O,-1.0000,pcs,11790.0000,-11491.6700,.0000,.00,-1.0000,-11613.15,-11491.67,Main Location,171.0000,.0000
SR0001SR#000007,2025-12-15 00:00:00.000,Spark 40(8+256),13,I,1.0000,pcs,.0000,15180.2200,1.0000,15180.22,.0000,.00,.00,Main Location,42.0000,1.0000
SI0001SI#000939,2025-12-15 00:00:00.000,Spark 40(8+256),16,O,-20.0000,pcs,15181.0000,-303604.4000,.0000,.00,-20.0000,-303620.00,-303604.40,Main Location,42.0000,.0000
SI0001SI#000917,2025-12-15 00:00:00.000,Spark 40(8+256),16,O,-2.0000,pcs,15570.0000,-30360.4400,.0000,.00,-2.0000,-30672.90,-30360.44,Main Location,42.0000,.0000
SI0001SI#000920,2025-12-15 00:00:00.000,Spark 40 Pro,16,O,-1.0000,pcs,18870.0000,-18392.6480,.0000,.00,-1.0000,-18586.95,-18392.65,Main Location,.0000,.0000
SR0001SR#000007,2025-12-15 00:00:00.000,Go2,13,I,5.0000,pcs,.0000,50718.1128,5.0000,50718.11,.0000,.00,.00,Main Location,1624.0000,5.0000
SI0001SI#000921,2025-12-15 00:00:00.000,Go2,16,O,-3.0000,pcs,10390.0000,-30430.8677,.0000,.00,-3.0000,-30702.45,-30430.87,Main Location,1624.0000,.0000
SI0001SI#000920,2025-12-15 00:00:00.000,Go2,16,O,-9.0000,pcs,10390.0000,-91292.6030,.0000,.00,-9.0000,-92107.35,-91292.60,Main Location,1624.0000,.0000
SI0001SI#000916,2025-12-15 00:00:00.000,Go2,16,O,-6.0000,pcs,10390.0000,-60861.7353,.0000,.00,-6.0000,-61404.90,-60861.74,Main Location,1624.0000,.0000
SI0001SI#000939,2025-12-15 00:00:00.000,Camon40 Pro,16,O,-2.0000,pcs,25708.0000,-51409.9600,.0000,.00,-2.0000,-51416.00,-51409.96,Main Location,50.0000,.0000
SI0001SI#000921,2025-12-15 00:00:00.000,Camon40 Pro,16,O,-3.0000,pcs,26410.0000,-77114.9400,.0000,.00,-3.0000,-78041.55,-77114.94,Main Location,50.0000,.0000
SI0001SI#000920,2025-12-15 00:00:00.000,Camon40 Pro,16,O,-3.0000,pcs,26410.0000,-77114.9400,.0000,.00,-3.0000,-78041.55,-77114.94,Main Location,50.0000,.0000
SI0001SI#000919,2025-12-15 00:00:00.000,Camon40 Pro,16,O,-5.0000,pcs,26410.0000,-128524.9000,.0000,.00,-5.0000,-130069.25,-128524.90,Main Location,50.0000,.0000
SI0001SI#000916,2025-12-15 00:00:00.000,Camon40 Pro,16,O,-3.0000,pcs,26410.0000,-77114.9400,.0000,.00,-3.0000,-78041.55,-77114.94,Main Location,50.0000,.0000
PI0001PI#000122,2025-12-15 00:00:00.000,Camon40 Pro,33,I,65.0000,pcs,25704.9800,1670823.7000,65.0000,1670823.70,.0000,.00,.00,Main Location,50.0000,65.0000
SI0001SI#000914,2025-12-14 00:00:00.000,Spark40 (6+128),16,O,-1.0000,pcs,13210.0000,-12874.8800,.0000,.00,-1.0000,-13077.90,-12874.88,Main Location,27.0000,.0000
SI0001SI#000913,2025-12-14 00:00:00.000,Spark40 (6+128),16,O,-10.0000,pcs,12875.0000,-128748.8000,.0000,.00,-10.0000,-128750.00,-128748.80,Main Location,27.0000,.0000
SI0001SI#000913,2025-12-14 00:00:00.000,Spark 40c (4+128),16,O,-20.0000,pcs,11492.0000,-229833.4000,.0000,.00,-20.0000,-229840.00,-229833.40,Main Location,182.0000,.0000
SI0001SI#000911,2025-12-14 00:00:00.000,Spark 40c (4+128),16,O,-1.0000,pcs,11790.0000,-11491.6700,.0000,.00,-1.0000,-11613.15,-11491.67,Main Location,182.0000,.0000
SI0001SI#000914,2025-12-14 00:00:00.000,Spark 40(8+256),16,O,-1.0000,pcs,15570.0000,-15180.2200,.0000,.00,-1.0000,-15414.30,-15180.22,Main Location,63.0000,.0000
SI0001SI#000913,2025-12-14 00:00:00.000,Spark 40(8+256),16,O,-60.0000,pcs,15181.0000,-910813.2000,.0000,.00,-60.0000,-910860.00,-910813.20,Main Location,63.0000,.0000
SI0001SI#000915,2025-12-14 00:00:00.000,Pova 7 Pro,16,O,-3.0000,pcs,33020.0000,-96584.1000,.0000,.00,-3.0000,-97574.10,-96584.10,Main Location,7.0000,.0000
SI0001SI#000912,2025-12-14 00:00:00.000,Go2,16,O,-20.0000,pcs,10145.0000,-202872.4511,.0000,.00,-20.0000,-202900.00,-202872.45,Main Location,1637.0000,.0000
SI0001SI#000910,2025-12-13 00:00:00.000,Spark40 Pro Pius,16,O,-20.0000,pcs,22993.0000,-459866.8000,.0000,.00,-20.0000,-459860.00,-459866.80,Main Location,38.0000,.0000
SI0001SI#000910,2025-12-13 00:00:00.000,Spark40 (6+128),16,O,-20.0000,pcs,12875.0000,-257497.6000,.0000,.00,-20.0000,-257500.00,-257497.60,Main Location,38.0000,.0000
SI0001SI#000910,2025-12-13 00:00:00.000,Spark 40c (4+128),16,O,-10.0000,pcs,11492.0000,-114916.7000,.0000,.00,-10.0000,-114920.00,-114916.70,Main Location,203.0000,.0000
SI0001SI#000910,2025-12-13 00:00:00.000,Spark 40 5G,16,O,-10.0000,pcs,15636.0000,-156362.8000,.0000,.00,-10.0000,-156360.00,-156362.80,Main Location,131.0000,.0000
SI0001SI#000910,2025-12-13 00:00:00.000,Pova Slim,16,O,-10.0000,pcs,27594.0000,-275940.2000,.0000,.00,-10.0000,-275940.00,-275940.20,Main Location,29.0000,.0000
SI0001SI#000908,2025-12-12 00:00:00.000,Spark40 Pro Pius,16,O,-1.0000,pcs,23590.0000,-22993.3400,.0000,.00,-1.0000,-23236.15,-22993.34,Main Location,58.0000,.0000
PI0001PI#000121,2025-12-12 00:00:00.000,Spark40 Pro Pius,33,I,10.0000,pcs,22993.3400,229933.4000,10.0000,229933.40,.0000,.00,.00,Main Location,58.0000,10.0000
SI0001SI#000908,2025-12-12 00:00:00.000,Spark40 (6+128),16,O,-2.0000,pcs,13210.0000,-25749.7600,.0000,.00,-2.0000,-26023.70,-25749.76,Main Location,58.0000,.0000
SI0001SI#000906,2025-12-12 00:00:00.000,Spark40 (6+128),16,O,-2.0000,pcs,13210.0000,-25749.7600,.0000,.00,-2.0000,-26023.70,-25749.76,Main Location,58.0000,.0000
SI0001SI#000905,2025-12-12 00:00:00.000,Spark40 (6+128),16,O,-4.0000,pcs,13210.0000,-51499.5200,.0000,.00,-4.0000,-52047.40,-51499.52,Main Location,58.0000,.0000
PI0001PI#000121,2025-12-12 00:00:00.000,Spark40 (6+128),33,I,20.0000,pcs,12874.8800,257497.6000,20.0000,257497.60,.0000,.00,.00,Main Location,58.0000,20.0000
SI0001SI#000905,2025-12-12 00:00:00.000,Spark 40c (4+128),16,O,-2.0000,pcs,11790.0000,-22983.3400,.0000,.00,-2.0000,-23226.30,-22983.34,Main Location,213.0000,.0000
PI0001PI#000121,2025-12-12 00:00:00.000,Spark 40c (4+128),33,I,60.0000,pcs,11491.6700,689500.2000,60.0000,689500.20,.0000,.00,.00,Main Location,213.0000,60.0000
SI0001SI#000909,2025-12-12 00:00:00.000,Spark 40(8+256),16,O,-2.0000,pcs,15570.0000,-30360.4400,.0000,.00,-2.0000,-30672.90,-30360.44,Main Location,124.0000,.0000
SI0001SI#000908,2025-12-12 00:00:00.000,Spark 40(8+256),16,O,-1.0000,pcs,15570.0000,-15180.2200,.0000,.00,-1.0000,-15336.45,-15180.22,Main Location,124.0000,.0000
SI0001SI#000907,2025-12-12 00:00:00.000,Spark 40(8+256),16,O,-1.0000,pcs,15570.0000,-15180.2200,.0000,.00,-1.0000,-15336.45,-15180.22,Main Location,124.0000,.0000
SI0001SI#000905,2025-12-12 00:00:00.000,Spark 40(8+256),16,O,-2.0000,pcs,15570.0000,-30360.4400,.0000,.00,-2.0000,-30672.90,-30360.44,Main Location,124.0000,.0000
PI0001PI#000121,2025-12-12 00:00:00.000,Spark 40 5G,33,I,100.0000,pcs,15636.2800,1563628.0000,100.0000,1563628.00,.0000,.00,.00,Main Location,141.0000,100.0000
PI0001PI#000121,2025-12-12 00:00:00.000,Pova Slim,33,I,10.0000,pcs,27594.0200,275940.2000,10.0000,275940.20,.0000,.00,.00,Main Location,39.0000,10.0000
PI0001PI#000121,2025-12-12 00:00:00.000,Pova Carve,33,I,10.0000,pcs,30370.4700,303704.7000,10.0000,303704.70,.0000,.00,.00,Main Location,17.0000,10.0000
PI0001PI#000121,2025-12-12 00:00:00.000,Pova 7 Pro,33,I,10.0000,pcs,32194.7000,321947.0000,10.0000,321947.00,.0000,.00,.00,Main Location,10.0000,10.0000
SI0001SI#000908,2025-12-12 00:00:00.000,Go2,16,O,-1.0000,pcs,10390.0000,-10143.6226,.0000,.00,-1.0000,-10234.15,-10143.62,Main Location,1657.0000,.0000
SI0001SI#000901,2025-12-11 00:00:00.000,Spark40 Pro Pius,16,O,-1.0000,pcs,23590.0000,-22993.3400,.0000,.00,-1.0000,-23236.15,-22993.34,Main Location,49.0000,.0000
SI0001SI#000899,2025-12-11 00:00:00.000,Spark40 Pro Pius,16,O,-1.0000,pcs,23590.0000,-22993.3400,.0000,.00,-1.0000,-23236.15,-22993.34,Main Location,49.0000,.0000
SI0001SI#000902,2025-12-11 00:00:00.000,Spark40 (6+128),16,O,-3.0000,pcs,13210.0000,-38624.6400,.0000,.00,-3.0000,-38837.40,-38624.64,Main Location,46.0000,.0000
SI0001SI#000901,2025-12-11 00:00:00.000,Spark40 (6+128),16,O,-4.0000,pcs,13210.0000,-51499.5200,.0000,.00,-4.0000,-52047.40,-51499.52,Main Location,46.0000,.0000
SI0001SI#000900,2025-12-11 00:00:00.000,Spark40 (6+128),16,O,-1.0000,pcs,13210.0000,-12874.8800,.0000,.00,-1.0000,-13011.85,-12874.88,Main Location,46.0000,.0000
SI0001SI#000897,2025-12-11 00:00:00.000,Spark 40c (4+128),16,O,-2.0000,pcs,11790.0000,-22983.3400,.0000,.00,-2.0000,-23226.30,-22983.34,Main Location,155.0000,.0000
SI0001SI#000901,2025-12-11 00:00:00.000,Spark 40(8+256),16,O,-3.0000,pcs,15570.0000,-45540.6600,.0000,.00,-3.0000,-46009.35,-45540.66,Main Location,130.0000,.0000
SI0001SI#000900,2025-12-11 00:00:00.000,Spark 40(8+256),16,O,-1.0000,pcs,15570.0000,-15180.2200,.0000,.00,-1.0000,-15336.45,-15180.22,Main Location,130.0000,.0000
SI0001SI#000899,2025-12-11 00:00:00.000,Spark 40(8+256),16,O,-2.0000,pcs,15570.0000,-30360.4400,.0000,.00,-2.0000,-30672.90,-30360.44,Main Location,130.0000,.0000
SI0001SI#000903,2025-12-11 00:00:00.000,Spark 40 Pro,16,O,-5.0000,pcs,18870.0000,-91963.2400,.0000,.00,-5.0000,-92934.75,-91963.24,Main Location,1.0000,.0000
SI0001SI#000899,2025-12-11 00:00:00.000,Spark 40 Pro,16,O,-2.0000,pcs,18870.0000,-36785.2960,.0000,.00,-2.0000,-37173.90,-36785.30,Main Location,1.0000,.0000
SI0001SI#000898,2025-12-11 00:00:00.000,Spark 40 Pro,16,O,-1.0000,pcs,18870.0000,-18392.6480,.0000,.00,-1.0000,-18586.95,-18392.65,Main Location,1.0000,.0000
SI0001SI#000896,2025-12-11 00:00:00.000,Pova Slim,16,O,-10.0000,pcs,27594.0000,-275940.2000,.0000,.00,-10.0000,-271695.00,-275940.20,Main Location,29.0000,.0000
SI0001SI#000904,2025-12-11 00:00:00.000,Pova 7 Pro,16,O,-1.0000,pcs,33020.0000,-32194.7000,.0000,.00,-1.0000,-32524.70,-32194.70,Main Location,.0000,.0000
SI0001SI#000902,2025-12-11 00:00:00.000,Go2,16,O,-2.0000,pcs,10390.0000,-20287.2451,.0000,.00,-2.0000,-20364.40,-20287.25,Main Location,1658.0000,.0000
SI0001SI#000897,2025-12-11 00:00:00.000,Go2,16,O,-8.0000,pcs,10390.0000,-81148.9804,.0000,.00,-8.0000,-81873.20,-81148.98,Main Location,1658.0000,.0000
SI0001SI#000894,2025-12-10 00:00:00.000,Spark40 Pro Pius,16,O,-2.0000,pcs,22993.0000,-45986.6800,.0000,.00,-2.0000,-45986.00,-45986.68,Main Location,51.0000,.0000
SI0001SI#000895,2025-12-10 00:00:00.000,Spark40 (6+128),16,O,-6.0000,pcs,13210.0000,-77249.2800,.0000,.00,-6.0000,-78071.10,-77249.28,Main Location,54.0000,.0000
SI0001SI#000894,2025-12-10 00:00:00.000,Spark40 (6+128),16,O,-4.0000,pcs,12875.0000,-51499.5200,.0000,.00,-4.0000,-51500.00,-51499.52,Main Location,54.0000,.0000
SI0001SI#000893,2025-12-10 00:00:00.000,Spark40 (6+128),16,O,-4.0000,pcs,13210.0000,-51499.5200,.0000,.00,-4.0000,-52047.40,-51499.52,Main Location,54.0000,.0000
PI0001PI#000120,2025-12-10 00:00:00.000,Spark40 (6+128),33,I,5.0000,pcs,12874.8800,64374.4000,5.0000,64374.40,.0000,.00,.00,Main Location,54.0000,5.0000
SI0001SI#000894,2025-12-10 00:00:00.000,Spark 40c (4+128),16,O,-3.0000,pcs,11492.0000,-34475.0100,.0000,.00,-3.0000,-34476.00,-34475.01,Main Location,157.0000,.0000
SI0001SI#000892,2025-12-10 00:00:00.000,Spark 40c (4+128),16,O,-1.0000,pcs,11790.0000,-11491.6700,.0000,.00,-1.0000,-11613.15,-11491.67,Main Location,157.0000,.0000
PI0001PI#000120,2025-12-10 00:00:00.000,Spark 40c (4+128),33,I,50.0000,pcs,11491.6700,574583.5000,50.0000,574583.50,.0000,.00,.00,Main Location,157.0000,50.0000
SI0001SI#000894,2025-12-10 00:00:00.000,Spark 40(8+256),16,O,-3.0000,pcs,15181.0000,-45540.6600,.0000,.00,-3.0000,-45543.00,-45540.66,Main Location,136.0000,.0000
SI0001SI#000893,2025-12-10 00:00:00.000,Spark 40(8+256),16,O,-2.0000,pcs,15570.0000,-30360.4400,.0000,.00,-2.0000,-30672.90,-30360.44,Main Location,136.0000,.0000
SI0001SI#000892,2025-12-10 00:00:00.000,Spark 40(8+256),16,O,-3.0000,pcs,15570.0000,-45540.6600,.0000,.00,-3.0000,-46009.35,-45540.66,Main Location,136.0000,.0000
SI0001SI#000891,2025-12-10 00:00:00.000,Spark 40(8+256),16,O,-1.0000,pcs,15570.0000,-15180.2200,.0000,.00,-1.0000,-15570.00,-15180.22,Main Location,136.0000,.0000
SI0001SI#000894,2025-12-10 00:00:00.000,Spark 40 Pro,16,O,-2.0000,pcs,18392.0000,-36785.2960,.0000,.00,-2.0000,-36784.00,-36785.30,Main Location,9.0000,.0000
SI0001SI#000894,2025-12-10 00:00:00.000,Spark 40 5G,16,O,-2.0000,pcs,15637.0000,-31272.5600,.0000,.00,-2.0000,-31274.00,-31272.56,Main Location,41.0000,.0000
SI0001SI#000893,2025-12-10 00:00:00.000,Spark 40 5G,16,O,-2.0000,pcs,16030.0000,-31272.5600,.0000,.00,-2.0000,-31579.10,-31272.56,Main Location,41.0000,.0000
SI0001SI#000894,2025-12-10 00:00:00.000,Pova Slim,16,O,-2.0000,pcs,27594.0000,-55188.0400,.0000,.00,-2.0000,-55188.00,-55188.04,Main Location,39.0000,.0000
SI0001SI#000894,2025-12-10 00:00:00.000,Pova Carve,16,O,-1.0000,pcs,30371.0000,-30370.4700,.0000,.00,-1.0000,-30371.00,-30370.47,Main Location,7.0000,.0000
SI0001SI#000894,2025-12-10 00:00:00.000,Pova 7 Pro,16,O,-2.0000,pcs,32195.0000,-64389.4000,.0000,.00,-2.0000,-64390.00,-64389.40,Main Location,1.0000,.0000
SI0001SI#000890,2025-12-10 00:00:00.000,Pova 7 Pro,16,O,-1.0000,pcs,33020.0000,-32194.7000,.0000,.00,-1.0000,-32689.80,-32194.70,Main Location,1.0000,.0000
SI0001SI#000894,2025-12-10 00:00:00.000,Go2(3+64),16,O,-3.0000,pcs,9181.0000,-27545.1240,.0000,.00,-3.0000,-27543.00,-27545.12,Main Location,.0000,.0000
SI0001SI#000894,2025-12-10 00:00:00.000,Go2,16,O,-4.0000,pcs,10145.0000,-40574.4902,.0000,.00,-4.0000,-40580.00,-40574.49,Main Location,1668.0000,.0000
SI0001SI#000893,2025-12-10 00:00:00.000,Go2,16,O,-2.0000,pcs,10390.0000,-20287.2451,.0000,.00,-2.0000,-20468.30,-20287.25,Main Location,1668.0000,.0000
SI0001SI#000885,2025-12-09 00:00:00.000,Spark40 (6+128),16,O,-30.0000,pcs,12875.0000,-386246.4000,.0000,.00,-30.0000,-386250.00,-386246.40,Main Location,63.0000,.0000
SI0001SI#000885,2025-12-09 00:00:00.000,Spark 40c (4+128),16,O,-10.0000,pcs,11492.0000,-114916.7000,.0000,.00,-10.0000,-114920.00,-114916.70,Main Location,111.0000,.0000
SI0001SI#000888,2025-12-09 00:00:00.000,Spark 40(8+256),16,O,-2.0000,pcs,15570.0000,-30360.4400,.0000,.00,-2.0000,-30672.90,-30360.44,Main Location,145.0000,.0000
SI0001SI#000885,2025-12-09 00:00:00.000,Spark 40(8+256),16,O,-10.0000,pcs,15180.0000,-151802.2000,.0000,.00,-10.0000,-151800.00,-151802.20,Main Location,145.0000,.0000
SI0001SI#000886,2025-12-09 00:00:00.000,Spark 40 Pro,16,O,-4.0000,pcs,18870.0000,-73570.5920,.0000,.00,-4.0000,-74347.80,-73570.59,Main Location,11.0000,.0000
SI0001SI#000886,2025-12-09 00:00:00.000,Pova Slim,16,O,-1.0000,pcs,28300.0000,-27594.0200,.0000,.00,-1.0000,-27875.50,-27594.02,Main Location,41.0000,.0000
SI0001SI#000887,2025-12-09 00:00:00.000,Pova Carve,16,O,-2.0000,pcs,31150.0000,-60740.9400,.0000,.00,-2.0000,-61365.50,-60740.94,Main Location,8.0000,.0000
SI0001SI#000886,2025-12-09 00:00:00.000,Pova Carve,16,O,-1.0000,pcs,31150.0000,-30370.4700,.0000,.00,-1.0000,-30682.75,-30370.47,Main Location,8.0000,.0000
SI0001SI#000889,2025-12-09 00:00:00.000,One Plus C4 Light,16,O,-1.0000,pcs,21400.0000,-22830.0000,.0000,.00,-1.0000,-21400.00,-22830.00,Main Location,.0000,.0000
SI0001SI#000883,2025-12-08 00:00:00.000,Spark40 (6+128),16,O,-2.0000,pcs,13210.0000,-25749.7600,.0000,.00,-2.0000,-26155.80,-25749.76,Main Location,93.0000,.0000
SI0001SI#000882,2025-12-08 00:00:00.000,Spark40 (6+128),16,O,-80.0000,pcs,12875.0000,-1029990.4000,.0000,.00,-80.0000,-1030000.00,-1029990.40,Main Location,93.0000,.0000
PI0001PI#000119,2025-12-08 00:00:00.000,Spark40 (6+128),33,I,120.0000,pcs,12874.8800,1544985.6000,120.0000,1544985.60,.0000,.00,.00,Main Location,93.0000,120.0000
SI0001SI#000883,2025-12-08 00:00:00.000,Spark 40c (4+128),16,O,-1.0000,pcs,11790.0000,-11491.6700,.0000,.00,-1.0000,-11672.10,-11491.67,Main Location,121.0000,.0000
SI0001SI#000882,2025-12-08 00:00:00.000,Spark 40c (4+128),16,O,-40.0000,pcs,11492.0000,-459666.8000,.0000,.00,-40.0000,-459680.00,-459666.80,Main Location,121.0000,.0000
PI0001PI#000119,2025-12-08 00:00:00.000,Spark 40c (4+128),33,I,100.0000,pcs,11491.6700,1149167.0000,100.0000,1149167.00,.0000,.00,.00,Main Location,121.0000,100.0000
SI0001SI#000882,2025-12-08 00:00:00.000,Spark 40 Pro,16,O,-40.0000,pcs,18392.0000,-735705.9200,.0000,.00,-40.0000,-735680.00,-735705.92,Main Location,15.0000,.0000
SI0001SI#000881,2025-12-08 00:00:00.000,Spark 40 Pro,16,O,-2.0000,pcs,18870.0000,-36785.2960,.0000,.00,-2.0000,-37173.90,-36785.30,Main Location,15.0000,.0000
SI0001SI#000884,2025-12-08 00:00:00.000,Spark 40 5G,16,O,-2.0000,pcs,16030.0000,-31272.5600,.0000,.00,-2.0000,-31579.10,-31272.56,Main Location,45.0000,.0000
SI0001SI#000883,2025-12-08 00:00:00.000,Go2,16,O,-2.0000,pcs,10390.0000,-20287.2451,.0000,.00,-2.0000,-20572.20,-20287.25,Main Location,1674.0000,.0000
SI0001SI#000880,2025-12-07 00:00:00.000,Go2,16,O,-2.0000,pcs,10390.0000,-20287.2451,.0000,.00,-2.0000,-20468.30,-20287.25,Main Location,1676.0000,.0000
SI0001SI#000879,2025-12-07 00:00:00.000,Go2,16,O,-1.0000,pcs,10390.0000,-10143.6226,.0000,.00,-1.0000,-10234.15,-10143.62,Main Location,1676.0000,.0000
SI0001SI#000878,2025-12-05 00:00:00.000,Spark40 (6+128),16,O,-2.0000,pcs,13210.0000,-25749.7600,.0000,.00,-2.0000,-26155.80,-25749.76,Main Location,55.0000,.0000
SI0001SI#000878,2025-12-05 00:00:00.000,Spark 40c (4+128),16,O,-2.0000,pcs,11790.0000,-22983.3400,.0000,.00,-2.0000,-23344.20,-22983.34,Main Location,62.0000,.0000
SI0001SI#000878,2025-12-05 00:00:00.000,Spark 40(8+256),16,O,-2.0000,pcs,15570.0000,-30360.4400,.0000,.00,-2.0000,-30828.60,-30360.44,Main Location,157.0000,.0000
SI0001SI#000878,2025-12-05 00:00:00.000,Pova Slim,16,O,-1.0000,pcs,28300.0000,-27594.0200,.0000,.00,-1.0000,-28017.00,-27594.02,Main Location,42.0000,.0000
SI0001SI#000878,2025-12-05 00:00:00.000,Pova 7 Pro,16,O,-1.0000,pcs,33020.0000,-32194.7000,.0000,.00,-1.0000,-32689.80,-32194.70,Main Location,4.0000,.0000
SI0001SI#000877,2025-12-05 00:00:00.000,Pova 7 Pro,16,O,-1.0000,pcs,33020.0000,-32194.7000,.0000,.00,-1.0000,-32524.70,-32194.70,Main Location,4.0000,.0000
SI0001SI#000876,2025-12-05 00:00:00.000,Pova 7 Pro,16,O,-2.0000,pcs,33020.0000,-64389.4000,.0000,.00,-2.0000,-65049.40,-64389.40,Main Location,4.0000,.0000
SI0001SI#000878,2025-12-05 00:00:00.000,Go2,16,O,-2.0000,pcs,10390.0000,-20287.2451,.0000,.00,-2.0000,-20572.20,-20287.25,Main Location,1679.0000,.0000
SI0001SI#000874,2025-12-04 00:00:00.000,Spark40 (6+128),16,O,-60.0000,pcs,12845.0000,-772492.8000,.0000,.00,-60.0000,-770700.00,-772492.80,Main Location,57.0000,.0000
SI0001SI#000871,2025-12-04 00:00:00.000,Spark40 (6+128),16,O,-2.0000,pcs,13210.0000,-25749.7600,.0000,.00,-2.0000,-26023.70,-25749.76,Main Location,57.0000,.0000
SI0001SI#000874,2025-12-04 00:00:00.000,Spark 40c (4+128),16,O,-40.0000,pcs,11465.0000,-459666.8000,.0000,.00,-40.0000,-458600.00,-459666.80,Main Location,64.0000,.0000
SI0001SI#000874,2025-12-04 00:00:00.000,Spark 40(8+256),16,O,-20.0000,pcs,15145.0000,-303604.4000,.0000,.00,-20.0000,-302900.00,-303604.40,Main Location,159.0000,.0000
SI0001SI#000873,2025-12-04 00:00:00.000,Spark 40(8+256),16,O,-1.0000,pcs,15570.0000,-15180.2200,.0000,.00,-1.0000,-15336.45,-15180.22,Main Location,159.0000,.0000
SI0001SI#000874,2025-12-04 00:00:00.000,Spark 40 Pro,16,O,-10.0000,pcs,18350.0000,-183926.4800,.0000,.00,-10.0000,-183500.00,-183926.48,Main Location,57.0000,.0000
SI0001SI#000872,2025-12-04 00:00:00.000,Spark 40 Pro,16,O,-2.0000,pcs,18870.0000,-36785.2960,.0000,.00,-2.0000,-37173.90,-36785.30,Main Location,57.0000,.0000
SI0001SI#000875,2025-12-04 00:00:00.000,Go2,16,O,-2.0000,pcs,10390.0000,-20287.2451,.0000,.00,-2.0000,-20468.30,-20287.25,Main Location,1681.0000,.0000
SI0001SI#000870,2025-12-03 00:00:00.000,Spark 40c (4+128),16,O,-1.0000,pcs,11790.0000,-11491.6700,.0000,.00,-1.0000,-11613.15,-11491.67,Main Location,104.0000,.0000
SI0001SI#000870,2025-12-03 00:00:00.000,Pova Slim,16,O,-1.0000,pcs,28300.0000,-27594.0200,.0000,.00,-1.0000,-27875.50,-27594.02,Main Location,43.0000,.0000
SI0001SI#000868,2025-12-02 00:00:00.000,Spark40 (6+128),16,O,-5.0000,pcs,13210.0000,-64374.4000,.0000,.00,-5.0000,-65059.25,-64374.40,Main Location,119.0000,.0000
SI0001SI#000868,2025-12-02 00:00:00.000,Spark 40(8+256),16,O,-2.0000,pcs,15570.0000,-30360.4400,.0000,.00,-2.0000,-30672.90,-30360.44,Main Location,180.0000,.0000
SI0001SI#000867,2025-12-02 00:00:00.000,Pova 7 Pro,16,O,-1.0000,pcs,33020.0000,-32194.7000,.0000,.00,-1.0000,-32689.80,-32194.70,Main Location,8.0000,.0000
SI0001SI#000869,2025-12-02 00:00:00.000,Camon40 Pro,16,O,-1.0000,pcs,25708.0000,-25704.9800,.0000,.00,-1.0000,-25708.00,-25704.98,Main Location,1.0000,.0000
SI0001SI#000868,2025-12-02 00:00:00.000,Camon40 Pro,16,O,-3.0000,pcs,26410.0000,-77114.9400,.0000,.00,-3.0000,-78041.55,-77114.94,Main Location,1.0000,.0000
SI0001SI#000867,2025-12-02 00:00:00.000,Camon40 Pro,16,O,-1.0000,pcs,26410.0000,-25704.9800,.0000,.00,-1.0000,-26145.90,-25704.98,Main Location,1.0000,.0000
SI0001SI#000866,2025-12-01 00:00:00.000,Pova 7 Pro,16,O,-1.0000,pcs,33020.0000,-32194.7000,.0000,.00,-1.0000,-32689.80,-32194.70,Main Location,9.0000,.0000
SI0001SI#000865,2025-12-01 00:00:00.000,Camon40 Pro,16,O,-1.0000,pcs,26410.0000,-25704.9800,.0000,.00,-1.0000,-26013.85,-25704.98,Main Location,6.0000,.0000
SI0001SI#000864,2025-11-30 00:00:00.000,Spark40 (6+128),16,O,-3.0000,pcs,13210.0000,-38624.6400,.0000,.00,-3.0000,-39035.55,-38624.64,Main Location,124.0000,.0000
PI0001PI#000118,2025-11-28 00:00:00.000,Spark40 Pro Pius,33,I,40.0000,pcs,22993.3400,919733.6000,40.0000,919733.60,.0000,.00,.00,Main Location,53.0000,40.0000
SI0001SI#000863,2025-11-28 00:00:00.000,Spark40 (6+128),16,O,-1.0000,pcs,13210.0000,-12874.8800,.0000,.00,-1.0000,-13011.85,-12874.88,Main Location,127.0000,.0000
SI0001SI#000862,2025-11-28 00:00:00.000,Spark40 (6+128),16,O,-2.0000,pcs,13210.0000,-25749.7600,.0000,.00,-2.0000,-26023.70,-25749.76,Main Location,127.0000,.0000
PI0001PI#000118,2025-11-28 00:00:00.000,Spark40 (6+128),33,I,5.0000,pcs,12874.8800,64374.4000,5.0000,64374.40,.0000,.00,.00,Main Location,127.0000,5.0000
SI0001SI#000863,2025-11-28 00:00:00.000,Spark 40c (4+128),16,O,-1.0000,pcs,11790.0000,-11491.6700,.0000,.00,-1.0000,-11613.15,-11491.67,Main Location,105.0000,.0000
SI0001SI#000862,2025-11-28 00:00:00.000,Spark 40(8+256),16,O,-4.0000,pcs,15570.0000,-60720.8800,.0000,.00,-4.0000,-61345.80,-60720.88,Main Location,182.0000,.0000
PI0001PI#000118,2025-11-28 00:00:00.000,Spark 40 5G,33,I,40.0000,pcs,15636.2800,625451.2000,40.0000,625451.20,.0000,.00,.00,Main Location,47.0000,40.0000
PI0001PI#000118,2025-11-28 00:00:00.000,Pova Slim,33,I,40.0000,pcs,27594.0200,1103760.8000,40.0000,1103760.80,.0000,.00,.00,Main Location,44.0000,40.0000
PI0001PI#000118,2025-11-28 00:00:00.000,Pova Carve,33,I,10.0000,pcs,30370.4700,303704.7000,10.0000,303704.70,.0000,.00,.00,Main Location,11.0000,10.0000
PI0001PI#000118,2025-11-28 00:00:00.000,Pova 7 Pro,33,I,10.0000,pcs,32194.7000,321947.0000,10.0000,321947.00,.0000,.00,.00,Main Location,10.0000,10.0000
SI0001SI#000861,2025-11-28 00:00:00.000,Camon40 Pro,16,O,-5.0000,pcs,26410.0000,-128524.9000,.0000,.00,-5.0000,-130069.25,-128524.90,Main Location,7.0000,.0000
SI0001SI#000857,2025-11-27 00:00:00.000,Spark40 (6+128),16,O,-2.0000,pcs,13210.0000,-25749.7600,.0000,.00,-2.0000,-26023.70,-25749.76,Main Location,125.0000,.0000
SI0001SI#000860,2025-11-27 00:00:00.000,Spark 40c (4+128),16,O,-2.0000,pcs,11790.0000,-22983.3400,.0000,.00,-2.0000,-23226.30,-22983.34,Main Location,106.0000,.0000
SI0001SI#000859,2025-11-27 00:00:00.000,Spark 40c (4+128),16,O,-1.0000,pcs,11790.0000,-11491.6700,.0000,.00,-1.0000,-11613.15,-11491.67,Main Location,106.0000,.0000
SI0001SI#000858,2025-11-27 00:00:00.000,Spark 40(8+256),16,O,-1.0000,pcs,15570.0000,-15180.2200,.0000,.00,-1.0000,-15336.45,-15180.22,Main Location,186.0000,.0000
SI0001SI#000860,2025-11-27 00:00:00.000,Camon40 Pro,16,O,-2.0000,pcs,26410.0000,-51409.9600,.0000,.00,-2.0000,-52027.70,-51409.96,Main Location,12.0000,.0000
SI0001SI#000858,2025-11-27 00:00:00.000,Camon40 Pro,16,O,-2.0000,pcs,26410.0000,-51409.9600,.0000,.00,-2.0000,-52027.70,-51409.96,Main Location,12.0000,.0000
SI0001SI#000855,2025-11-26 00:00:00.000,Spark40 (6+128),16,O,-2.0000,pcs,13210.0000,-25749.7600,.0000,.00,-2.0000,-26023.70,-25749.76,Main Location,127.0000,.0000
PI0001PI#000116,2025-11-26 00:00:00.000,Spark40 (6+128),33,I,50.0000,pcs,12874.8800,643744.0000,50.0000,643744.00,.0000,.00,.00,Main Location,127.0000,50.0000
SI0001SI#000856,2025-11-26 00:00:00.000,Spark 40c (4+128),16,O,-5.0000,pcs,11492.0000,-57458.3500,.0000,.00,-5.0000,-57460.00,-57458.35,Main Location,109.0000,.0000
SI0001SI#000856,2025-11-26 00:00:00.000,Spark 40(8+256),16,O,-5.0000,pcs,15181.0000,-75901.1000,.0000,.00,-5.0000,-75905.00,-75901.10,Main Location,187.0000,.0000
SI0001SI#000856,2025-11-26 00:00:00.000,Spark 40 Pro,16,O,-5.0000,pcs,18392.0000,-91963.2400,.0000,.00,-5.0000,-91960.00,-91963.24,Main Location,69.0000,.0000
PI0001PI#000116,2025-11-26 00:00:00.000,Go2,33,I,1000.0000,pcs,10143.5300,10143530.0000,1000.0000,10143530.00,.0000,.00,.00,Main Location,1683.0000,1000.0000
SI0001SI#000855,2025-11-26 00:00:00.000,Camon40 Pro,16,O,-4.0000,pcs,26410.0000,-102819.9200,.0000,.00,-4.0000,-104055.40,-102819.92,Main Location,16.0000,.0000
PI0001PI#000116,2025-11-26 00:00:00.000,Camon40 Pro,33,I,5.0000,pcs,25704.9800,128524.9000,5.0000,128524.90,.0000,.00,.00,Main Location,16.0000,5.0000
SI0001SI#000854,2025-11-25 00:00:00.000,Spark40 (6+128),16,O,-1.0000,pcs,13210.0000,-12874.8800,.0000,.00,-1.0000,-13077.90,-12874.88,Main Location,79.0000,.0000
SI0001SI#000853,2025-11-25 00:00:00.000,Spark40 (6+128),16,O,-45.0000,pcs,12874.0000,-579369.6000,.0000,.00,-45.0000,-579330.00,-579369.60,Main Location,79.0000,.0000
PI0001PI#000117,2025-11-25 00:00:00.000,Spark40 (6+128),33,I,75.0000,pcs,12874.8800,965616.0000,75.0000,965616.00,.0000,.00,.00,Main Location,79.0000,75.0000
PI0001PI#000115,2025-11-25 00:00:00.000,Spark40 (6+128),33,I,50.0000,pcs,12874.8800,643744.0000,50.0000,643744.00,.0000,.00,.00,Main Location,79.0000,50.0000
SI0001SI#000854,2025-11-25 00:00:00.000,Spark 40(8+256),16,O,-1.0000,pcs,15570.0000,-15180.2200,.0000,.00,-1.0000,-15414.30,-15180.22,Main Location,192.0000,.0000
SI0001SI#000853,2025-11-25 00:00:00.000,Spark 40(8+256),16,O,-20.0000,pcs,15181.0000,-303604.4000,.0000,.00,-20.0000,-303620.00,-303604.40,Main Location,192.0000,.0000
PI0001PI#000117,2025-11-25 00:00:00.000,Spark 40(8+256),33,I,75.0000,pcs,15180.2200,1138516.5000,75.0000,1138516.50,.0000,.00,.00,Main Location,192.0000,75.0000
PI0001PI#000115,2025-11-25 00:00:00.000,Spark 40(8+256),33,I,80.0000,pcs,15180.2200,1214417.6000,80.0000,1214417.60,.0000,.00,.00,Main Location,192.0000,80.0000
SI0001SI#000853,2025-11-25 00:00:00.000,Go2,16,O,-40.0000,pcs,10144.0000,-405750.3225,.0000,.00,-40.0000,-405760.00,-405750.32,Main Location,683.0000,.0000
SI0001SI#000854,2025-11-25 00:00:00.000,Camon40 Pro,16,O,-1.0000,pcs,26410.0000,-25704.9800,.0000,.00,-1.0000,-26145.90,-25704.98,Main Location,15.0000,.0000
PI0001PI#000114,2025-11-24 00:00:00.000,Spark 40c (4+128),33,I,100.0000,pcs,11491.6700,1149167.0000,100.0000,1149167.00,.0000,.00,.00,Main Location,114.0000,100.0000
SI0001SI#000850,2025-11-24 00:00:00.000,Spark 40(8+256),16,O,-1.0000,pcs,15570.0000,-15180.2200,.0000,.00,-1.0000,-15336.45,-15180.22,Main Location,58.0000,.0000
PI0001PI#000114,2025-11-24 00:00:00.000,Spark 40(8+256),33,I,40.0000,pcs,15180.2200,607208.8000,40.0000,607208.80,.0000,.00,.00,Main Location,58.0000,40.0000
SI0001SI#000850,2025-11-24 00:00:00.000,Spark 40 Pro,16,O,-1.0000,pcs,18870.0000,-18392.6480,.0000,.00,-1.0000,-18586.95,-18392.65,Main Location,74.0000,.0000
PI0001PI#000114,2025-11-24 00:00:00.000,Spark 40 Pro,33,I,30.0000,pcs,18392.6000,551778.0000,30.0000,551778.00,.0000,.00,.00,Main Location,74.0000,30.0000
SI0001SI#000851,2025-11-24 00:00:00.000,Go2(3+64),16,O,-2.0000,pcs,9433.0000,-18363.4160,.0000,.00,-2.0000,-18583.01,-18363.42,Main Location,3.0000,.0000
SI0001SI#000852,2025-11-24 00:00:00.000,Go2,16,O,-1.0000,pcs,10390.0000,-10143.7581,.0000,.00,-1.0000,-10234.15,-10143.76,Main Location,723.0000,.0000
PI0001PI#000114,2025-11-24 00:00:00.000,Camon40 Pro,33,I,5.0000,pcs,25704.9800,128524.9000,5.0000,128524.90,.0000,.00,.00,Main Location,16.0000,5.0000
SI0001SI#000842,2025-11-21 00:00:00.000,Spark40 Pro Pius,16,O,-3.0000,pcs,23590.0000,-68980.0200,.0000,.00,-3.0000,-69708.45,-68980.02,Main Location,13.0000,.0000
SI0001SI#000845,2025-11-21 00:00:00.000,Spark40 (6+128),16,O,-95.0000,pcs,12875.0000,-1223113.5999,.0000,.00,-95.0000,-1223125.00,-1223113.60,Main Location,.0000,.0000
SI0001SI#000844,2025-11-21 00:00:00.000,Spark40 (6+128),16,O,-1.0000,pcs,13210.0000,-12874.8800,.0000,.00,-1.0000,-13011.85,-12874.88,Main Location,.0000,.0000
SI0001SI#000842,2025-11-21 00:00:00.000,Spark40 (6+128),16,O,-2.0000,pcs,13210.0000,-25749.7600,.0000,.00,-2.0000,-26023.70,-25749.76,Main Location,.0000,.0000
PI0001PI#000113,2025-11-21 00:00:00.000,Spark40 (6+128),33,I,50.0000,pcs,12874.8800,643744.0000,50.0000,643744.00,.0000,.00,.00,Main Location,.0000,50.0000
SI0001SI#000847,2025-11-21 00:00:00.000,Spark 40(8+256),16,O,-1.0000,pcs,15570.0000,-15180.2200,.0000,.00,-1.0000,-15336.45,-15180.22,Main Location,19.0000,.0000
SI0001SI#000849,2025-11-21 00:00:00.000,Spark 40 Pro,16,O,-1.0000,pcs,18870.0000,-18392.6800,.0000,.00,-1.0000,-18586.95,-18392.68,Main Location,45.0000,.0000
SI0001SI#000847,2025-11-21 00:00:00.000,Spark 40 Pro,16,O,-2.0000,pcs,18870.0000,-36785.3600,.0000,.00,-2.0000,-37173.90,-36785.36,Main Location,45.0000,.0000
SI0001SI#000845,2025-11-21 00:00:00.000,Spark 40 Pro,16,O,-5.0000,pcs,18392.0000,-91963.4000,.0000,.00,-5.0000,-91960.00,-91963.40,Main Location,45.0000,.0000
PI0001PI#000113,2025-11-21 00:00:00.000,Spark 40 Pro,33,I,40.0000,pcs,18392.6800,735707.2000,40.0000,735707.20,.0000,.00,.00,Main Location,45.0000,40.0000
SI0001SI#000846,2025-11-21 00:00:00.000,Spark 40 5G,16,O,-1.0000,pcs,16040.0000,-15636.2800,.0000,.00,-1.0000,-15799.40,-15636.28,Main Location,7.0000,.0000
SI0001SI#000844,2025-11-21 00:00:00.000,Pova Slim,16,O,-1.0000,pcs,28300.0000,-27594.0200,.0000,.00,-1.0000,-27875.50,-27594.02,Main Location,4.0000,.0000
SI0001SI#000843,2025-11-21 00:00:00.000,Pova 7 Pro,16,O,-1.0000,pcs,33020.0000,-32194.7000,.0000,.00,-1.0000,-32689.80,-32194.70,Main Location,.0000,.0000
SI0001SI#000848,2025-11-21 00:00:00.000,Go2,16,O,-2.0000,pcs,10390.0000,-20287.5161,.0000,.00,-2.0000,-20468.30,-20287.52,Main Location,724.0000,.0000
SI0001SI#000845,2025-11-21 00:00:00.000,Go2,16,O,-155.0000,pcs,10144.0000,-1572282.4997,.0000,.00,-155.0000,-1572320.00,-1572282.50,Main Location,724.0000,.0000
SI0001SI#000847,2025-11-21 00:00:00.000,Camon40 Pro,16,O,-1.0000,pcs,26410.0000,-25704.9800,.0000,.00,-1.0000,-26013.85,-25704.98,Main Location,11.0000,.0000
SI0001SI#000844,2025-11-21 00:00:00.000,Camon40 Pro,16,O,-1.0000,pcs,26410.0000,-25704.9800,.0000,.00,-1.0000,-26013.85,-25704.98,Main Location,11.0000,.0000
PI0001PI#000113,2025-11-21 00:00:00.000,Camon40 Pro,33,I,10.0000,pcs,25704.9800,257049.8000,10.0000,257049.80,.0000,.00,.00,Main Location,11.0000,10.0000
SI0001SI#000840,2025-11-20 00:00:00.000,Spark40 Pro Pius,16,O,-1.0000,pcs,23590.0000,-22993.3400,.0000,.00,-1.0000,-23354.10,-22993.34,Main Location,16.0000,.0000
SI0001SI#000841,2025-11-20 00:00:00.000,Spark40 (6+128),16,O,-6.0000,pcs,13210.0000,-77249.2800,.0000,.00,-6.0000,-78071.10,-77249.28,Main Location,48.0000,.0000
SI0001SI#000838,2025-11-20 00:00:00.000,Spark40 (6+128),16,O,-3.0000,pcs,13210.0000,-38624.6400,.0000,.00,-3.0000,-39076.05,-38624.64,Main Location,48.0000,.0000
SI0001SI#000836,2025-11-20 00:00:00.000,Spark 40(8+256),16,O,-2.0000,pcs,15570.0000,-30360.4400,.0000,.00,-2.0000,-30672.90,-30360.44,Main Location,20.0000,.0000
SI0001SI#000840,2025-11-20 00:00:00.000,Pova Slim,16,O,-1.0000,pcs,28300.0000,-27594.0200,.0000,.00,-1.0000,-28017.00,-27594.02,Main Location,5.0000,.0000
SI0001SI#000841,2025-11-20 00:00:00.000,Pova Carve,16,O,-2.0000,pcs,31150.0000,-60740.9400,.0000,.00,-2.0000,-61365.50,-60740.94,Main Location,1.0000,.0000
SI0001SI#000837,2025-11-20 00:00:00.000,Pova 7 Pro,16,O,-1.0000,pcs,33020.0000,-32194.7000,.0000,.00,-1.0000,-32524.70,-32194.70,Main Location,1.0000,.0000
SI0001SI#000839,2025-11-20 00:00:00.000,Camon40 Pro,16,O,-1.0000,pcs,26410.0000,-25704.9800,.0000,.00,-1.0000,-26013.85,-25704.98,Main Location,3.0000,.0000
SI0001SI#000838,2025-11-20 00:00:00.000,Camon40 Pro,16,O,-2.0000,pcs,26410.0000,-51409.9600,.0000,.00,-2.0000,-52027.70,-51409.96,Main Location,3.0000,.0000
SI0001SI#000837,2025-11-20 00:00:00.000,Camon40 Pro,16,O,-1.0000,pcs,26410.0000,-25704.9800,.0000,.00,-1.0000,-26013.85,-25704.98,Main Location,3.0000,.0000
SI0001SI#000836,2025-11-20 00:00:00.000,Camon40 Pro,16,O,-4.0000,pcs,26410.0000,-102819.9200,.0000,.00,-4.0000,-104055.40,-102819.92,Main Location,3.0000,.0000
SI0001SI#000834,2025-11-19 00:00:00.000,Spark40 Pro Pius,16,O,-1.0000,pcs,23590.0000,-22993.3400,.0000,.00,-1.0000,-23590.00,-22993.34,Main Location,17.0000,.0000
SI0001SI#000834,2025-11-19 00:00:00.000,Spark40 (6+128),16,O,-1.0000,pcs,13210.0000,-12874.8800,.0000,.00,-1.0000,-13210.00,-12874.88,Main Location,57.0000,.0000
PI0001PI#000110,2025-11-19 00:00:00.000,Spark40 (6+128),33,I,20.0000,pcs,12874.8800,257497.6000,20.0000,257497.60,.0000,.00,.00,Main Location,57.0000,20.0000
PI0001PI#000108,2025-11-19 00:00:00.000,Spark40 (6+128),33,I,20.0000,pcs,12874.8800,257497.6000,20.0000,257497.60,.0000,.00,.00,Main Location,57.0000,20.0000
SI0001SI#000834,2025-11-19 00:00:00.000,Spark 40 Pro,16,O,-1.0000,pcs,18870.0000,-18392.6800,.0000,.00,-1.0000,-18870.00,-18392.68,Main Location,13.0000,.0000
SI0001SI#000835,2025-11-19 00:00:00.000,Pova Carve,16,O,-2.0000,pcs,31150.0000,-60740.9400,.0000,.00,-2.0000,-61365.50,-60740.94,Main Location,3.0000,.0000
PI0001PI#000108,2025-11-19 00:00:00.000,Pova 7 Pro,33,I,2.0000,pcs,32194.7000,64389.4000,2.0000,64389.40,.0000,.00,.00,Main Location,2.0000,2.0000
PI0001PI#000109,2025-11-19 00:00:00.000,Camon40 Pro,33,I,10.0000,pcs,25704.9800,257049.8000,10.0000,257049.80,.0000,.00,.00,Main Location,11.0000,10.0000
PI0001PI#000107,2025-11-18 00:00:00.000,Spark40 (6+128),33,I,10.0000,pcs,12874.8800,128748.8000,10.0000,128748.80,.0000,.00,.00,Main Location,18.0000,10.0000
PI0001PI#000107,2025-11-18 00:00:00.000,Spark 40(8+256),33,I,20.0000,pcs,15180.2200,303604.4000,20.0000,303604.40,.0000,.00,.00,Main Location,22.0000,20.0000
SI0001SI#000832,2025-11-18 00:00:00.000,Spark 40 Pro,16,O,-4.0000,pcs,18870.0000,-73570.7200,.0000,.00,-4.0000,-74347.80,-73570.72,Main Location,14.0000,.0000
PI0001PI#000107,2025-11-18 00:00:00.000,Spark 40 Pro,33,I,10.0000,pcs,18392.6800,183926.8000,10.0000,183926.80,.0000,.00,.00,Main Location,14.0000,10.0000
SI0001SI#000833,2025-11-18 00:00:00.000,Pova Slim,16,O,-2.0000,pcs,28300.0000,-55188.0400,.0000,.00,-2.0000,-55751.00,-55188.04,Main Location,6.0000,.0000
PI0001PI#000107,2025-11-18 00:00:00.000,Pova Carve,33,I,5.0000,pcs,30370.4700,151852.3500,5.0000,151852.35,.0000,.00,.00,Main Location,5.0000,5.0000
SI0001SI#000831,2025-11-18 00:00:00.000,Go2,16,O,-1.0000,pcs,10390.0000,-10143.7581,.0000,.00,-1.0000,-10234.15,-10143.76,Main Location,881.0000,.0000
SI0001SI#000832,2025-11-18 00:00:00.000,Camon40 Pro,16,O,-2.0000,pcs,26410.0000,-51409.9600,.0000,.00,-2.0000,-52027.70,-51409.96,Main Location,1.0000,.0000
SI0001SI#000828,2025-11-17 00:00:00.000,Spark 40c (4+128),16,O,-60.0000,pcs,11491.0000,-689500.2000,.0000,.00,-60.0000,-689460.00,-689500.20,Main Location,14.0000,.0000
SI0001SI#000830,2025-11-17 00:00:00.000,Spark 40 Pro,16,O,-2.0000,pcs,18870.0000,-36785.3600,.0000,.00,-2.0000,-37173.90,-36785.36,Main Location,8.0000,.0000
PI0001PI#000106,2025-11-17 00:00:00.000,Spark 40 Pro,33,I,10.0000,pcs,18392.6800,183926.8000,10.0000,183926.80,.0000,.00,.00,Main Location,8.0000,10.0000
SI0001SI#000826,2025-11-17 00:00:00.000,Pova Slim,16,O,-2.0000,pcs,28300.0000,-55188.0400,.0000,.00,-2.0000,-55751.00,-55188.04,Main Location,8.0000,.0000
SI0001SI#000828,2025-11-17 00:00:00.000,Go2(3+64),16,O,-40.0000,pcs,9181.0000,-367268.3200,.0000,.00,-40.0000,-367240.00,-367268.32,Main Location,5.0000,.0000
SI0001SI#000829,2025-11-17 00:00:00.000,Camon40 Pro,16,O,-1.0000,pcs,26410.0000,-25704.9800,.0000,.00,-1.0000,-26145.90,-25704.98,Main Location,3.0000,.0000
SI0001SI#000827,2025-11-17 00:00:00.000,Camon40 Pro,16,O,-1.0000,pcs,25708.0000,-25704.9800,.0000,.00,-1.0000,-25708.00,-25704.98,Main Location,3.0000,.0000
SI0001SI#000826,2025-11-17 00:00:00.000,Camon40 Pro,16,O,-2.0000,pcs,26410.0000,-51409.9600,.0000,.00,-2.0000,-52027.70,-51409.96,Main Location,3.0000,.0000
SI0001SI#000824,2025-11-16 00:00:00.000,Spark40 (6+128),16,O,-2.0000,pcs,13210.0000,-25749.7600,.0000,.00,-2.0000,-26023.70,-25749.76,Main Location,8.0000,.0000
SI0001SI#000823,2025-11-16 00:00:00.000,Spark40 (6+128),16,O,-2.0000,pcs,13210.0000,-25749.7600,.0000,.00,-2.0000,-26155.80,-25749.76,Main Location,8.0000,.0000
SI0001SI#000824,2025-11-16 00:00:00.000,Spark 40c (4+128),16,O,-1.0000,pcs,11790.0000,-11491.6700,.0000,.00,-1.0000,-11613.15,-11491.67,Main Location,74.0000,.0000
SI0001SI#000824,2025-11-16 00:00:00.000,Spark 40 Pro,16,O,-1.0000,pcs,18870.0000,-18392.6800,.0000,.00,-1.0000,-18586.95,-18392.68,Main Location,.0000,.0000
SI0001SI#000825,2025-11-16 00:00:00.000,Camon40 Pro,16,O,-1.0000,pcs,26410.0000,-25704.9800,.0000,.00,-1.0000,-26410.00,-25704.98,Main Location,7.0000,.0000
SI0001SI#000824,2025-11-16 00:00:00.000,Camon40 Pro,16,O,-2.0000,pcs,26410.0000,-51409.9600,.0000,.00,-2.0000,-52027.70,-51409.96,Main Location,7.0000,.0000
SI0001SI#000823,2025-11-16 00:00:00.000,Camon40 Pro,16,O,-1.0000,pcs,26410.0000,-25704.9800,.0000,.00,-1.0000,-26145.90,-25704.98,Main Location,7.0000,.0000
SI0001SI#000822,2025-11-14 00:00:00.000,Spark40 (6+128),16,O,-2.0000,pcs,13210.0000,-25749.7600,.0000,.00,-2.0000,-26023.70,-25749.76,Main Location,12.0000,.0000
PI0001PI#000105,2025-11-14 00:00:00.000,Spark40 (6+128),33,I,12.0000,pcs,12874.8800,154498.5600,12.0000,154498.56,.0000,.00,.00,Main Location,12.0000,12.0000
SI0001SI#000822,2025-11-14 00:00:00.000,Spark 40(8+256),16,O,-2.0000,pcs,15570.0000,-30360.4400,.0000,.00,-2.0000,-30672.90,-30360.44,Main Location,2.0000,.0000
SI0001SI#000821,2025-11-14 00:00:00.000,Pova Slim,16,O,-1.0000,pcs,28300.0000,-27594.0200,.0000,.00,-1.0000,-27875.50,-27594.02,Main Location,10.0000,.0000
SI0001SI#000820,2025-11-14 00:00:00.000,Pova 7 Pro,16,O,-2.0000,pcs,33020.0000,-64389.4000,.0000,.00,-2.0000,-65049.40,-64389.40,Main Location,.0000,.0000
SI0001SI#000821,2025-11-14 00:00:00.000,Go2,16,O,-1.0000,pcs,10390.0000,-10143.7581,.0000,.00,-1.0000,-10234.15,-10143.76,Main Location,882.0000,.0000
PI0001PI#000105,2025-11-14 00:00:00.000,Camon40 Pro,33,I,10.0000,pcs,25704.9800,257049.8000,10.0000,257049.80,.0000,.00,.00,Main Location,11.0000,10.0000
SI0001SI#000818,2025-11-13 00:00:00.000,Spark40 (6+128),16,O,-2.0000,pcs,13210.0000,-25749.7600,.0000,.00,-2.0000,-26023.70,-25749.76,Main Location,2.0000,.0000
SI0001SI#000817,2025-11-13 00:00:00.000,Spark40 (6+128),16,O,-3.0000,pcs,13210.0000,-38624.6400,.0000,.00,-3.0000,-39035.55,-38624.64,Main Location,2.0000,.0000
SI0001SI#000816,2025-11-13 00:00:00.000,Spark40 (6+128),16,O,-1.0000,pcs,13210.0000,-12874.8800,.0000,.00,-1.0000,-13077.90,-12874.88,Main Location,2.0000,.0000
SI0001SI#000818,2025-11-13 00:00:00.000,Spark 40(8+256),16,O,-1.0000,pcs,15570.0000,-15180.2200,.0000,.00,-1.0000,-15336.45,-15180.22,Main Location,4.0000,.0000
SI0001SI#000817,2025-11-13 00:00:00.000,Spark 40(8+256),16,O,-2.0000,pcs,15570.0000,-30360.4400,.0000,.00,-2.0000,-30672.90,-30360.44,Main Location,4.0000,.0000
SI0001SI#000818,2025-11-13 00:00:00.000,Spark 40 Pro,16,O,-1.0000,pcs,18870.0000,-18392.6800,.0000,.00,-1.0000,-18586.95,-18392.68,Main Location,1.0000,.0000
SI0001SI#000817,2025-11-13 00:00:00.000,Spark 40 Pro,16,O,-2.0000,pcs,18870.0000,-36785.3600,.0000,.00,-2.0000,-37173.90,-36785.36,Main Location,1.0000,.0000
SI0001SI#000816,2025-11-13 00:00:00.000,Spark 40 Pro,16,O,-1.0000,pcs,18870.0000,-18392.6800,.0000,.00,-1.0000,-18681.30,-18392.68,Main Location,1.0000,.0000
SI0001SI#000818,2025-11-13 00:00:00.000,Spark 40 5G,16,O,-1.0000,pcs,16030.0000,-15636.2800,.0000,.00,-1.0000,-15789.55,-15636.28,Main Location,8.0000,.0000
SI0001SI#000819,2025-11-13 00:00:00.000,Pova Slim,16,O,-1.0000,pcs,28300.0000,-27594.0200,.0000,.00,-1.0000,-27875.50,-27594.02,Main Location,11.0000,.0000
SI0001SI#000814,2025-11-12 00:00:00.000,Spark40 Pro Pius,16,O,-10.0000,pcs,22994.0000,-229933.4000,.0000,.00,-10.0000,-229940.00,-229933.40,Main Location,18.0000,.0000
SI0001SI#000815,2025-11-12 00:00:00.000,Spark40 (6+128),16,O,-7.0000,pcs,13210.0000,-90124.1600,.0000,.00,-7.0000,-91082.95,-90124.16,Main Location,8.0000,.0000
SI0001SI#000813,2025-11-12 00:00:00.000,Spark40 (6+128),16,O,-12.0000,pcs,13210.0000,-154498.5600,.0000,.00,-12.0000,-156142.20,-154498.56,Main Location,8.0000,.0000
SI0001SI#000815,2025-11-12 00:00:00.000,Spark 40c (4+128),16,O,-3.0000,pcs,11790.0000,-34475.0100,.0000,.00,-3.0000,-34839.45,-34475.01,Main Location,75.0000,.0000
SI0001SI#000813,2025-11-12 00:00:00.000,Spark 40c (4+128),16,O,-1.0000,pcs,11790.0000,-11491.6700,.0000,.00,-1.0000,-11613.15,-11491.67,Main Location,75.0000,.0000
SI0001SI#000813,2025-11-12 00:00:00.000,Spark 40(8+256),16,O,-1.0000,pcs,15570.0000,-15180.2200,.0000,.00,-1.0000,-15336.45,-15180.22,Main Location,7.0000,.0000
SI0001SI#000815,2025-11-12 00:00:00.000,Spark 40 Pro,16,O,-5.0000,pcs,18870.0000,-91963.4000,.0000,.00,-5.0000,-92934.75,-91963.40,Main Location,5.0000,.0000
SI0001SI#000813,2025-11-12 00:00:00.000,Spark 40 Pro,16,O,-2.0000,pcs,18870.0000,-36785.3600,.0000,.00,-2.0000,-37173.90,-36785.36,Main Location,5.0000,.0000
SI0001SI#000812,2025-11-12 00:00:00.000,Spark 40 Pro,16,O,-1.0000,pcs,18870.0000,-18392.6800,.0000,.00,-1.0000,-18870.00,-18392.68,Main Location,5.0000,.0000
SI0001SI#000814,2025-11-12 00:00:00.000,Go2(3+64),16,O,-70.0000,pcs,9181.0000,-642719.5600,.0000,.00,-70.0000,-642670.00,-642719.56,Main Location,45.0000,.0000
SI0001SI#000814,2025-11-12 00:00:00.000,Go2,16,O,-70.0000,pcs,10145.0000,-710063.0644,.0000,.00,-70.0000,-710150.00,-710063.06,Main Location,883.0000,.0000
SI0001SI#000813,2025-11-12 00:00:00.000,Go2,16,O,-1.0000,pcs,10390.0000,-10143.7581,.0000,.00,-1.0000,-10234.15,-10143.76,Main Location,883.0000,.0000
SI0001SI#000812,2025-11-12 00:00:00.000,Go2,16,O,-2.0000,pcs,10390.0000,-20287.5161,.0000,.00,-2.0000,-20780.00,-20287.52,Main Location,883.0000,.0000
SI0001SI#000815,2025-11-12 00:00:00.000,Camon40 Pro,16,O,-8.0000,pcs,26410.0000,-205639.8401,.0000,.00,-8.0000,-208110.80,-205639.84,Main Location,1.0000,.0000
SI0001SI#000811,2025-11-12 00:00:00.000,Camon40 Pro,16,O,-2.0000,pcs,26410.0000,-51409.9600,.0000,.00,-2.0000,-52027.70,-51409.96,Main Location,1.0000,.0000
SI0001SI#000809,2025-11-11 00:00:00.000,Spark40 (6+128),16,O,-10.0000,pcs,13210.0000,-128748.7999,.0000,.00,-10.0000,-130118.50,-128748.80,Main Location,27.0000,.0000
SI0001SI#000808,2025-11-11 00:00:00.000,Spark40 (6+128),16,O,-8.0000,pcs,13210.0000,-102999.0399,.0000,.00,-8.0000,-104094.80,-102999.04,Main Location,27.0000,.0000
SI0001SI#000810,2025-11-11 00:00:00.000,Spark 40c (4+128),16,O,-60.0000,pcs,11491.0000,-689500.2000,.0000,.00,-60.0000,-689460.00,-689500.20,Main Location,79.0000,.0000
SI0001SI#000797,2025-11-10 00:00:00.000,Spark40 Pro Pius,16,O,-5.0000,pcs,23590.0000,-114966.7000,.0000,.00,-5.0000,-116180.75,-114966.70,Main Location,28.0000,.0000
SI0001SI#000806,2025-11-10 00:00:00.000,Spark40 (6+128),16,O,-1.0000,pcs,13210.0000,-12874.8800,.0000,.00,-1.0000,-13210.00,-12874.88,Main Location,45.0000,.0000
SI0001SI#000805,2025-11-10 00:00:00.000,Spark40 (6+128),16,O,-2.0000,pcs,13210.0000,-25749.7600,.0000,.00,-2.0000,-26023.70,-25749.76,Main Location,45.0000,.0000
SI0001SI#000804,2025-11-10 00:00:00.000,Spark40 (6+128),16,O,-5.0000,pcs,13210.0000,-64374.4000,.0000,.00,-5.0000,-66050.00,-64374.40,Main Location,45.0000,.0000
SI0001SI#000802,2025-11-10 00:00:00.000,Spark40 (6+128),16,O,-3.0000,pcs,13210.0000,-38624.6400,.0000,.00,-3.0000,-39035.55,-38624.64,Main Location,45.0000,.0000
SI0001SI#000799,2025-11-10 00:00:00.000,Spark40 (6+128),16,O,-2.0000,pcs,13210.0000,-25749.7600,.0000,.00,-2.0000,-26420.00,-25749.76,Main Location,45.0000,.0000
SI0001SI#000807,2025-11-10 00:00:00.000,Spark 40c (4+128),16,O,-2.0000,pcs,11790.0000,-22983.3400,.0000,.00,-2.0000,-23580.00,-22983.34,Main Location,139.0000,.0000
SI0001SI#000803,2025-11-10 00:00:00.000,Spark 40c (4+128),16,O,-3.0000,pcs,11790.0000,-34475.0100,.0000,.00,-3.0000,-34839.45,-34475.01,Main Location,139.0000,.0000
SI0001SI#000797,2025-11-10 00:00:00.000,Spark 40c (4+128),16,O,-5.0000,pcs,11790.0000,-57458.3500,.0000,.00,-5.0000,-58065.75,-57458.35,Main Location,139.0000,.0000
SI0001SI#000804,2025-11-10 00:00:00.000,Spark 40(8+256),16,O,-1.0000,pcs,15570.0000,-15180.2200,.0000,.00,-1.0000,-15570.00,-15180.22,Main Location,8.0000,.0000
SI0001SI#000802,2025-11-10 00:00:00.000,Spark 40(8+256),16,O,-2.0000,pcs,15570.0000,-30360.4400,.0000,.00,-2.0000,-30672.90,-30360.44,Main Location,8.0000,.0000
SI0001SI#000807,2025-11-10 00:00:00.000,Spark 40 Pro,16,O,-3.0000,pcs,18870.0000,-55178.0400,.0000,.00,-3.0000,-56610.00,-55178.04,Main Location,13.0000,.0000
SI0001SI#000804,2025-11-10 00:00:00.000,Spark 40 Pro,16,O,-3.0000,pcs,18870.0000,-55178.0400,.0000,.00,-3.0000,-56610.00,-55178.04,Main Location,13.0000,.0000
SI0001SI#000801,2025-11-10 00:00:00.000,Spark 40 Pro,16,O,-1.0000,pcs,18870.0000,-18392.6800,.0000,.00,-1.0000,-18586.95,-18392.68,Main Location,13.0000,.0000
SI0001SI#000798,2025-11-10 00:00:00.000,Spark 40 Pro,16,O,-1.0000,pcs,18870.0000,-18392.6800,.0000,.00,-1.0000,-18586.95,-18392.68,Main Location,13.0000,.0000
SI0001SI#000802,2025-11-10 00:00:00.000,Pova Slim,16,O,-1.0000,pcs,28300.0000,-27594.0200,.0000,.00,-1.0000,-27875.50,-27594.02,Main Location,12.0000,.0000
SI0001SI#000806,2025-11-10 00:00:00.000,Pova 7 Pro,16,O,-1.0000,pcs,33020.0000,-32194.7000,.0000,.00,-1.0000,-33020.00,-32194.70,Main Location,2.0000,.0000
SI0001SI#000802,2025-11-10 00:00:00.000,Pova 7 Pro,16,O,-1.0000,pcs,33020.0000,-32194.7000,.0000,.00,-1.0000,-32524.70,-32194.70,Main Location,2.0000,.0000
SI0001SI#000805,2025-11-10 00:00:00.000,Go2,16,O,-2.0000,pcs,10390.0000,-20287.5161,.0000,.00,-2.0000,-20468.30,-20287.52,Main Location,956.0000,.0000
SI0001SI#000800,2025-11-10 00:00:00.000,Go2,16,O,-2.0000,pcs,10390.0000,-20287.5161,.0000,.00,-2.0000,-20468.30,-20287.52,Main Location,956.0000,.0000
SI0001SI#000797,2025-11-10 00:00:00.000,Go2,16,O,-10.0000,pcs,10145.0000,-101437.5806,.0000,.00,-10.0000,-101450.00,-101437.58,Main Location,956.0000,.0000
SI0001SI#000802,2025-11-10 00:00:00.000,Camon40 Pro,16,O,-1.0000,pcs,26410.0000,-25704.9800,.0000,.00,-1.0000,-26013.85,-25704.98,Main Location,11.0000,.0000
SI0001SI#000801,2025-11-10 00:00:00.000,Camon40 Pro,16,O,-1.0000,pcs,26410.0000,-25704.9800,.0000,.00,-1.0000,-26013.85,-25704.98,Main Location,11.0000,.0000
SI0001SI#000795,2025-11-09 00:00:00.000,Spark40 Pro Pius,16,O,-3.0000,pcs,23590.0000,-68980.0200,.0000,.00,-3.0000,-69708.45,-68980.02,Main Location,33.0000,.0000
SI0001SI#000795,2025-11-09 00:00:00.000,Spark40 (6+128),16,O,-5.0000,pcs,13210.0000,-64374.4000,.0000,.00,-5.0000,-65059.25,-64374.40,Main Location,58.0000,.0000
SI0001SI#000793,2025-11-09 00:00:00.000,Spark40 (6+128),16,O,-1.0000,pcs,13210.0000,-12874.8800,.0000,.00,-1.0000,-13011.85,-12874.88,Main Location,58.0000,.0000
SI0001SI#000792,2025-11-09 00:00:00.000,Spark40 (6+128),16,O,-1.0000,pcs,13210.0000,-12874.8800,.0000,.00,-1.0000,-13011.85,-12874.88,Main Location,58.0000,.0000
SI0001SI#000793,2025-11-09 00:00:00.000,Spark 40c (4+128),16,O,-2.0000,pcs,11790.0000,-22983.3400,.0000,.00,-2.0000,-23226.30,-22983.34,Main Location,149.0000,.0000
SI0001SI#000793,2025-11-09 00:00:00.000,Spark 40(8+256),16,O,-1.0000,pcs,15570.0000,-15180.2200,.0000,.00,-1.0000,-15336.45,-15180.22,Main Location,11.0000,.0000
SI0001SI#000796,2025-11-09 00:00:00.000,Spark 40 Pro,16,O,-6.0000,pcs,18392.0000,-110356.0800,.0000,.00,-6.0000,-110352.00,-110356.08,Main Location,21.0000,.0000
SI0001SI#000794,2025-11-09 00:00:00.000,Spark 40 Pro,16,O,-1.0000,pcs,18870.0000,-18392.6800,.0000,.00,-1.0000,-18586.95,-18392.68,Main Location,21.0000,.0000
SI0001SI#000792,2025-11-09 00:00:00.000,Spark 40 Pro,16,O,-1.0000,pcs,18870.0000,-18392.6800,.0000,.00,-1.0000,-18586.95,-18392.68,Main Location,21.0000,.0000
SI0001SI#000794,2025-11-09 00:00:00.000,Pova 7 Pro,16,O,-1.0000,pcs,33020.0000,-32194.7000,.0000,.00,-1.0000,-32524.70,-32194.70,Main Location,4.0000,.0000
SI0001SI#000795,2025-11-09 00:00:00.000,Camon40 Pro,16,O,-4.0000,pcs,26410.0000,-102819.9200,.0000,.00,-4.0000,-104055.40,-102819.92,Main Location,13.0000,.0000
SI0001SI#000794,2025-11-09 00:00:00.000,Camon40 Pro,16,O,-1.0000,pcs,26410.0000,-25704.9800,.0000,.00,-1.0000,-26013.85,-25704.98,Main Location,13.0000,.0000
SI0001SI#000793,2025-11-09 00:00:00.000,Camon 40 Pro 5G,16,O,-1.0000,pcs,33020.0000,-32164.3444,.0000,.00,-1.0000,-32524.70,-32164.34,Main Location,.0000,.0000
SI0001SI#000789,2025-11-07 00:00:00.000,Spark40 (6+128),16,O,-5.0000,pcs,13210.0000,-64374.4000,.0000,.00,-5.0000,-65059.25,-64374.40,Main Location,65.0000,.0000
SI0001SI#000786,2025-11-07 00:00:00.000,Spark40 (6+128),16,O,-5.0000,pcs,13210.0000,-64374.4000,.0000,.00,-5.0000,-65059.25,-64374.40,Main Location,65.0000,.0000
SI0001SI#000788,2025-11-07 00:00:00.000,Spark 40(8+256),16,O,-2.0000,pcs,15570.0000,-30360.4400,.0000,.00,-2.0000,-30672.90,-30360.44,Main Location,12.0000,.0000
SI0001SI#000787,2025-11-07 00:00:00.000,Spark 40 Pro,16,O,-1.0000,pcs,18870.0000,-18392.6800,.0000,.00,-1.0000,-18586.95,-18392.68,Main Location,29.0000,.0000
SI0001SI#000791,2025-11-07 00:00:00.000,Pova Slim,16,O,-1.0000,pcs,28300.0000,-27594.0200,.0000,.00,-1.0000,-28017.00,-27594.02,Main Location,13.0000,.0000
SI0001SI#000790,2025-11-07 00:00:00.000,Go2,16,O,-4.0000,pcs,10390.0000,-40575.0323,.0000,.00,-4.0000,-41560.00,-40575.03,Main Location,970.0000,.0000
SI0001SI#000783,2025-11-06 00:00:00.000,Spark40 Pro Pius,16,O,-2.0000,pcs,23590.0000,-45986.6800,.0000,.00,-2.0000,-46236.40,-45986.68,Main Location,36.0000,.0000
SI0001SI#000785,2025-11-06 00:00:00.000,Spark40 (6+128),16,O,-8.0000,pcs,13210.0000,-102999.0400,.0000,.00,-8.0000,-104094.80,-102999.04,Main Location,75.0000,.0000
SI0001SI#000783,2025-11-06 00:00:00.000,Spark40 (6+128),16,O,-30.0000,pcs,12876.0000,-386246.3999,.0000,.00,-30.0000,-386280.00,-386246.40,Main Location,75.0000,.0000
SI0001SI#000785,2025-11-06 00:00:00.000,Spark 40 Pro,16,O,-1.0000,pcs,18870.0000,-18392.6800,.0000,.00,-1.0000,-18586.95,-18392.68,Main Location,30.0000,.0000
SI0001SI#000783,2025-11-06 00:00:00.000,Spark 40 Pro,16,O,-5.0000,pcs,18393.0000,-91963.4000,.0000,.00,-5.0000,-91965.00,-91963.40,Main Location,30.0000,.0000
SI0001SI#000785,2025-11-06 00:00:00.000,Pova 7 Pro,16,O,-1.0000,pcs,33020.0000,-32194.7000,.0000,.00,-1.0000,-32524.70,-32194.70,Main Location,5.0000,.0000
SI0001SI#000784,2025-11-06 00:00:00.000,Go2,16,O,-4.0000,pcs,10390.0000,-40575.0322,.0000,.00,-4.0000,-40936.60,-40575.03,Main Location,974.0000,.0000
SI0001SI#000783,2025-11-06 00:00:00.000,Go2,16,O,-3.0000,pcs,10145.0000,-30431.2742,.0000,.00,-3.0000,-30434.00,-30431.27,Main Location,974.0000,.0000
SI0001SI#000785,2025-11-06 00:00:00.000,Camon40 Pro,16,O,-1.0000,pcs,26410.0000,-25704.9800,.0000,.00,-1.0000,-26013.85,-25704.98,Main Location,18.0000,.0000
SI0001SI#000780,2025-11-05 00:00:00.000,Spark40 (6+128),16,O,-4.0000,pcs,13210.0000,-51499.5200,.0000,.00,-4.0000,-52047.40,-51499.52,Main Location,113.0000,.0000
SI0001SI#000779,2025-11-05 00:00:00.000,Spark40 (6+128),16,O,-1.0000,pcs,13210.0000,-12874.8800,.0000,.00,-1.0000,-13210.00,-12874.88,Main Location,113.0000,.0000
SI0001SI#000781,2025-11-05 00:00:00.000,Spark 40c (4+128),16,O,-4.0000,pcs,11790.0000,-45966.6800,.0000,.00,-4.0000,-46452.60,-45966.68,Main Location,151.0000,.0000
SI0001SI#000779,2025-11-05 00:00:00.000,Spark 40c (4+128),16,O,-2.0000,pcs,11790.0000,-22983.3400,.0000,.00,-2.0000,-23580.00,-22983.34,Main Location,151.0000,.0000
SI0001SI#000779,2025-11-05 00:00:00.000,Spark 40(8+256),16,O,-1.0000,pcs,15570.0000,-15180.2200,.0000,.00,-1.0000,-15570.00,-15180.22,Main Location,14.0000,.0000
SI0001SI#000781,2025-11-05 00:00:00.000,Spark 40 Pro,16,O,-2.0000,pcs,18870.0000,-36785.3600,.0000,.00,-2.0000,-37173.90,-36785.36,Main Location,36.0000,.0000
SI0001SI#000782,2025-11-05 00:00:00.000,Spark 40 5G,16,O,-1.0000,pcs,16040.0000,-15636.2800,.0000,.00,-1.0000,-15799.40,-15636.28,Main Location,9.0000,.0000
SI0001SI#000781,2025-11-05 00:00:00.000,Pova Slim,16,O,-1.0000,pcs,28300.0000,-27594.0200,.0000,.00,-1.0000,-27875.50,-27594.02,Main Location,14.0000,.0000
SI0001SI#000781,2025-11-05 00:00:00.000,Go2,16,O,-3.0000,pcs,10390.0000,-30431.2742,.0000,.00,-3.0000,-30702.45,-30431.27,Main Location,981.0000,.0000
SI0001SI#000779,2025-11-05 00:00:00.000,Go2,16,O,-3.0000,pcs,10390.0000,-30431.2742,.0000,.00,-3.0000,-31170.00,-30431.27,Main Location,981.0000,.0000
SI0001SI#000776,2025-11-04 00:00:00.000,Spark40 Pro Pius,16,O,-3.0000,pcs,23590.0000,-68980.0200,.0000,.00,-3.0000,-69708.45,-68980.02,Main Location,38.0000,.0000
SI0001SI#000775,2025-11-04 00:00:00.000,Spark40 Pro Pius,16,O,-3.0000,pcs,23590.0000,-68980.0200,.0000,.00,-3.0000,-69708.45,-68980.02,Main Location,38.0000,.0000
SI0001SI#000776,2025-11-04 00:00:00.000,Spark40 (6+128),16,O,-8.0000,pcs,13210.0000,-102999.0400,.0000,.00,-8.0000,-104094.80,-102999.04,Main Location,118.0000,.0000
SI0001SI#000775,2025-11-04 00:00:00.000,Spark40 (6+128),16,O,-15.0000,pcs,13210.0000,-193123.2000,.0000,.00,-15.0000,-195177.75,-193123.20,Main Location,118.0000,.0000
SI0001SI#000774,2025-11-04 00:00:00.000,Spark40 (6+128),16,O,-6.0000,pcs,13210.0000,-77249.2800,.0000,.00,-6.0000,-78071.10,-77249.28,Main Location,118.0000,.0000
SI0001SI#000776,2025-11-04 00:00:00.000,Spark 40c (4+128),16,O,-5.0000,pcs,11790.0000,-57458.3500,.0000,.00,-5.0000,-58065.75,-57458.35,Main Location,157.0000,.0000
SI0001SI#000776,2025-11-04 00:00:00.000,Spark 40(8+256),16,O,-2.0000,pcs,15570.0000,-30360.4400,.0000,.00,-2.0000,-30672.90,-30360.44,Main Location,15.0000,.0000
SI0001SI#000774,2025-11-04 00:00:00.000,Spark 40(8+256),16,O,-2.0000,pcs,15570.0000,-30360.4400,.0000,.00,-2.0000,-30672.90,-30360.44,Main Location,15.0000,.0000
SI0001SI#000776,2025-11-04 00:00:00.000,Spark 40 Pro,16,O,-4.0000,pcs,18870.0000,-73570.7200,.0000,.00,-4.0000,-74347.80,-73570.72,Main Location,38.0000,.0000
SI0001SI#000774,2025-11-04 00:00:00.000,Spark 40 5G,16,O,-1.0000,pcs,16040.0000,-15636.2800,.0000,.00,-1.0000,-15799.40,-15636.28,Main Location,10.0000,.0000
SI0001SI#000776,2025-11-04 00:00:00.000,Pova Slim,16,O,-3.0000,pcs,28300.0000,-82782.0600,.0000,.00,-3.0000,-84900.00,-82782.06,Main Location,15.0000,.0000
SI0001SI#000775,2025-11-04 00:00:00.000,Pova Slim,16,O,-3.0000,pcs,28300.0000,-82782.0600,.0000,.00,-3.0000,-83626.50,-82782.06,Main Location,15.0000,.0000
SI0001SI#000774,2025-11-04 00:00:00.000,Pova Slim,16,O,-5.0000,pcs,28300.0000,-137970.1000,.0000,.00,-5.0000,-139377.50,-137970.10,Main Location,15.0000,.0000
SI0001SI#000776,2025-11-04 00:00:00.000,Pova 7 Pro,16,O,-1.0000,pcs,33020.0000,-32194.7000,.0000,.00,-1.0000,-32524.70,-32194.70,Main Location,6.0000,.0000
SI0001SI#000774,2025-11-04 00:00:00.000,Pova 7 Pro,16,O,-1.0000,pcs,33020.0000,-32194.7000,.0000,.00,-1.0000,-32524.70,-32194.70,Main Location,6.0000,.0000
SI0001SI#000776,2025-11-04 00:00:00.000,Go2(3+64),16,O,-3.0000,pcs,9433.0000,-27545.1240,.0000,.00,-3.0000,-27874.52,-27545.12,Main Location,115.0000,.0000
SI0001SI#000777,2025-11-04 00:00:00.000,Go2,16,O,-1.0000,pcs,10390.0000,-10143.7581,.0000,.00,-1.0000,-10234.15,-10143.76,Main Location,987.0000,.0000
SI0001SI#000776,2025-11-04 00:00:00.000,Go2,16,O,-7.0000,pcs,10390.0000,-71006.3064,.0000,.00,-7.0000,-71639.05,-71006.31,Main Location,987.0000,.0000
SI0001SI#000775,2025-11-04 00:00:00.000,Go2,16,O,-10.0000,pcs,10390.0000,-101437.5806,.0000,.00,-10.0000,-102341.50,-101437.58,Main Location,987.0000,.0000
SI0001SI#000778,2025-11-04 00:00:00.000,Camon40 Pro,16,O,-1.0000,pcs,26410.0000,-25704.9800,.0000,.00,-1.0000,-26410.00,-25704.98,Main Location,19.0000,.0000
SI0001SI#000776,2025-11-04 00:00:00.000,Camon40 Pro,16,O,-3.0000,pcs,26410.0000,-77114.9400,.0000,.00,-3.0000,-78041.55,-77114.94,Main Location,19.0000,.0000
SI0001SI#000775,2025-11-04 00:00:00.000,Camon40 Pro,16,O,-5.0000,pcs,26410.0000,-128524.9000,.0000,.00,-5.0000,-130069.25,-128524.90,Main Location,19.0000,.0000
SI0001SI#000774,2025-11-04 00:00:00.000,Camon40 Pro,16,O,-15.0000,pcs,26410.0000,-385574.7001,.0000,.00,-15.0000,-390207.75,-385574.70,Main Location,19.0000,.0000
SI0001SI#000772,2025-11-03 00:00:00.000,Spark40 Pro Pius,16,O,-1.0000,pcs,23590.0000,-22993.3400,.0000,.00,-1.0000,-23590.00,-22993.34,Main Location,44.0000,.0000
SI0001SI#000761,2025-11-03 00:00:00.000,Spark40 Pro Pius,16,O,-1.0000,pcs,23590.0000,-22993.3400,.0000,.00,-1.0000,-23590.00,-22993.34,Main Location,44.0000,.0000
SI0001SI#000760,2025-11-03 00:00:00.000,Spark40 Pro Pius,16,O,-2.0000,pcs,23590.0000,-45986.6800,.0000,.00,-2.0000,-46472.30,-45986.68,Main Location,44.0000,.0000
SI0001SI#000768,2025-11-03 00:00:00.000,Spark40 (6+128),16,O,-20.0000,pcs,13210.0000,-257497.6000,.0000,.00,-20.0000,-260237.00,-257497.60,Main Location,147.0000,.0000
SI0001SI#000767,2025-11-03 00:00:00.000,Spark40 (6+128),16,O,-2.0000,pcs,13210.0000,-25749.7600,.0000,.00,-2.0000,-26023.70,-25749.76,Main Location,147.0000,.0000
SI0001SI#000766,2025-11-03 00:00:00.000,Spark40 (6+128),16,O,-3.0000,pcs,12310.0000,-38624.6400,.0000,.00,-3.0000,-36376.05,-38624.64,Main Location,147.0000,.0000
SI0001SI#000762,2025-11-03 00:00:00.000,Spark40 (6+128),16,O,-3.0000,pcs,12875.0000,-38624.6400,.0000,.00,-3.0000,-38625.00,-38624.64,Main Location,147.0000,.0000
SI0001SI#000761,2025-11-03 00:00:00.000,Spark40 (6+128),16,O,-2.0000,pcs,13210.0000,-25749.7600,.0000,.00,-2.0000,-26420.00,-25749.76,Main Location,147.0000,.0000
SI0001SI#000760,2025-11-03 00:00:00.000,Spark40 (6+128),16,O,-3.0000,pcs,13210.0000,-38624.6400,.0000,.00,-3.0000,-39035.55,-38624.64,Main Location,147.0000,.0000
SI0001SI#000761,2025-11-03 00:00:00.000,Spark 40c (4+128),16,O,-1.0000,pcs,11790.0000,-11491.6700,.0000,.00,-1.0000,-11790.00,-11491.67,Main Location,162.0000,.0000
SI0001SI#000760,2025-11-03 00:00:00.000,Spark 40c (4+128),16,O,-3.0000,pcs,11790.0000,-34475.0100,.0000,.00,-3.0000,-34839.45,-34475.01,Main Location,162.0000,.0000
SI0001SI#000773,2025-11-03 00:00:00.000,Spark 40(8+256),16,O,-1.0000,pcs,15570.0000,-15180.2200,.0000,.00,-1.0000,-15336.45,-15180.22,Main Location,19.0000,.0000
SI0001SI#000767,2025-11-03 00:00:00.000,Spark 40(8+256),16,O,-2.0000,pcs,15570.0000,-30360.4400,.0000,.00,-2.0000,-30828.60,-30360.44,Main Location,19.0000,.0000
SI0001SI#000764,2025-11-03 00:00:00.000,Spark 40(8+256),16,O,-1.0000,pcs,15570.0000,-15180.2200,.0000,.00,-1.0000,-15570.00,-15180.22,Main Location,19.0000,.0000
SI0001SI#000761,2025-11-03 00:00:00.000,Spark 40(8+256),16,O,-1.0000,pcs,15570.0000,-15180.2200,.0000,.00,-1.0000,-15570.00,-15180.22,Main Location,19.0000,.0000
SI0001SI#000760,2025-11-03 00:00:00.000,Spark 40(8+256),16,O,-1.0000,pcs,15570.0000,-15180.2200,.0000,.00,-1.0000,-15336.45,-15180.22,Main Location,19.0000,.0000
SI0001SI#000769,2025-11-03 00:00:00.000,Spark 40 Pro,16,O,-5.0000,pcs,18870.0000,-91963.4000,.0000,.00,-5.0000,-94350.00,-91963.40,Main Location,42.0000,.0000
SI0001SI#000761,2025-11-03 00:00:00.000,Spark 40 Pro,16,O,-1.0000,pcs,18870.0000,-18392.6800,.0000,.00,-1.0000,-18870.00,-18392.68,Main Location,42.0000,.0000
SI0001SI#000772,2025-11-03 00:00:00.000,Pova Slim,16,O,-1.0000,pcs,28300.0000,-27594.0200,.0000,.00,-1.0000,-28300.00,-27594.02,Main Location,26.0000,.0000
SI0001SI#000770,2025-11-03 00:00:00.000,Pova Slim,16,O,-6.0000,pcs,28300.0000,-165564.1200,.0000,.00,-6.0000,-167253.00,-165564.12,Main Location,26.0000,.0000
SI0001SI#000765,2025-11-03 00:00:00.000,Pova Slim,16,O,-1.0000,pcs,28300.0000,-27594.0200,.0000,.00,-1.0000,-28300.00,-27594.02,Main Location,26.0000,.0000
SI0001SI#000763,2025-11-03 00:00:00.000,Pova Slim,16,O,-2.0000,pcs,28300.0000,-55188.0400,.0000,.00,-2.0000,-55751.00,-55188.04,Main Location,26.0000,.0000
SI0001SI#000772,2025-11-03 00:00:00.000,Pova 7 Pro,16,O,-1.0000,pcs,33020.0000,-32194.7000,.0000,.00,-1.0000,-33020.00,-32194.70,Main Location,8.0000,.0000
SI0001SI#000769,2025-11-03 00:00:00.000,Pova 7 Pro,16,O,-1.0000,pcs,33020.0000,-32194.7000,.0000,.00,-1.0000,-33020.00,-32194.70,Main Location,8.0000,.0000
SI0001SI#000765,2025-11-03 00:00:00.000,Pova 7 Pro,16,O,-1.0000,pcs,33020.0000,-32194.7000,.0000,.00,-1.0000,-32689.80,-32194.70,Main Location,8.0000,.0000
SI0001SI#000763,2025-11-03 00:00:00.000,Go2(3+64),16,O,-2.0000,pcs,9433.0000,-18363.4160,.0000,.00,-2.0000,-18583.01,-18363.42,Main Location,118.0000,.0000
SI0001SI#000772,2025-11-03 00:00:00.000,Go2,16,O,-2.0000,pcs,10390.0000,-20287.5161,.0000,.00,-2.0000,-20780.00,-20287.52,Main Location,1005.0000,.0000
SI0001SI#000771,2025-11-03 00:00:00.000,Go2,16,O,-3.0000,pcs,10390.0000,-30431.2742,.0000,.00,-3.0000,-30858.30,-30431.27,Main Location,1005.0000,.0000
SI0001SI#000767,2025-11-03 00:00:00.000,Go2,16,O,-3.0000,pcs,10390.0000,-30431.2742,.0000,.00,-3.0000,-30858.30,-30431.27,Main Location,1005.0000,.0000
SI0001SI#000763,2025-11-03 00:00:00.000,Go2,16,O,-1.0000,pcs,10390.0000,-10143.7581,.0000,.00,-1.0000,-10234.15,-10143.76,Main Location,1005.0000,.0000
SI0001SI#000761,2025-11-03 00:00:00.000,Go2,16,O,-2.0000,pcs,10390.0000,-20287.5161,.0000,.00,-2.0000,-20780.00,-20287.52,Main Location,1005.0000,.0000
SI0001SI#000772,2025-11-03 00:00:00.000,Camon40 Pro,16,O,-1.0000,pcs,26410.0000,-25704.9800,.0000,.00,-1.0000,-26410.00,-25704.98,Main Location,43.0000,.0000
SI0001SI#000767,2025-11-03 00:00:00.000,Camon40 Pro,16,O,-2.0000,pcs,26410.0000,-51409.9600,.0000,.00,-2.0000,-52291.80,-51409.96,Main Location,43.0000,.0000
SI0001SI#000765,2025-11-03 00:00:00.000,Camon40 Pro,16,O,-1.0000,pcs,26410.0000,-25704.9800,.0000,.00,-1.0000,-26145.90,-25704.98,Main Location,43.0000,.0000
SI0001SI#000763,2025-11-03 00:00:00.000,Camon40 Pro,16,O,-1.0000,pcs,26410.0000,-25704.9800,.0000,.00,-1.0000,-26013.85,-25704.98,Main Location,43.0000,.0000
SI0001SI#000760,2025-11-03 00:00:00.000,Camon40 Pro,16,O,-1.0000,pcs,26410.0000,-25704.9800,.0000,.00,-1.0000,-26013.85,-25704.98,Main Location,43.0000,.0000
SI0001SI#000758,2025-11-02 00:00:00.000,Spark40 (6+128),16,O,-3.0000,pcs,13210.0000,-38624.6400,.0000,.00,-3.0000,-39035.55,-38624.64,Main Location,180.0000,.0000
SI0001SI#000756,2025-11-02 00:00:00.000,Spark40 (6+128),16,O,-80.0000,pcs,12875.0000,-1029990.3998,.0000,.00,-80.0000,-1030000.00,-1029990.40,Main Location,180.0000,.0000
SI0001SI#000758,2025-11-02 00:00:00.000,Spark 40c (4+128),16,O,-3.0000,pcs,11790.0000,-34475.0100,.0000,.00,-3.0000,-34839.45,-34475.01,Main Location,166.0000,.0000
SI0001SI#000756,2025-11-02 00:00:00.000,Spark 40c (4+128),16,O,-10.0000,pcs,11493.0000,-114916.7000,.0000,.00,-10.0000,-114930.00,-114916.70,Main Location,166.0000,.0000
SI0001SI#000757,2025-11-02 00:00:00.000,Spark 40(8+256),16,O,-1.0000,pcs,15570.0000,-15180.2200,.0000,.00,-1.0000,-15414.30,-15180.22,Main Location,25.0000,.0000
SI0001SI#000757,2025-11-02 00:00:00.000,Spark 40 Pro,16,O,-2.0000,pcs,18870.0000,-36785.3600,.0000,.00,-2.0000,-37362.60,-36785.36,Main Location,48.0000,.0000
SI0001SI#000756,2025-11-02 00:00:00.000,Spark 40 Pro,16,O,-20.0000,pcs,18393.0000,-367853.6000,.0000,.00,-20.0000,-367860.00,-367853.60,Main Location,48.0000,.0000
SI0001SI#000759,2025-11-02 00:00:00.000,Pova Slim,16,O,-1.0000,pcs,28300.0000,-27594.0200,.0000,.00,-1.0000,-27875.50,-27594.02,Main Location,36.0000,.0000
SI0001SI#000758,2025-11-02 00:00:00.000,Camon40 Pro,16,O,-1.0000,pcs,26410.0000,-25704.9800,.0000,.00,-1.0000,-26013.85,-25704.98,Main Location,49.0000,.0000
SI0001SI#000757,2025-11-02 00:00:00.000,Camon40 Pro,16,O,-2.0000,pcs,26410.0000,-51409.9600,.0000,.00,-2.0000,-52291.80,-51409.96,Main Location,49.0000,.0000
SR0001SR#000006,2025-10-31 00:00:00.000,Spark40 Pro Pius,13,I,1.0000,pcs,.0000,22993.3400,1.0000,22993.34,.0000,.00,.00,Main Location,48.0000,1.0000
PI0001PI#000101,2025-10-31 00:00:00.000,Spark40 (6+128),33,I,100.0000,pcs,12874.8800,1287488.0000,100.0000,1287488.00,.0000,.00,.00,Main Location,263.0000,100.0000
SR0001SR#000006,2025-10-31 00:00:00.000,Spark 40c (4+128),13,I,1.0000,pcs,.0000,11491.6700,1.0000,11491.67,.0000,.00,.00,Main Location,179.0000,1.0000
PI0001PI#000101,2025-10-31 00:00:00.000,Spark 40c (4+128),33,I,100.0000,pcs,11491.6700,1149167.0000,100.0000,1149167.00,.0000,.00,.00,Main Location,179.0000,100.0000
SI0001SI#000753,2025-10-31 00:00:00.000,Spark 40(8+256),16,O,-3.0000,pcs,15570.0000,-45540.6600,.0000,.00,-3.0000,-46009.35,-45540.66,Main Location,26.0000,.0000
SI0001SI#000752,2025-10-31 00:00:00.000,Spark 40 Pro,16,O,-2.0000,pcs,18870.0000,-36785.3600,.0000,.00,-2.0000,-37173.90,-36785.36,Main Location,70.0000,.0000
SI0001SI#000751,2025-10-31 00:00:00.000,Spark 40 Pro,16,O,-5.0000,pcs,18870.0000,-91963.4000,.0000,.00,-5.0000,-92934.75,-91963.40,Main Location,70.0000,.0000
SI0001SI#000750,2025-10-31 00:00:00.000,Spark 40 Pro,16,O,-3.0000,pcs,18393.0000,-55178.0400,.0000,.00,-3.0000,-54351.32,-55178.04,Main Location,70.0000,.0000
PI0001PI#000101,2025-10-31 00:00:00.000,Spark 40 Pro,33,I,80.0000,pcs,18392.6800,1471414.4000,80.0000,1471414.40,.0000,.00,.00,Main Location,70.0000,80.0000
SR0001SR#000006,2025-10-31 00:00:00.000,Spark 40 5G,13,I,1.0000,pcs,.0000,15636.2800,1.0000,15636.28,.0000,.00,.00,Main Location,11.0000,1.0000
SR0001SR#000006,2025-10-31 00:00:00.000,Pova Slim,13,I,1.0000,pcs,.0000,27594.0200,1.0000,27594.02,.0000,.00,.00,Main Location,37.0000,1.0000
PI0001PI#000101,2025-10-31 00:00:00.000,Pova Slim,33,I,30.0000,pcs,27594.0200,827820.6000,30.0000,827820.60,.0000,.00,.00,Main Location,37.0000,30.0000
SR0001SR#000006,2025-10-31 00:00:00.000,Pova 7 Pro,13,I,1.0000,pcs,.0000,32194.7000,1.0000,32194.70,.0000,.00,.00,Main Location,11.0000,1.0000
SI0001SI#000754,2025-10-31 00:00:00.000,Live Demo Spark 40 5G,16,O,-1.0000,pcs,11936.0000,-11936.0000,.0000,.00,-1.0000,-11936.00,-11936.00,Main Location,1.0000,.0000
PI0001PI#000104,2025-10-31 00:00:00.000,Live Demo Spark 40 5G,33,I,2.0000,pcs,11936.0000,23872.0000,2.0000,23872.00,.0000,.00,.00,Main Location,1.0000,2.0000
SI0001SI#000755,2025-10-31 00:00:00.000,Live Demo Pova Cave,16,O,-1.0000,pcs,23100.0000,-23100.0000,.0000,.00,-1.0000,-23100.00,-23100.00,Main Location,.0000,.0000
SI0001SI#000754,2025-10-31 00:00:00.000,Live Demo Pova Cave,16,O,-1.0000,pcs,23100.0000,-23100.0000,.0000,.00,-1.0000,-23100.00,-23100.00,Main Location,.0000,.0000
PI0001PI#000104,2025-10-31 00:00:00.000,Live Demo Pova Cave,33,I,2.0000,pcs,23100.0000,46200.0000,2.0000,46200.00,.0000,.00,.00,Main Location,.0000,2.0000
SR0001SR#000006,2025-10-31 00:00:00.000,Go2(3+64),13,I,2.0000,pcs,.0000,18363.4160,2.0000,18363.42,.0000,.00,.00,Main Location,120.0000,2.0000
PI0001PI#000101,2025-10-31 00:00:00.000,Go2,33,I,500.0000,pcs,10143.5300,5071765.0000,500.0000,5071765.00,.0000,.00,.00,Main Location,1016.0000,500.0000
SR0001SR#000006,2025-10-31 00:00:00.000,Camon40 Pro,13,I,1.0000,pcs,.0000,25704.9800,1.0000,25704.98,.0000,.00,.00,Main Location,52.0000,1.0000
PI0001PI#000101,2025-10-31 00:00:00.000,Camon40 Pro,33,I,50.0000,pcs,25704.9800,1285249.0000,50.0000,1285249.00,.0000,.00,.00,Main Location,52.0000,50.0000
SI0001SI#000749,2025-10-30 00:00:00.000,Spark40 (6+128),16,O,-2.0000,pcs,13210.0000,-25749.7600,.0000,.00,-2.0000,-26023.70,-25749.76,Main Location,163.0000,.0000
SI0001SI#000749,2025-10-30 00:00:00.000,Spark 40(8+256),16,O,-1.0000,pcs,15570.0000,-15180.2200,.0000,.00,-1.0000,-15336.45,-15180.22,Main Location,29.0000,.0000
SI0001SI#000748,2025-10-30 00:00:00.000,Pova Slim,16,O,-1.0000,pcs,28300.0000,-27594.0200,.0000,.00,-1.0000,-27875.50,-27594.02,Main Location,6.0000,.0000
SI0001SI#000749,2025-10-30 00:00:00.000,Go2,16,O,-2.0000,pcs,10390.0000,-20287.9581,.0000,.00,-2.0000,-20468.30,-20287.96,Main Location,516.0000,.0000
SI0001SI#000746,2025-10-29 00:00:00.000,Spark40 (6+128),16,O,-3.0000,pcs,13210.0000,-38624.6400,.0000,.00,-3.0000,-39035.55,-38624.64,Main Location,165.0000,.0000
SI0001SI#000746,2025-10-29 00:00:00.000,Spark 40(8+256),16,O,-2.0000,pcs,15570.0000,-30360.4400,.0000,.00,-2.0000,-30672.90,-30360.44,Main Location,30.0000,.0000
SI0001SI#000736,2025-10-29 00:00:00.000,Spark 40(8+256),16,O,-1.0000,pcs,15570.0000,-15180.2200,.0000,.00,-1.0000,-15336.45,-15180.22,Main Location,30.0000,.0000
SI0001SI#000738,2025-10-29 00:00:00.000,Pova Slim,16,O,-1.0000,pcs,28300.0000,-27594.0200,.0000,.00,-1.0000,-27875.50,-27594.02,Main Location,7.0000,.0000
SI0001SI#000746,2025-10-29 00:00:00.000,Go2,16,O,-2.0000,pcs,10390.0000,-20287.9581,.0000,.00,-2.0000,-20468.30,-20287.96,Main Location,518.0000,.0000
SI0001SI#000738,2025-10-29 00:00:00.000,Go2,16,O,-1.0000,pcs,10390.0000,-10143.9791,.0000,.00,-1.0000,-10234.15,-10143.98,Main Location,518.0000,.0000
SI0001SI#000737,2025-10-29 00:00:00.000,Go2,16,O,-10.0000,pcs,10390.0000,-101439.7905,.0000,.00,-10.0000,-102341.50,-101439.79,Main Location,518.0000,.0000
PI0001PI#000100,2025-10-29 00:00:00.000,Go2,33,I,50.0000,pcs,10143.5300,507176.5000,50.0000,507176.50,.0000,.00,.00,Main Location,518.0000,50.0000
SI0001SI#000735,2025-10-28 00:00:00.000,Spark40 (6+128),16,O,-1.0000,pcs,13210.0000,-12874.8800,.0000,.00,-1.0000,-13011.85,-12874.88,Main Location,168.0000,.0000
SI0001SI#000735,2025-10-28 00:00:00.000,Spark 40c (4+128),16,O,-1.0000,pcs,11790.0000,-11491.6700,.0000,.00,-1.0000,-11613.15,-11491.67,Main Location,78.0000,.0000
SI0001SI#000731,2025-10-27 00:00:00.000,Spark40 (6+128),16,O,-5.0000,pcs,13210.0000,-64374.4000,.0000,.00,-5.0000,-65059.25,-64374.40,Main Location,169.0000,.0000
SI0001SI#000730,2025-10-27 00:00:00.000,Spark40 (6+128),16,O,-1.0000,pcs,13210.0000,-12874.8800,.0000,.00,-1.0000,-13011.85,-12874.88,Main Location,169.0000,.0000
PI0001PI#000099,2025-10-27 00:00:00.000,Spark40 (6+128),33,I,66.0000,pcs,12874.8800,849742.0800,66.0000,849742.08,.0000,.00,.00,Main Location,169.0000,66.0000
SI0001SI#000732,2025-10-27 00:00:00.000,Spark 40c (4+128),16,O,-5.0000,pcs,11790.0000,-57458.3500,.0000,.00,-5.0000,-58065.75,-57458.35,Main Location,79.0000,.0000
SI0001SI#000734,2025-10-27 00:00:00.000,Pova Slim,16,O,-2.0000,pcs,28300.0000,-55188.0400,.0000,.00,-2.0000,-55751.00,-55188.04,Main Location,8.0000,.0000
SI0001SI#000733,2025-10-27 00:00:00.000,Pova Slim,16,O,-2.0000,pcs,28300.0000,-55188.0400,.0000,.00,-2.0000,-55751.00,-55188.04,Main Location,8.0000,.0000
SI0001SI#000729,2025-10-27 00:00:00.000,Pova 7 Pro,16,O,-1.0000,pcs,33020.0000,-32194.7000,.0000,.00,-1.0000,-32524.70,-32194.70,Main Location,10.0000,.0000
SI0001SI#000729,2025-10-27 00:00:00.000,Go2,16,O,-2.0000,pcs,10390.0000,-20288.0515,.0000,.00,-2.0000,-20468.30,-20288.05,Main Location,481.0000,.0000
SI0001SI#000728,2025-10-26 00:00:00.000,Spark40 (6+128),16,O,-10.0000,pcs,13210.0000,-128748.8000,.0000,.00,-10.0000,-130118.50,-128748.80,Main Location,109.0000,.0000
SI0001SI#000728,2025-10-26 00:00:00.000,Go2,16,O,-10.0000,pcs,10390.0000,-101440.2573,.0000,.00,-10.0000,-102341.50,-101440.26,Main Location,483.0000,.0000
SI0001SI#000728,2025-10-26 00:00:00.000,Camon40 Pro,16,O,-3.0000,pcs,26410.0000,-77114.9404,.0000,.00,-3.0000,-78041.55,-77114.94,Main Location,1.0000,.0000
SI0001SI#000726,2025-10-24 00:00:00.000,Spark40 Pro Pius,16,O,-1.0000,pcs,23590.0000,-22993.3400,.0000,.00,-1.0000,-23306.95,-22993.34,Main Location,47.0000,.0000
SI0001SI#000726,2025-10-24 00:00:00.000,Spark40 (6+128),16,O,-1.0000,pcs,13210.0000,-12874.8800,.0000,.00,-1.0000,-13011.85,-12874.88,Main Location,119.0000,.0000
SI0001SI#000725,2025-10-24 00:00:00.000,Spark40 (6+128),16,O,-4.0000,pcs,13210.0000,-51499.5200,.0000,.00,-4.0000,-52047.40,-51499.52,Main Location,119.0000,.0000
PI0001PI#000098,2025-10-24 00:00:00.000,Spark40 (6+128),33,I,46.0000,pcs,12874.8800,592244.4800,46.0000,592244.48,.0000,.00,.00,Main Location,119.0000,46.0000
SI0001SI#000726,2025-10-24 00:00:00.000,Spark 40c (4+128),16,O,-1.0000,pcs,11790.0000,-11491.6700,.0000,.00,-1.0000,-11613.15,-11491.67,Main Location,84.0000,.0000
SI0001SI#000725,2025-10-24 00:00:00.000,Spark 40(8+256),16,O,-4.0000,pcs,15570.0000,-60720.8800,.0000,.00,-4.0000,-61345.80,-60720.88,Main Location,33.0000,.0000
SI0001SI#000723,2025-10-24 00:00:00.000,Spark 40(8+256),16,O,-1.0000,pcs,15570.0000,-15180.2200,.0000,.00,-1.0000,-15336.45,-15180.22,Main Location,33.0000,.0000
SI0001SI#000726,2025-10-24 00:00:00.000,Pova Slim,16,O,-1.0000,pcs,28300.0000,-27594.0200,.0000,.00,-1.0000,-27875.50,-27594.02,Main Location,12.0000,.0000
SI0001SI#000727,2025-10-24 00:00:00.000,Go2,16,O,-2.0000,pcs,10390.0000,-20288.0515,.0000,.00,-2.0000,-20780.00,-20288.05,Main Location,493.0000,.0000
SI0001SI#000724,2025-10-24 00:00:00.000,Go2,16,O,-1.0000,pcs,10390.0000,-10144.0257,.0000,.00,-1.0000,-10286.10,-10144.03,Main Location,493.0000,.0000
SI0001SI#000723,2025-10-24 00:00:00.000,Camon40 Pro,16,O,-1.0000,pcs,26410.0000,-25704.9801,.0000,.00,-1.0000,-26013.85,-25704.98,Main Location,4.0000,.0000
SI0001SI#000723,2025-10-24 00:00:00.000,Camon 40 Pro 5G,16,O,-1.0000,pcs,33020.0000,-32164.3444,.0000,.00,-1.0000,-32524.70,-32164.34,Main Location,1.0000,.0000
SI0001SI#000719,2025-10-23 00:00:00.000,Spark40 (6+128),16,O,-1.0000,pcs,13210.0000,-12874.8800,.0000,.00,-1.0000,-13077.90,-12874.88,Main Location,78.0000,.0000
SI0001SI#000719,2025-10-23 00:00:00.000,Spark 40c (4+128),16,O,-1.0000,pcs,11790.0000,-11491.6700,.0000,.00,-1.0000,-11613.15,-11491.67,Main Location,85.0000,.0000
SI0001SI#000718,2025-10-23 00:00:00.000,Spark 40c (4+128),16,O,-1.0000,pcs,11790.0000,-11491.6700,.0000,.00,-1.0000,-11613.15,-11491.67,Main Location,85.0000,.0000
SI0001SI#000720,2025-10-23 00:00:00.000,Spark 40 5G,16,O,-1.0000,pcs,16040.0000,-15636.2800,.0000,.00,-1.0000,-16040.00,-15636.28,Main Location,10.0000,.0000
SI0001SI#000722,2025-10-23 00:00:00.000,Pova Slim,16,O,-2.0000,pcs,28300.0000,-55188.0400,.0000,.00,-2.0000,-55751.00,-55188.04,Main Location,13.0000,.0000
SI0001SI#000721,2025-10-23 00:00:00.000,Go2,16,O,-10.0000,pcs,10390.0000,-101440.2573,.0000,.00,-10.0000,-102341.50,-101440.26,Main Location,496.0000,.0000
SI0001SI#000719,2025-10-23 00:00:00.000,Camon40 Pro,16,O,-2.0000,pcs,26410.0000,-51409.9603,.0000,.00,-2.0000,-52291.80,-51409.96,Main Location,5.0000,.0000
SI0001SI#000718,2025-10-23 00:00:00.000,Camon40 Pro,16,O,-2.0000,pcs,26410.0000,-51409.9603,.0000,.00,-2.0000,-52027.70,-51409.96,Main Location,5.0000,.0000
SI0001SI#000716,2025-10-22 00:00:00.000,Spark40 (6+128),16,O,-1.0000,pcs,13210.0000,-12874.8800,.0000,.00,-1.0000,-13011.85,-12874.88,Main Location,79.0000,.0000
SI0001SI#000715,2025-10-22 00:00:00.000,Spark40 (6+128),16,O,-2.0000,pcs,13210.0000,-25749.7600,.0000,.00,-2.0000,-26023.70,-25749.76,Main Location,79.0000,.0000
PI0001PI#000097,2025-10-22 00:00:00.000,Spark40 (6+128),33,I,43.0000,pcs,12874.8800,553619.8400,43.0000,553619.84,.0000,.00,.00,Main Location,79.0000,43.0000
PI0001PI#000097,2025-10-22 00:00:00.000,Spark 40c (4+128),33,I,30.0000,pcs,11491.6700,344750.1000,30.0000,344750.10,.0000,.00,.00,Main Location,87.0000,30.0000
SI0001SI#000716,2025-10-22 00:00:00.000,Spark 40(8+256),16,O,-1.0000,pcs,15570.0000,-15180.2200,.0000,.00,-1.0000,-15336.45,-15180.22,Main Location,38.0000,.0000
SI0001SI#000715,2025-10-22 00:00:00.000,Spark 40(8+256),16,O,-1.0000,pcs,15570.0000,-15180.2200,.0000,.00,-1.0000,-15336.45,-15180.22,Main Location,38.0000,.0000
SI0001SI#000717,2025-10-22 00:00:00.000,Pova Slim,16,O,-1.0000,pcs,28300.0000,-27594.0200,.0000,.00,-1.0000,-27875.50,-27594.02,Main Location,15.0000,.0000
SI0001SI#000715,2025-10-22 00:00:00.000,Pova Slim,16,O,-1.0000,pcs,28300.0000,-27594.0200,.0000,.00,-1.0000,-27875.50,-27594.02,Main Location,15.0000,.0000
SI0001SI#000716,2025-10-22 00:00:00.000,Go2,16,O,-2.0000,pcs,10390.0000,-20288.0515,.0000,.00,-2.0000,-20468.30,-20288.05,Main Location,506.0000,.0000
SI0001SI#000716,2025-10-22 00:00:00.000,Camon40 Pro,16,O,-1.0000,pcs,26410.0000,-25704.9801,.0000,.00,-1.0000,-26013.85,-25704.98,Main Location,9.0000,.0000
SI0001SI#000714,2025-10-21 00:00:00.000,Spark40 (6+128),16,O,-1.0000,pcs,13210.0000,-12874.8800,.0000,.00,-1.0000,-13011.85,-12874.88,Main Location,39.0000,.0000
PI0001PI#000096,2025-10-21 00:00:00.000,Pova Slim,33,I,10.0000,pcs,27594.0200,275940.2000,10.0000,275940.20,.0000,.00,.00,Main Location,17.0000,10.0000
SI0001SI#000714,2025-10-21 00:00:00.000,Go2,16,O,-3.0000,pcs,10390.0000,-30432.0772,.0000,.00,-3.0000,-30702.45,-30432.08,Main Location,508.0000,.0000
SI0001SI#000714,2025-10-21 00:00:00.000,Camon40 Pro,16,O,-2.0000,pcs,26410.0000,-51409.9603,.0000,.00,-2.0000,-52027.70,-51409.96,Main Location,10.0000,.0000
SI0001SI#000713,2025-10-21 00:00:00.000,Camon40 Pro,16,O,-2.0000,pcs,26410.0000,-51409.9603,.0000,.00,-2.0000,-52027.70,-51409.96,Main Location,10.0000,.0000
PI0001PI#000096,2025-10-21 00:00:00.000,Camon40 Pro,33,I,4.0000,pcs,25704.9800,102819.9200,4.0000,102819.92,.0000,.00,.00,Main Location,10.0000,4.0000
SI0001SI#000712,2025-10-20 00:00:00.000,Spark40 (6+128),16,O,-100.0000,pcs,12875.0000,-1287487.9986,.0000,.00,-100.0000,-1287500.00,-1287488.00,Main Location,40.0000,.0000
SI0001SI#000712,2025-10-20 00:00:00.000,Spark 40c (4+128),16,O,-45.0000,pcs,11492.0000,-517125.1500,.0000,.00,-45.0000,-517140.00,-517125.15,Main Location,57.0000,.0000
SI0001SI#000709,2025-10-20 00:00:00.000,Spark 40c (4+128),16,O,-4.0000,pcs,11790.0000,-45966.6800,.0000,.00,-4.0000,-46452.60,-45966.68,Main Location,57.0000,.0000
SI0001SI#000710,2025-10-20 00:00:00.000,Spark 40(8+256),16,O,-1.0000,pcs,15570.0000,-15180.2200,.0000,.00,-1.0000,-15336.45,-15180.22,Main Location,40.0000,.0000
SI0001SI#000712,2025-10-20 00:00:00.000,Spark 40 Pro,16,O,-7.0000,pcs,18393.0000,-128748.7600,.0000,.00,-7.0000,-128751.00,-128748.76,Main Location,.0000,.0000
SI0001SI#000711,2025-10-20 00:00:00.000,Spark 40 Pro,16,O,-15.0000,pcs,18393.0000,-275890.2000,.0000,.00,-15.0000,-275895.00,-275890.20,Main Location,.0000,.0000
SI0001SI#000709,2025-10-20 00:00:00.000,Spark 40 Pro,16,O,-2.0000,pcs,18870.0000,-36785.3600,.0000,.00,-2.0000,-37173.90,-36785.36,Main Location,.0000,.0000
SI0001SI#000708,2025-10-20 00:00:00.000,Pova Slim,16,O,-1.0000,pcs,28300.0000,-27594.0200,.0000,.00,-1.0000,-27875.50,-27594.02,Main Location,7.0000,.0000
SI0001SI#000712,2025-10-20 00:00:00.000,Go2,16,O,-25.0000,pcs,10145.0000,-253600.6433,.0000,.00,-25.0000,-253625.00,-253600.64,Main Location,511.0000,.0000
SI0001SI#000707,2025-10-20 00:00:00.000,Camon40 Pro,16,O,-1.0000,pcs,26410.0000,-25704.9802,.0000,.00,-1.0000,-26145.90,-25704.98,Main Location,10.0000,.0000
PI0001PI#000095,2025-10-20 00:00:00.000,Camon40 Pro,33,I,10.0000,pcs,25704.9800,257049.8000,10.0000,257049.80,.0000,.00,.00,Main Location,10.0000,10.0000
SI0001SI#000704,2025-10-19 00:00:00.000,Spark 40(8+256),16,O,-1.0000,pcs,15570.0000,-15180.2200,.0000,.00,-1.0000,-15336.45,-15180.22,Main Location,41.0000,.0000
SI0001SI#000706,2025-10-19 00:00:00.000,Spark 40(8+256),16,O,-1.0000,pcs,15570.0000,-15180.2200,.0000,.00,-1.0000,-15336.45,-15180.22,Main Location,41.0000,.0000
SI0001SI#000704,2025-10-19 00:00:00.000,Spark 40 5G,16,O,-1.0000,pcs,16020.0000,-15636.2800,.0000,.00,-1.0000,-15779.40,-15636.28,Main Location,11.0000,.0000
SI0001SI#000705,2025-10-19 00:00:00.000,Spark 40 5G,16,O,-1.0000,pcs,16040.0000,-15636.2800,.0000,.00,-1.0000,-16040.00,-15636.28,Main Location,11.0000,.0000
SI0001SI#000744,2025-10-17 00:00:00.000,Spark40 Pro Pius,16,O,-1.0000,pcs,22994.0000,-22993.3400,.0000,.00,-1.0000,-22994.00,-22993.34,Main Location,48.0000,.0000
SI0001SI#000744,2025-10-17 00:00:00.000,Spark40 (6+128),16,O,-2.0000,pcs,12875.0000,-25749.7600,.0000,.00,-2.0000,-25750.00,-25749.76,Main Location,140.0000,.0000
SI0001SI#000743,2025-10-17 00:00:00.000,Spark40 (6+128),16,O,-1.0000,pcs,13210.0000,-12874.8800,.0000,.00,-1.0000,-13011.85,-12874.88,Main Location,140.0000,.0000
SI0001SI#000739,2025-10-17 00:00:00.000,Spark40 (6+128),16,O,-2.0000,pcs,13210.0000,-25749.7600,.0000,.00,-2.0000,-26023.70,-25749.76,Main Location,140.0000,.0000
SI0001SI#000739,2025-10-17 00:00:00.000,Spark 40c (4+128),16,O,-1.0000,pcs,11790.0000,-11491.6700,.0000,.00,-1.0000,-11613.15,-11491.67,Main Location,106.0000,.0000
SI0001SI#000747,2025-10-17 00:00:00.000,Spark 40 Pro,16,O,-2.0000,pcs,18392.0000,-36785.3600,.0000,.00,-2.0000,-36232.24,-36785.36,Main Location,24.0000,.0000
SI0001SI#000741,2025-10-17 00:00:00.000,Spark 40 Pro,16,O,-1.0000,pcs,18870.0000,-18392.6800,.0000,.00,-1.0000,-18586.95,-18392.68,Main Location,24.0000,.0000
SI0001SI#000742,2025-10-17 00:00:00.000,Pova Slim,16,O,-1.0000,pcs,28300.0000,-27594.0200,.0000,.00,-1.0000,-27875.50,-27594.02,Main Location,8.0000,.0000
SI0001SI#000741,2025-10-17 00:00:00.000,Go2(3+64),16,O,-1.0000,pcs,9430.0000,-9181.7080,.0000,.00,-1.0000,-9288.55,-9181.71,Main Location,118.0000,.0000
SI0001SI#000744,2025-10-17 00:00:00.000,Go2,16,O,-5.0000,pcs,10145.0000,-50720.1287,.0000,.00,-5.0000,-50725.00,-50720.13,Main Location,536.0000,.0000
SI0001SI#000745,2025-10-17 00:00:00.000,Camon40 Pro,16,O,-20.0000,pcs,26410.0000,-514099.6431,.0000,.00,-20.0000,-520277.00,-514099.64,Main Location,1.0000,.0000
PI0001PI#000092,2025-10-17 00:00:00.000,Camon40 Pro,33,I,20.0000,pcs,25704.9800,514099.6000,20.0000,514099.60,.0000,.00,.00,Main Location,1.0000,20.0000
SI0001SI#000741,2025-10-17 00:00:00.000,Camon 40 Pro 5G,16,O,-1.0000,pcs,33020.0000,-32164.3444,.0000,.00,-1.0000,-32524.70,-32164.34,Main Location,2.0000,.0000
SI0001SI#000740,2025-10-17 00:00:00.000,Camon 40 Pro 5G,16,O,-2.0000,pcs,33020.0000,-64328.6889,.0000,.00,-2.0000,-65049.40,-64328.69,Main Location,2.0000,.0000
SI0001SI#000700,2025-10-16 00:00:00.000,Spark40 (6+128),16,O,-2.0000,pcs,13210.0000,-25749.7600,.0000,.00,-2.0000,-26023.70,-25749.76,Main Location,145.0000,.0000
SI0001SI#000695,2025-10-16 00:00:00.000,Spark40 (6+128),16,O,-4.0000,pcs,13210.0000,-51499.5199,.0000,.00,-4.0000,-52047.40,-51499.52,Main Location,145.0000,.0000
SI0001SI#000694,2025-10-16 00:00:00.000,Spark40 (6+128),16,O,-4.0000,pcs,13210.0000,-51499.5199,.0000,.00,-4.0000,-52047.40,-51499.52,Main Location,145.0000,.0000
SI0001SI#000700,2025-10-16 00:00:00.000,Spark 40(8+256),16,O,-1.0000,pcs,15570.0000,-15180.2200,.0000,.00,-1.0000,-15336.45,-15180.22,Main Location,43.0000,.0000
SI0001SI#000698,2025-10-16 00:00:00.000,Spark 40(8+256),16,O,-2.0000,pcs,15570.0000,-30360.4400,.0000,.00,-2.0000,-30672.90,-30360.44,Main Location,43.0000,.0000
SI0001SI#000695,2025-10-16 00:00:00.000,Spark 40(8+256),16,O,-2.0000,pcs,15570.0000,-30360.4400,.0000,.00,-2.0000,-30672.90,-30360.44,Main Location,43.0000,.0000
SI0001SI#000698,2025-10-16 00:00:00.000,Spark 40 Pro,16,O,-1.0000,pcs,18870.0000,-18392.6800,.0000,.00,-1.0000,-18586.95,-18392.68,Main Location,27.0000,.0000
SI0001SI#000696,2025-10-16 00:00:00.000,Spark 40 Pro,16,O,-3.0000,pcs,18870.0000,-55178.0400,.0000,.00,-3.0000,-55760.85,-55178.04,Main Location,27.0000,.0000
SI0001SI#000695,2025-10-16 00:00:00.000,Spark 40 Pro,16,O,-3.0000,pcs,18870.0000,-55178.0400,.0000,.00,-3.0000,-55760.85,-55178.04,Main Location,27.0000,.0000
SI0001SI#000694,2025-10-16 00:00:00.000,Spark 40 5G,16,O,-2.0000,pcs,16040.0000,-31272.5600,.0000,.00,-2.0000,-31598.80,-31272.56,Main Location,13.0000,.0000
SI0001SI#000701,2025-10-16 00:00:00.000,Pova Slim,16,O,-4.0000,pcs,28300.0000,-110376.0800,.0000,.00,-4.0000,-110596.40,-110376.08,Main Location,9.0000,.0000
SI0001SI#000696,2025-10-16 00:00:00.000,Pova Slim,16,O,-1.0000,pcs,28300.0000,-27594.0200,.0000,.00,-1.0000,-27875.50,-27594.02,Main Location,9.0000,.0000
SI0001SI#000699,2025-10-16 00:00:00.000,Go2,16,O,-5.0000,pcs,10390.0000,-50720.1287,.0000,.00,-5.0000,-51170.75,-50720.13,Main Location,541.0000,.0000
SI0001SI#000697,2025-10-16 00:00:00.000,Go2,16,O,-3.0000,pcs,10390.0000,-30432.0772,.0000,.00,-3.0000,-30702.45,-30432.08,Main Location,541.0000,.0000
SI0001SI#000692,2025-10-15 00:00:00.000,Spark40 (6+128),16,O,-5.0000,pcs,12876.0000,-64374.3999,.0000,.00,-5.0000,-64380.00,-64374.40,Main Location,155.0000,.0000
SI0001SI#000688,2025-10-15 00:00:00.000,Spark40 (6+128),16,O,-2.0000,pcs,13210.0000,-25749.7600,.0000,.00,-2.0000,-26155.80,-25749.76,Main Location,155.0000,.0000
SI0001SI#000687,2025-10-15 00:00:00.000,Spark40 (6+128),16,O,-20.0000,pcs,12876.0000,-257497.5997,.0000,.00,-20.0000,-257520.00,-257497.60,Main Location,155.0000,.0000
SI0001SI#000688,2025-10-15 00:00:00.000,Spark 40c (4+128),16,O,-1.0000,pcs,11790.0000,-11491.6700,.0000,.00,-1.0000,-11672.10,-11491.67,Main Location,107.0000,.0000
SI0001SI#000687,2025-10-15 00:00:00.000,Spark 40c (4+128),16,O,-3.0000,pcs,11492.0000,-34475.0100,.0000,.00,-3.0000,-34476.00,-34475.01,Main Location,107.0000,.0000
SI0001SI#000692,2025-10-15 00:00:00.000,Spark 40(8+256),16,O,-1.0000,pcs,15181.0000,-15180.2200,.0000,.00,-1.0000,-15181.00,-15180.22,Main Location,48.0000,.0000
SI0001SI#000691,2025-10-15 00:00:00.000,Spark 40(8+256),16,O,-1.0000,pcs,15570.0000,-15180.2200,.0000,.00,-1.0000,-15336.45,-15180.22,Main Location,48.0000,.0000
SI0001SI#000688,2025-10-15 00:00:00.000,Spark 40(8+256),16,O,-2.0000,pcs,15570.0000,-30360.4400,.0000,.00,-2.0000,-30828.60,-30360.44,Main Location,48.0000,.0000
SI0001SI#000691,2025-10-15 00:00:00.000,Spark 40 Pro,16,O,-1.0000,pcs,18870.0000,-18392.6800,.0000,.00,-1.0000,-18586.95,-18392.68,Main Location,34.0000,.0000
SI0001SI#000687,2025-10-15 00:00:00.000,Spark 40 Pro,16,O,-5.0000,pcs,18393.0000,-91963.4000,.0000,.00,-5.0000,-91965.00,-91963.40,Main Location,34.0000,.0000
SI0001SI#000690,2025-10-15 00:00:00.000,Spark 40 5G,16,O,-2.0000,pcs,16040.0000,-31272.5600,.0000,.00,-2.0000,-31598.80,-31272.56,Main Location,15.0000,.0000
SI0001SI#000688,2025-10-15 00:00:00.000,Spark 40 5G,16,O,-1.0000,pcs,16040.0000,-15636.2800,.0000,.00,-1.0000,-15879.60,-15636.28,Main Location,15.0000,.0000
SI0001SI#000686,2025-10-15 00:00:00.000,Spark 40 5G,16,O,-2.0000,pcs,16040.0000,-31272.5600,.0000,.00,-2.0000,-31598.80,-31272.56,Main Location,15.0000,.0000
SI0001SI#000688,2025-10-15 00:00:00.000,Pova Slim,16,O,-1.0000,pcs,28300.0000,-27594.0200,.0000,.00,-1.0000,-28017.00,-27594.02,Main Location,14.0000,.0000
SI0001SI#000693,2025-10-15 00:00:00.000,Go2,16,O,-50.0000,pcs,10145.0000,-507201.2866,.0000,.00,-50.0000,-507250.00,-507201.29,Main Location,549.0000,.0000
SI0001SI#000692,2025-10-15 00:00:00.000,Go2,16,O,-5.0000,pcs,10145.0000,-50720.1287,.0000,.00,-5.0000,-50725.00,-50720.13,Main Location,549.0000,.0000
SI0001SI#000687,2025-10-15 00:00:00.000,Camon40 Pro,16,O,-4.0000,pcs,25708.0000,-102820.1023,.0000,.00,-4.0000,-102832.00,-102820.10,Main Location,1.0000,.0000
SI0001SI#000686,2025-10-15 00:00:00.000,Camon40 Pro,16,O,-15.0000,pcs,26410.0000,-385575.3835,.0000,.00,-15.0000,-390207.75,-385575.38,Main Location,1.0000,.0000
SI0001SI#000689,2025-10-15 00:00:00.000,Camon 40 Pro 5G,16,O,-1.0000,pcs,33020.0000,-32164.3444,.0000,.00,-1.0000,-32524.70,-32164.34,Main Location,5.0000,.0000
SI0001SI#000684,2025-10-14 00:00:00.000,Spark 40 Pro,16,O,-1.0000,pcs,18870.0000,-18392.6800,.0000,.00,-1.0000,-18586.95,-18392.68,Main Location,40.0000,.0000
SI0001SI#000683,2025-10-14 00:00:00.000,Go2,16,O,-1.0000,pcs,10390.0000,-10144.0257,.0000,.00,-1.0000,-10234.15,-10144.03,Main Location,604.0000,.0000
SI0001SI#000685,2025-10-14 00:00:00.000,Camon40 Pro,16,O,-1.0000,pcs,26410.0000,-25705.0256,.0000,.00,-1.0000,-26013.85,-25705.03,Main Location,20.0000,.0000
SI0001SI#000680,2025-10-13 00:00:00.000,Spark40 Pro Pius,16,O,-1.0000,pcs,23590.0000,-22993.3400,.0000,.00,-1.0000,-23590.00,-22993.34,Main Location,49.0000,.0000
SI0001SI#000675,2025-10-13 00:00:00.000,Spark40 Pro Pius,16,O,-1.0000,pcs,23590.0000,-22993.3400,.0000,.00,-1.0000,-23236.15,-22993.34,Main Location,49.0000,.0000
SI0001SI#000680,2025-10-13 00:00:00.000,Spark40 (6+128),16,O,-2.0000,pcs,13210.0000,-25749.7600,.0000,.00,-2.0000,-26420.00,-25749.76,Main Location,182.0000,.0000
SI0001SI#000679,2025-10-13 00:00:00.000,Spark40 (6+128),16,O,-1.0000,pcs,13210.0000,-12874.8800,.0000,.00,-1.0000,-13077.90,-12874.88,Main Location,182.0000,.0000
SI0001SI#000675,2025-10-13 00:00:00.000,Spark40 (6+128),16,O,-2.0000,pcs,13210.0000,-25749.7600,.0000,.00,-2.0000,-26023.70,-25749.76,Main Location,182.0000,.0000
PI0001PI#000091,2025-10-13 00:00:00.000,Spark40 (6+128),33,I,50.0000,pcs,12874.8800,643744.0000,50.0000,643744.00,.0000,.00,.00,Main Location,182.0000,50.0000
SI0001SI#000672,2025-10-13 00:00:00.000,Spark40 (6+128),16,O,-5.0000,pcs,13210.0000,-64374.3999,.0000,.00,-5.0000,-65059.25,-64374.40,Main Location,182.0000,.0000
SI0001SI#000680,2025-10-13 00:00:00.000,Spark 40c (4+128),16,O,-1.0000,pcs,11790.0000,-11491.6700,.0000,.00,-1.0000,-11790.00,-11491.67,Main Location,111.0000,.0000
SI0001SI#000679,2025-10-13 00:00:00.000,Spark 40c (4+128),16,O,-1.0000,pcs,11790.0000,-11491.6700,.0000,.00,-1.0000,-11672.10,-11491.67,Main Location,111.0000,.0000
SI0001SI#000673,2025-10-13 00:00:00.000,Spark 40c (4+128),16,O,-2.0000,pcs,11790.0000,-22983.3400,.0000,.00,-2.0000,-23226.30,-22983.34,Main Location,111.0000,.0000
PI0001PI#000091,2025-10-13 00:00:00.000,Spark 40(8+256),33,I,50.0000,pcs,15180.2200,759011.0000,50.0000,759011.00,.0000,.00,.00,Main Location,52.0000,50.0000
SI0001SI#000680,2025-10-13 00:00:00.000,Spark 40 Pro,16,O,-1.0000,pcs,18870.0000,-18392.6800,.0000,.00,-1.0000,-18870.00,-18392.68,Main Location,41.0000,.0000
PI0001PI#000091,2025-10-13 00:00:00.000,Spark 40 Pro,33,I,40.0000,pcs,18392.6800,735707.2000,40.0000,735707.20,.0000,.00,.00,Main Location,41.0000,40.0000
SI0001SI#000680,2025-10-13 00:00:00.000,Spark 40 5G,16,O,-1.0000,pcs,16040.0000,-15636.2800,.0000,.00,-1.0000,-16040.00,-15636.28,Main Location,20.0000,.0000
SI0001SI#000679,2025-10-13 00:00:00.000,Spark 40 5G,16,O,-1.0000,pcs,16040.0000,-15636.2800,.0000,.00,-1.0000,-15879.60,-15636.28,Main Location,20.0000,.0000
SI0001SI#000678,2025-10-13 00:00:00.000,Spark 40 5G,16,O,-2.0000,pcs,16040.0000,-31272.5600,.0000,.00,-2.0000,-31759.20,-31272.56,Main Location,20.0000,.0000
SI0001SI#000675,2025-10-13 00:00:00.000,Spark 40 5G,16,O,-1.0000,pcs,16040.0000,-15636.2800,.0000,.00,-1.0000,-15799.40,-15636.28,Main Location,20.0000,.0000
SI0001SI#000674,2025-10-13 00:00:00.000,Spark 40 5G,16,O,-2.0000,pcs,16040.0000,-31272.5600,.0000,.00,-2.0000,-31598.80,-31272.56,Main Location,20.0000,.0000
SI0001SI#000673,2025-10-13 00:00:00.000,Spark 40 5G,16,O,-3.0000,pcs,16040.0000,-46908.8400,.0000,.00,-3.0000,-47398.20,-46908.84,Main Location,20.0000,.0000
PI0001PI#000091,2025-10-13 00:00:00.000,Spark 40 5G,33,I,30.0000,pcs,15636.2800,469088.4000,30.0000,469088.40,.0000,.00,.00,Main Location,20.0000,30.0000
SI0001SI#000680,2025-10-13 00:00:00.000,Pova Slim,16,O,-1.0000,pcs,28300.0000,-27594.0200,.0000,.00,-1.0000,-28300.00,-27594.02,Main Location,15.0000,.0000
SI0001SI#000675,2025-10-13 00:00:00.000,Pova Slim,16,O,-1.0000,pcs,28300.0000,-27594.0200,.0000,.00,-1.0000,-27875.50,-27594.02,Main Location,15.0000,.0000
SI0001SI#000674,2025-10-13 00:00:00.000,Pova Slim,16,O,-1.0000,pcs,28300.0000,-27594.0200,.0000,.00,-1.0000,-27875.50,-27594.02,Main Location,15.0000,.0000
SI0001SI#000673,2025-10-13 00:00:00.000,Pova Slim,16,O,-2.0000,pcs,28300.0000,-55188.0400,.0000,.00,-2.0000,-56600.00,-55188.04,Main Location,15.0000,.0000
PI0001PI#000091,2025-10-13 00:00:00.000,Pova Slim,33,I,20.0000,pcs,27594.0200,551880.4000,20.0000,551880.40,.0000,.00,.00,Main Location,15.0000,20.0000
SI0001SI#000673,2025-10-13 00:00:00.000,Pova Carve,16,O,-1.0000,pcs,31150.0000,-30370.4700,.0000,.00,-1.0000,-30682.75,-30370.47,Main Location,.0000,.0000
SI0001SI#000680,2025-10-13 00:00:00.000,Pova 7 Pro,16,O,-1.0000,pcs,33020.0000,-32194.7000,.0000,.00,-1.0000,-33020.00,-32194.70,Main Location,11.0000,.0000
SI0001SI#000673,2025-10-13 00:00:00.000,Pova 7 Pro,16,O,-1.0000,pcs,33020.0000,-32194.7000,.0000,.00,-1.0000,-32524.70,-32194.70,Main Location,11.0000,.0000
SI0001SI#000680,2025-10-13 00:00:00.000,Go2(3+64),16,O,-2.0000,pcs,9480.0000,-18363.4160,.0000,.00,-2.0000,-18960.00,-18363.42,Main Location,119.0000,.0000
SI0001SI#000680,2025-10-13 00:00:00.000,Go2,16,O,-2.0000,pcs,10390.0000,-20288.0515,.0000,.00,-2.0000,-20780.00,-20288.05,Main Location,605.0000,.0000
SI0001SI#000677,2025-10-13 00:00:00.000,Go2,16,O,-2.0000,pcs,10390.0000,-20288.0515,.0000,.00,-2.0000,-20468.30,-20288.05,Main Location,605.0000,.0000
SI0001SI#000680,2025-10-13 00:00:00.000,Camon40 Pro,16,O,-1.0000,pcs,26410.0000,-25705.0256,.0000,.00,-1.0000,-26410.00,-25705.03,Main Location,21.0000,.0000
SI0001SI#000676,2025-10-13 00:00:00.000,Camon40 Pro,16,O,-1.0000,pcs,26410.0000,-25705.0256,.0000,.00,-1.0000,-26410.00,-25705.03,Main Location,21.0000,.0000
SI0001SI#000662,2025-10-12 00:00:00.000,Spark40 Pro Pius,16,O,-1.0000,pcs,23590.0000,-22993.3400,.0000,.00,-1.0000,-23590.00,-22993.34,Main Location,51.0000,.0000
SI0001SI#000671,2025-10-12 00:00:00.000,Spark40 (6+128),16,O,-10.0000,pcs,13210.0000,-128748.7998,.0000,.00,-10.0000,-130118.50,-128748.80,Main Location,142.0000,.0000
SI0001SI#000670,2025-10-12 00:00:00.000,Spark40 (6+128),16,O,-2.0000,pcs,13210.0000,-25749.7600,.0000,.00,-2.0000,-26023.70,-25749.76,Main Location,142.0000,.0000
SI0001SI#000669,2025-10-12 00:00:00.000,Spark40 (6+128),16,O,-100.0000,pcs,12876.0000,-1287487.9981,.0000,.00,-100.0000,-1287600.00,-1287488.00,Main Location,142.0000,.0000
SI0001SI#000667,2025-10-12 00:00:00.000,Spark40 (6+128),16,O,-10.0000,pcs,12875.0000,-128748.7998,.0000,.00,-10.0000,-128750.00,-128748.80,Main Location,142.0000,.0000
SI0001SI#000665,2025-10-12 00:00:00.000,Spark40 (6+128),16,O,-10.0000,pcs,13210.0000,-128748.7998,.0000,.00,-10.0000,-130779.00,-128748.80,Main Location,142.0000,.0000
SI0001SI#000663,2025-10-12 00:00:00.000,Spark40 (6+128),16,O,-5.0000,pcs,13210.0000,-64374.3999,.0000,.00,-5.0000,-65059.25,-64374.40,Main Location,142.0000,.0000
SI0001SI#000661,2025-10-12 00:00:00.000,Spark40 (6+128),16,O,-3.0000,pcs,13210.0000,-38624.6399,.0000,.00,-3.0000,-39035.55,-38624.64,Main Location,142.0000,.0000
SI0001SI#000661,2025-10-12 00:00:00.000,Spark 40c (4+128),16,O,-3.0000,pcs,11790.0000,-34475.0100,.0000,.00,-3.0000,-34839.45,-34475.01,Main Location,115.0000,.0000
SI0001SI#000669,2025-10-12 00:00:00.000,Spark 40 Pro,16,O,-25.0000,pcs,18393.0000,-459817.0000,.0000,.00,-25.0000,-459825.00,-459817.00,Main Location,2.0000,.0000
SI0001SI#000665,2025-10-12 00:00:00.000,Spark 40 Pro,16,O,-3.0000,pcs,18870.0000,-55178.0400,.0000,.00,-3.0000,-56043.90,-55178.04,Main Location,2.0000,.0000
SI0001SI#000661,2025-10-12 00:00:00.000,Spark 40 Pro,16,O,-2.0000,pcs,18870.0000,-36785.3600,.0000,.00,-2.0000,-37173.90,-36785.36,Main Location,2.0000,.0000
SI0001SI#000665,2025-10-12 00:00:00.000,Pova Carve,16,O,-1.0000,pcs,31150.0000,-30370.4700,.0000,.00,-1.0000,-30838.50,-30370.47,Main Location,1.0000,.0000
SI0001SI#000666,2025-10-12 00:00:00.000,Pova 7 Pro,16,O,-2.0000,pcs,33020.0000,-64389.4000,.0000,.00,-2.0000,-65049.40,-64389.40,Main Location,13.0000,.0000
SI0001SI#000665,2025-10-12 00:00:00.000,Pova 7 Pro,16,O,-1.0000,pcs,33020.0000,-32194.7000,.0000,.00,-1.0000,-32689.80,-32194.70,Main Location,13.0000,.0000
SI0001SI#000671,2025-10-12 00:00:00.000,Go2,16,O,-10.0000,pcs,10390.0000,-101440.2573,.0000,.00,-10.0000,-102341.50,-101440.26,Main Location,609.0000,.0000
SI0001SI#000669,2025-10-12 00:00:00.000,Go2,16,O,-30.0000,pcs,10145.0000,-304320.7720,.0000,.00,-30.0000,-304350.00,-304320.77,Main Location,609.0000,.0000
SI0001SI#000668,2025-10-12 00:00:00.000,Go2,16,O,-10.0000,pcs,10390.0000,-101440.2573,.0000,.00,-10.0000,-102341.50,-101440.26,Main Location,609.0000,.0000
SI0001SI#000667,2025-10-12 00:00:00.000,Go2,16,O,-50.0000,pcs,10145.0000,-507201.2866,.0000,.00,-50.0000,-507250.00,-507201.29,Main Location,609.0000,.0000
SI0001SI#000665,2025-10-12 00:00:00.000,Go2,16,O,-5.0000,pcs,10390.0000,-50720.1287,.0000,.00,-5.0000,-51430.50,-50720.13,Main Location,609.0000,.0000
SI0001SI#000661,2025-10-12 00:00:00.000,Go2,16,O,-3.0000,pcs,10390.0000,-30432.0772,.0000,.00,-3.0000,-30702.45,-30432.08,Main Location,609.0000,.0000
SI0001SI#000670,2025-10-12 00:00:00.000,Camon40 Pro,16,O,-4.0000,pcs,26410.0000,-102820.1023,.0000,.00,-4.0000,-104055.40,-102820.10,Main Location,23.0000,.0000
SI0001SI#000669,2025-10-12 00:00:00.000,Camon40 Pro,16,O,-10.0000,pcs,25708.0000,-257050.2556,.0000,.00,-10.0000,-257080.00,-257050.26,Main Location,23.0000,.0000
SI0001SI#000668,2025-10-12 00:00:00.000,Camon40 Pro,16,O,-5.0000,pcs,26410.0000,-128525.1278,.0000,.00,-5.0000,-130069.25,-128525.13,Main Location,23.0000,.0000
SI0001SI#000665,2025-10-12 00:00:00.000,Camon40 Pro,16,O,-2.0000,pcs,26410.0000,-51410.0511,.0000,.00,-2.0000,-52291.80,-51410.05,Main Location,23.0000,.0000
SI0001SI#000664,2025-10-12 00:00:00.000,Camon40 Pro,16,O,-1.0000,pcs,26410.0000,-25705.0256,.0000,.00,-1.0000,-26013.85,-25705.03,Main Location,23.0000,.0000
SI0001SI#000663,2025-10-12 00:00:00.000,Camon40 Pro,16,O,-2.0000,pcs,26410.0000,-51410.0511,.0000,.00,-2.0000,-52027.70,-51410.05,Main Location,23.0000,.0000
SI0001SI#000662,2025-10-12 00:00:00.000,Camon40 Pro,16,O,-1.0000,pcs,26410.0000,-25705.0256,.0000,.00,-1.0000,-26410.00,-25705.03,Main Location,23.0000,.0000
SI0001SI#000665,2025-10-12 00:00:00.000,Camon 40 Pro 5G,16,O,-1.0000,pcs,33020.0000,-32164.3444,.0000,.00,-1.0000,-32689.80,-32164.34,Main Location,6.0000,.0000
SI0001SI#000660,2025-10-11 00:00:00.000,Spark40 (6+128),16,O,-2.0000,pcs,13210.0000,-25749.7600,.0000,.00,-2.0000,-26023.70,-25749.76,Main Location,282.0000,.0000
SI0001SI#000659,2025-10-11 00:00:00.000,Spark40 (6+128),16,O,-1.0000,pcs,13210.0000,-12874.8800,.0000,.00,-1.0000,-13011.85,-12874.88,Main Location,282.0000,.0000
SI0001SI#000659,2025-10-11 00:00:00.000,Go2,16,O,-4.0000,pcs,10390.0000,-40576.1029,.0000,.00,-4.0000,-40936.60,-40576.10,Main Location,717.0000,.0000
SI0001SI#000657,2025-10-10 00:00:00.000,Spark40 Pro Pius,16,O,-1.0000,pcs,23590.0000,-22993.3400,.0000,.00,-1.0000,-23354.10,-22993.34,Main Location,52.0000,.0000
SI0001SI#000655,2025-10-10 00:00:00.000,Spark40 Pro Pius,16,O,-1.0000,pcs,23590.0000,-22993.3400,.0000,.00,-1.0000,-23401.30,-22993.34,Main Location,52.0000,.0000
SI0001SI#000652,2025-10-10 00:00:00.000,Spark40 Pro Pius,16,O,-2.0000,pcs,23590.0000,-45986.6800,.0000,.00,-2.0000,-46472.30,-45986.68,Main Location,52.0000,.0000
SI0001SI#000658,2025-10-10 00:00:00.000,Spark40 (6+128),16,O,-4.0000,pcs,13210.0000,-51499.5199,.0000,.00,-4.0000,-52047.40,-51499.52,Main Location,285.0000,.0000
SI0001SI#000657,2025-10-10 00:00:00.000,Spark40 (6+128),16,O,-7.0000,pcs,13210.0000,-90124.1599,.0000,.00,-7.0000,-91082.95,-90124.16,Main Location,285.0000,.0000
SI0001SI#000653,2025-10-10 00:00:00.000,Spark40 (6+128),16,O,-5.0000,pcs,13210.0000,-64374.3999,.0000,.00,-5.0000,-65059.25,-64374.40,Main Location,285.0000,.0000
PI0001PI#000090,2025-10-10 00:00:00.000,Spark40 (6+128),33,I,300.0000,pcs,12874.8800,3862464.0000,300.0000,3862464.00,.0000,.00,.00,Main Location,285.0000,300.0000
SI0001SI#000658,2025-10-10 00:00:00.000,Spark 40c (4+128),16,O,-3.0000,pcs,11790.0000,-34475.0100,.0000,.00,-3.0000,-34839.45,-34475.01,Main Location,118.0000,.0000
SI0001SI#000653,2025-10-10 00:00:00.000,Spark 40c (4+128),16,O,-1.0000,pcs,11790.0000,-11491.6700,.0000,.00,-1.0000,-11613.15,-11491.67,Main Location,118.0000,.0000
SI0001SI#000652,2025-10-10 00:00:00.000,Spark 40c (4+128),16,O,-1.0000,pcs,11790.0000,-11491.6700,.0000,.00,-1.0000,-11613.15,-11491.67,Main Location,118.0000,.0000
SI0001SI#000657,2025-10-10 00:00:00.000,Spark 40(8+256),16,O,-1.0000,pcs,15570.0000,-15180.2200,.0000,.00,-1.0000,-15336.45,-15180.22,Main Location,2.0000,.0000
SI0001SI#000658,2025-10-10 00:00:00.000,Spark 40 Pro,16,O,-5.0000,pcs,18870.0000,-91963.4000,.0000,.00,-5.0000,-92934.75,-91963.40,Main Location,32.0000,.0000
SI0001SI#000653,2025-10-10 00:00:00.000,Spark 40 Pro,16,O,-1.0000,pcs,18870.0000,-18392.6800,.0000,.00,-1.0000,-18586.95,-18392.68,Main Location,32.0000,.0000
SI0001SI#000652,2025-10-10 00:00:00.000,Spark 40 Pro,16,O,-1.0000,pcs,18870.0000,-18392.6800,.0000,.00,-1.0000,-18586.95,-18392.68,Main Location,32.0000,.0000
SI0001SI#000651,2025-10-10 00:00:00.000,Spark 40 Pro,16,O,-1.0000,pcs,18393.0000,-18392.6800,.0000,.00,-1.0000,-18393.00,-18392.68,Main Location,32.0000,.0000
PI0001PI#000090,2025-10-10 00:00:00.000,Spark 40 Pro,33,I,40.0000,pcs,18392.6800,735707.2000,40.0000,735707.20,.0000,.00,.00,Main Location,32.0000,40.0000
SI0001SI#000656,2025-10-10 00:00:00.000,Pova 7 Pro,16,O,-1.0000,pcs,33020.0000,-32194.7000,.0000,.00,-1.0000,-33020.00,-32194.70,Main Location,16.0000,.0000
SI0001SI#000657,2025-10-10 00:00:00.000,Go2,16,O,-2.0000,pcs,10390.0000,-20288.0515,.0000,.00,-2.0000,-20468.30,-20288.05,Main Location,721.0000,.0000
SI0001SI#000655,2025-10-10 00:00:00.000,Go2,16,O,-2.0000,pcs,10390.0000,-20288.0515,.0000,.00,-2.0000,-20572.20,-20288.05,Main Location,721.0000,.0000
SI0001SI#000654,2025-10-10 00:00:00.000,Go2,16,O,-5.0000,pcs,10390.0000,-50720.1287,.0000,.00,-5.0000,-51170.75,-50720.13,Main Location,721.0000,.0000
SI0001SI#000653,2025-10-10 00:00:00.000,Go2,16,O,-5.0000,pcs,10390.0000,-50720.1287,.0000,.00,-5.0000,-51170.75,-50720.13,Main Location,721.0000,.0000
SI0001SI#000655,2025-10-10 00:00:00.000,Camon40 Pro,16,O,-1.0000,pcs,26410.0000,-25705.0256,.0000,.00,-1.0000,-26145.90,-25705.03,Main Location,48.0000,.0000
PI0001PI#000090,2025-10-10 00:00:00.000,Camon40 Pro,33,I,40.0000,pcs,25704.9800,1028199.2000,40.0000,1028199.20,.0000,.00,.00,Main Location,48.0000,40.0000
SI0001SI#000648,2025-10-09 00:00:00.000,Spark40 Pro Pius,16,O,-3.0000,pcs,23590.0000,-68980.0200,.0000,.00,-3.0000,-69708.45,-68980.02,Main Location,56.0000,.0000
SI0001SI#000681,2025-10-09 00:00:00.000,Spark40 (6+128),16,O,-1.0000,pcs,13210.0000,-12874.8744,.0000,.00,-1.0000,-13011.85,-12874.87,Main Location,1.0000,.0000
SI0001SI#000650,2025-10-09 00:00:00.000,Spark40 (6+128),16,O,-20.0000,pcs,12875.0000,-257497.4875,.0000,.00,-20.0000,-257500.00,-257497.49,Main Location,1.0000,.0000
SI0001SI#000648,2025-10-09 00:00:00.000,Spark40 (6+128),16,O,-1.0000,pcs,13210.0000,-12874.8744,.0000,.00,-1.0000,-13011.85,-12874.87,Main Location,1.0000,.0000
SI0001SI#000647,2025-10-09 00:00:00.000,Spark40 (6+128),16,O,-1.0000,pcs,13210.0000,-12874.8744,.0000,.00,-1.0000,-13011.85,-12874.87,Main Location,1.0000,.0000
SI0001SI#000646,2025-10-09 00:00:00.000,Spark40 (6+128),16,O,-1.0000,pcs,13210.0000,-12874.8744,.0000,.00,-1.0000,-13011.85,-12874.87,Main Location,1.0000,.0000
SI0001SI#000645,2025-10-09 00:00:00.000,Spark40 (6+128),16,O,-1.0000,pcs,13210.0000,-12874.8744,.0000,.00,-1.0000,-13011.85,-12874.87,Main Location,1.0000,.0000
SI0001SI#000646,2025-10-09 00:00:00.000,Spark 40c (4+128),16,O,-2.0000,pcs,11790.0000,-22983.3400,.0000,.00,-2.0000,-23226.30,-22983.34,Main Location,123.0000,.0000
SI0001SI#000649,2025-10-09 00:00:00.000,Pova Carve,16,O,-3.0000,pcs,31150.0000,-91111.4100,.0000,.00,-3.0000,-92048.25,-91111.41,Main Location,2.0000,.0000
SI0001SI#000648,2025-10-09 00:00:00.000,Pova Carve,16,O,-1.0000,pcs,31150.0000,-30370.4700,.0000,.00,-1.0000,-30682.75,-30370.47,Main Location,2.0000,.0000
SI0001SI#000681,2025-10-09 00:00:00.000,Go2,16,O,-1.0000,pcs,10390.0000,-10144.0257,.0000,.00,-1.0000,-10234.15,-10144.03,Main Location,735.0000,.0000
SI0001SI#000646,2025-10-09 00:00:00.000,Go2,16,O,-3.0000,pcs,10390.0000,-30432.0772,.0000,.00,-3.0000,-30702.45,-30432.08,Main Location,735.0000,.0000
SI0001SI#000645,2025-10-09 00:00:00.000,Go2,16,O,-1.0000,pcs,10390.0000,-10144.0257,.0000,.00,-1.0000,-10234.15,-10144.03,Main Location,735.0000,.0000
SI0001SI#000648,2025-10-09 00:00:00.000,Camon40 Pro,16,O,-2.0000,pcs,26410.0000,-51410.4561,.0000,.00,-2.0000,-52027.70,-51410.46,Main Location,9.0000,.0000
SI0001SI#000645,2025-10-09 00:00:00.000,Camon40 Pro,16,O,-1.0000,pcs,26410.0000,-25705.2281,.0000,.00,-1.0000,-26013.85,-25705.23,Main Location,9.0000,.0000
SI0001SI#000649,2025-10-09 00:00:00.000,Camon 40 Pro 5G,16,O,-2.0000,pcs,33020.0000,-64328.6889,.0000,.00,-2.0000,-65049.40,-64328.69,Main Location,7.0000,.0000
SI0001SI#000635,2025-10-08 00:00:00.000,Spark40 (6+128),16,O,-5.0000,pcs,13210.0000,-64374.3719,.0000,.00,-5.0000,-65059.25,-64374.37,Main Location,26.0000,.0000
SI0001SI#000643,2025-10-08 00:00:00.000,Spark40 (6+128),16,O,-2.0000,pcs,13210.0000,-25749.7488,.0000,.00,-2.0000,-26023.70,-25749.75,Main Location,26.0000,.0000
SI0001SI#000641,2025-10-08 00:00:00.000,Spark40 (6+128),16,O,-2.0000,pcs,13210.0000,-25749.7488,.0000,.00,-2.0000,-26155.80,-25749.75,Main Location,26.0000,.0000
SI0001SI#000640,2025-10-08 00:00:00.000,Spark40 (6+128),16,O,-10.0000,pcs,13210.0000,-128748.7439,.0000,.00,-10.0000,-130118.50,-128748.74,Main Location,26.0000,.0000
SI0001SI#000639,2025-10-08 00:00:00.000,Spark40 (6+128),16,O,-3.0000,pcs,13210.0000,-38624.6232,.0000,.00,-3.0000,-39035.55,-38624.62,Main Location,26.0000,.0000
SI0001SI#000638,2025-10-08 00:00:00.000,Spark40 (6+128),16,O,-250.0000,pcs,12875.0000,-3218718.5963,.0000,.00,-250.0000,-3218750.00,-3218718.60,Main Location,26.0000,.0000
SI0001SI#000636,2025-10-08 00:00:00.000,Spark40 (6+128),16,O,-2.0000,pcs,13210.0000,-25749.7488,.0000,.00,-2.0000,-26420.00,-25749.75,Main Location,26.0000,.0000
SI0001SI#000633,2025-10-08 00:00:00.000,Spark40 (6+128),16,O,-15.0000,pcs,13210.0000,-193123.1158,.0000,.00,-15.0000,-195177.75,-193123.12,Main Location,26.0000,.0000
SI0001SI#000632,2025-10-08 00:00:00.000,Spark40 (6+128),16,O,-1.0000,pcs,13210.0000,-12874.8744,.0000,.00,-1.0000,-13011.85,-12874.87,Main Location,26.0000,.0000
SI0001SI#000644,2025-10-08 00:00:00.000,Spark 40c (4+128),16,O,-1.0000,pcs,11790.0000,-11491.6700,.0000,.00,-1.0000,-11790.00,-11491.67,Main Location,125.0000,.0000
SI0001SI#000638,2025-10-08 00:00:00.000,Spark 40c (4+128),16,O,-33.0000,pcs,11492.0000,-379225.1100,.0000,.00,-33.0000,-379236.00,-379225.11,Main Location,125.0000,.0000
SI0001SI#000636,2025-10-08 00:00:00.000,Spark 40c (4+128),16,O,-1.0000,pcs,11790.0000,-11491.6700,.0000,.00,-1.0000,-11790.00,-11491.67,Main Location,125.0000,.0000
SI0001SI#000635,2025-10-08 00:00:00.000,Spark 40(8+256),16,O,-5.0000,pcs,15570.0000,-75901.1000,.0000,.00,-5.0000,-76682.25,-75901.10,Main Location,3.0000,.0000
SI0001SI#000640,2025-10-08 00:00:00.000,Spark 40(8+256),16,O,-3.0000,pcs,15570.0000,-45540.6600,.0000,.00,-3.0000,-46009.35,-45540.66,Main Location,3.0000,.0000
SI0001SI#000638,2025-10-08 00:00:00.000,Spark 40(8+256),16,O,-30.0000,pcs,15181.0000,-455406.6000,.0000,.00,-30.0000,-455430.00,-455406.60,Main Location,3.0000,.0000
SI0001SI#000638,2025-10-08 00:00:00.000,Spark 40 Pro,16,O,-15.0000,pcs,18393.0000,-275890.2000,.0000,.00,-15.0000,-275895.00,-275890.20,Main Location,.0000,.0000
SI0001SI#000632,2025-10-08 00:00:00.000,Spark 40 Pro,16,O,-1.0000,pcs,18870.0000,-18392.6800,.0000,.00,-1.0000,-18586.95,-18392.68,Main Location,.0000,.0000
SI0001SI#000638,2025-10-08 00:00:00.000,Pova Slim,16,O,-30.0000,pcs,27595.0000,-827820.6000,.0000,.00,-30.0000,-827850.00,-827820.60,Main Location,.0000,.0000
SI0001SI#000633,2025-10-08 00:00:00.000,Pova Carve,16,O,-1.0000,pcs,31150.0000,-30370.4700,.0000,.00,-1.0000,-30682.75,-30370.47,Main Location,6.0000,.0000
SI0001SI#000632,2025-10-08 00:00:00.000,Pova Carve,16,O,-1.0000,pcs,31150.0000,-30370.4700,.0000,.00,-1.0000,-30682.75,-30370.47,Main Location,6.0000,.0000
PI0001PI#000089,2025-10-08 00:00:00.000,Pova Carve,33,I,8.0000,pcs,30370.4700,242963.7600,8.0000,242963.76,.0000,.00,.00,Main Location,6.0000,8.0000
SI0001SI#000635,2025-10-08 00:00:00.000,Pova 7 Pro,16,O,-1.0000,pcs,33020.0000,-32194.7000,.0000,.00,-1.0000,-32524.70,-32194.70,Main Location,17.0000,.0000
SI0001SI#000640,2025-10-08 00:00:00.000,Go2,16,O,-10.0000,pcs,10390.0000,-101440.2573,.0000,.00,-10.0000,-102341.50,-101440.26,Main Location,740.0000,.0000
SI0001SI#000638,2025-10-08 00:00:00.000,Go2,16,O,-155.0000,pcs,10145.0000,-1572323.9886,.0000,.00,-155.0000,-1572475.00,-1572323.99,Main Location,740.0000,.0000
SI0001SI#000636,2025-10-08 00:00:00.000,Go2,16,O,-2.0000,pcs,10390.0000,-20288.0515,.0000,.00,-2.0000,-20780.00,-20288.05,Main Location,740.0000,.0000
SI0001SI#000632,2025-10-08 00:00:00.000,Go2,16,O,-2.0000,pcs,10390.0000,-20288.0515,.0000,.00,-2.0000,-20468.30,-20288.05,Main Location,740.0000,.0000
SI0001SI#000636,2025-10-08 00:00:00.000,GO1 4+128,16,O,-1.0000,pcs,11825.0000,-11582.5100,.0000,.00,-1.0000,-11825.00,-11582.51,Main Location,45.0000,.0000
SI0001SI#000635,2025-10-08 00:00:00.000,Camon40 Pro,16,O,-5.0000,pcs,26410.0000,-128526.1403,.0000,.00,-5.0000,-130069.25,-128526.14,Main Location,12.0000,.0000
SI0001SI#000643,2025-10-08 00:00:00.000,Camon40 Pro,16,O,-3.0000,pcs,26410.0000,-77115.6842,.0000,.00,-3.0000,-78041.55,-77115.68,Main Location,12.0000,.0000
SI0001SI#000642,2025-10-08 00:00:00.000,Camon40 Pro,16,O,-2.0000,pcs,26410.0000,-51410.4561,.0000,.00,-2.0000,-52027.70,-51410.46,Main Location,12.0000,.0000
SI0001SI#000639,2025-10-08 00:00:00.000,Camon40 Pro,16,O,-1.0000,pcs,26410.0000,-25705.2281,.0000,.00,-1.0000,-26013.85,-25705.23,Main Location,12.0000,.0000
SI0001SI#000634,2025-10-08 00:00:00.000,Camon40 Pro,16,O,-1.0000,pcs,26410.0000,-25705.2281,.0000,.00,-1.0000,-26013.85,-25705.23,Main Location,12.0000,.0000
SI0001SI#000632,2025-10-08 00:00:00.000,Camon40 Pro,16,O,-1.0000,pcs,26410.0000,-25705.2281,.0000,.00,-1.0000,-26013.85,-25705.23,Main Location,12.0000,.0000
SI0001SI#000631,2025-10-07 00:00:00.000,Spark 40(8+256),16,O,-1.0000,pcs,15570.0000,-15180.2200,.0000,.00,-1.0000,-15336.45,-15180.22,Main Location,41.0000,.0000
SI0001SI#000628,2025-10-07 00:00:00.000,Spark 40(8+256),16,O,-4.0000,pcs,15570.0000,-60720.8800,.0000,.00,-4.0000,-61345.80,-60720.88,Main Location,41.0000,.0000
SI0001SI#000631,2025-10-07 00:00:00.000,Pova Slim,16,O,-2.0000,pcs,28300.0000,-55188.0400,.0000,.00,-2.0000,-55751.00,-55188.04,Main Location,30.0000,.0000
SI0001SI#000629,2025-10-07 00:00:00.000,Pova Slim,16,O,-2.0000,pcs,28300.0000,-55188.0400,.0000,.00,-2.0000,-55751.00,-55188.04,Main Location,30.0000,.0000
SI0001SI#000630,2025-10-07 00:00:00.000,Camon40 Pro,16,O,-1.0000,pcs,26410.0000,-25705.2281,.0000,.00,-1.0000,-26410.00,-25705.23,Main Location,25.0000,.0000
SI0001SI#000629,2025-10-07 00:00:00.000,Camon40 Pro,16,O,-1.0000,pcs,26410.0000,-25705.2281,.0000,.00,-1.0000,-26013.85,-25705.23,Main Location,25.0000,.0000
SI0001SI#000626,2025-10-06 00:00:00.000,Spark40 Pro Pius,16,O,-1.0000,pcs,23590.0000,-22993.3400,.0000,.00,-1.0000,-23236.15,-22993.34,Main Location,59.0000,.0000
SI0001SI#000624,2025-10-06 00:00:00.000,Spark40 Pro Pius,16,O,-1.0000,pcs,23590.0000,-22993.3400,.0000,.00,-1.0000,-23590.00,-22993.34,Main Location,59.0000,.0000
SI0001SI#000626,2025-10-06 00:00:00.000,Spark40 (6+128),16,O,-2.0000,pcs,13210.0000,-25749.7488,.0000,.00,-2.0000,-26023.70,-25749.75,Main Location,316.0000,.0000
SI0001SI#000625,2025-10-06 00:00:00.000,Spark40 (6+128),16,O,-2.0000,pcs,13210.0000,-25749.7488,.0000,.00,-2.0000,-26420.00,-25749.75,Main Location,316.0000,.0000
SI0001SI#000624,2025-10-06 00:00:00.000,Spark40 (6+128),16,O,-2.0000,pcs,13210.0000,-25749.7488,.0000,.00,-2.0000,-26420.00,-25749.75,Main Location,316.0000,.0000
SI0001SI#000623,2025-10-06 00:00:00.000,Spark40 (6+128),16,O,-1.0000,pcs,13210.0000,-12874.8744,.0000,.00,-1.0000,-13011.85,-12874.87,Main Location,316.0000,.0000
SI0001SI#000622,2025-10-06 00:00:00.000,Spark40 (6+128),16,O,-3.0000,pcs,13210.0000,-38624.6232,.0000,.00,-3.0000,-39035.55,-38624.62,Main Location,316.0000,.0000
SI0001SI#000626,2025-10-06 00:00:00.000,Spark 40c (4+128),16,O,-2.0000,pcs,11790.0000,-22983.3400,.0000,.00,-2.0000,-23226.30,-22983.34,Main Location,160.0000,.0000
SI0001SI#000625,2025-10-06 00:00:00.000,Spark 40c (4+128),16,O,-1.0000,pcs,11790.0000,-11491.6700,.0000,.00,-1.0000,-11790.00,-11491.67,Main Location,160.0000,.0000
SI0001SI#000624,2025-10-06 00:00:00.000,Spark 40c (4+128),16,O,-3.0000,pcs,11790.0000,-34475.0100,.0000,.00,-3.0000,-35370.00,-34475.01,Main Location,160.0000,.0000
SI0001SI#000626,2025-10-06 00:00:00.000,Spark 40(8+256),16,O,-2.0000,pcs,15570.0000,-30360.4400,.0000,.00,-2.0000,-30672.90,-30360.44,Main Location,46.0000,.0000
SI0001SI#000625,2025-10-06 00:00:00.000,Spark 40(8+256),16,O,-1.0000,pcs,15570.0000,-15180.2200,.0000,.00,-1.0000,-15570.00,-15180.22,Main Location,46.0000,.0000
SI0001SI#000624,2025-10-06 00:00:00.000,Spark 40(8+256),16,O,-5.0000,pcs,15570.0000,-75901.1000,.0000,.00,-5.0000,-77850.00,-75901.10,Main Location,46.0000,.0000
SI0001SI#000626,2025-10-06 00:00:00.000,Spark 40 Pro,16,O,-2.0000,pcs,18870.0000,-36785.3600,.0000,.00,-2.0000,-37173.90,-36785.36,Main Location,16.0000,.0000
SI0001SI#000622,2025-10-06 00:00:00.000,Spark 40 Pro,16,O,-2.0000,pcs,18870.0000,-36785.3600,.0000,.00,-2.0000,-37173.90,-36785.36,Main Location,16.0000,.0000
SI0001SI#000627,2025-10-06 00:00:00.000,Pova Slim,16,O,-3.0000,pcs,28300.0000,-82782.0600,.0000,.00,-3.0000,-83626.50,-82782.06,Main Location,34.0000,.0000
SI0001SI#000626,2025-10-06 00:00:00.000,Pova Slim,16,O,-1.0000,pcs,28300.0000,-27594.0200,.0000,.00,-1.0000,-27875.50,-27594.02,Main Location,34.0000,.0000
SI0001SI#000626,2025-10-06 00:00:00.000,Pova 7 Pro,16,O,-1.0000,pcs,33020.0000,-32194.7000,.0000,.00,-1.0000,-32524.70,-32194.70,Main Location,18.0000,.0000
SI0001SI#000626,2025-10-06 00:00:00.000,Go2(3+64),16,O,-2.0000,pcs,9430.0000,-18363.4160,.0000,.00,-2.0000,-18577.10,-18363.42,Main Location,121.0000,.0000
SI0001SI#000625,2025-10-06 00:00:00.000,Go2(3+64),16,O,-2.0000,pcs,9430.0000,-18363.4160,.0000,.00,-2.0000,-18860.00,-18363.42,Main Location,121.0000,.0000
SI0001SI#000626,2025-10-06 00:00:00.000,Go2,16,O,-2.0000,pcs,10390.0000,-20288.0515,.0000,.00,-2.0000,-20468.30,-20288.05,Main Location,909.0000,.0000
SI0001SI#000625,2025-10-06 00:00:00.000,Go2,16,O,-2.0000,pcs,10390.0000,-20288.0515,.0000,.00,-2.0000,-20780.00,-20288.05,Main Location,909.0000,.0000
SI0001SI#000626,2025-10-06 00:00:00.000,Camon40 Pro,16,O,-1.0000,pcs,26410.0000,-25705.2281,.0000,.00,-1.0000,-26013.85,-25705.23,Main Location,27.0000,.0000
SI0001SI#000621,2025-10-05 00:00:00.000,Spark40 (6+128),16,O,-1.0000,pcs,13210.0000,-12874.8744,.0000,.00,-1.0000,-13011.85,-12874.87,Main Location,326.0000,.0000
SI0001SI#000620,2025-10-05 00:00:00.000,Spark40 (6+128),16,O,-2.0000,pcs,13210.0000,-25749.7488,.0000,.00,-2.0000,-26420.00,-25749.75,Main Location,326.0000,.0000
SI0001SI#000620,2025-10-05 00:00:00.000,Spark 40c (4+128),16,O,-2.0000,pcs,11790.0000,-22983.3400,.0000,.00,-2.0000,-23580.00,-22983.34,Main Location,166.0000,.0000
SI0001SI#000620,2025-10-05 00:00:00.000,Spark 40(8+256),16,O,-1.0000,pcs,15570.0000,-15180.2200,.0000,.00,-1.0000,-15570.00,-15180.22,Main Location,54.0000,.0000
SI0001SI#000620,2025-10-05 00:00:00.000,Spark 40 Pro,16,O,-1.0000,pcs,18870.0000,-18392.6800,.0000,.00,-1.0000,-18870.00,-18392.68,Main Location,20.0000,.0000
SI0001SI#000620,2025-10-05 00:00:00.000,Pova Slim,16,O,-1.0000,pcs,28300.0000,-27594.0200,.0000,.00,-1.0000,-28300.00,-27594.02,Main Location,38.0000,.0000
SI0001SI#000621,2025-10-05 00:00:00.000,Pova 7 Pro,16,O,-1.0000,pcs,33020.0000,-32194.7000,.0000,.00,-1.0000,-32524.70,-32194.70,Main Location,19.0000,.0000
SI0001SI#000620,2025-10-05 00:00:00.000,Go2,16,O,-2.0000,pcs,10390.0000,-20288.0515,.0000,.00,-2.0000,-20780.00,-20288.05,Main Location,913.0000,.0000
SI0001SI#000621,2025-10-05 00:00:00.000,Camon40 Pro,16,O,-1.0000,pcs,26410.0000,-25705.2281,.0000,.00,-1.0000,-26013.85,-25705.23,Main Location,28.0000,.0000
SI0001SI#000619,2025-10-03 00:00:00.000,Spark40 (6+128),16,O,-5.0000,pcs,13210.0000,-64374.3719,.0000,.00,-5.0000,-65059.25,-64374.37,Main Location,329.0000,.0000
SI0001SI#000617,2025-10-03 00:00:00.000,Spark40 (6+128),16,O,-2.0000,pcs,13210.0000,-25749.7488,.0000,.00,-2.0000,-26155.80,-25749.75,Main Location,329.0000,.0000
SI0001SI#000616,2025-10-03 00:00:00.000,Spark40 (6+128),16,O,-1.0000,pcs,13210.0000,-12874.8744,.0000,.00,-1.0000,-13011.85,-12874.87,Main Location,329.0000,.0000
SI0001SI#000616,2025-10-03 00:00:00.000,Spark 40c (4+128),16,O,-1.0000,pcs,11790.0000,-11491.6700,.0000,.00,-1.0000,-11613.15,-11491.67,Main Location,168.0000,.0000
SI0001SI#000617,2025-10-03 00:00:00.000,Spark 40(8+256),16,O,-2.0000,pcs,15570.0000,-30360.4400,.0000,.00,-2.0000,-30828.60,-30360.44,Main Location,55.0000,.0000
SI0001SI#000616,2025-10-03 00:00:00.000,Spark 40(8+256),16,O,-1.0000,pcs,15570.0000,-15180.2200,.0000,.00,-1.0000,-15336.45,-15180.22,Main Location,55.0000,.0000
SI0001SI#000618,2025-10-03 00:00:00.000,Spark 40 Pro,16,O,-2.0000,pcs,18870.0000,-36785.3600,.0000,.00,-2.0000,-37173.90,-36785.36,Main Location,21.0000,.0000
SI0001SI#000617,2025-10-03 00:00:00.000,Pova Slim,16,O,-1.0000,pcs,28300.0000,-27594.0200,.0000,.00,-1.0000,-28017.00,-27594.02,Main Location,39.0000,.0000
SI0001SI#000615,2025-10-03 00:00:00.000,Pova Slim,16,O,-1.0000,pcs,28300.0000,-27594.0200,.0000,.00,-1.0000,-27875.50,-27594.02,Main Location,39.0000,.0000
SI0001SI#000617,2025-10-03 00:00:00.000,Pova 7 Pro,16,O,-1.0000,pcs,33020.0000,-32194.7000,.0000,.00,-1.0000,-32689.80,-32194.70,Main Location,20.0000,.0000
SI0001SI#000615,2025-10-03 00:00:00.000,Pova 7 Pro,16,O,-1.0000,pcs,33020.0000,-32194.7000,.0000,.00,-1.0000,-32524.70,-32194.70,Main Location,20.0000,.0000
SI0001SI#000617,2025-10-03 00:00:00.000,Go2,16,O,-2.0000,pcs,10390.0000,-20288.0515,.0000,.00,-2.0000,-20572.20,-20288.05,Main Location,915.0000,.0000
SI0001SI#000619,2025-10-03 00:00:00.000,Camon40 Pro,16,O,-2.0000,pcs,26410.0000,-51410.4561,.0000,.00,-2.0000,-52027.70,-51410.46,Main Location,29.0000,.0000
SI0001SI#000614,2025-10-03 00:00:00.000,Camon40 Pro,16,O,-22.0000,pcs,26410.0000,-565515.0175,.0000,.00,-22.0000,-572304.70,-565515.02,Main Location,29.0000,.0000
SI0001SI#000613,2025-10-02 00:00:00.000,Spark40 Pro Pius,16,O,-2.0000,pcs,23590.0000,-45986.6800,.0000,.00,-2.0000,-46472.30,-45986.68,Main Location,61.0000,.0000
SI0001SI#000612,2025-10-02 00:00:00.000,Spark40 Pro Pius,16,O,-2.0000,pcs,23590.0000,-45986.6800,.0000,.00,-2.0000,-46472.30,-45986.68,Main Location,61.0000,.0000
SI0001SI#000613,2025-10-02 00:00:00.000,Spark40 (6+128),16,O,-2.0000,pcs,13210.0000,-25749.7488,.0000,.00,-2.0000,-26023.70,-25749.75,Main Location,337.0000,.0000
SI0001SI#000611,2025-10-02 00:00:00.000,Spark40 (6+128),16,O,-3.0000,pcs,13210.0000,-38624.6232,.0000,.00,-3.0000,-39035.55,-38624.62,Main Location,337.0000,.0000
SI0001SI#000613,2025-10-02 00:00:00.000,Spark 40c (4+128),16,O,-4.0000,pcs,11790.0000,-45966.6800,.0000,.00,-4.0000,-46452.60,-45966.68,Main Location,169.0000,.0000
SI0001SI#000611,2025-10-02 00:00:00.000,Pova Slim,16,O,-2.0000,pcs,28300.0000,-55188.0400,.0000,.00,-2.0000,-55751.00,-55188.04,Main Location,41.0000,.0000
SI0001SI#000611,2025-10-02 00:00:00.000,Pova 7 Pro,16,O,-1.0000,pcs,33020.0000,-32194.7000,.0000,.00,-1.0000,-32524.70,-32194.70,Main Location,22.0000,.0000
SI0001SI#000612,2025-10-02 00:00:00.000,Go2,16,O,-3.0000,pcs,10390.0000,-30432.0772,.0000,.00,-3.0000,-30702.45,-30432.08,Main Location,917.0000,.0000
SI0001SI#000702,2025-10-02 00:00:00.000,Camon40 Pro,16,O,-3.0000,pcs,26410.0000,-77115.6842,.0000,.00,-3.0000,-78041.55,-77115.68,Main Location,53.0000,.0000
PI0001PI#000087,2025-09-30 00:00:00.000,Spark40 (6+128),33,I,150.0000,pcs,12874.8800,1931232.0000,150.0000,1931232.00,.0000,.00,.00,Main Location,342.0000,150.0000
SI0001SI#000606,2025-09-30 00:00:00.000,Spark 40c (4+128),16,O,-1.0000,pcs,11790.0000,-11491.6700,.0000,.00,-1.0000,-11613.15,-11491.67,Main Location,173.0000,.0000
PI0001PI#000087,2025-09-30 00:00:00.000,Spark 40(8+256),33,I,30.0000,pcs,15180.2200,455406.6000,30.0000,455406.60,.0000,.00,.00,Main Location,58.0000,30.0000
PI0001PI#000087,2025-09-30 00:00:00.000,Spark 40 Pro,33,I,20.0000,pcs,18392.6800,367853.6000,20.0000,367853.60,.0000,.00,.00,Main Location,23.0000,20.0000
PI0001PI#000087,2025-09-30 00:00:00.000,Pova Slim,33,I,20.0000,pcs,27594.0200,551880.4000,20.0000,551880.40,.0000,.00,.00,Main Location,43.0000,20.0000
SI0001SI#000607,2025-09-30 00:00:00.000,Pova Slim,16,O,-1.0000,pcs,28300.0000,-27594.0200,.0000,.00,-1.0000,-27875.50,-27594.02,Main Location,43.0000,.0000
SI0001SI#000606,2025-09-30 00:00:00.000,Pova Slim,16,O,-1.0000,pcs,28300.0000,-27594.0200,.0000,.00,-1.0000,-27875.50,-27594.02,Main Location,43.0000,.0000
PI0001PI#000087,2025-09-30 00:00:00.000,Pova 7 Pro,33,I,10.0000,pcs,32194.7000,321947.0000,10.0000,321947.00,.0000,.00,.00,Main Location,23.0000,10.0000
SI0001SI#000607,2025-09-30 00:00:00.000,Pova 7 Pro,16,O,-1.0000,pcs,33020.0000,-32194.7000,.0000,.00,-1.0000,-32524.70,-32194.70,Main Location,23.0000,.0000
SI0001SI#000606,2025-09-30 00:00:00.000,Pova 7 Pro,16,O,-1.0000,pcs,33020.0000,-32194.7000,.0000,.00,-1.0000,-32524.70,-32194.70,Main Location,23.0000,.0000
PI0001PI#000087,2025-09-30 00:00:00.000,Go2(3+64),33,I,25.0000,pcs,9181.3000,229532.5000,25.0000,229532.50,.0000,.00,.00,Main Location,125.0000,25.0000
PI0001PI#000087,2025-09-30 00:00:00.000,Go2,33,I,120.0000,pcs,10143.5300,1217223.6000,120.0000,1217223.60,.0000,.00,.00,Main Location,920.0000,120.0000
SI0001SI#000608,2025-09-30 00:00:00.000,Go2,16,O,-1.0000,pcs,10390.0000,-10144.0257,.0000,.00,-1.0000,-10234.15,-10144.03,Main Location,920.0000,.0000
PI0001PI#000087,2025-09-30 00:00:00.000,Camon40 Pro,33,I,50.0000,pcs,25704.9800,1285249.0000,50.0000,1285249.00,.0000,.00,.00,Main Location,56.0000,50.0000
SI0001SI#000610,2025-09-30 00:00:00.000,Camon40 Pro,16,O,-1.0000,pcs,26410.0000,-25705.2281,.0000,.00,-1.0000,-26145.90,-25705.23,Main Location,56.0000,.0000
PI0001PI#000087,2025-09-30 00:00:00.000,Camon 40 Pro 5G,33,I,5.0000,pcs,32164.6200,160823.1000,5.0000,160823.10,.0000,.00,.00,Main Location,9.0000,5.0000
SI0001SI#000601,2025-09-29 00:00:00.000,Spark40 (6+128),16,O,-2.0000,pcs,13210.0000,-25749.7400,.0000,.00,-2.0000,-26023.70,-25749.74,Main Location,192.0000,.0000
SI0001SI#000603,2025-09-29 00:00:00.000,Spark 40(8+256),16,O,-9.0000,pcs,15182.0000,-136621.9800,.0000,.00,-9.0000,-136638.00,-136621.98,Main Location,28.0000,.0000
SI0001SI#000602,2025-09-29 00:00:00.000,Pova Slim,16,O,-4.0000,pcs,28300.0000,-110376.0800,.0000,.00,-4.0000,-111502.00,-110376.08,Main Location,25.0000,.0000
PI0001PI#000084,2025-09-29 00:00:00.000,Pova Slim,33,I,29.0000,pcs,27594.0200,800226.5800,29.0000,800226.58,.0000,.00,.00,Main Location,25.0000,29.0000
SI0001SI#000602,2025-09-29 00:00:00.000,Pova 7 Pro,16,O,-3.0000,pcs,33020.0000,-96584.1000,.0000,.00,-3.0000,-97574.10,-96584.10,Main Location,15.0000,.0000
PI0001PI#000084,2025-09-29 00:00:00.000,Pova 7 Pro,33,I,18.0000,pcs,32194.7000,579504.6000,18.0000,579504.60,.0000,.00,.00,Main Location,15.0000,18.0000
SI0001SI#000605,2025-09-29 00:00:00.000,Live DEMO Pova Silm,16,O,-1.0000,pcs,21063.0000,-21063.0000,.0000,.00,-1.0000,-21063.00,-21063.00,Main Location,.0000,.0000
SI0001SI#000604,2025-09-29 00:00:00.000,Live DEMO Pova Silm,16,O,-1.0000,pcs,21063.0000,-21063.0000,.0000,.00,-1.0000,-21063.00,-21063.00,Main Location,.0000,.0000
PI0001PI#000085,2025-09-29 00:00:00.000,Live DEMO Pova Silm,33,I,2.0000,pcs,21063.0000,42126.0000,2.0000,42126.00,.0000,.00,.00,Main Location,.0000,2.0000
SI0001SI#000605,2025-09-29 00:00:00.000,Live Demo Pova 7,16,O,-1.0000,pcs,24573.0000,-24573.0000,.0000,.00,-1.0000,-24573.00,-24573.00,Main Location,.0000,.0000
SI0001SI#000604,2025-09-29 00:00:00.000,Live Demo Pova 7,16,O,-1.0000,pcs,24573.0000,-24573.0000,.0000,.00,-1.0000,-24573.00,-24573.00,Main Location,.0000,.0000
PI0001PI#000085,2025-09-29 00:00:00.000,Live Demo Pova 7,33,I,2.0000,pcs,24573.0000,49146.0000,2.0000,49146.00,.0000,.00,.00,Main Location,.0000,2.0000
SI0001SI#000601,2025-09-29 00:00:00.000,Go2,16,O,-3.0000,pcs,10390.0000,-30432.3000,.0000,.00,-3.0000,-30702.45,-30432.30,Main Location,801.0000,.0000
PI0001PI#000083,2025-09-29 00:00:00.000,Go2,33,I,159.0000,pcs,10144.1000,1612911.9000,159.0000,1612911.90,.0000,.00,.00,Main Location,801.0000,159.0000
SI0001SI#000599,2025-09-26 00:00:00.000,Spark40 (6+128),16,O,-10.0000,pcs,12876.0000,-128748.7000,.0000,.00,-10.0000,-128760.00,-128748.70,Main Location,194.0000,.0000
SI0001SI#000598,2025-09-26 00:00:00.000,Spark40 (6+128),16,O,-60.0000,pcs,12876.0000,-772492.2000,.0000,.00,-60.0000,-772560.00,-772492.20,Main Location,194.0000,.0000
SI0001SI#000599,2025-09-26 00:00:00.000,Spark 40c (4+128),16,O,-30.0000,pcs,11493.0000,-344750.1000,.0000,.00,-30.0000,-344790.00,-344750.10,Main Location,174.0000,.0000
SI0001SI#000599,2025-09-26 00:00:00.000,Spark 40(8+256),16,O,-10.0000,pcs,15181.0000,-151802.2000,.0000,.00,-10.0000,-151810.00,-151802.20,Main Location,37.0000,.0000
SI0001SI#000598,2025-09-26 00:00:00.000,Spark 40(8+256),16,O,-7.0000,pcs,15182.0000,-106261.5400,.0000,.00,-7.0000,-106274.00,-106261.54,Main Location,37.0000,.0000
SI0001SI#000599,2025-09-26 00:00:00.000,Spark 40 Pro,16,O,-20.0000,pcs,18392.0000,-367853.6000,.0000,.00,-20.0000,-367840.00,-367853.60,Main Location,3.0000,.0000
SI0001SI#000598,2025-09-26 00:00:00.000,Go2,16,O,-50.0000,pcs,10145.0000,-507205.0000,.0000,.00,-50.0000,-507250.00,-507205.00,Main Location,645.0000,.0000
SI0001SI#000600,2025-09-26 00:00:00.000,Camon40 Pro,16,O,-2.0000,pcs,26410.0000,-51414.0000,.0000,.00,-2.0000,-52027.70,-51414.00,Main Location,7.0000,.0000
SI0001SI#000599,2025-09-26 00:00:00.000,Camon40 Pro,16,O,-10.0000,pcs,25708.0000,-257070.0000,.0000,.00,-10.0000,-257080.00,-257070.00,Main Location,7.0000,.0000
SI0001SI#000597,2025-09-25 00:00:00.000,Spark40 Pro Pius,16,O,-1.0000,pcs,23590.0000,-22993.3400,.0000,.00,-1.0000,-23354.10,-22993.34,Main Location,65.0000,.0000
SI0001SI#000595,2025-09-25 00:00:00.000,Spark40 (6+128),16,O,-2.0000,pcs,13210.0000,-25749.7400,.0000,.00,-2.0000,-26023.70,-25749.74,Main Location,264.0000,.0000
PI0001PI#000082,2025-09-25 00:00:00.000,Spark 40c (4+128),33,I,50.0000,pcs,11491.6700,574583.5000,50.0000,574583.50,.0000,.00,.00,Main Location,204.0000,50.0000
SI0001SI#000596,2025-09-25 00:00:00.000,Spark 40(8+256),16,O,-5.0000,pcs,15181.0000,-75901.1000,.0000,.00,-5.0000,-75905.00,-75901.10,Main Location,54.0000,.0000
SI0001SI#000595,2025-09-25 00:00:00.000,Spark 40(8+256),16,O,-1.0000,pcs,15570.0000,-15180.2200,.0000,.00,-1.0000,-15336.45,-15180.22,Main Location,54.0000,.0000
PI0001PI#000082,2025-09-25 00:00:00.000,Spark 40(8+256),33,I,39.0000,pcs,15180.2200,592028.5800,39.0000,592028.58,.0000,.00,.00,Main Location,54.0000,39.0000
SI0001SI#000594,2025-09-25 00:00:00.000,Spark 40 Pro,16,O,-3.0000,pcs,18870.0000,-55178.0400,.0000,.00,-3.0000,-55760.85,-55178.04,Main Location,23.0000,.0000
PI0001PI#000082,2025-09-25 00:00:00.000,Go2(3+64),33,I,50.0000,pcs,9181.8100,459090.5000,50.0000,459090.50,.0000,.00,.00,Main Location,100.0000,50.0000
SI0001SI#000596,2025-09-25 00:00:00.000,Go2,16,O,-10.0000,pcs,10145.0000,-101441.0000,.0000,.00,-10.0000,-101450.00,-101441.00,Main Location,695.0000,.0000
PI0001PI#000082,2025-09-25 00:00:00.000,Go2,33,I,100.0000,pcs,10144.1000,1014410.0000,100.0000,1014410.00,.0000,.00,.00,Main Location,695.0000,100.0000
PI0001PI#000082,2025-09-25 00:00:00.000,Camon40 Pro,33,I,20.0000,pcs,25707.0000,514140.0000,20.0000,514140.00,.0000,.00,.00,Main Location,19.0000,20.0000
SI0001SI#000593,2025-09-24 00:00:00.000,Spark 40(8+256),16,O,-10.0000,pcs,15181.0000,-151802.2000,.0000,.00,-10.0000,-151795.00,-151802.20,Main Location,21.0000,.0000
SI0001SI#000592,2025-09-24 00:00:00.000,Spark 40 Pro,16,O,-1.0000,pcs,18870.0000,-18392.6800,.0000,.00,-1.0000,-18586.95,-18392.68,Main Location,26.0000,.0000
SI0001SI#000593,2025-09-24 00:00:00.000,Go2(3+64),16,O,-10.0000,pcs,9181.0000,-91818.1000,.0000,.00,-10.0000,-91810.00,-91818.10,Main Location,50.0000,.0000
SI0001SI#000593,2025-09-24 00:00:00.000,Go2,16,O,-50.0000,pcs,10145.0000,-507205.0000,.0000,.00,-50.0000,-507250.00,-507205.00,Main Location,605.0000,.0000
SI0001SI#000593,2025-09-24 00:00:00.000,Camon40 Pro,16,O,-62.0000,pcs,25708.0000,-1593834.0000,.0000,.00,-62.0000,-1593896.00,-1593834.00,Main Location,-1.0000,.0000
SI0001SI#000590,2025-09-23 00:00:00.000,Spark40 (6+128),16,O,-5.0000,pcs,12876.0000,-64374.3500,.0000,.00,-5.0000,-64380.00,-64374.35,Main Location,266.0000,.0000
SI0001SI#000590,2025-09-23 00:00:00.000,Spark 40(8+256),16,O,-3.0000,pcs,15182.0000,-45540.6600,.0000,.00,-3.0000,-45546.00,-45540.66,Main Location,31.0000,.0000
SI0001SI#000590,2025-09-23 00:00:00.000,Spark 40 Pro,16,O,-2.0000,pcs,18393.0000,-36785.3600,.0000,.00,-2.0000,-36786.00,-36785.36,Main Location,27.0000,.0000
PI0001PI#000081,2025-09-23 00:00:00.000,Spark 40 Pro,33,I,25.0000,pcs,18392.6800,459817.0000,25.0000,459817.00,.0000,.00,.00,Main Location,27.0000,25.0000
PI0001PI#000081,2025-09-23 00:00:00.000,Go2,33,I,150.0000,pcs,10144.1000,1521615.0000,150.0000,1521615.00,.0000,.00,.00,Main Location,655.0000,150.0000
PI0001PI#000081,2025-09-23 00:00:00.000,Camon40 Pro,33,I,30.0000,pcs,25707.0000,771210.0000,30.0000,771210.00,.0000,.00,.00,Main Location,61.0000,30.0000
SI0001SI#000586,2025-09-22 00:00:00.000,Spark40 (6+128),16,O,-3.0000,pcs,13210.0000,-38624.6100,.0000,.00,-3.0000,-39035.55,-38624.61,Main Location,271.0000,.0000
PI0001PI#000080,2025-09-22 00:00:00.000,Spark40 (6+128),33,I,146.0000,pcs,12874.8700,1879731.0200,146.0000,1879731.02,.0000,.00,.00,Main Location,271.0000,146.0000
SI0001SI#000587,2025-09-22 00:00:00.000,Spark 40c (4+128),16,O,-6.0000,pcs,11790.0000,-68950.0200,.0000,.00,-6.0000,-69325.20,-68950.02,Main Location,154.0000,.0000
SI0001SI#000588,2025-09-22 00:00:00.000,Spark 40 Pro,16,O,-1.0000,pcs,18870.0000,-18392.6800,.0000,.00,-1.0000,-18492.60,-18392.68,Main Location,4.0000,.0000
SI0001SI#000588,2025-09-22 00:00:00.000,Go2,16,O,-1.0000,pcs,10390.0000,-10144.1000,.0000,.00,-1.0000,-10182.20,-10144.10,Main Location,505.0000,.0000
SI0001SI#000589,2025-09-22 00:00:00.000,Camon40 Pro,16,O,-1.0000,pcs,26410.0000,-25707.0000,.0000,.00,-1.0000,-26013.85,-25707.00,Main Location,31.0000,.0000
SI0001SI#000588,2025-09-22 00:00:00.000,Camon40 Pro,16,O,-1.0000,pcs,26410.0000,-25707.0000,.0000,.00,-1.0000,-25881.80,-25707.00,Main Location,31.0000,.0000
SI0001SI#000587,2025-09-22 00:00:00.000,Camon40 Pro,16,O,-10.0000,pcs,26410.0000,-257070.0000,.0000,.00,-10.0000,-258818.00,-257070.00,Main Location,31.0000,.0000
PI0001PI#000080,2025-09-22 00:00:00.000,Camon40 Pro,33,I,44.0000,pcs,25707.0000,1131108.0000,44.0000,1131108.00,.0000,.00,.00,Main Location,31.0000,44.0000
SI0001SI#000584,2025-09-21 00:00:00.000,Spark40 (6+128),16,O,-10.0000,pcs,13210.0000,-128748.7000,.0000,.00,-10.0000,-129458.00,-128748.70,Main Location,128.0000,.0000
SI0001SI#000582,2025-09-21 00:00:00.000,Spark40 (6+128),16,O,-20.0000,pcs,12875.0000,-257497.4000,.0000,.00,-20.0000,-257500.00,-257497.40,Main Location,128.0000,.0000
SI0001SI#000582,2025-09-21 00:00:00.000,Spark 40(8+256),16,O,-65.0000,pcs,15180.2200,-986714.3000,.0000,.00,-65.0000,-986714.30,-986714.30,Main Location,34.0000,.0000
SI0001SI#000585,2025-09-21 00:00:00.000,Spark 40 Pro,16,O,-1.0000,pcs,18870.0000,-18392.6800,.0000,.00,-1.0000,-18870.00,-18392.68,Main Location,5.0000,.0000
SI0001SI#000582,2025-09-21 00:00:00.000,Spark 40 Pro,16,O,-55.0000,pcs,18392.6800,-1011597.4000,.0000,.00,-55.0000,-1011597.40,-1011597.40,Main Location,5.0000,.0000
SI0001SI#000582,2025-09-21 00:00:00.000,Go2(3+64),16,O,-120.0000,pcs,9181.3000,-1101817.2000,.0000,.00,-120.0000,-1101756.00,-1101817.20,Main Location,60.0000,.0000
SI0001SI#000583,2025-09-21 00:00:00.000,Go2,16,O,-5.0000,pcs,10390.0000,-50720.5000,.0000,.00,-5.0000,-51170.75,-50720.50,Main Location,506.0000,.0000
SI0001SI#000582,2025-09-21 00:00:00.000,Go2,16,O,-10.0000,pcs,10144.0000,-101441.0000,.0000,.00,-10.0000,-101440.00,-101441.00,Main Location,506.0000,.0000
SI0001SI#000585,2025-09-21 00:00:00.000,Camon40 Pro,16,O,-1.0000,pcs,26410.0000,-25707.0000,.0000,.00,-1.0000,-26013.85,-25707.00,Main Location,-1.0000,.0000
SI0001SI#000582,2025-09-21 00:00:00.000,Camon40 Pro,16,O,-14.0000,pcs,25708.0000,-359898.0000,.0000,.00,-14.0000,-359912.00,-359898.00,Main Location,-1.0000,.0000
SI0001SI#000609,2025-09-20 00:00:00.000,Camon40 Pro,16,O,-4.0000,pcs,25708.0000,-102828.0000,.0000,.00,-4.0000,-102832.00,-102828.00,Main Location,14.0000,.0000
SI0001SI#000577,2025-09-19 00:00:00.000,Spark40 Pro Pius,16,O,-1.0000,pcs,23590.0000,-22993.3400,.0000,.00,-1.0000,-23047.43,-22993.34,Main Location,66.0000,.0000
SI0001SI#000577,2025-09-19 00:00:00.000,Spark40 (6+128),16,O,-1.0000,pcs,13210.0000,-12874.8700,.0000,.00,-1.0000,-12906.17,-12874.87,Main Location,158.0000,.0000
SI0001SI#000581,2025-09-19 00:00:00.000,Spark40 (6+128),16,O,-2.0000,pcs,13210.0000,-25749.7400,.0000,.00,-2.0000,-26023.70,-25749.74,Main Location,158.0000,.0000
SI0001SI#000578,2025-09-19 00:00:00.000,Spark40 (6+128),16,O,-2.0000,pcs,13210.0000,-25749.7400,.0000,.00,-2.0000,-26155.80,-25749.74,Main Location,158.0000,.0000
SI0001SI#000578,2025-09-19 00:00:00.000,Spark 40c (4+128),16,O,-2.0000,pcs,11790.0000,-22983.3400,.0000,.00,-2.0000,-23344.20,-22983.34,Main Location,160.0000,.0000
SI0001SI#000577,2025-09-19 00:00:00.000,Spark 40(8+256),16,O,-10.0000,pcs,15181.0000,-151802.2000,.0000,.00,-10.0000,-151810.00,-151802.20,Main Location,99.0000,.0000
SI0001SI#000581,2025-09-19 00:00:00.000,Spark 40(8+256),16,O,-1.0000,pcs,15570.0000,-15180.2200,.0000,.00,-1.0000,-15336.45,-15180.22,Main Location,99.0000,.0000
SI0001SI#000579,2025-09-19 00:00:00.000,Spark 40(8+256),16,O,-1.0000,pcs,15570.0000,-15180.2200,.0000,.00,-1.0000,-15414.30,-15180.22,Main Location,99.0000,.0000
SI0001SI#000577,2025-09-19 00:00:00.000,Spark 40 Pro,16,O,-1.0000,pcs,18870.0000,-18392.6800,.0000,.00,-1.0000,-18435.99,-18392.68,Main Location,61.0000,.0000
SI0001SI#000580,2025-09-19 00:00:00.000,Spark 40 Pro,16,O,-2.0000,pcs,18870.0000,-36785.3600,.0000,.00,-2.0000,-37173.90,-36785.36,Main Location,61.0000,.0000
SI0001SI#000577,2025-09-19 00:00:00.000,Go2(3+64),16,O,-1.0000,pcs,9430.0000,-9181.8100,.0000,.00,-1.0000,-9213.11,-9181.81,Main Location,180.0000,.0000
SI0001SI#000577,2025-09-19 00:00:00.000,Go2,16,O,-1.0000,pcs,10390.0000,-10144.1000,.0000,.00,-1.0000,-10151.03,-10144.10,Main Location,521.0000,.0000
SI0001SI#000581,2025-09-19 00:00:00.000,Go2,16,O,-2.0000,pcs,10390.0000,-20288.2000,.0000,.00,-2.0000,-20468.30,-20288.20,Main Location,521.0000,.0000
SI0001SI#000580,2025-09-19 00:00:00.000,Go2,16,O,-2.0000,pcs,10390.0000,-20288.2000,.0000,.00,-2.0000,-20468.30,-20288.20,Main Location,521.0000,.0000
SI0001SI#000578,2025-09-19 00:00:00.000,Go2,16,O,-4.0000,pcs,10390.0000,-40576.4000,.0000,.00,-4.0000,-41144.40,-40576.40,Main Location,521.0000,.0000
SI0001SI#000577,2025-09-19 00:00:00.000,Camon40 Pro,16,O,-1.0000,pcs,26410.0000,-25707.0000,.0000,.00,-1.0000,-25802.57,-25707.00,Main Location,18.0000,.0000
SI0001SI#000581,2025-09-19 00:00:00.000,Camon40 Pro,16,O,-2.0000,pcs,26410.0000,-51414.0000,.0000,.00,-2.0000,-52027.70,-51414.00,Main Location,18.0000,.0000
SI0001SI#000579,2025-09-19 00:00:00.000,Camon40 Pro,16,O,-2.0000,pcs,26410.0000,-51414.0000,.0000,.00,-2.0000,-52291.80,-51414.00,Main Location,18.0000,.0000
SI0001SI#000576,2025-09-19 00:00:00.000,Camon40 Pro,16,O,-4.0000,pcs,26410.0000,-102828.0000,.0000,.00,-4.0000,-104055.40,-102828.00,Main Location,18.0000,.0000
SI0001SI#000575,2025-09-18 00:00:00.000,Spark40 (6+128),16,O,-1.0000,pcs,13210.0000,-12874.8700,.0000,.00,-1.0000,-13011.85,-12874.87,Main Location,163.0000,.0000
SI0001SI#000575,2025-09-18 00:00:00.000,Spark 40 Pro,16,O,-1.0000,pcs,18870.0000,-18392.6800,.0000,.00,-1.0000,-18586.95,-18392.68,Main Location,64.0000,.0000
SI0001SI#000574,2025-09-18 00:00:00.000,Camon40 Pro,16,O,-3.0000,pcs,26410.0000,-77121.0000,.0000,.00,-3.0000,-78041.55,-77121.00,Main Location,27.0000,.0000
SI0001SI#000571,2025-09-17 00:00:00.000,Spark 40(8+256),16,O,-3.0000,pcs,15570.0000,-45540.6600,.0000,.00,-3.0000,-46009.35,-45540.66,Main Location,111.0000,.0000
SI0001SI#000573,2025-09-17 00:00:00.000,Spark 40 Pro,16,O,-2.0000,pcs,18870.0000,-36785.3600,.0000,.00,-2.0000,-37173.90,-36785.36,Main Location,65.0000,.0000
SI0001SI#000572,2025-09-17 00:00:00.000,Camon40 Pro,16,O,-1.0000,pcs,26410.0000,-25707.0000,.0000,.00,-1.0000,-26013.85,-25707.00,Main Location,30.0000,.0000
PI0001PI#000078,2025-09-16 00:00:00.000,Spark40 (6+128),33,I,20.0000,pcs,12874.8700,257497.4000,20.0000,257497.40,.0000,.00,.00,Main Location,164.0000,20.0000
SI0001SI#000569,2025-09-16 00:00:00.000,Spark40 (6+128),16,O,-2.0000,pcs,13210.0000,-25749.7400,.0000,.00,-2.0000,-26023.70,-25749.74,Main Location,164.0000,.0000
SI0001SI#000568,2025-09-16 00:00:00.000,Spark40 (6+128),16,O,-20.0000,pcs,12876.0000,-257497.4000,.0000,.00,-20.0000,-257520.00,-257497.40,Main Location,164.0000,.0000
SI0001SI#000569,2025-09-16 00:00:00.000,Spark 40(8+256),16,O,-1.0000,pcs,15570.0000,-15180.2200,.0000,.00,-1.0000,-15336.45,-15180.22,Main Location,114.0000,.0000
SI0001SI#000568,2025-09-16 00:00:00.000,Spark 40(8+256),16,O,-13.0000,pcs,15190.0000,-197342.8600,.0000,.00,-13.0000,-197470.00,-197342.86,Main Location,114.0000,.0000
SI0001SI#000568,2025-09-16 00:00:00.000,Spark 40 Pro,16,O,-5.0000,pcs,18395.0000,-91963.4000,.0000,.00,-5.0000,-91975.00,-91963.40,Main Location,67.0000,.0000
SI0001SI#000568,2025-09-16 00:00:00.000,Go2,16,O,-32.0000,pcs,10145.0000,-324611.2000,.0000,.00,-32.0000,-324640.00,-324611.20,Main Location,530.0000,.0000
SI0001SI#000570,2025-09-16 00:00:00.000,Camon40 Pro,16,O,-1.0000,pcs,26410.0000,-25707.0000,.0000,.00,-1.0000,-26013.85,-25707.00,Main Location,31.0000,.0000
SI0001SI#000569,2025-09-16 00:00:00.000,Camon40 Pro,16,O,-2.0000,pcs,26410.0000,-51414.0000,.0000,.00,-2.0000,-52027.70,-51414.00,Main Location,31.0000,.0000
SI0001SI#000568,2025-09-16 00:00:00.000,Camon40 Pro,16,O,-5.0000,pcs,26410.0000,-128535.0000,.0000,.00,-5.0000,-130069.25,-128535.00,Main Location,31.0000,.0000
SI0001SI#000566,2025-09-15 00:00:00.000,Spark40 Pro Pius,16,O,-2.0000,pcs,23590.0000,-45986.6800,.0000,.00,-2.0000,-46472.30,-45986.68,Main Location,67.0000,.0000
SI0001SI#000563,2025-09-15 00:00:00.000,Spark40 Pro Pius,16,O,-1.0000,pcs,23590.0000,-22993.3400,.0000,.00,-1.0000,-23236.15,-22993.34,Main Location,67.0000,.0000
PI0001PI#000086,2025-09-15 00:00:00.000,Spark40 (6+128),33,I,21.0000,pcs,12874.8700,270372.2700,21.0000,270372.27,.0000,.00,.00,Main Location,166.0000,21.0000
SI0001SI#000567,2025-09-15 00:00:00.000,Spark40 (6+128),16,O,-2.0000,pcs,13210.0000,-25749.7400,.0000,.00,-2.0000,-26155.80,-25749.74,Main Location,166.0000,.0000
SI0001SI#000565,2025-09-15 00:00:00.000,Spark40 (6+128),16,O,-1.0000,pcs,13210.0000,-12874.8700,.0000,.00,-1.0000,-13011.85,-12874.87,Main Location,166.0000,.0000
PI0001PI#000077,2025-09-15 00:00:00.000,Spark40 (6+128),33,I,40.0000,pcs,12874.8700,514994.8000,40.0000,514994.80,.0000,.00,.00,Main Location,166.0000,40.0000
SI0001SI#000564,2025-09-15 00:00:00.000,Spark 40c (4+128),16,O,-1.0000,pcs,11790.0000,-11491.6700,.0000,.00,-1.0000,-11613.15,-11491.67,Main Location,162.0000,.0000
PI0001PI#000077,2025-09-15 00:00:00.000,Spark 40c (4+128),33,I,40.0000,pcs,11491.6700,459666.8000,40.0000,459666.80,.0000,.00,.00,Main Location,162.0000,40.0000
SI0001SI#000563,2025-09-15 00:00:00.000,Spark 40(8+256),16,O,-3.0000,pcs,15570.0000,-45540.6600,.0000,.00,-3.0000,-46009.35,-45540.66,Main Location,128.0000,.0000
SI0001SI#000562,2025-09-15 00:00:00.000,Spark 40(8+256),16,O,-2.0000,pcs,15570.0000,-30360.4400,.0000,.00,-2.0000,-30672.90,-30360.44,Main Location,128.0000,.0000
PI0001PI#000077,2025-09-15 00:00:00.000,Spark 40(8+256),33,I,20.0000,pcs,15180.2200,303604.4000,20.0000,303604.40,.0000,.00,.00,Main Location,128.0000,20.0000
SI0001SI#000567,2025-09-15 00:00:00.000,Spark 40 Pro,16,O,-1.0000,pcs,18870.0000,-18392.6800,.0000,.00,-1.0000,-18681.30,-18392.68,Main Location,72.0000,.0000
SI0001SI#000566,2025-09-15 00:00:00.000,Spark 40 Pro,16,O,-2.0000,pcs,18870.0000,-36785.3600,.0000,.00,-2.0000,-37173.90,-36785.36,Main Location,72.0000,.0000
SI0001SI#000563,2025-09-15 00:00:00.000,Spark 40 Pro,16,O,-1.0000,pcs,18870.0000,-18392.6800,.0000,.00,-1.0000,-18586.95,-18392.68,Main Location,72.0000,.0000
SI0001SI#000561,2025-09-15 00:00:00.000,Spark 40 Pro,16,O,-1.0000,pcs,18870.0000,-18392.6800,.0000,.00,-1.0000,-18870.00,-18392.68,Main Location,72.0000,.0000
PI0001PI#000077,2025-09-15 00:00:00.000,Spark 40 Pro,33,I,30.0000,pcs,18392.6800,551780.4000,30.0000,551780.40,.0000,.00,.00,Main Location,72.0000,30.0000
SI0001SI#000563,2025-09-15 00:00:00.000,Go2,16,O,-1.0000,pcs,10390.0000,-10144.1000,.0000,.00,-1.0000,-10234.15,-10144.10,Main Location,562.0000,.0000
SI0001SI#000561,2025-09-15 00:00:00.000,Go2,16,O,-2.0000,pcs,10390.0000,-20288.2000,.0000,.00,-2.0000,-20780.00,-20288.20,Main Location,562.0000,.0000
SI0001SI#000563,2025-09-15 00:00:00.000,Camon40 Pro,16,O,-2.0000,pcs,26410.0000,-51414.0000,.0000,.00,-2.0000,-52027.70,-51414.00,Main Location,39.0000,.0000
SI0001SI#000560,2025-09-14 00:00:00.000,Spark40 (6+128),16,O,-2.0000,pcs,13210.0000,-25749.7400,.0000,.00,-2.0000,-26023.70,-25749.74,Main Location,108.0000,.0000
SI0001SI#000558,2025-09-14 00:00:00.000,Spark40 (6+128),16,O,-1.0000,pcs,13210.0000,-12874.8700,.0000,.00,-1.0000,-13011.85,-12874.87,Main Location,108.0000,.0000
SI0001SI#000559,2025-09-14 00:00:00.000,Spark 40c (4+128),16,O,-2.0000,pcs,11790.0000,-22983.3400,.0000,.00,-2.0000,-23226.30,-22983.34,Main Location,123.0000,.0000
SI0001SI#000560,2025-09-14 00:00:00.000,Spark 40 Pro,16,O,-2.0000,pcs,18870.0000,-36785.3600,.0000,.00,-2.0000,-37173.90,-36785.36,Main Location,47.0000,.0000
SI0001SI#000557,2025-09-14 00:00:00.000,Spark 40 Pro,16,O,-10.0000,pcs,18394.0000,-183926.8000,.0000,.00,-10.0000,-183940.00,-183926.80,Main Location,47.0000,.0000
SI0001SI#000560,2025-09-14 00:00:00.000,Go2(3+64),16,O,-1.0000,pcs,9433.0000,-9181.8100,.0000,.00,-1.0000,-9291.50,-9181.81,Main Location,181.0000,.0000
SI0001SI#000559,2025-09-14 00:00:00.000,Go2(3+64),16,O,-3.0000,pcs,9430.0000,-27545.4300,.0000,.00,-3.0000,-27865.65,-27545.43,Main Location,181.0000,.0000
SI0001SI#000558,2025-09-14 00:00:00.000,Go2,16,O,-1.0000,pcs,10390.0000,-10144.1000,.0000,.00,-1.0000,-10234.15,-10144.10,Main Location,565.0000,.0000
SI0001SI#000557,2025-09-14 00:00:00.000,Go2,16,O,-20.0000,pcs,10145.0000,-202882.0000,.0000,.00,-20.0000,-202900.00,-202882.00,Main Location,565.0000,.0000
SI0001SI#000557,2025-09-14 00:00:00.000,Camon40 Pro,16,O,-1.0000,pcs,26410.0000,-25707.0000,.0000,.00,-1.0000,-25881.80,-25707.00,Main Location,41.0000,.0000
SI0001SI#000560,2025-09-14 00:00:00.000,Camon 40(8+128),16,O,-1.0000,pcs,21220.0000,-20653.6800,.0000,.00,-1.0000,-20901.70,-20653.68,Main Location,.0000,.0000
SI0001SI#000560,2025-09-14 00:00:00.000,Camon 40 Pro 5G,16,O,-1.0000,pcs,33020.0000,-32164.0000,.0000,.00,-1.0000,-32524.70,-32164.00,Main Location,4.0000,.0000
SI0001SI#000553,2025-09-12 00:00:00.000,Spark40 Pro Pius,16,O,-2.0000,pcs,23590.0000,-45986.6800,.0000,.00,-2.0000,-46472.30,-45986.68,Main Location,70.0000,.0000
SI0001SI#000552,2025-09-12 00:00:00.000,Spark40 Pro Pius,16,O,-1.0000,pcs,23590.0000,-22993.3400,.0000,.00,-1.0000,-23236.15,-22993.34,Main Location,70.0000,.0000
SI0001SI#000555,2025-09-12 00:00:00.000,Spark40 (6+128),16,O,-1.0000,pcs,13210.0000,-12874.8700,.0000,.00,-1.0000,-13077.90,-12874.87,Main Location,111.0000,.0000
SI0001SI#000553,2025-09-12 00:00:00.000,Spark40 (6+128),16,O,-2.0000,pcs,13210.0000,-25749.7400,.0000,.00,-2.0000,-26023.70,-25749.74,Main Location,111.0000,.0000
SI0001SI#000552,2025-09-12 00:00:00.000,Spark40 (6+128),16,O,-1.0000,pcs,13210.0000,-12874.8700,.0000,.00,-1.0000,-13011.85,-12874.87,Main Location,111.0000,.0000
SI0001SI#000551,2025-09-12 00:00:00.000,Spark40 (6+128),16,O,-18.0000,pcs,12876.0000,-231747.6600,.0000,.00,-18.0000,-231768.00,-231747.66,Main Location,111.0000,.0000
SI0001SI#000553,2025-09-12 00:00:00.000,Spark 40c (4+128),16,O,-3.0000,pcs,11790.0000,-34475.0100,.0000,.00,-3.0000,-34839.45,-34475.01,Main Location,125.0000,.0000
SI0001SI#000553,2025-09-12 00:00:00.000,Spark 40(8+256),16,O,-1.0000,pcs,15570.0000,-15180.2200,.0000,.00,-1.0000,-15336.45,-15180.22,Main Location,113.0000,.0000
SI0001SI#000556,2025-09-12 00:00:00.000,Spark 40 Pro,16,O,-2.0000,pcs,18870.0000,-36785.3600,.0000,.00,-2.0000,-36871.98,-36785.36,Main Location,59.0000,.0000
SI0001SI#000555,2025-09-12 00:00:00.000,Spark 40 Pro,16,O,-1.0000,pcs,18870.0000,-18392.6800,.0000,.00,-1.0000,-18681.30,-18392.68,Main Location,59.0000,.0000
PI0001PI#000076,2025-09-12 00:00:00.000,Spark 40 Pro,33,I,28.0000,pcs,18392.6800,514995.0400,28.0000,514995.04,.0000,.00,.00,Main Location,59.0000,28.0000
SI0001SI#000554,2025-09-12 00:00:00.000,Go2,16,O,-5.0000,pcs,10390.0000,-50720.5000,.0000,.00,-5.0000,-51170.75,-50720.50,Main Location,586.0000,.0000
SI0001SI#000552,2025-09-12 00:00:00.000,Go2,16,O,-1.0000,pcs,10390.0000,-10144.1000,.0000,.00,-1.0000,-10234.15,-10144.10,Main Location,586.0000,.0000
SI0001SI#000551,2025-09-12 00:00:00.000,Go2,16,O,-100.0000,pcs,10145.0000,-1014410.0000,.0000,.00,-100.0000,-1014500.00,-1014410.00,Main Location,586.0000,.0000
PI0001PI#000076,2025-09-12 00:00:00.000,Go2,33,I,180.0000,pcs,10144.1000,1825938.0000,180.0000,1825938.00,.0000,.00,.00,Main Location,586.0000,180.0000
SI0001SI#000554,2025-09-12 00:00:00.000,Camon40 Pro,16,O,-2.0000,pcs,26410.0000,-51414.0000,.0000,.00,-2.0000,-52027.70,-51414.00,Main Location,42.0000,.0000
SI0001SI#000552,2025-09-12 00:00:00.000,Camon40 Pro,16,O,-1.0000,pcs,26410.0000,-25707.0000,.0000,.00,-1.0000,-26013.85,-25707.00,Main Location,42.0000,.0000
SI0001SI#000550,2025-09-11 00:00:00.000,Spark40 Pro Pius,16,O,-5.0000,pcs,22993.0000,-114966.7000,.0000,.00,-5.0000,-114965.00,-114966.70,Main Location,73.0000,.0000
SI0001SI#000545,2025-09-11 00:00:00.000,Spark40 Pro Pius,16,O,-1.0000,pcs,23590.0000,-22993.3400,.0000,.00,-1.0000,-23236.15,-22993.34,Main Location,73.0000,.0000
SI0001SI#000550,2025-09-11 00:00:00.000,Spark40 (6+128),16,O,-1.0000,pcs,12876.0000,-12874.8700,.0000,.00,-1.0000,-12876.00,-12874.87,Main Location,133.0000,.0000
SI0001SI#000548,2025-09-11 00:00:00.000,Spark40 (6+128),16,O,-1.0000,pcs,13210.0000,-12874.8700,.0000,.00,-1.0000,-13011.85,-12874.87,Main Location,133.0000,.0000
SI0001SI#000547,2025-09-11 00:00:00.000,Spark40 (6+128),16,O,-1.0000,pcs,13210.0000,-12874.8700,.0000,.00,-1.0000,-13011.85,-12874.87,Main Location,133.0000,.0000
SI0001SI#000546,2025-09-11 00:00:00.000,Spark40 (6+128),16,O,-2.0000,pcs,13210.0000,-25749.7400,.0000,.00,-2.0000,-26420.00,-25749.74,Main Location,133.0000,.0000
SI0001SI#000545,2025-09-11 00:00:00.000,Spark 40c (4+128),16,O,-2.0000,pcs,11790.0000,-22983.3400,.0000,.00,-2.0000,-23580.00,-22983.34,Main Location,128.0000,.0000
SI0001SI#000550,2025-09-11 00:00:00.000,Spark 40(8+256),16,O,-10.0000,pcs,15181.0000,-151802.2000,.0000,.00,-10.0000,-151810.00,-151802.20,Main Location,114.0000,.0000
SI0001SI#000549,2025-09-11 00:00:00.000,Spark 40(8+256),16,O,-1.0000,pcs,15570.0000,-15180.2200,.0000,.00,-1.0000,-15336.45,-15180.22,Main Location,114.0000,.0000
SI0001SI#000547,2025-09-11 00:00:00.000,Spark 40(8+256),16,O,-1.0000,pcs,15570.0000,-15180.2200,.0000,.00,-1.0000,-15336.45,-15180.22,Main Location,114.0000,.0000
SI0001SI#000550,2025-09-11 00:00:00.000,Spark 40 Pro,16,O,-10.0000,pcs,18393.0000,-183926.8000,.0000,.00,-10.0000,-183930.00,-183926.80,Main Location,34.0000,.0000
SI0001SI#000547,2025-09-11 00:00:00.000,Spark 40 Pro,16,O,-1.0000,pcs,18870.0000,-18392.6800,.0000,.00,-1.0000,-18586.95,-18392.68,Main Location,34.0000,.0000
SI0001SI#000546,2025-09-11 00:00:00.000,Spark 40 Pro,16,O,-1.0000,pcs,18870.0000,-18392.6800,.0000,.00,-1.0000,-18870.00,-18392.68,Main Location,34.0000,.0000
SI0001SI#000545,2025-09-11 00:00:00.000,Spark 40 Pro,16,O,-2.0000,pcs,18870.0000,-36785.3600,.0000,.00,-2.0000,-37173.90,-36785.36,Main Location,34.0000,.0000
SI0001SI#000550,2025-09-11 00:00:00.000,Go2,16,O,-20.0000,pcs,10145.0000,-202882.0000,.0000,.00,-20.0000,-202900.00,-202882.00,Main Location,512.0000,.0000
SI0001SI#000548,2025-09-11 00:00:00.000,Go2,16,O,-2.0000,pcs,10390.0000,-20288.2000,.0000,.00,-2.0000,-20468.30,-20288.20,Main Location,512.0000,.0000
SI0001SI#000547,2025-09-11 00:00:00.000,Go2,16,O,-2.0000,pcs,10390.0000,-20288.2000,.0000,.00,-2.0000,-20468.30,-20288.20,Main Location,512.0000,.0000
SI0001SI#000546,2025-09-11 00:00:00.000,Go2,16,O,-1.0000,pcs,10390.0000,-10144.1000,.0000,.00,-1.0000,-10390.00,-10144.10,Main Location,512.0000,.0000
PI0001PI#000075,2025-09-11 00:00:00.000,Camon40 Pro,33,I,15.0000,pcs,25707.0000,385605.0000,15.0000,385605.00,.0000,.00,.00,Main Location,45.0000,15.0000
SI0001SI#000545,2025-09-11 00:00:00.000,Camon 40 Pro 5G,16,O,-1.0000,pcs,33020.0000,-32164.0000,.0000,.00,-1.0000,-32524.70,-32164.00,Main Location,5.0000,.0000
SI0001SI#000544,2025-09-10 00:00:00.000,Spark40 Pro Pius,16,O,-1.0000,pcs,23590.0000,-22993.3400,.0000,.00,-1.0000,-23354.10,-22993.34,Main Location,79.0000,.0000
SI0001SI#000542,2025-09-10 00:00:00.000,Spark40 Pro Pius,16,O,-1.0000,pcs,23590.0000,-22993.3400,.0000,.00,-1.0000,-23236.15,-22993.34,Main Location,79.0000,.0000
SI0001SI#000540,2025-09-10 00:00:00.000,Spark40 Pro Pius,16,O,-2.0000,pcs,23590.0000,-45986.6800,.0000,.00,-2.0000,-46472.30,-45986.68,Main Location,79.0000,.0000
SI0001SI#000544,2025-09-10 00:00:00.000,Spark40 (6+128),16,O,-2.0000,pcs,13210.0000,-25749.7400,.0000,.00,-2.0000,-26155.80,-25749.74,Main Location,138.0000,.0000
SI0001SI#000540,2025-09-10 00:00:00.000,Spark40 (6+128),16,O,-6.0000,pcs,13210.0000,-77249.2200,.0000,.00,-6.0000,-78071.10,-77249.22,Main Location,138.0000,.0000
SI0001SI#000542,2025-09-10 00:00:00.000,Spark 40c (4+128),16,O,-1.0000,pcs,11790.0000,-11491.6700,.0000,.00,-1.0000,-11613.15,-11491.67,Main Location,130.0000,.0000
SI0001SI#000541,2025-09-10 00:00:00.000,Spark 40c (4+128),16,O,-1.0000,pcs,11790.0000,-11491.6700,.0000,.00,-1.0000,-11613.15,-11491.67,Main Location,130.0000,.0000
SI0001SI#000539,2025-09-10 00:00:00.000,Spark 40c (4+128),16,O,-1.0000,pcs,11790.0000,-11491.6700,.0000,.00,-1.0000,-11613.15,-11491.67,Main Location,130.0000,.0000
SI0001SI#000544,2025-09-10 00:00:00.000,Spark 40(8+256),16,O,-1.0000,pcs,15570.0000,-15180.2200,.0000,.00,-1.0000,-15414.30,-15180.22,Main Location,126.0000,.0000
SI0001SI#000540,2025-09-10 00:00:00.000,Spark 40(8+256),16,O,-4.0000,pcs,15570.0000,-60720.8800,.0000,.00,-4.0000,-61345.80,-60720.88,Main Location,126.0000,.0000
SI0001SI#000542,2025-09-10 00:00:00.000,Spark 40 Pro,16,O,-1.0000,pcs,18870.0000,-18392.6800,.0000,.00,-1.0000,-18586.95,-18392.68,Main Location,48.0000,.0000
SI0001SI#000540,2025-09-10 00:00:00.000,Spark 40 Pro,16,O,-4.0000,pcs,18870.0000,-73570.7200,.0000,.00,-4.0000,-74347.80,-73570.72,Main Location,48.0000,.0000
SI0001SI#000543,2025-09-10 00:00:00.000,Go2,16,O,-1.0000,pcs,10390.0000,-10144.1000,.0000,.00,-1.0000,-10234.15,-10144.10,Main Location,537.0000,.0000
SI0001SI#000542,2025-09-10 00:00:00.000,Go2,16,O,-1.0000,pcs,10390.0000,-10144.1000,.0000,.00,-1.0000,-10234.15,-10144.10,Main Location,537.0000,.0000
SI0001SI#000541,2025-09-10 00:00:00.000,Go2,16,O,-10.0000,pcs,10390.0000,-101441.0000,.0000,.00,-10.0000,-102341.50,-101441.00,Main Location,537.0000,.0000
SI0001SI#000540,2025-09-10 00:00:00.000,Go2,16,O,-10.0000,pcs,10390.0000,-101441.0000,.0000,.00,-10.0000,-102341.50,-101441.00,Main Location,537.0000,.0000
SI0001SI#000539,2025-09-10 00:00:00.000,Go2,16,O,-1.0000,pcs,10390.0000,-10144.1000,.0000,.00,-1.0000,-10234.15,-10144.10,Main Location,537.0000,.0000
SI0001SI#000543,2025-09-10 00:00:00.000,Camon40 Pro,16,O,-9.0000,pcs,26410.0000,-231363.0000,.0000,.00,-9.0000,-234124.65,-231363.00,Main Location,30.0000,.0000
SI0001SI#000542,2025-09-10 00:00:00.000,Camon40 Pro,16,O,-1.0000,pcs,26410.0000,-25707.0000,.0000,.00,-1.0000,-26013.85,-25707.00,Main Location,30.0000,.0000
SI0001SI#000539,2025-09-10 00:00:00.000,Camon40 Pro,16,O,-1.0000,pcs,26410.0000,-25707.0000,.0000,.00,-1.0000,-26013.85,-25707.00,Main Location,30.0000,.0000
PI0001PI#000074,2025-09-10 00:00:00.000,Camon40 Pro,33,I,10.0000,pcs,25707.0000,257070.0000,10.0000,257070.00,.0000,.00,.00,Main Location,30.0000,10.0000
SI0001SI#000538,2025-09-09 00:00:00.000,Spark40 Pro Pius,16,O,-5.0000,pcs,23590.0000,-114966.7000,.0000,.00,-5.0000,-115591.00,-114966.70,Main Location,83.0000,.0000
SI0001SI#000537,2025-09-09 00:00:00.000,Spark40 Pro Pius,16,O,-5.0000,pcs,23590.0000,-114966.7000,.0000,.00,-5.0000,-115591.00,-114966.70,Main Location,83.0000,.0000
SI0001SI#000535,2025-09-09 00:00:00.000,Spark40 Pro Pius,16,O,-1.0000,pcs,23590.0000,-22993.3400,.0000,.00,-1.0000,-23590.00,-22993.34,Main Location,83.0000,.0000
SI0001SI#000534,2025-09-09 00:00:00.000,Spark40 Pro Pius,16,O,-1.0000,pcs,23590.0000,-22993.3400,.0000,.00,-1.0000,-23236.15,-22993.34,Main Location,83.0000,.0000
PI0001PI#000073,2025-09-09 00:00:00.000,Spark40 Pro Pius,33,I,88.0000,pcs,22993.3400,2023413.9200,88.0000,2023413.92,.0000,.00,.00,Main Location,83.0000,88.0000
SI0001SI#000538,2025-09-09 00:00:00.000,Spark40 (6+128),16,O,-12.0000,pcs,13210.0000,-154498.4400,.0000,.00,-12.0000,-154874.04,-154498.44,Main Location,146.0000,.0000
SI0001SI#000536,2025-09-09 00:00:00.000,Spark40 (6+128),16,O,-1.0000,pcs,13210.0000,-12874.8700,.0000,.00,-1.0000,-13077.90,-12874.87,Main Location,146.0000,.0000
PI0001PI#000073,2025-09-09 00:00:00.000,Spark 40c (4+128),33,I,64.0000,pcs,11491.6700,735466.8800,64.0000,735466.88,.0000,.00,.00,Main Location,133.0000,64.0000
PI0001PI#000073,2025-09-09 00:00:00.000,Spark 40(8+256),33,I,59.0000,pcs,15180.2200,895632.9800,59.0000,895632.98,.0000,.00,.00,Main Location,131.0000,59.0000
SI0001SI#000538,2025-09-09 00:00:00.000,Spark 40 Pro,16,O,-3.0000,pcs,18870.0000,-55178.0400,.0000,.00,-3.0000,-55307.97,-55178.04,Main Location,53.0000,.0000
SI0001SI#000537,2025-09-09 00:00:00.000,Spark 40 Pro,16,O,-5.0000,pcs,18870.0000,-91963.4000,.0000,.00,-5.0000,-92463.00,-91963.40,Main Location,53.0000,.0000
SI0001SI#000534,2025-09-09 00:00:00.000,Go2,16,O,-2.0000,pcs,10390.0000,-20288.2000,.0000,.00,-2.0000,-20468.30,-20288.20,Main Location,560.0000,.0000
PI0001PI#000073,2025-09-09 00:00:00.000,Go2,33,I,295.0000,pcs,10144.1000,2992509.5000,295.0000,2992509.50,.0000,.00,.00,Main Location,560.0000,295.0000
SI0001SI#000537,2025-09-09 00:00:00.000,Camon40 Pro,16,O,-1.0000,pcs,26410.0000,-25707.0000,.0000,.00,-1.0000,-26013.85,-25707.00,Main Location,31.0000,.0000
SI0001SI#000536,2025-09-09 00:00:00.000,Camon40 Pro,16,O,-2.0000,pcs,26410.0000,-51414.0000,.0000,.00,-2.0000,-52291.80,-51414.00,Main Location,31.0000,.0000
PI0001PI#000073,2025-09-09 00:00:00.000,Camon 40 Pro 5G,33,I,5.0000,pcs,32164.0000,160820.0000,5.0000,160820.00,.0000,.00,.00,Main Location,6.0000,5.0000
SI0001SI#000528,2025-09-08 00:00:00.000,Spark40 Pro Pius,16,O,-1.0000,pcs,23590.0000,-22993.3400,.0000,.00,-1.0000,-23354.10,-22993.34,Main Location,7.0000,.0000
SI0001SI#000531,2025-09-08 00:00:00.000,Spark40 (6+128),16,O,-2.0000,pcs,13210.0000,-25749.7400,.0000,.00,-2.0000,-26023.70,-25749.74,Main Location,159.0000,.0000
SI0001SI#000530,2025-09-08 00:00:00.000,Spark40 (6+128),16,O,-5.0000,pcs,13210.0000,-64374.3500,.0000,.00,-5.0000,-64729.00,-64374.35,Main Location,159.0000,.0000
SI0001SI#000529,2025-09-08 00:00:00.000,Spark40 (6+128),16,O,-2.0000,pcs,13210.0000,-25749.7400,.0000,.00,-2.0000,-26023.70,-25749.74,Main Location,159.0000,.0000
SI0001SI#000531,2025-09-08 00:00:00.000,Spark 40c (4+128),16,O,-2.0000,pcs,11790.0000,-22983.3400,.0000,.00,-2.0000,-23226.30,-22983.34,Main Location,69.0000,.0000
SI0001SI#000529,2025-09-08 00:00:00.000,Spark 40c (4+128),16,O,-2.0000,pcs,11790.0000,-22983.3400,.0000,.00,-2.0000,-23226.30,-22983.34,Main Location,69.0000,.0000
PI0001PI#000072,2025-09-08 00:00:00.000,Spark 40c (4+128),33,I,30.0000,pcs,11491.6700,344750.1000,30.0000,344750.10,.0000,.00,.00,Main Location,69.0000,30.0000
SI0001SI#000531,2025-09-08 00:00:00.000,Spark 40(8+256),16,O,-1.0000,pcs,15570.0000,-15180.2200,.0000,.00,-1.0000,-15336.45,-15180.22,Main Location,72.0000,.0000
SI0001SI#000533,2025-09-08 00:00:00.000,Spark 40 Pro,16,O,-2.0000,pcs,18870.0000,-36785.3600,.0000,.00,-2.0000,-37173.90,-36785.36,Main Location,61.0000,.0000
SI0001SI#000532,2025-09-08 00:00:00.000,Spark 40 Pro,16,O,-1.0000,pcs,18870.0000,-18392.6800,.0000,.00,-1.0000,-18586.95,-18392.68,Main Location,61.0000,.0000
SI0001SI#000529,2025-09-08 00:00:00.000,Spark 40 Pro,16,O,-2.0000,pcs,18870.0000,-36785.3600,.0000,.00,-2.0000,-37173.90,-36785.36,Main Location,61.0000,.0000
SI0001SI#000532,2025-09-08 00:00:00.000,Go2,16,O,-2.0000,pcs,10390.0000,-20288.2000,.0000,.00,-2.0000,-20468.30,-20288.20,Main Location,267.0000,.0000
SI0001SI#000531,2025-09-08 00:00:00.000,Go2,16,O,-4.0000,pcs,10390.0000,-40576.4000,.0000,.00,-4.0000,-40936.60,-40576.40,Main Location,267.0000,.0000
SI0001SI#000530,2025-09-08 00:00:00.000,Go2,16,O,-20.0000,pcs,10390.0000,-202882.0000,.0000,.00,-20.0000,-203644.00,-202882.00,Main Location,267.0000,.0000
SI0001SI#000530,2025-09-08 00:00:00.000,Go2,16,O,-4.0000,pcs,10390.0000,-40576.4000,.0000,.00,-4.0000,-40728.80,-40576.40,Main Location,267.0000,.0000
SI0001SI#000531,2025-09-08 00:00:00.000,Camon40 Pro,16,O,-1.0000,pcs,26410.0000,-25707.0000,.0000,.00,-1.0000,-26013.85,-25707.00,Main Location,34.0000,.0000
PI0001PI#000072,2025-09-08 00:00:00.000,Camon40 Pro,33,I,10.0000,pcs,25707.0000,257070.0000,10.0000,257070.00,.0000,.00,.00,Main Location,34.0000,10.0000
SI0001SI#000529,2025-09-08 00:00:00.000,Camon 40 Pro 5G,16,O,-3.0000,pcs,33020.0000,-96492.0000,.0000,.00,-3.0000,-97574.10,-96492.00,Main Location,1.0000,.0000
SI0001SI#000527,2025-09-07 00:00:00.000,Spark40 Pro Pius,16,O,-2.0000,pcs,23590.0000,-45986.6800,.0000,.00,-2.0000,-46472.30,-45986.68,Main Location,8.0000,.0000
SI0001SI#000523,2025-09-07 00:00:00.000,Spark40 Pro Pius,16,O,-1.0000,pcs,23590.0000,-22993.3400,.0000,.00,-1.0000,-23236.15,-22993.34,Main Location,8.0000,.0000
SI0001SI#000525,2025-09-07 00:00:00.000,Spark40 (6+128),16,O,-5.0000,pcs,13210.0000,-64374.3500,.0000,.00,-5.0000,-65059.25,-64374.35,Main Location,168.0000,.0000
SI0001SI#000522,2025-09-07 00:00:00.000,Spark40 (6+128),16,O,-2.0000,pcs,13210.0000,-25749.7400,.0000,.00,-2.0000,-26420.00,-25749.74,Main Location,168.0000,.0000
SI0001SI#000527,2025-09-07 00:00:00.000,Spark 40 Pro,16,O,-2.0000,pcs,18870.0000,-36785.3600,.0000,.00,-2.0000,-37173.90,-36785.36,Main Location,66.0000,.0000
SI0001SI#000524,2025-09-07 00:00:00.000,Spark 40 Pro,16,O,-1.0000,pcs,18870.0000,-18392.6800,.0000,.00,-1.0000,-18586.95,-18392.68,Main Location,66.0000,.0000
SI0001SI#000522,2025-09-07 00:00:00.000,Go2(3+64),16,O,-2.0000,pcs,9433.0000,-18363.6200,.0000,.00,-2.0000,-18866.00,-18363.62,Main Location,185.0000,.0000
SI0001SI#000527,2025-09-07 00:00:00.000,Go2,16,O,-1.0000,pcs,10390.0000,-10144.1000,.0000,.00,-1.0000,-10234.15,-10144.10,Main Location,297.0000,.0000
SI0001SI#000522,2025-09-07 00:00:00.000,Go2,16,O,-2.0000,pcs,10390.0000,-20288.2000,.0000,.00,-2.0000,-20780.00,-20288.20,Main Location,297.0000,.0000
SI0001SI#000526,2025-09-07 00:00:00.000,Camon40 Pro,16,O,-1.0000,pcs,26410.0000,-25707.0000,.0000,.00,-1.0000,-26013.85,-25707.00,Main Location,25.0000,.0000
SI0001SI#000521,2025-09-07 00:00:00.000,Camon40 Pro,16,O,-3.0000,pcs,26410.0000,-77121.0000,.0000,.00,-3.0000,-78437.70,-77121.00,Main Location,25.0000,.0000
SI0001SI#000518,2025-09-05 00:00:00.000,Spark40 Pro Pius,16,O,-4.0000,pcs,23590.0000,-91973.3600,.0000,.00,-4.0000,-92472.80,-91973.36,Main Location,11.0000,.0000
SI0001SI#000517,2025-09-05 00:00:00.000,Spark40 Pro Pius,16,O,-1.0000,pcs,23590.0000,-22993.3400,.0000,.00,-1.0000,-23236.15,-22993.34,Main Location,11.0000,.0000
SI0001SI#000520,2025-09-05 00:00:00.000,Spark40 (6+128),16,O,-2.0000,pcs,13210.0000,-25749.7400,.0000,.00,-2.0000,-26155.80,-25749.74,Main Location,175.0000,.0000
SI0001SI#000519,2025-09-05 00:00:00.000,Spark40 (6+128),16,O,-4.0000,pcs,13210.0000,-51499.4800,.0000,.00,-4.0000,-52311.60,-51499.48,Main Location,175.0000,.0000
SI0001SI#000518,2025-09-05 00:00:00.000,Spark40 (6+128),16,O,-5.0000,pcs,13210.0000,-64374.3500,.0000,.00,-5.0000,-64729.00,-64374.35,Main Location,175.0000,.0000
SI0001SI#000517,2025-09-05 00:00:00.000,Spark40 (6+128),16,O,-6.0000,pcs,13210.0000,-77249.2200,.0000,.00,-6.0000,-78071.10,-77249.22,Main Location,175.0000,.0000
PI0001PI#000071,2025-09-05 00:00:00.000,Spark40 (6+128),33,I,20.0000,pcs,12874.8700,257497.4000,20.0000,257497.40,.0000,.00,.00,Main Location,175.0000,20.0000
SI0001SI#000520,2025-09-05 00:00:00.000,Spark 40c (4+128),16,O,-2.0000,pcs,11790.0000,-22983.3400,.0000,.00,-2.0000,-23344.20,-22983.34,Main Location,43.0000,.0000
SI0001SI#000518,2025-09-05 00:00:00.000,Spark 40c (4+128),16,O,-10.0000,pcs,11790.0000,-114916.7000,.0000,.00,-10.0000,-115542.00,-114916.70,Main Location,43.0000,.0000
SI0001SI#000517,2025-09-05 00:00:00.000,Spark 40c (4+128),16,O,-5.0000,pcs,11790.0000,-57458.3500,.0000,.00,-5.0000,-58065.75,-57458.35,Main Location,43.0000,.0000
SI0001SI#000520,2025-09-05 00:00:00.000,Spark 40(8+256),16,O,-2.0000,pcs,15570.0000,-30360.4400,.0000,.00,-2.0000,-30828.60,-30360.44,Main Location,73.0000,.0000
SI0001SI#000517,2025-09-05 00:00:00.000,Spark 40(8+256),16,O,-2.0000,pcs,15570.0000,-30360.4400,.0000,.00,-2.0000,-30672.90,-30360.44,Main Location,73.0000,.0000
SI0001SI#000519,2025-09-05 00:00:00.000,Spark 40 Pro,16,O,-1.0000,pcs,18870.0000,-18392.6800,.0000,.00,-1.0000,-18681.30,-18392.68,Main Location,69.0000,.0000
SI0001SI#000517,2025-09-05 00:00:00.000,Spark 40 Pro,16,O,-2.0000,pcs,18870.0000,-36785.3600,.0000,.00,-2.0000,-37173.90,-36785.36,Main Location,69.0000,.0000
SI0001SI#000518,2025-09-05 00:00:00.000,Go2,16,O,-4.0000,pcs,10390.0000,-40576.4000,.0000,.00,-4.0000,-40728.80,-40576.40,Main Location,300.0000,.0000
SI0001SI#000517,2025-09-05 00:00:00.000,Go2,16,O,-8.0000,pcs,10390.0000,-81152.8000,.0000,.00,-8.0000,-81873.20,-81152.80,Main Location,300.0000,.0000
SI0001SI#000516,2025-09-05 00:00:00.000,Go2,16,O,-200.0000,pcs,9950.0000,-2028820.0000,.0000,.00,-200.0000,-1990000.00,-2028820.00,Main Location,300.0000,.0000
SI0001SI#000517,2025-09-05 00:00:00.000,Camon40 Pro,16,O,-2.0000,pcs,26410.0000,-51414.0000,.0000,.00,-2.0000,-52027.70,-51414.00,Main Location,29.0000,.0000
SI0001SI#000514,2025-09-04 00:00:00.000,Spark40 (6+128),16,O,-3.0000,pcs,13210.0000,-38624.6100,.0000,.00,-3.0000,-38837.40,-38624.61,Main Location,172.0000,.0000
SI0001SI#000513,2025-09-04 00:00:00.000,Spark40 (6+128),16,O,-2.0000,pcs,13210.0000,-25749.7400,.0000,.00,-2.0000,-26023.70,-25749.74,Main Location,172.0000,.0000
SI0001SI#000514,2025-09-04 00:00:00.000,Spark 40c (4+128),16,O,-10.0000,pcs,11790.0000,-114916.7000,.0000,.00,-10.0000,-115542.00,-114916.70,Main Location,60.0000,.0000
SI0001SI#000515,2025-09-04 00:00:00.000,Go2,16,O,-2.0000,pcs,10390.0000,-20288.2000,.0000,.00,-2.0000,-20780.00,-20288.20,Main Location,512.0000,.0000
SI0001SI#000514,2025-09-04 00:00:00.000,Go2,16,O,-33.0000,pcs,10390.0000,-334755.3000,.0000,.00,-33.0000,-336012.60,-334755.30,Main Location,512.0000,.0000
SI0001SI#000509,2025-09-03 00:00:00.000,Spark40 Pro Pius,16,O,-1.0000,pcs,23590.0000,-22993.3400,.0000,.00,-1.0000,-23354.10,-22993.34,Main Location,16.0000,.0000
SI0001SI#000508,2025-09-03 00:00:00.000,Spark40 (6+128),16,O,-30.0000,pcs,13210.0000,-386246.1000,.0000,.00,-30.0000,-390355.50,-386246.10,Main Location,177.0000,.0000
SI0001SI#000511,2025-09-03 00:00:00.000,Spark 40c (4+128),16,O,-2.0000,pcs,11790.0000,-22983.3400,.0000,.00,-2.0000,-23226.30,-22983.34,Main Location,70.0000,.0000
SI0001SI#000512,2025-09-03 00:00:00.000,Spark 40(8+256),16,O,-1.0000,pcs,15570.0000,-15180.2200,.0000,.00,-1.0000,-15336.45,-15180.22,Main Location,77.0000,.0000
SI0001SI#000508,2025-09-03 00:00:00.000,Spark 40(8+256),16,O,-10.0000,pcs,15770.0000,-151802.2000,.0000,.00,-10.0000,-155334.50,-151802.20,Main Location,77.0000,.0000
PI0001PI#000070,2025-09-03 00:00:00.000,Spark 40(8+256),33,I,10.0000,pcs,15180.2200,151802.2000,10.0000,151802.20,.0000,.00,.00,Main Location,77.0000,10.0000
SI0001SI#000512,2025-09-03 00:00:00.000,Spark 40 Pro,16,O,-2.0000,pcs,18870.0000,-36785.3600,.0000,.00,-2.0000,-37173.90,-36785.36,Main Location,72.0000,.0000
SI0001SI#000512,2025-09-03 00:00:00.000,Go2(3+64),16,O,-1.0000,pcs,9433.0000,-9181.8100,.0000,.00,-1.0000,-9291.50,-9181.81,Main Location,187.0000,.0000
SI0001SI#000512,2025-09-03 00:00:00.000,Go2,16,O,-1.0000,pcs,10390.0000,-10144.1000,.0000,.00,-1.0000,-10234.15,-10144.10,Main Location,547.0000,.0000
SI0001SI#000511,2025-09-03 00:00:00.000,Go2,16,O,-1.0000,pcs,10390.0000,-10144.1000,.0000,.00,-1.0000,-10234.15,-10144.10,Main Location,547.0000,.0000
SI0001SI#000508,2025-09-03 00:00:00.000,Go2,16,O,-20.0000,pcs,10390.0000,-202882.0000,.0000,.00,-20.0000,-204683.00,-202882.00,Main Location,547.0000,.0000
SI0001SI#000507,2025-09-03 00:00:00.000,Go2,16,O,-10.0000,pcs,10390.0000,-101441.0000,.0000,.00,-10.0000,-102341.50,-101441.00,Main Location,547.0000,.0000
SI0001SI#000512,2025-09-03 00:00:00.000,Camon40 Pro,16,O,-1.0000,pcs,26410.0000,-25707.0000,.0000,.00,-1.0000,-26013.85,-25707.00,Main Location,31.0000,.0000
SI0001SI#000507,2025-09-03 00:00:00.000,Camon40 Pro,16,O,-20.0000,pcs,26410.0000,-514140.0000,.0000,.00,-20.0000,-520277.00,-514140.00,Main Location,31.0000,.0000
SI0001SI#000510,2025-09-03 00:00:00.000,Camon 40 Pro 5G,16,O,-1.0000,pcs,33020.0000,-32164.0000,.0000,.00,-1.0000,-33020.00,-32164.00,Main Location,4.0000,.0000
SI0001SI#000505,2025-09-02 00:00:00.000,Spark40 Pro Pius,16,O,-4.0000,pcs,23590.0000,-91973.3600,.0000,.00,-4.0000,-93416.40,-91973.36,Main Location,17.0000,.0000
SI0001SI#000503,2025-09-02 00:00:00.000,Spark40 (6+128),16,O,-2.0000,pcs,13210.0000,-25749.7400,.0000,.00,-2.0000,-26023.70,-25749.74,Main Location,207.0000,.0000
SI0001SI#000506,2025-09-02 00:00:00.000,Spark40 (6+128),16,O,-1.0000,pcs,13210.0000,-12874.8700,.0000,.00,-1.0000,-13210.00,-12874.87,Main Location,207.0000,.0000
SI0001SI#000505,2025-09-02 00:00:00.000,Spark40 (6+128),16,O,-2.0000,pcs,13210.0000,-25749.7400,.0000,.00,-2.0000,-26155.80,-25749.74,Main Location,207.0000,.0000
SI0001SI#000504,2025-09-02 00:00:00.000,Spark40 (6+128),16,O,-5.0000,pcs,13210.0000,-64374.3500,.0000,.00,-5.0000,-64729.00,-64374.35,Main Location,207.0000,.0000
SI0001SI#000503,2025-09-02 00:00:00.000,Spark 40c (4+128),16,O,-1.0000,pcs,11790.0000,-11491.6700,.0000,.00,-1.0000,-11613.15,-11491.67,Main Location,72.0000,.0000
SI0001SI#000506,2025-09-02 00:00:00.000,Spark 40c (4+128),16,O,-1.0000,pcs,11790.0000,-11491.6700,.0000,.00,-1.0000,-11672.10,-11491.67,Main Location,72.0000,.0000
SI0001SI#000504,2025-09-02 00:00:00.000,Spark 40c (4+128),16,O,-5.0000,pcs,11790.0000,-57458.3500,.0000,.00,-5.0000,-57771.00,-57458.35,Main Location,72.0000,.0000
SI0001SI#000503,2025-09-02 00:00:00.000,Spark 40(8+256),16,O,-1.0000,pcs,15570.0000,-15180.2200,.0000,.00,-1.0000,-15336.45,-15180.22,Main Location,78.0000,.0000
SI0001SI#000505,2025-09-02 00:00:00.000,Spark 40(8+256),16,O,-2.0000,pcs,15570.0000,-30360.4400,.0000,.00,-2.0000,-30828.60,-30360.44,Main Location,78.0000,.0000
SI0001SI#000504,2025-09-02 00:00:00.000,Spark 40(8+256),16,O,-5.0000,pcs,15570.0000,-75901.1000,.0000,.00,-5.0000,-76293.00,-75901.10,Main Location,78.0000,.0000
SI0001SI#000503,2025-09-02 00:00:00.000,Spark 40 Pro,16,O,-1.0000,pcs,18870.0000,-18392.6800,.0000,.00,-1.0000,-18691.95,-18392.68,Main Location,74.0000,.0000
SI0001SI#000505,2025-09-02 00:00:00.000,Spark 40 Pro,16,O,-2.0000,pcs,18870.0000,-36785.3600,.0000,.00,-2.0000,-37362.60,-36785.36,Main Location,74.0000,.0000
SI0001SI#000505,2025-09-02 00:00:00.000,Go2(3+64),16,O,-1.0000,pcs,9433.0000,-9181.8100,.0000,.00,-1.0000,-9338.67,-9181.81,Main Location,188.0000,.0000
SI0001SI#000503,2025-09-02 00:00:00.000,Go2,16,O,-1.0000,pcs,10390.0000,-10144.1000,.0000,.00,-1.0000,-10234.15,-10144.10,Main Location,579.0000,.0000
SI0001SI#000506,2025-09-02 00:00:00.000,Go2,16,O,-2.0000,pcs,10390.0000,-20288.2000,.0000,.00,-2.0000,-20572.20,-20288.20,Main Location,579.0000,.0000
SI0001SI#000505,2025-09-02 00:00:00.000,Go2,16,O,-1.0000,pcs,10390.0000,-10144.1000,.0000,.00,-1.0000,-10286.10,-10144.10,Main Location,579.0000,.0000
SI0001SI#000504,2025-09-02 00:00:00.000,Go2,16,O,-5.0000,pcs,10390.0000,-50720.5000,.0000,.00,-5.0000,-50911.00,-50720.50,Main Location,579.0000,.0000
SI0001SI#000505,2025-09-02 00:00:00.000,Camon 40 Pro 5G,16,O,-2.0000,pcs,33020.0000,-64328.0000,.0000,.00,-2.0000,-65379.60,-64328.00,Main Location,5.0000,.0000
PI0001PI#000069,2025-08-31 00:00:00.000,Spark40 (6+128),33,I,60.0000,pcs,12874.8700,772492.2000,60.0000,772492.20,.0000,.00,.00,Main Location,217.0000,60.0000
SI0001SI#000501,2025-08-31 00:00:00.000,Spark40 (6+128),16,O,-1.0000,pcs,13210.0000,-12874.8700,.0000,.00,-1.0000,-13011.85,-12874.87,Main Location,217.0000,.0000
SI0001SI#000500,2025-08-31 00:00:00.000,Spark40 (6+128),16,O,-33.0000,pcs,12875.0000,-424870.7100,.0000,.00,-33.0000,-424875.00,-424870.71,Main Location,217.0000,.0000
SI0001SI#000498,2025-08-31 00:00:00.000,Spark40 (6+128),16,O,-1.0000,pcs,13210.0000,-12874.8700,.0000,.00,-1.0000,-13011.85,-12874.87,Main Location,217.0000,.0000
SI0001SI#000502,2025-08-31 00:00:00.000,Spark 40c (4+128),16,O,-5.0000,pcs,11790.0000,-57458.3500,.0000,.00,-5.0000,-58065.75,-57458.35,Main Location,79.0000,.0000
SI0001SI#000500,2025-08-31 00:00:00.000,Spark 40 Pro,16,O,-1.0000,pcs,18870.0000,-18392.6800,.0000,.00,-1.0000,-18586.95,-18392.68,Main Location,77.0000,.0000
PI0001PI#000069,2025-08-31 00:00:00.000,Go2,33,I,167.0000,pcs,10144.1000,1694064.7000,167.0000,1694064.70,.0000,.00,.00,Main Location,588.0000,167.0000
SI0001SI#000499,2025-08-31 00:00:00.000,Go2,16,O,-1.0000,pcs,10145.0000,-10144.1000,.0000,.00,-1.0000,-10145.00,-10144.10,Main Location,588.0000,.0000
SI0001SI#000497,2025-08-29 00:00:00.000,Spark40 Pro Pius,16,O,-1.0000,pcs,23590.0000,-22993.3400,.0000,.00,-1.0000,-23236.15,-22993.34,Main Location,21.0000,.0000
SI0001SI#000496,2025-08-29 00:00:00.000,Spark40 Pro Pius,16,O,-2.0000,pcs,23590.0000,-45986.6800,.0000,.00,-2.0000,-46236.40,-45986.68,Main Location,21.0000,.0000
SI0001SI#000496,2025-08-29 00:00:00.000,Spark 40(8+256),16,O,-3.0000,pcs,15570.0000,-45540.6600,.0000,.00,-3.0000,-45775.80,-45540.66,Main Location,86.0000,.0000
SI0001SI#000497,2025-08-29 00:00:00.000,Spark 40 Pro,16,O,-1.0000,pcs,18870.0000,-18392.6800,.0000,.00,-1.0000,-18586.95,-18392.68,Main Location,78.0000,.0000
SI0001SI#000497,2025-08-29 00:00:00.000,Go2(3+64),16,O,-1.0000,pcs,9433.0000,-9181.8100,.0000,.00,-1.0000,-9291.50,-9181.81,Main Location,189.0000,.0000
SI0001SI#000496,2025-08-29 00:00:00.000,Go2,16,O,-5.0000,pcs,10145.0000,-50720.5000,.0000,.00,-5.0000,-50725.00,-50720.50,Main Location,422.0000,.0000
PI0001PI#000068,2025-08-29 00:00:00.000,Go2,33,I,20.0000,pcs,10144.1000,202882.0000,20.0000,202882.00,.0000,.00,.00,Main Location,422.0000,20.0000
SI0001SI#000497,2025-08-29 00:00:00.000,Camon40 Pro,16,O,-1.0000,pcs,26410.0000,-25707.0000,.0000,.00,-1.0000,-26013.85,-25707.00,Main Location,52.0000,.0000
SI0001SI#000495,2025-08-28 00:00:00.000,Spark40 Pro Pius,16,O,-1.0000,pcs,23590.0000,-22993.3400,.0000,.00,-1.0000,-23047.43,-22993.34,Main Location,24.0000,.0000
SI0001SI#000494,2025-08-28 00:00:00.000,Spark40 (6+128),16,O,-1.0000,pcs,13210.0000,-12874.8700,.0000,.00,-1.0000,-13011.85,-12874.87,Main Location,192.0000,.0000
SI0001SI#000492,2025-08-28 00:00:00.000,Spark40 (6+128),16,O,-25.0000,pcs,12876.0000,-321871.7500,.0000,.00,-25.0000,-321900.00,-321871.75,Main Location,192.0000,.0000
SI0001SI#000494,2025-08-28 00:00:00.000,Spark 40(8+256),16,O,-1.0000,pcs,15570.0000,-15180.2200,.0000,.00,-1.0000,-15336.45,-15180.22,Main Location,89.0000,.0000
SI0001SI#000493,2025-08-28 00:00:00.000,Spark 40(8+256),16,O,-1.0000,pcs,15570.0000,-15180.2200,.0000,.00,-1.0000,-15336.45,-15180.22,Main Location,89.0000,.0000
SI0001SI#000492,2025-08-28 00:00:00.000,Spark 40(8+256),16,O,-13.0000,pcs,15570.0000,-197342.8600,.0000,.00,-13.0000,-197754.57,-197342.86,Main Location,89.0000,.0000
SI0001SI#000492,2025-08-28 00:00:00.000,Spark 40 Pro,16,O,-5.0000,pcs,18870.0000,-91963.4000,.0000,.00,-5.0000,-92179.95,-91963.40,Main Location,79.0000,.0000
SI0001SI#000495,2025-08-28 00:00:00.000,Go2,16,O,-11.0000,pcs,10145.0000,-111585.1000,.0000,.00,-11.0000,-111595.00,-111585.10,Main Location,407.0000,.0000
SI0001SI#000492,2025-08-28 00:00:00.000,Go2,16,O,-45.0000,pcs,10145.0000,-456484.5000,.0000,.00,-45.0000,-456525.00,-456484.50,Main Location,407.0000,.0000
SI0001SI#000492,2025-08-28 00:00:00.000,Camon40 Pro,16,O,-11.0000,pcs,25708.0000,-282777.0000,.0000,.00,-11.0000,-282788.00,-282777.00,Main Location,53.0000,.0000
SI0001SI#000495,2025-08-28 00:00:00.000,Camon40 8+256,16,O,-3.0000,pcs,22640.0000,-66125.7000,.0000,.00,-3.0000,-66357.84,-66125.70,Main Location,.0000,.0000
SI0001SI#000492,2025-08-28 00:00:00.000,Camon40 8+256,16,O,-3.0000,pcs,22640.0000,-66125.7000,.0000,.00,-3.0000,-66222.00,-66125.70,Main Location,.0000,.0000
SI0001SI#000490,2025-08-27 00:00:00.000,Spark40 Pro Pius,16,O,-1.0000,pcs,23590.0000,-22993.3400,.0000,.00,-1.0000,-23354.10,-22993.34,Main Location,25.0000,.0000
PI0001PI#000067,2025-08-27 00:00:00.000,Spark40 (6+128),33,I,40.0000,pcs,12874.8700,514994.8000,40.0000,514994.80,.0000,.00,.00,Main Location,218.0000,40.0000
SI0001SI#000487,2025-08-27 00:00:00.000,Spark 40c (4+128),16,O,-2.0000,pcs,11790.0000,-22983.3400,.0000,.00,-2.0000,-23226.30,-22983.34,Main Location,84.0000,.0000
SI0001SI#000487,2025-08-27 00:00:00.000,Go2(3+64),16,O,-5.0000,pcs,9433.0000,-45909.0500,.0000,.00,-5.0000,-46457.52,-45909.05,Main Location,190.0000,.0000
SI0001SI#000491,2025-08-27 00:00:00.000,Camon40 Pro,16,O,-1.0000,pcs,26410.0000,-25707.0000,.0000,.00,-1.0000,-26013.85,-25707.00,Main Location,64.0000,.0000
SI0001SI#000489,2025-08-27 00:00:00.000,Camon40 Pro,16,O,-20.0000,pcs,26410.0000,-514140.0000,.0000,.00,-20.0000,-517636.00,-514140.00,Main Location,64.0000,.0000
SI0001SI#000488,2025-08-27 00:00:00.000,Camon40 Pro,16,O,-1.0000,pcs,26410.0000,-25707.0000,.0000,.00,-1.0000,-26013.85,-25707.00,Main Location,64.0000,.0000
SI0001SI#000487,2025-08-27 00:00:00.000,Camon 40 Pro 5G,16,O,-1.0000,pcs,33020.0000,-32164.0000,.0000,.00,-1.0000,-32524.70,-32164.00,Main Location,7.0000,.0000
SI0001SI#000486,2025-08-26 00:00:00.000,Camon40 Pro,16,O,-1.0000,pcs,26410.0000,-25707.0000,.0000,.00,-1.0000,-26013.85,-25707.00,Main Location,86.0000,.0000
SI0001SI#000485,2025-08-26 00:00:00.000,Camon40 Pro,16,O,-2.0000,pcs,26410.0000,-51414.0000,.0000,.00,-2.0000,-52027.70,-51414.00,Main Location,86.0000,.0000
SI0001SI#000484,2025-08-26 00:00:00.000,Camon40 Pro,16,O,-5.0000,pcs,26410.0000,-128535.0000,.0000,.00,-5.0000,-130729.50,-128535.00,Main Location,86.0000,.0000
SI0001SI#000482,2025-08-25 00:00:00.000,Spark40 Pro Pius,16,O,-3.0000,pcs,23590.0000,-68980.0200,.0000,.00,-3.0000,-69708.45,-68980.02,Main Location,26.0000,.0000
SI0001SI#000481,2025-08-25 00:00:00.000,Spark40 (6+128),16,O,-1.0000,pcs,13210.0000,-12874.8700,.0000,.00,-1.0000,-13011.85,-12874.87,Main Location,178.0000,.0000
PI0001PI#000066,2025-08-25 00:00:00.000,Spark 40(8+256),33,I,30.0000,pcs,15180.2200,455406.6000,30.0000,455406.60,.0000,.00,.00,Main Location,104.0000,30.0000
PI0001PI#000066,2025-08-25 00:00:00.000,Go2,33,I,50.0000,pcs,10144.1000,507205.0000,50.0000,507205.00,.0000,.00,.00,Main Location,463.0000,50.0000
PI0001PI#000066,2025-08-25 00:00:00.000,Camon40 Pro,33,I,57.0000,pcs,25707.0000,1465299.0000,57.0000,1465299.00,.0000,.00,.00,Main Location,94.0000,57.0000
SI0001SI#000483,2025-08-25 00:00:00.000,Camon40 Pro,16,O,-2.0000,pcs,26410.0000,-51414.0000,.0000,.00,-2.0000,-52291.80,-51414.00,Main Location,94.0000,.0000
SI0001SI#000480,2025-08-25 00:00:00.000,Camon40 Pro,16,O,-5.0000,pcs,26410.0000,-128535.0000,.0000,.00,-5.0000,-130069.25,-128535.00,Main Location,94.0000,.0000
SI0001SI#000479,2025-08-24 00:00:00.000,Spark40 Pro Pius,16,O,-2.0000,pcs,23590.0000,-45986.6800,.0000,.00,-2.0000,-46472.30,-45986.68,Main Location,29.0000,.0000
SI0001SI#000478,2025-08-24 00:00:00.000,Spark40 Pro Pius,16,O,-1.0000,pcs,23590.0000,-22993.3400,.0000,.00,-1.0000,-23236.15,-22993.34,Main Location,29.0000,.0000
SI0001SI#000478,2025-08-24 00:00:00.000,Spark40 (6+128),16,O,-1.0000,pcs,13210.0000,-12874.8700,.0000,.00,-1.0000,-13011.85,-12874.87,Main Location,179.0000,.0000
SI0001SI#000479,2025-08-24 00:00:00.000,Spark 40(8+256),16,O,-1.0000,pcs,15570.0000,-15180.2200,.0000,.00,-1.0000,-15336.45,-15180.22,Main Location,74.0000,.0000
SI0001SI#000478,2025-08-24 00:00:00.000,Go2,16,O,-4.0000,pcs,10390.0000,-40576.4000,.0000,.00,-4.0000,-40936.60,-40576.40,Main Location,413.0000,.0000
SI0001SI#000479,2025-08-24 00:00:00.000,Camon40 Pro,16,O,-1.0000,pcs,26410.0000,-25707.0000,.0000,.00,-1.0000,-26013.85,-25707.00,Main Location,44.0000,.0000
SI0001SI#000476,2025-08-22 00:00:00.000,Spark40 Pro Pius,16,O,-1.0000,pcs,23590.0000,-22993.3400,.0000,.00,-1.0000,-23236.15,-22993.34,Main Location,32.0000,.0000
SI0001SI#000476,2025-08-22 00:00:00.000,Spark40 (6+128),16,O,-2.0000,pcs,13210.0000,-25749.7400,.0000,.00,-2.0000,-26023.70,-25749.74,Main Location,180.0000,.0000
SI0001SI#000476,2025-08-22 00:00:00.000,Spark 40c (4+128),16,O,-2.0000,pcs,11790.0000,-22983.3400,.0000,.00,-2.0000,-23297.01,-22983.34,Main Location,86.0000,.0000
SI0001SI#000473,2025-08-22 00:00:00.000,Go2(3+64),16,O,-2.0000,pcs,9433.0000,-18363.6200,.0000,.00,-2.0000,-18583.01,-18363.62,Main Location,195.0000,.0000
SI0001SI#000476,2025-08-22 00:00:00.000,Go2,16,O,-2.0000,pcs,10390.0000,-20288.2000,.0000,.00,-2.0000,-20780.00,-20288.20,Main Location,417.0000,.0000
SI0001SI#000473,2025-08-22 00:00:00.000,Camon40 Pro,16,O,-2.0000,pcs,26410.0000,-51414.0000,.0000,.00,-2.0000,-52027.70,-51414.00,Main Location,45.0000,.0000
SI0001SI#000475,2025-08-22 00:00:00.000,Camon40 8+256,16,O,-1.0000,pcs,22640.0000,-22041.9000,.0000,.00,-1.0000,-22300.40,-22041.90,Main Location,6.0000,.0000
SI0001SI#000474,2025-08-22 00:00:00.000,Camon40 8+256,16,O,-2.0000,pcs,22640.0000,-44083.8000,.0000,.00,-2.0000,-44600.80,-44083.80,Main Location,6.0000,.0000
SI0001SI#000472,2025-08-21 00:00:00.000,Spark40 Pro Pius,16,O,-1.0000,pcs,23590.0000,-22993.3400,.0000,.00,-1.0000,-23236.15,-22993.34,Main Location,33.0000,.0000
SI0001SI#000470,2025-08-21 00:00:00.000,Spark40 Pro Pius,16,O,-1.0000,pcs,23590.0000,-22993.3400,.0000,.00,-1.0000,-23236.15,-22993.34,Main Location,33.0000,.0000
SI0001SI#000469,2025-08-21 00:00:00.000,Spark40 Pro Pius,16,O,-1.0000,pcs,23590.0000,-22993.3400,.0000,.00,-1.0000,-23354.10,-22993.34,Main Location,33.0000,.0000
SI0001SI#000470,2025-08-21 00:00:00.000,Spark40 (6+128),16,O,-2.0000,pcs,13210.0000,-25749.7400,.0000,.00,-2.0000,-26023.70,-25749.74,Main Location,182.0000,.0000
SI0001SI#000469,2025-08-21 00:00:00.000,Spark40 (6+128),16,O,-1.0000,pcs,13210.0000,-12874.8700,.0000,.00,-1.0000,-13077.90,-12874.87,Main Location,182.0000,.0000
SI0001SI#000469,2025-08-21 00:00:00.000,Spark 40c (4+128),16,O,-1.0000,pcs,11790.0000,-11491.6700,.0000,.00,-1.0000,-11672.10,-11491.67,Main Location,88.0000,.0000
PI0001PI#000065,2025-08-21 00:00:00.000,Spark 40(8+256),33,I,52.0000,pcs,15180.2200,789371.4400,52.0000,789371.44,.0000,.00,.00,Main Location,75.0000,52.0000
SI0001SI#000470,2025-08-21 00:00:00.000,Spark 40 Pro,16,O,-1.0000,pcs,18870.0000,-18392.6800,.0000,.00,-1.0000,-18586.95,-18392.68,Main Location,84.0000,.0000
SI0001SI#000472,2025-08-21 00:00:00.000,Go2,16,O,-13.0000,pcs,10390.0000,-131873.3000,.0000,.00,-13.0000,-132368.60,-131873.30,Main Location,419.0000,.0000
SI0001SI#000471,2025-08-21 00:00:00.000,Go2,16,O,-2.0000,pcs,10390.0000,-20288.2000,.0000,.00,-2.0000,-20468.30,-20288.20,Main Location,419.0000,.0000
SI0001SI#000470,2025-08-21 00:00:00.000,Go2,16,O,-3.0000,pcs,10390.0000,-30432.3000,.0000,.00,-3.0000,-30702.45,-30432.30,Main Location,419.0000,.0000
SI0001SI#000468,2025-08-21 00:00:00.000,Go2,16,O,-40.0000,pcs,10145.0000,-405764.0000,.0000,.00,-40.0000,-405800.00,-405764.00,Main Location,419.0000,.0000
SI0001SI#000471,2025-08-21 00:00:00.000,Camon40 8+256,16,O,-3.0000,pcs,22640.0000,-66125.7000,.0000,.00,-3.0000,-66901.20,-66125.70,Main Location,9.0000,.0000
PI0001PI#000064,2025-08-21 00:00:00.000,Camon40 8+256,33,I,12.0000,pcs,22041.9000,264502.8000,12.0000,264502.80,.0000,.00,.00,Main Location,9.0000,12.0000
SI0001SI#000471,2025-08-21 00:00:00.000,Camon 40(8+128),16,O,-2.0000,pcs,21220.0000,-41307.3600,.0000,.00,-2.0000,-41803.40,-41307.36,Main Location,1.0000,.0000
PI0001PI#000064,2025-08-21 00:00:00.000,Camon 40(8+128),33,I,3.0000,pcs,20653.6800,61961.0400,3.0000,61961.04,.0000,.00,.00,Main Location,1.0000,3.0000
SI0001SI#000467,2025-08-20 00:00:00.000,Spark40 Pro Pius,16,O,-2.0000,pcs,23590.0000,-45986.6800,.0000,.00,-2.0000,-46472.30,-45986.68,Main Location,36.0000,.0000
SI0001SI#000462,2025-08-20 00:00:00.000,Spark40 Pro Pius,16,O,-1.0000,pcs,23590.0000,-22993.3400,.0000,.00,-1.0000,-23236.15,-22993.34,Main Location,36.0000,.0000
SI0001SI#000477,2025-08-20 00:00:00.000,Spark40 (6+128),16,O,-20.0000,pcs,12875.0000,-257497.4000,.0000,.00,-20.0000,-257500.00,-257497.40,Main Location,185.0000,.0000
SI0001SI#000466,2025-08-20 00:00:00.000,Spark40 (6+128),16,O,-1.0000,pcs,13210.0000,-12874.8700,.0000,.00,-1.0000,-13011.85,-12874.87,Main Location,185.0000,.0000
SI0001SI#000465,2025-08-20 00:00:00.000,Spark40 (6+128),16,O,-1.0000,pcs,13210.0000,-12874.8700,.0000,.00,-1.0000,-13210.00,-12874.87,Main Location,185.0000,.0000
PI0001PI#000063,2025-08-20 00:00:00.000,Spark40 (6+128),33,I,200.0000,pcs,12874.8700,2574974.0000,200.0000,2574974.00,.0000,.00,.00,Main Location,185.0000,200.0000
SI0001SI#000477,2025-08-20 00:00:00.000,Spark 40c (4+128),16,O,-20.0000,pcs,11790.0000,-229833.4000,.0000,.00,-20.0000,-230376.60,-229833.40,Main Location,89.0000,.0000
SI0001SI#000463,2025-08-20 00:00:00.000,Spark 40c (4+128),16,O,-2.0000,pcs,11790.0000,-22983.3400,.0000,.00,-2.0000,-23226.30,-22983.34,Main Location,89.0000,.0000
SI0001SI#000463,2025-08-20 00:00:00.000,Spark 40 Pro,16,O,-3.0000,pcs,18870.0000,-55178.0400,.0000,.00,-3.0000,-55760.85,-55178.04,Main Location,85.0000,.0000
SI0001SI#000462,2025-08-20 00:00:00.000,Spark 40 Pro,16,O,-2.0000,pcs,18870.0000,-36785.3600,.0000,.00,-2.0000,-37173.90,-36785.36,Main Location,85.0000,.0000
SI0001SI#000465,2025-08-20 00:00:00.000,Go2,16,O,-1.0000,pcs,10390.0000,-10144.1000,.0000,.00,-1.0000,-10390.00,-10144.10,Main Location,477.0000,.0000
SI0001SI#000464,2025-08-20 00:00:00.000,Go2,16,O,-2.0000,pcs,10390.0000,-20288.2000,.0000,.00,-2.0000,-20468.30,-20288.20,Main Location,477.0000,.0000
SI0001SI#000463,2025-08-20 00:00:00.000,Go2,16,O,-3.0000,pcs,10390.0000,-30432.3000,.0000,.00,-3.0000,-30702.45,-30432.30,Main Location,477.0000,.0000
SI0001SI#000464,2025-08-20 00:00:00.000,Camon 40 Pro 5G,16,O,-2.0000,pcs,33020.0000,-64328.0000,.0000,.00,-2.0000,-65049.40,-64328.00,Main Location,8.0000,.0000
PI0001PI#000062,2025-08-19 00:00:00.000,Spark 40(8+256),33,I,10.0000,pcs,15180.2200,151802.2000,10.0000,151802.20,.0000,.00,.00,Main Location,23.0000,10.0000
SI0001SI#000461,2025-08-19 00:00:00.000,Spark 40 Pro,16,O,-1.0000,pcs,18870.0000,-18392.6800,.0000,.00,-1.0000,-18586.95,-18392.68,Main Location,90.0000,.0000
SI0001SI#000460,2025-08-19 00:00:00.000,GO1 4+64,16,O,-5.0000,pcs,10425.0000,-50971.0500,.0000,.00,-5.0000,-52125.00,-50971.05,Main Location,13.0000,.0000
PI0001PI#000062,2025-08-19 00:00:00.000,Camon 40 Pro 5G,33,I,10.0000,pcs,32164.0000,321640.0000,10.0000,321640.00,.0000,.00,.00,Main Location,10.0000,10.0000
PI0001PI#000061,2025-08-18 00:00:00.000,Spark40 Pro Pius,33,I,20.0000,pcs,22993.3400,459866.8000,20.0000,459866.80,.0000,.00,.00,Main Location,39.0000,20.0000
SI0001SI#000459,2025-08-18 00:00:00.000,Spark40 Pro Pius,16,O,-2.0000,pcs,23590.0000,-45986.6800,.0000,.00,-2.0000,-46472.30,-45986.68,Main Location,39.0000,.0000
SI0001SI#000459,2025-08-18 00:00:00.000,Spark40 (6+128),16,O,-1.0000,pcs,13210.0000,-12874.8700,.0000,.00,-1.0000,-13011.85,-12874.87,Main Location,7.0000,.0000
SI0001SI#000458,2025-08-18 00:00:00.000,Spark40 (6+128),16,O,-2.0000,pcs,13210.0000,-25749.7400,.0000,.00,-2.0000,-26023.70,-25749.74,Main Location,7.0000,.0000
SI0001SI#000457,2025-08-18 00:00:00.000,Spark40 (6+128),16,O,-2.0000,pcs,13210.0000,-25749.7400,.0000,.00,-2.0000,-26023.70,-25749.74,Main Location,7.0000,.0000
SI0001SI#000455,2025-08-18 00:00:00.000,Spark40 (6+128),16,O,-4.0000,pcs,13210.0000,-51499.4800,.0000,.00,-4.0000,-52047.40,-51499.48,Main Location,7.0000,.0000
SI0001SI#000458,2025-08-18 00:00:00.000,Spark 40c (4+128),16,O,-2.0000,pcs,11790.0000,-22983.3400,.0000,.00,-2.0000,-23226.30,-22983.34,Main Location,111.0000,.0000
SI0001SI#000457,2025-08-18 00:00:00.000,Spark 40(8+256),16,O,-3.0000,pcs,15570.0000,-45540.6600,.0000,.00,-3.0000,-46009.35,-45540.66,Main Location,13.0000,.0000
SI0001SI#000456,2025-08-18 00:00:00.000,Spark 40(8+256),16,O,-2.0000,pcs,15570.0000,-30360.4400,.0000,.00,-2.0000,-30672.90,-30360.44,Main Location,13.0000,.0000
PI0001PI#000061,2025-08-18 00:00:00.000,Spark 40 Pro,33,I,30.0000,pcs,18392.6800,551780.4000,30.0000,551780.40,.0000,.00,.00,Main Location,91.0000,30.0000
SI0001SI#000457,2025-08-18 00:00:00.000,Spark 40 Pro,16,O,-3.0000,pcs,18870.0000,-55178.0400,.0000,.00,-3.0000,-55760.85,-55178.04,Main Location,91.0000,.0000
SI0001SI#000457,2025-08-18 00:00:00.000,Go2,16,O,-5.0000,pcs,10390.0000,-50720.5000,.0000,.00,-5.0000,-51170.75,-50720.50,Main Location,483.0000,.0000
SI0001SI#000455,2025-08-18 00:00:00.000,Go2,16,O,-2.0000,pcs,10390.0000,-20288.2000,.0000,.00,-2.0000,-20468.30,-20288.20,Main Location,483.0000,.0000
SI0001SI#000455,2025-08-18 00:00:00.000,Camon40 Pro,16,O,-2.0000,pcs,26410.0000,-51414.0000,.0000,.00,-2.0000,-52027.70,-51414.00,Main Location,47.0000,.0000
SI0001SI#000454,2025-08-17 00:00:00.000,Spark40 (6+128),16,O,-6.0000,pcs,13210.0000,-77249.2200,.0000,.00,-6.0000,-78071.10,-77249.22,Main Location,16.0000,.0000
SI0001SI#000449,2025-08-15 00:00:00.000,Spark40 Pro Pius,16,O,-2.0000,pcs,23590.0000,-45986.6800,.0000,.00,-2.0000,-46472.30,-45986.68,Main Location,21.0000,.0000
SI0001SI#000451,2025-08-15 00:00:00.000,Spark40 (6+128),16,O,-10.0000,pcs,13210.0000,-128748.7000,.0000,.00,-10.0000,-130118.50,-128748.70,Main Location,22.0000,.0000
SI0001SI#000450,2025-08-15 00:00:00.000,Spark40 (6+128),16,O,-20.0000,pcs,13210.0000,-257497.4000,.0000,.00,-20.0000,-260237.00,-257497.40,Main Location,22.0000,.0000
SI0001SI#000449,2025-08-15 00:00:00.000,Spark40 (6+128),16,O,-6.0000,pcs,13210.0000,-77249.2200,.0000,.00,-6.0000,-78071.10,-77249.22,Main Location,22.0000,.0000
SI0001SI#000449,2025-08-15 00:00:00.000,Spark 40c (4+128),16,O,-5.0000,pcs,11790.0000,-57458.3500,.0000,.00,-5.0000,-58065.75,-57458.35,Main Location,113.0000,.0000
SI0001SI#000452,2025-08-15 00:00:00.000,Spark 40(8+256),16,O,-2.0000,pcs,15570.0000,-30360.4400,.0000,.00,-2.0000,-30672.90,-30360.44,Main Location,18.0000,.0000
SI0001SI#000451,2025-08-15 00:00:00.000,Spark 40(8+256),16,O,-10.0000,pcs,15570.0000,-151802.2000,.0000,.00,-10.0000,-153364.50,-151802.20,Main Location,18.0000,.0000
SI0001SI#000450,2025-08-15 00:00:00.000,Spark 40(8+256),16,O,-10.0000,pcs,15570.0000,-151802.2000,.0000,.00,-10.0000,-153364.50,-151802.20,Main Location,18.0000,.0000
PI0001PI#000060,2025-08-15 00:00:00.000,Spark 40(8+256),33,I,30.0000,pcs,15180.2200,455406.6000,30.0000,455406.60,.0000,.00,.00,Main Location,18.0000,30.0000
SI0001SI#000450,2025-08-15 00:00:00.000,Spark 40 Pro,16,O,-10.0000,pcs,18870.0000,-183926.8000,.0000,.00,-10.0000,-185869.50,-183926.80,Main Location,64.0000,.0000
SI0001SI#000449,2025-08-15 00:00:00.000,Spark 40 Pro,16,O,-2.0000,pcs,18870.0000,-36785.3600,.0000,.00,-2.0000,-37173.90,-36785.36,Main Location,64.0000,.0000
SI0001SI#000453,2025-08-15 00:00:00.000,Go2,16,O,-1.0000,pcs,10390.0000,-10144.1000,.0000,.00,-1.0000,-10234.15,-10144.10,Main Location,490.0000,.0000
SI0001SI#000452,2025-08-15 00:00:00.000,Go2,16,O,-2.0000,pcs,10390.0000,-20288.2000,.0000,.00,-2.0000,-20572.20,-20288.20,Main Location,490.0000,.0000
SI0001SI#000451,2025-08-15 00:00:00.000,Go2,16,O,-10.0000,pcs,10390.0000,-101441.0000,.0000,.00,-10.0000,-102341.50,-101441.00,Main Location,490.0000,.0000
SI0001SI#000450,2025-08-15 00:00:00.000,Go2,16,O,-20.0000,pcs,10390.0000,-202882.0000,.0000,.00,-20.0000,-203644.00,-202882.00,Main Location,490.0000,.0000
SI0001SI#000449,2025-08-15 00:00:00.000,Go2,16,O,-1.0000,pcs,10390.0000,-10144.1000,.0000,.00,-1.0000,-10234.15,-10144.10,Main Location,490.0000,.0000
PI0001PI#000060,2025-08-15 00:00:00.000,Camon40 Pro,33,I,15.0000,pcs,25707.0000,385605.0000,15.0000,385605.00,.0000,.00,.00,Main Location,49.0000,15.0000
SI0001SI#000445,2025-08-14 00:00:00.000,Spark40 Pro Pius,16,O,-3.0000,pcs,23590.0000,-68980.0200,.0000,.00,-3.0000,-69708.45,-68980.02,Main Location,23.0000,.0000
SI0001SI#000444,2025-08-14 00:00:00.000,Spark40 Pro Pius,16,O,-3.0000,pcs,23590.0000,-68980.0200,.0000,.00,-3.0000,-69708.45,-68980.02,Main Location,23.0000,.0000
SI0001SI#000441,2025-08-14 00:00:00.000,Spark40 Pro Pius,16,O,-3.0000,pcs,23590.0000,-68980.0200,.0000,.00,-3.0000,-69708.45,-68980.02,Main Location,23.0000,.0000
PI0001PI#000059,2025-08-14 00:00:00.000,Spark40 Pro Pius,33,I,32.0000,pcs,22993.3400,735786.8800,32.0000,735786.88,.0000,.00,.00,Main Location,23.0000,32.0000
SI0001SI#000448,2025-08-14 00:00:00.000,Spark40 (6+128),16,O,-4.0000,pcs,13210.0000,-51499.4800,.0000,.00,-4.0000,-52047.40,-51499.48,Main Location,58.0000,.0000
SI0001SI#000442,2025-08-14 00:00:00.000,Spark40 (6+128),16,O,-40.0000,pcs,13210.0000,-514994.8000,.0000,.00,-40.0000,-516246.80,-514994.80,Main Location,58.0000,.0000
SI0001SI#000448,2025-08-14 00:00:00.000,Spark 40c (4+128),16,O,-1.0000,pcs,11790.0000,-11491.6700,.0000,.00,-1.0000,-11613.15,-11491.67,Main Location,118.0000,.0000
SI0001SI#000444,2025-08-14 00:00:00.000,Spark 40c (4+128),16,O,-1.0000,pcs,11790.0000,-11491.6700,.0000,.00,-1.0000,-11613.15,-11491.67,Main Location,118.0000,.0000
SI0001SI#000448,2025-08-14 00:00:00.000,Spark 40(8+256),16,O,-6.0000,pcs,15570.0000,-91081.3200,.0000,.00,-6.0000,-92018.70,-91081.32,Main Location,10.0000,.0000
SI0001SI#000446,2025-08-14 00:00:00.000,Spark 40 Pro,16,O,-3.0000,pcs,18870.0000,-55178.0400,.0000,.00,-3.0000,-55760.85,-55178.04,Main Location,76.0000,.0000
SI0001SI#000443,2025-08-14 00:00:00.000,Spark 40 Pro,16,O,-7.0000,pcs,18870.0000,-128748.7600,.0000,.00,-7.0000,-130108.65,-128748.76,Main Location,76.0000,.0000
SI0001SI#000445,2025-08-14 00:00:00.000,Go2(3+64),16,O,-3.0000,pcs,9433.0000,-27545.4300,.0000,.00,-3.0000,-27874.52,-27545.43,Main Location,197.0000,.0000
SI0001SI#000444,2025-08-14 00:00:00.000,Go2(3+64),16,O,-2.0000,pcs,9433.0000,-18363.6200,.0000,.00,-2.0000,-18583.01,-18363.62,Main Location,197.0000,.0000
SI0001SI#000445,2025-08-14 00:00:00.000,Go2,16,O,-5.0000,pcs,10390.0000,-50720.5000,.0000,.00,-5.0000,-51170.75,-50720.50,Main Location,524.0000,.0000
SI0001SI#000441,2025-08-14 00:00:00.000,Go2,16,O,-5.0000,pcs,10390.0000,-50720.5000,.0000,.00,-5.0000,-51170.75,-50720.50,Main Location,524.0000,.0000
SI0001SI#000441,2025-08-14 00:00:00.000,Camon40 Pro,16,O,-5.0000,pcs,26410.0000,-128535.0000,.0000,.00,-5.0000,-130069.25,-128535.00,Main Location,34.0000,.0000
SI0001SI#000447,2025-08-14 00:00:00.000,Camon 40 Pro 5G,16,O,-1.0000,pcs,33020.0000,-32164.0000,.0000,.00,-1.0000,-32524.70,-32164.00,Main Location,.0000,.0000
SI0001SI#000444,2025-08-14 00:00:00.000,Camon 40 Pro 5G,16,O,-1.0000,pcs,33020.0000,-32164.0000,.0000,.00,-1.0000,-32524.70,-32164.00,Main Location,.0000,.0000
SI0001SI#000440,2025-08-13 00:00:00.000,Spark40 (6+128),16,O,-1.0000,pcs,13210.0000,-12874.8700,.0000,.00,-1.0000,-13011.85,-12874.87,Main Location,102.0000,.0000
SI0001SI#000438,2025-08-13 00:00:00.000,Spark40 (6+128),16,O,-5.0000,pcs,13210.0000,-64374.3500,.0000,.00,-5.0000,-65059.25,-64374.35,Main Location,102.0000,.0000
PI0001PI#000058,2025-08-13 00:00:00.000,Spark 40c (4+128),33,I,40.0000,pcs,11491.6700,459666.8000,40.0000,459666.80,.0000,.00,.00,Main Location,120.0000,40.0000
SI0001SI#000440,2025-08-13 00:00:00.000,Spark 40(8+256),16,O,-1.0000,pcs,15570.0000,-15180.2200,.0000,.00,-1.0000,-15336.45,-15180.22,Main Location,16.0000,.0000
SI0001SI#000435,2025-08-13 00:00:00.000,Spark 40 Pro,16,O,-2.0000,pcs,18870.0000,-36785.3600,.0000,.00,-2.0000,-37173.90,-36785.36,Main Location,86.0000,.0000
PI0001PI#000058,2025-08-13 00:00:00.000,Spark 40 Pro,33,I,30.0000,pcs,18392.6800,551780.4000,30.0000,551780.40,.0000,.00,.00,Main Location,86.0000,30.0000
SI0001SI#000436,2025-08-13 00:00:00.000,Go2,16,O,-2.0000,pcs,10390.0000,-20288.2000,.0000,.00,-2.0000,-20468.30,-20288.20,Main Location,534.0000,.0000
PI0001PI#000058,2025-08-13 00:00:00.000,Go2,33,I,80.0000,pcs,10144.1000,811528.0000,80.0000,811528.00,.0000,.00,.00,Main Location,534.0000,80.0000
SI0001SI#000437,2025-08-13 00:00:00.000,GO1 4+64,16,O,-2.0000,pcs,10425.0000,-20388.4200,.0000,.00,-2.0000,-20537.25,-20388.42,Main Location,18.0000,.0000
SI0001SI#000440,2025-08-13 00:00:00.000,Camon40 Pro,16,O,-1.0000,pcs,26410.0000,-25707.0000,.0000,.00,-1.0000,-26013.85,-25707.00,Main Location,39.0000,.0000
SI0001SI#000439,2025-08-13 00:00:00.000,Camon40 Pro,16,O,-30.0000,pcs,26410.0000,-771210.0000,.0000,.00,-30.0000,-776454.00,-771210.00,Main Location,39.0000,.0000
SI0001SI#000438,2025-08-13 00:00:00.000,Camon40 Pro,16,O,-5.0000,pcs,26410.0000,-128535.0000,.0000,.00,-5.0000,-130069.25,-128535.00,Main Location,39.0000,.0000
SI0001SI#000435,2025-08-13 00:00:00.000,Camon40 Pro,16,O,-32.0000,pcs,26410.0000,-822624.0000,.0000,.00,-32.0000,-832443.20,-822624.00,Main Location,39.0000,.0000
SI0001SI#000434,2025-08-13 00:00:00.000,Camon40 Pro,16,O,-3.0000,pcs,26410.0000,-77121.0000,.0000,.00,-3.0000,-78041.55,-77121.00,Main Location,39.0000,.0000
PI0001PI#000058,2025-08-13 00:00:00.000,Camon40 Pro,33,I,60.0000,pcs,25707.0000,1542420.0000,60.0000,1542420.00,.0000,.00,.00,Main Location,39.0000,60.0000
SI0001SI#000438,2025-08-13 00:00:00.000,Camon 40 Pro 5G,16,O,-5.0000,pcs,33020.0000,-160820.0000,.0000,.00,-5.0000,-162623.50,-160820.00,Main Location,2.0000,.0000
SI0001SI#000435,2025-08-13 00:00:00.000,Camon 40 Pro 5G,16,O,-2.0000,pcs,33020.0000,-64328.0000,.0000,.00,-2.0000,-65049.40,-64328.00,Main Location,2.0000,.0000
SI0001SI#000434,2025-08-13 00:00:00.000,Camon 40 Pro 5G,16,O,-1.0000,pcs,33020.0000,-32164.0000,.0000,.00,-1.0000,-32524.70,-32164.00,Main Location,2.0000,.0000
SI0001SI#000432,2025-08-12 00:00:00.000,Spark40 (6+128),16,O,-20.0000,pcs,13210.0000,-257497.4000,.0000,.00,-20.0000,-260237.00,-257497.40,Main Location,108.0000,.0000
SI0001SI#000429,2025-08-12 00:00:00.000,Spark40 (6+128),16,O,-5.0000,pcs,13210.0000,-64374.3500,.0000,.00,-5.0000,-65059.25,-64374.35,Main Location,108.0000,.0000
SI0001SI#000430,2025-08-12 00:00:00.000,Spark 40c (4+128),16,O,-10.0000,pcs,11790.0000,-114916.7000,.0000,.00,-10.0000,-115542.00,-114916.70,Main Location,80.0000,.0000
SI0001SI#000429,2025-08-12 00:00:00.000,Spark 40c (4+128),16,O,-1.0000,pcs,11790.0000,-11491.6700,.0000,.00,-1.0000,-11613.15,-11491.67,Main Location,80.0000,.0000
SI0001SI#000425,2025-08-12 00:00:00.000,Spark 40c (4+128),16,O,-5.0000,pcs,11790.0000,-57458.3500,.0000,.00,-5.0000,-58065.75,-57458.35,Main Location,80.0000,.0000
SI0001SI#000432,2025-08-12 00:00:00.000,Spark 40(8+256),16,O,-10.0000,pcs,15570.0000,-151802.2000,.0000,.00,-10.0000,-153364.50,-151802.20,Main Location,17.0000,.0000
SI0001SI#000430,2025-08-12 00:00:00.000,Spark 40(8+256),16,O,-10.0000,pcs,15570.0000,-151802.2000,.0000,.00,-10.0000,-152586.00,-151802.20,Main Location,17.0000,.0000
SI0001SI#000429,2025-08-12 00:00:00.000,Spark 40(8+256),16,O,-5.0000,pcs,15570.0000,-75901.1000,.0000,.00,-5.0000,-76682.25,-75901.10,Main Location,17.0000,.0000
SI0001SI#000425,2025-08-12 00:00:00.000,Spark 40(8+256),16,O,-5.0000,pcs,15570.0000,-75901.1000,.0000,.00,-5.0000,-76682.25,-75901.10,Main Location,17.0000,.0000
SI0001SI#000432,2025-08-12 00:00:00.000,Spark 40 Pro,16,O,-5.0000,pcs,18870.0000,-91963.4000,.0000,.00,-5.0000,-92934.75,-91963.40,Main Location,58.0000,.0000
SI0001SI#000429,2025-08-12 00:00:00.000,Spark 40 Pro,16,O,-1.0000,pcs,18870.0000,-18392.6800,.0000,.00,-1.0000,-18586.95,-18392.68,Main Location,58.0000,.0000
SI0001SI#000428,2025-08-12 00:00:00.000,Spark 40 Pro,16,O,-1.0000,pcs,18870.0000,-18392.6800,.0000,.00,-1.0000,-18586.95,-18392.68,Main Location,58.0000,.0000
SI0001SI#000427,2025-08-12 00:00:00.000,Spark 40 Pro,16,O,-1.0000,pcs,18870.0000,-18392.6800,.0000,.00,-1.0000,-18586.95,-18392.68,Main Location,58.0000,.0000
SI0001SI#000426,2025-08-12 00:00:00.000,Spark 40 Pro,16,O,-1.0000,pcs,18870.0000,-18392.6800,.0000,.00,-1.0000,-18586.95,-18392.68,Main Location,58.0000,.0000
SI0001SI#000432,2025-08-12 00:00:00.000,Go2,16,O,-20.0000,pcs,10390.0000,-202882.0000,.0000,.00,-20.0000,-204683.00,-202882.00,Main Location,456.0000,.0000
SI0001SI#000431,2025-08-12 00:00:00.000,Go2,16,O,-2.0000,pcs,10390.0000,-20288.2000,.0000,.00,-2.0000,-20364.40,-20288.20,Main Location,456.0000,.0000
SI0001SI#000429,2025-08-12 00:00:00.000,Go2,16,O,-1.0000,pcs,10390.0000,-10144.1000,.0000,.00,-1.0000,-10234.15,-10144.10,Main Location,456.0000,.0000
SI0001SI#000428,2025-08-12 00:00:00.000,Go2,16,O,-1.0000,pcs,10390.0000,-10144.1000,.0000,.00,-1.0000,-10234.15,-10144.10,Main Location,456.0000,.0000
SI0001SI#000427,2025-08-12 00:00:00.000,Go2,16,O,-1.0000,pcs,10390.0000,-10144.1000,.0000,.00,-1.0000,-10234.15,-10144.10,Main Location,456.0000,.0000
SI0001SI#000429,2025-08-12 00:00:00.000,GO1 4+64,16,O,-5.0000,pcs,10425.0000,-50971.0500,.0000,.00,-5.0000,-51343.12,-50971.05,Main Location,20.0000,.0000
PI0001PI#000057,2025-08-12 00:00:00.000,Camon40 Pro,33,I,35.0000,pcs,25707.0000,899745.0000,35.0000,899745.00,.0000,.00,.00,Main Location,50.0000,35.0000
PI0001PI#000057,2025-08-12 00:00:00.000,Camon 40 Pro 5G,33,I,10.0000,pcs,32164.0000,321640.0000,10.0000,321640.00,.0000,.00,.00,Main Location,10.0000,10.0000
SI0001SI#000424,2025-08-11 00:00:00.000,Spark40 (6+128),16,O,-10.0000,pcs,13210.0000,-128748.7000,.0000,.00,-10.0000,-130118.50,-128748.70,Main Location,133.0000,.0000
SI0001SI#000420,2025-08-11 00:00:00.000,Spark40 (6+128),16,O,-2.0000,pcs,13210.0000,-25749.7400,.0000,.00,-2.0000,-26023.70,-25749.74,Main Location,133.0000,.0000
SI0001SI#000418,2025-08-11 00:00:00.000,Spark40 (6+128),16,O,-5.0000,pcs,13210.0000,-64374.3500,.0000,.00,-5.0000,-65059.25,-64374.35,Main Location,133.0000,.0000
SI0001SI#000417,2025-08-11 00:00:00.000,Spark40 (6+128),16,O,-5.0000,pcs,13210.0000,-64374.3500,.0000,.00,-5.0000,-65059.25,-64374.35,Main Location,133.0000,.0000
SI0001SI#000423,2025-08-11 00:00:00.000,Spark 40c (4+128),16,O,-6.0000,pcs,11790.0000,-68950.0200,.0000,.00,-6.0000,-69678.90,-68950.02,Main Location,96.0000,.0000
SI0001SI#000421,2025-08-11 00:00:00.000,Spark 40c (4+128),16,O,-1.0000,pcs,11790.0000,-11491.6700,.0000,.00,-1.0000,-11554.20,-11491.67,Main Location,96.0000,.0000
SI0001SI#000420,2025-08-11 00:00:00.000,Spark 40c (4+128),16,O,-1.0000,pcs,11790.0000,-11491.6700,.0000,.00,-1.0000,-11613.15,-11491.67,Main Location,96.0000,.0000
SI0001SI#000424,2025-08-11 00:00:00.000,Spark 40(8+256),16,O,-10.0000,pcs,15570.0000,-151802.2000,.0000,.00,-10.0000,-153364.50,-151802.20,Main Location,47.0000,.0000
SI0001SI#000423,2025-08-11 00:00:00.000,Spark 40(8+256),16,O,-10.0000,pcs,15570.0000,-151802.2000,.0000,.00,-10.0000,-153364.50,-151802.20,Main Location,47.0000,.0000
SI0001SI#000420,2025-08-11 00:00:00.000,Spark 40(8+256),16,O,-2.0000,pcs,15570.0000,-30360.4400,.0000,.00,-2.0000,-30672.90,-30360.44,Main Location,47.0000,.0000
SI0001SI#000419,2025-08-11 00:00:00.000,Spark 40(8+256),16,O,-5.0000,pcs,15570.0000,-75901.1000,.0000,.00,-5.0000,-76682.25,-75901.10,Main Location,47.0000,.0000
SI0001SI#000418,2025-08-11 00:00:00.000,Spark 40(8+256),16,O,-3.0000,pcs,15570.0000,-45540.6600,.0000,.00,-3.0000,-46009.35,-45540.66,Main Location,47.0000,.0000
PI0001PI#000056,2025-08-11 00:00:00.000,Spark 40(8+256),33,I,77.0000,pcs,15180.2200,1168876.9400,77.0000,1168876.94,.0000,.00,.00,Main Location,47.0000,77.0000
SI0001SI#000424,2025-08-11 00:00:00.000,Spark 40 Pro,16,O,-30.0000,pcs,18870.0000,-551780.4000,.0000,.00,-30.0000,-557608.50,-551780.40,Main Location,67.0000,.0000
SI0001SI#000423,2025-08-11 00:00:00.000,Spark 40 Pro,16,O,-4.0000,pcs,18870.0000,-73570.7200,.0000,.00,-4.0000,-74347.80,-73570.72,Main Location,67.0000,.0000
SI0001SI#000422,2025-08-11 00:00:00.000,Spark 40 Pro,16,O,-2.0000,pcs,18870.0000,-36785.3600,.0000,.00,-2.0000,-37362.60,-36785.36,Main Location,67.0000,.0000
SI0001SI#000421,2025-08-11 00:00:00.000,Spark 40 Pro,16,O,-1.0000,pcs,18870.0000,-18392.6800,.0000,.00,-1.0000,-18867.70,-18392.68,Main Location,67.0000,.0000
SI0001SI#000420,2025-08-11 00:00:00.000,Spark 40 Pro,16,O,-1.0000,pcs,18870.0000,-18392.6800,.0000,.00,-1.0000,-18586.95,-18392.68,Main Location,67.0000,.0000
SI0001SI#000423,2025-08-11 00:00:00.000,Go2,16,O,-2.0000,pcs,10390.0000,-20288.2000,.0000,.00,-2.0000,-20468.30,-20288.20,Main Location,481.0000,.0000
SI0001SI#000416,2025-08-10 00:00:00.000,Spark40 (6+128),16,O,-1.0000,pcs,13210.0000,-12874.8700,.0000,.00,-1.0000,-13011.85,-12874.87,Main Location,155.0000,.0000
SI0001SI#000413,2025-08-10 00:00:00.000,Spark40 (6+128),16,O,-2.0000,pcs,13210.0000,-25749.7400,.0000,.00,-2.0000,-26023.70,-25749.74,Main Location,155.0000,.0000
SI0001SI#000411,2025-08-10 00:00:00.000,Spark40 (6+128),16,O,-11.0000,pcs,13210.0000,-141623.5700,.0000,.00,-11.0000,-143130.35,-141623.57,Main Location,155.0000,.0000
SI0001SI#000416,2025-08-10 00:00:00.000,Spark 40c (4+128),16,O,-2.0000,pcs,11790.0000,-22983.3400,.0000,.00,-2.0000,-23226.30,-22983.34,Main Location,104.0000,.0000
SI0001SI#000416,2025-08-10 00:00:00.000,Spark 40 Pro,16,O,-12.0000,pcs,18870.0000,-220712.1600,.0000,.00,-12.0000,-223043.40,-220712.16,Main Location,105.0000,.0000
SI0001SI#000411,2025-08-10 00:00:00.000,Spark 40 Pro,16,O,-10.0000,pcs,18870.0000,-183926.8000,.0000,.00,-10.0000,-185869.50,-183926.80,Main Location,105.0000,.0000
SI0001SI#000410,2025-08-10 00:00:00.000,Spark 40 Pro,16,O,-1.0000,pcs,18870.0000,-18392.6800,.0000,.00,-1.0000,-18492.60,-18392.68,Main Location,105.0000,.0000
SI0001SI#000416,2025-08-10 00:00:00.000,Go2,16,O,-6.0000,pcs,10390.0000,-60864.6000,.0000,.00,-6.0000,-61404.90,-60864.60,Main Location,483.0000,.0000
SI0001SI#000412,2025-08-10 00:00:00.000,Go2,16,O,-2.0000,pcs,10390.0000,-20288.2000,.0000,.00,-2.0000,-20780.00,-20288.20,Main Location,483.0000,.0000
SI0001SI#000411,2025-08-10 00:00:00.000,Go2,16,O,-20.0000,pcs,10390.0000,-202882.0000,.0000,.00,-20.0000,-204683.00,-202882.00,Main Location,483.0000,.0000
SI0001SI#000410,2025-08-10 00:00:00.000,Go2,16,O,-1.0000,pcs,10390.0000,-10144.1000,.0000,.00,-1.0000,-10182.20,-10144.10,Main Location,483.0000,.0000
SI0001SI#000416,2025-08-10 00:00:00.000,Camon40 Pro,16,O,-2.0000,pcs,26410.0000,-51414.0000,.0000,.00,-2.0000,-52027.70,-51414.00,Main Location,15.0000,.0000
SI0001SI#000415,2025-08-10 00:00:00.000,Camon40 Pro,16,O,-1.0000,pcs,26410.0000,-25707.0000,.0000,.00,-1.0000,-26013.85,-25707.00,Main Location,15.0000,.0000
SI0001SI#000414,2025-08-10 00:00:00.000,Camon40 Pro,16,O,-1.0000,pcs,26410.0000,-25707.0000,.0000,.00,-1.0000,-26013.85,-25707.00,Main Location,15.0000,.0000
SI0001SI#000413,2025-08-10 00:00:00.000,Camon40 Pro,16,O,-2.0000,pcs,26410.0000,-51414.0000,.0000,.00,-2.0000,-52027.70,-51414.00,Main Location,15.0000,.0000
SI0001SI#000409,2025-08-08 00:00:00.000,Spark40 (6+128),16,O,-4.0000,pcs,13210.0000,-51499.4800,.0000,.00,-4.0000,-52047.40,-51499.48,Main Location,169.0000,.0000
SI0001SI#000406,2025-08-08 00:00:00.000,Spark40 (6+128),16,O,-2.0000,pcs,13210.0000,-25749.7400,.0000,.00,-2.0000,-26023.70,-25749.74,Main Location,169.0000,.0000
SI0001SI#000405,2025-08-08 00:00:00.000,Spark40 (6+128),16,O,-1.0000,pcs,13210.0000,-12874.8700,.0000,.00,-1.0000,-13011.85,-12874.87,Main Location,169.0000,.0000
SI0001SI#000404,2025-08-08 00:00:00.000,Spark40 (6+128),16,O,-17.0000,pcs,13210.0000,-218872.7900,.0000,.00,-17.0000,-221201.45,-218872.79,Main Location,169.0000,.0000
SI0001SI#000400,2025-08-08 00:00:00.000,Spark40 (6+128),16,O,-20.0000,pcs,13210.0000,-257497.4000,.0000,.00,-20.0000,-260237.00,-257497.40,Main Location,169.0000,.0000
SI0001SI#000409,2025-08-08 00:00:00.000,Spark 40c (4+128),16,O,-2.0000,pcs,11790.0000,-22983.3400,.0000,.00,-2.0000,-23226.30,-22983.34,Main Location,106.0000,.0000
SI0001SI#000405,2025-08-08 00:00:00.000,Spark 40 Pro,16,O,-1.0000,pcs,18870.0000,-18392.6800,.0000,.00,-1.0000,-18586.95,-18392.68,Main Location,128.0000,.0000
SI0001SI#000404,2025-08-08 00:00:00.000,Spark 40 Pro,16,O,-5.0000,pcs,18870.0000,-91963.4000,.0000,.00,-5.0000,-92934.75,-91963.40,Main Location,128.0000,.0000
PI0001PI#000055,2025-08-08 00:00:00.000,Spark 40 Pro,33,I,5.0000,pcs,18392.6800,91963.4000,5.0000,91963.40,.0000,.00,.00,Main Location,128.0000,5.0000
SI0001SI#000409,2025-08-08 00:00:00.000,Go2,16,O,-7.0000,pcs,10390.0000,-71008.7000,.0000,.00,-7.0000,-71639.05,-71008.70,Main Location,512.0000,.0000
SI0001SI#000405,2025-08-08 00:00:00.000,Go2,16,O,-1.0000,pcs,10390.0000,-10144.1000,.0000,.00,-1.0000,-10234.15,-10144.10,Main Location,512.0000,.0000
SI0001SI#000404,2025-08-08 00:00:00.000,Go2,16,O,-10.0000,pcs,10390.0000,-101441.0000,.0000,.00,-10.0000,-102341.50,-101441.00,Main Location,512.0000,.0000
SI0001SI#000408,2025-08-08 00:00:00.000,Camon40 Pro,16,O,-3.0000,pcs,26410.0000,-77121.0000,.0000,.00,-3.0000,-78041.55,-77121.00,Main Location,21.0000,.0000
SI0001SI#000407,2025-08-08 00:00:00.000,Camon40 Pro,16,O,-1.0000,pcs,26410.0000,-25707.0000,.0000,.00,-1.0000,-26013.85,-25707.00,Main Location,21.0000,.0000
SI0001SI#000406,2025-08-08 00:00:00.000,Camon40 Pro,16,O,-2.0000,pcs,26410.0000,-51414.0000,.0000,.00,-2.0000,-52027.70,-51414.00,Main Location,21.0000,.0000
SI0001SI#000404,2025-08-08 00:00:00.000,Camon40 Pro,16,O,-10.0000,pcs,26410.0000,-257070.0000,.0000,.00,-10.0000,-260138.50,-257070.00,Main Location,21.0000,.0000
SI0001SI#000403,2025-08-08 00:00:00.000,Camon40 Pro,16,O,-1.0000,pcs,26410.0000,-25707.0000,.0000,.00,-1.0000,-26145.90,-25707.00,Main Location,21.0000,.0000
SI0001SI#000402,2025-08-08 00:00:00.000,Camon40 Pro,16,O,-2.0000,pcs,26410.0000,-51414.0000,.0000,.00,-2.0000,-52291.80,-51414.00,Main Location,21.0000,.0000
SI0001SI#000401,2025-08-08 00:00:00.000,Camon40 Pro,16,O,-10.0000,pcs,26410.0000,-257070.0000,.0000,.00,-10.0000,-260138.50,-257070.00,Main Location,21.0000,.0000
SI0001SI#000399,2025-08-08 00:00:00.000,Camon40 Pro,16,O,-50.0000,pcs,26410.0000,-1285350.0000,.0000,.00,-50.0000,-1300692.50,-1285350.00,Main Location,21.0000,.0000
PI0001PI#000055,2025-08-08 00:00:00.000,Camon40 Pro,33,I,100.0000,pcs,25707.0000,2570700.0000,100.0000,2570700.00,.0000,.00,.00,Main Location,21.0000,100.0000
SI0001SI#000398,2025-08-07 00:00:00.000,Spark40 (6+128),16,O,-10.0000,pcs,13210.0000,-128748.7000,.0000,.00,-10.0000,-130118.50,-128748.70,Main Location,213.0000,.0000
SI0001SI#000397,2025-08-07 00:00:00.000,Spark40 (6+128),16,O,-3.0000,pcs,13210.0000,-38624.6100,.0000,.00,-3.0000,-39233.70,-38624.61,Main Location,213.0000,.0000
PI0001PI#000054,2025-08-07 00:00:00.000,Spark40 (6+128),33,I,150.0000,pcs,12874.8700,1931230.5000,150.0000,1931230.50,.0000,.00,.00,Main Location,213.0000,150.0000
SI0001SI#000433,2025-08-07 00:00:00.000,Spark 40 Pro,16,O,-1.0000,pcs,18870.0000,-18392.6800,.0000,.00,-1.0000,-18681.30,-18392.68,Main Location,129.0000,.0000
SI0001SI#000398,2025-08-07 00:00:00.000,Spark 40 Pro,16,O,-5.0000,pcs,18870.0000,-91963.4000,.0000,.00,-5.0000,-92934.75,-91963.40,Main Location,129.0000,.0000
PI0001PI#000054,2025-08-07 00:00:00.000,Spark 40 Pro,33,I,120.0000,pcs,18392.6800,2207121.6000,120.0000,2207121.60,.0000,.00,.00,Main Location,129.0000,120.0000
SI0001SI#000398,2025-08-07 00:00:00.000,Go2,16,O,-5.0000,pcs,10390.0000,-50720.5000,.0000,.00,-5.0000,-51170.75,-50720.50,Main Location,530.0000,.0000
SI0001SI#000396,2025-08-07 00:00:00.000,Go2,16,O,-5.0000,pcs,10390.0000,-50720.5000,.0000,.00,-5.0000,-51170.75,-50720.50,Main Location,530.0000,.0000
PI0001PI#000054,2025-08-07 00:00:00.000,Go2,33,I,165.0000,pcs,10144.1000,1673776.5000,165.0000,1673776.50,.0000,.00,.00,Main Location,530.0000,165.0000
SI0001SI#000395,2025-08-06 00:00:00.000,Spark40 (6+128),16,O,-3.0000,pcs,13210.0000,-38624.6100,.0000,.00,-3.0000,-39035.55,-38624.61,Main Location,76.0000,.0000
SI0001SI#000392,2025-08-06 00:00:00.000,Spark40 (6+128),16,O,-6.0000,pcs,13210.0000,-77249.2200,.0000,.00,-6.0000,-78071.10,-77249.22,Main Location,76.0000,.0000
SI0001SI#000391,2025-08-06 00:00:00.000,Spark40 (6+128),16,O,-2.0000,pcs,13210.0000,-25749.7400,.0000,.00,-2.0000,-26420.00,-25749.74,Main Location,76.0000,.0000
SI0001SI#000389,2025-08-06 00:00:00.000,Spark40 (6+128),16,O,-2.0000,pcs,13210.0000,-25749.7400,.0000,.00,-2.0000,-26023.70,-25749.74,Main Location,76.0000,.0000
SI0001SI#000395,2025-08-06 00:00:00.000,Spark 40c (4+128),16,O,-3.0000,pcs,11790.0000,-34475.0100,.0000,.00,-3.0000,-34839.45,-34475.01,Main Location,108.0000,.0000
SI0001SI#000391,2025-08-06 00:00:00.000,Spark 40c (4+128),16,O,-2.0000,pcs,11790.0000,-22983.3400,.0000,.00,-2.0000,-23580.00,-22983.34,Main Location,108.0000,.0000
SI0001SI#000389,2025-08-06 00:00:00.000,Spark 40(8+256),16,O,-1.0000,pcs,15570.0000,-15180.2200,.0000,.00,-1.0000,-15336.45,-15180.22,Main Location,.0000,.0000
SI0001SI#000395,2025-08-06 00:00:00.000,Spark 40 Pro,16,O,-1.0000,pcs,18870.0000,-18392.6800,.0000,.00,-1.0000,-18586.95,-18392.68,Main Location,15.0000,.0000
SI0001SI#000394,2025-08-06 00:00:00.000,Spark 40 Pro,16,O,-1.0000,pcs,18870.0000,-18392.6800,.0000,.00,-1.0000,-18870.00,-18392.68,Main Location,15.0000,.0000
SI0001SI#000393,2025-08-06 00:00:00.000,Go2,16,O,-2.0000,pcs,10390.0000,-20288.2000,.0000,.00,-2.0000,-20780.00,-20288.20,Main Location,375.0000,.0000
SI0001SI#000392,2025-08-06 00:00:00.000,Go2,16,O,-4.0000,pcs,10390.0000,-40576.4000,.0000,.00,-4.0000,-40936.60,-40576.40,Main Location,375.0000,.0000
SI0001SI#000391,2025-08-06 00:00:00.000,Go2,16,O,-2.0000,pcs,10390.0000,-20288.2000,.0000,.00,-2.0000,-20780.00,-20288.20,Main Location,375.0000,.0000
SI0001SI#000390,2025-08-06 00:00:00.000,Go2,16,O,-5.0000,pcs,10390.0000,-50720.5000,.0000,.00,-5.0000,-51170.75,-50720.50,Main Location,375.0000,.0000
SI0001SI#000388,2025-08-05 00:00:00.000,Spark40 (6+128),16,O,-2.0000,pcs,13210.0000,-25749.7400,.0000,.00,-2.0000,-25891.60,-25749.74,Main Location,89.0000,.0000
SI0001SI#000387,2025-08-05 00:00:00.000,Spark40 (6+128),16,O,-5.0000,pcs,13210.0000,-64374.3500,.0000,.00,-5.0000,-65059.25,-64374.35,Main Location,89.0000,.0000
SI0001SI#000386,2025-08-05 00:00:00.000,Spark40 (6+128),16,O,-4.0000,pcs,13210.0000,-51499.4800,.0000,.00,-4.0000,-52047.40,-51499.48,Main Location,89.0000,.0000
SI0001SI#000385,2025-08-05 00:00:00.000,Spark40 (6+128),16,O,-10.0000,pcs,13210.0000,-128748.7000,.0000,.00,-10.0000,-130118.50,-128748.70,Main Location,89.0000,.0000
SI0001SI#000384,2025-08-05 00:00:00.000,Spark40 (6+128),16,O,-1.0000,pcs,13210.0000,-12874.8700,.0000,.00,-1.0000,-13210.00,-12874.87,Main Location,89.0000,.0000
SI0001SI#000382,2025-08-05 00:00:00.000,Spark40 (6+128),16,O,-2.0000,pcs,13210.0000,-25749.7400,.0000,.00,-2.0000,-26155.80,-25749.74,Main Location,89.0000,.0000
SI0001SI#000387,2025-08-05 00:00:00.000,Spark 40c (4+128),16,O,-2.0000,pcs,11790.0000,-22983.3400,.0000,.00,-2.0000,-23226.30,-22983.34,Main Location,113.0000,.0000
SI0001SI#000383,2025-08-05 00:00:00.000,Spark 40c (4+128),16,O,-3.0000,pcs,11790.0000,-34475.0100,.0000,.00,-3.0000,-35016.30,-34475.01,Main Location,113.0000,.0000
SI0001SI#000382,2025-08-05 00:00:00.000,Spark 40c (4+128),16,O,-2.0000,pcs,11790.0000,-22983.3400,.0000,.00,-2.0000,-23344.20,-22983.34,Main Location,113.0000,.0000
SI0001SI#000384,2025-08-05 00:00:00.000,Spark 40(8+256),16,O,-1.0000,pcs,15570.0000,-15180.2200,.0000,.00,-1.0000,-15570.00,-15180.22,Main Location,1.0000,.0000
SI0001SI#000382,2025-08-05 00:00:00.000,Spark 40(8+256),16,O,-2.0000,pcs,15570.0000,-30360.4400,.0000,.00,-2.0000,-30828.60,-30360.44,Main Location,1.0000,.0000
SI0001SI#000383,2025-08-05 00:00:00.000,Spark 40 Pro,16,O,-1.0000,pcs,18870.0000,-18392.6800,.0000,.00,-1.0000,-18681.30,-18392.68,Main Location,17.0000,.0000
SI0001SI#000382,2025-08-05 00:00:00.000,Spark 40 Pro,16,O,-2.0000,pcs,18870.0000,-36785.3600,.0000,.00,-2.0000,-37362.60,-36785.36,Main Location,17.0000,.0000
SI0001SI#000388,2025-08-05 00:00:00.000,Go2,16,O,-3.0000,pcs,10390.0000,-30432.3000,.0000,.00,-3.0000,-30546.60,-30432.30,Main Location,388.0000,.0000
SI0001SI#000384,2025-08-05 00:00:00.000,Go2,16,O,-1.0000,pcs,10390.0000,-10144.1000,.0000,.00,-1.0000,-10390.00,-10144.10,Main Location,388.0000,.0000
SI0001SI#000383,2025-08-05 00:00:00.000,Go2,16,O,-3.0000,pcs,10390.0000,-30432.3000,.0000,.00,-3.0000,-30858.30,-30432.30,Main Location,388.0000,.0000
SI0001SI#000381,2025-08-04 00:00:00.000,Spark40 (6+128),16,O,-10.0000,pcs,13210.0000,-128748.7000,.0000,.00,-10.0000,-130118.50,-128748.70,Main Location,113.0000,.0000
SI0001SI#000380,2025-08-04 00:00:00.000,Spark40 (6+128),16,O,-30.0000,pcs,13210.0000,-386246.1000,.0000,.00,-30.0000,-390355.50,-386246.10,Main Location,113.0000,.0000
PI0001PI#000053,2025-08-04 00:00:00.000,Spark40 (6+128),33,I,150.0000,pcs,12874.8700,1931230.5000,150.0000,1931230.50,.0000,.00,.00,Main Location,113.0000,150.0000
SI0001SI#000380,2025-08-04 00:00:00.000,Spark 40c (4+128),16,O,-1.0000,pcs,11790.0000,-11491.6700,.0000,.00,-1.0000,-11613.15,-11491.67,Main Location,120.0000,.0000
SI0001SI#000379,2025-08-04 00:00:00.000,Spark 40c (4+128),16,O,-1.0000,pcs,11790.0000,-11491.6700,.0000,.00,-1.0000,-11613.15,-11491.67,Main Location,120.0000,.0000
SI0001SI#000378,2025-08-04 00:00:00.000,Spark 40c (4+128),16,O,-2.0000,pcs,11790.0000,-22983.3400,.0000,.00,-2.0000,-23226.30,-22983.34,Main Location,120.0000,.0000
SI0001SI#000378,2025-08-04 00:00:00.000,Spark 40(8+256),16,O,-2.0000,pcs,15570.0000,-30360.4400,.0000,.00,-2.0000,-30672.90,-30360.44,Main Location,4.0000,.0000
SI0001SI#000380,2025-08-04 00:00:00.000,Spark 40 Pro,16,O,-2.0000,pcs,18870.0000,-36785.3600,.0000,.00,-2.0000,-37173.90,-36785.36,Main Location,20.0000,.0000
SI0001SI#000379,2025-08-04 00:00:00.000,Spark 40 Pro,16,O,-3.0000,pcs,18870.0000,-55178.0400,.0000,.00,-3.0000,-55760.85,-55178.04,Main Location,20.0000,.0000
SI0001SI#000378,2025-08-04 00:00:00.000,Spark 40 Pro,16,O,-2.0000,pcs,18870.0000,-36785.3600,.0000,.00,-2.0000,-37173.90,-36785.36,Main Location,20.0000,.0000
SI0001SI#000381,2025-08-04 00:00:00.000,Go2,16,O,-10.0000,pcs,10390.0000,-101441.0000,.0000,.00,-10.0000,-102341.50,-101441.00,Main Location,395.0000,.0000
SI0001SI#000380,2025-08-04 00:00:00.000,Go2,16,O,-15.0000,pcs,10390.0000,-152161.5000,.0000,.00,-15.0000,-153512.25,-152161.50,Main Location,395.0000,.0000
SI0001SI#000379,2025-08-04 00:00:00.000,Go2,16,O,-1.0000,pcs,10390.0000,-10144.1000,.0000,.00,-1.0000,-10234.15,-10144.10,Main Location,395.0000,.0000
SI0001SI#000378,2025-08-04 00:00:00.000,Go2,16,O,-3.0000,pcs,10390.0000,-30432.3000,.0000,.00,-3.0000,-30702.45,-30432.30,Main Location,395.0000,.0000
SI0001SI#000377,2025-08-03 00:00:00.000,Spark40 (6+128),16,O,-1.0000,pcs,13210.0000,-12874.8700,.0000,.00,-1.0000,-13077.90,-12874.87,Main Location,3.0000,.0000
SI0001SI#000376,2025-08-03 00:00:00.000,Spark40 (6+128),16,O,-15.0000,pcs,13210.0000,-193123.0500,.0000,.00,-15.0000,-195177.75,-193123.05,Main Location,3.0000,.0000
SI0001SI#000377,2025-08-03 00:00:00.000,Spark 40(8+256),16,O,-1.0000,pcs,15570.0000,-15180.2200,.0000,.00,-1.0000,-15414.30,-15180.22,Main Location,6.0000,.0000
SI0001SI#000376,2025-08-03 00:00:00.000,Spark 40(8+256),16,O,-11.0000,pcs,15570.0000,-166982.4200,.0000,.00,-11.0000,-168700.95,-166982.42,Main Location,6.0000,.0000
SI0001SI#000377,2025-08-03 00:00:00.000,Spark 40 Pro,16,O,-1.0000,pcs,18870.0000,-18392.6800,.0000,.00,-1.0000,-18681.30,-18392.68,Main Location,27.0000,.0000
SI0001SI#000376,2025-08-03 00:00:00.000,Spark 40 Pro,16,O,-10.0000,pcs,18870.0000,-183926.8000,.0000,.00,-10.0000,-185869.50,-183926.80,Main Location,27.0000,.0000
SI0001SI#000377,2025-08-03 00:00:00.000,Go2,16,O,-1.0000,pcs,10390.0000,-10144.1000,.0000,.00,-1.0000,-10286.10,-10144.10,Main Location,424.0000,.0000
SI0001SI#000376,2025-08-03 00:00:00.000,Go2,16,O,-5.0000,pcs,10390.0000,-50720.5000,.0000,.00,-5.0000,-51170.75,-50720.50,Main Location,424.0000,.0000
SI0001SI#000372,2025-07-31 00:00:00.000,Spark40 (6+128),16,O,-1.0000,pcs,13210.0000,-12874.8700,.0000,.00,-1.0000,-13077.90,-12874.87,Main Location,19.0000,.0000
SI0001SI#000374,2025-07-31 00:00:00.000,Spark 40c (4+128),16,O,-4.0000,pcs,11790.0000,-45966.6800,.0000,.00,-4.0000,-46452.60,-45966.68,Main Location,124.0000,.0000
PI0001PI#000052,2025-07-31 00:00:00.000,Spark 40 Pro,33,I,5.0000,pcs,18392.6800,91963.4000,5.0000,91963.40,.0000,.00,.00,Main Location,38.0000,5.0000
SI0001SI#000374,2025-07-31 00:00:00.000,Spark 40 Pro,16,O,-3.0000,pcs,18870.0000,-55178.0400,.0000,.00,-3.0000,-55760.85,-55178.04,Main Location,38.0000,.0000
PI0001PI#000052,2025-07-31 00:00:00.000,Go2,33,I,55.0000,pcs,10144.1000,557925.5000,55.0000,557925.50,.0000,.00,.00,Main Location,430.0000,55.0000
SI0001SI#000375,2025-07-31 00:00:00.000,Camon40 Pro,16,O,-85.0000,pcs,26410.0000,-2185095.0000,.0000,.00,-85.0000,-2211177.25,-2185095.00,Main Location,.0000,.0000
PI0001PI#000052,2025-07-31 00:00:00.000,Camon40 Pro,33,I,85.0000,pcs,25707.0000,2185095.0000,85.0000,2185095.00,.0000,.00,.00,Main Location,.0000,85.0000
SI0001SI#000373,2025-07-31 00:00:00.000,Camon40 Pro,16,O,-1.0000,pcs,26410.0000,-25707.0000,.0000,.00,-1.0000,-26013.85,-25707.00,Main Location,.0000,.0000
SI0001SI#000372,2025-07-31 00:00:00.000,Camon40 Pro,16,O,-1.0000,pcs,26410.0000,-25707.0000,.0000,.00,-1.0000,-26145.90,-25707.00,Main Location,.0000,.0000
SI0001SI#000371,2025-07-31 00:00:00.000,Camon40 Pro,16,O,-1.0000,pcs,26410.0000,-25707.0000,.0000,.00,-1.0000,-26013.85,-25707.00,Main Location,.0000,.0000
SI0001SI#000369,2025-07-30 00:00:00.000,Spark40 Pro Pius,16,O,-1.0000,pcs,23590.0000,-22993.3400,.0000,.00,-1.0000,-23236.15,-22993.34,Main Location,.0000,.0000
SI0001SI#000366,2025-07-30 00:00:00.000,Spark40 Pro Pius,16,O,-5.0000,pcs,23590.0000,-114966.7000,.0000,.00,-5.0000,-116180.75,-114966.70,Main Location,.0000,.0000
SI0001SI#000369,2025-07-30 00:00:00.000,Spark40 (6+128),16,O,-2.0000,pcs,13210.0000,-25749.7400,.0000,.00,-2.0000,-26023.70,-25749.74,Main Location,20.0000,.0000
SI0001SI#000368,2025-07-30 00:00:00.000,Spark 40c (4+128),16,O,-2.0000,pcs,11790.0000,-22983.3400,.0000,.00,-2.0000,-23226.30,-22983.34,Main Location,128.0000,.0000
SI0001SI#000369,2025-07-30 00:00:00.000,Spark 40(8+256),16,O,-1.0000,pcs,15570.0000,-15180.2200,.0000,.00,-1.0000,-15336.45,-15180.22,Main Location,18.0000,.0000
SI0001SI#000369,2025-07-30 00:00:00.000,Spark 40 Pro,16,O,-2.0000,pcs,18870.0000,-36785.3600,.0000,.00,-2.0000,-37173.90,-36785.36,Main Location,36.0000,.0000
PI0001PI#000051,2025-07-30 00:00:00.000,Go2(3+64),33,I,15.0000,pcs,9181.8100,137727.1500,15.0000,137727.15,.0000,.00,.00,Main Location,202.0000,15.0000
SI0001SI#000366,2025-07-30 00:00:00.000,Go2,16,O,-1.0000,pcs,10390.0000,-10144.1000,.0000,.00,-1.0000,-10234.15,-10144.10,Main Location,375.0000,.0000
PI0001PI#000051,2025-07-30 00:00:00.000,Go2,33,I,150.0000,pcs,10144.1000,1521615.0000,150.0000,1521615.00,.0000,.00,.00,Main Location,375.0000,150.0000
SI0001SI#000370,2025-07-30 00:00:00.000,Camon40 Pro,16,O,-30.0000,pcs,26410.0000,-771210.0000,.0000,.00,-30.0000,-780415.50,-771210.00,Main Location,3.0000,.0000
SI0001SI#000367,2025-07-30 00:00:00.000,Camon40 Pro,16,O,-2.0000,pcs,26410.0000,-51414.0000,.0000,.00,-2.0000,-52291.80,-51414.00,Main Location,3.0000,.0000
PI0001PI#000051,2025-07-30 00:00:00.000,Camon40 Pro,33,I,35.0000,pcs,25707.0000,899745.0000,35.0000,899745.00,.0000,.00,.00,Main Location,3.0000,35.0000
SI0001SI#000364,2025-07-29 00:00:00.000,Spark40 Pro Pius,16,O,-3.0000,pcs,23590.0000,-68980.0200,.0000,.00,-3.0000,-69708.45,-68980.02,Main Location,6.0000,.0000
SI0001SI#000362,2025-07-29 00:00:00.000,Spark40 Pro Pius,16,O,-1.0000,pcs,23590.0000,-22993.3400,.0000,.00,-1.0000,-23236.15,-22993.34,Main Location,6.0000,.0000
SI0001SI#000362,2025-07-29 00:00:00.000,Spark40 (6+128),16,O,-1.0000,pcs,13210.0000,-12874.8700,.0000,.00,-1.0000,-13011.85,-12874.87,Main Location,22.0000,.0000
SI0001SI#000360,2025-07-29 00:00:00.000,Spark40 (6+128),16,O,-4.0000,pcs,13210.0000,-51499.4800,.0000,.00,-4.0000,-52047.40,-51499.48,Main Location,22.0000,.0000
SI0001SI#000359,2025-07-29 00:00:00.000,Spark40 (6+128),16,O,-3.0000,pcs,13210.0000,-38624.6100,.0000,.00,-3.0000,-39035.55,-38624.61,Main Location,22.0000,.0000
SI0001SI#000361,2025-07-29 00:00:00.000,Spark 40c (4+128),16,O,-2.0000,pcs,11790.0000,-22983.3400,.0000,.00,-2.0000,-23226.30,-22983.34,Main Location,130.0000,.0000
SI0001SI#000365,2025-07-29 00:00:00.000,Spark 40 Pro,16,O,-5.0000,pcs,18870.0000,-91963.4000,.0000,.00,-5.0000,-92934.75,-91963.40,Main Location,38.0000,.0000
SI0001SI#000362,2025-07-29 00:00:00.000,Spark 40 Pro,16,O,-1.0000,pcs,18870.0000,-18392.6800,.0000,.00,-1.0000,-18586.95,-18392.68,Main Location,38.0000,.0000
PI0001PI#000050,2025-07-29 00:00:00.000,Go2(3+64),33,I,50.0000,pcs,9181.8100,459090.5000,50.0000,459090.50,.0000,.00,.00,Main Location,187.0000,50.0000
SI0001SI#000362,2025-07-29 00:00:00.000,Go2,16,O,-1.0000,pcs,10390.0000,-10144.1000,.0000,.00,-1.0000,-10234.15,-10144.10,Main Location,226.0000,.0000
SI0001SI#000363,2025-07-29 00:00:00.000,Camon40 Pro,16,O,-30.0000,pcs,26410.0000,-771210.0000,.0000,.00,-30.0000,-780415.50,-771210.00,Main Location,.0000,.0000
PI0001PI#000050,2025-07-29 00:00:00.000,Camon40 Pro,33,I,30.0000,pcs,25707.0000,771210.0000,30.0000,771210.00,.0000,.00,.00,Main Location,.0000,30.0000
PI0001PI#000049,2025-07-28 00:00:00.000,Spark40 (6+128),33,I,30.0000,pcs,12874.8700,386246.1000,30.0000,386246.10,.0000,.00,.00,Main Location,30.0000,30.0000
SI0001SI#000352,2025-07-28 00:00:00.000,Spark 40c (4+128),16,O,-2.0000,pcs,11790.0000,-22983.3400,.0000,.00,-2.0000,-23226.30,-22983.34,Main Location,132.0000,.0000
SI0001SI#000354,2025-07-28 00:00:00.000,Spark 40 Pro,16,O,-1.0000,pcs,18870.0000,-18392.6800,.0000,.00,-1.0000,-18586.95,-18392.68,Main Location,44.0000,.0000
SI0001SI#000352,2025-07-28 00:00:00.000,Spark 40 Pro,16,O,-4.0000,pcs,18870.0000,-73570.7200,.0000,.00,-4.0000,-74347.80,-73570.72,Main Location,44.0000,.0000
SI0001SI#000353,2025-07-28 00:00:00.000,Live 40c,16,O,-1.0000,pcs,8780.0000,-8776.0000,.0000,.00,-1.0000,-8780.00,-8776.00,Main Location,.0000,.0000
PI0001PI#000049,2025-07-28 00:00:00.000,Go2(3+64),33,I,10.0000,pcs,9181.8100,91818.1000,10.0000,91818.10,.0000,.00,.00,Main Location,137.0000,10.0000
SI0001SI#000354,2025-07-28 00:00:00.000,Go2,16,O,-1.0000,pcs,10390.0000,-10144.1000,.0000,.00,-1.0000,-10234.15,-10144.10,Main Location,227.0000,.0000
SI0001SI#000352,2025-07-28 00:00:00.000,Go2,16,O,-4.0000,pcs,10390.0000,-40576.4000,.0000,.00,-4.0000,-40936.60,-40576.40,Main Location,227.0000,.0000
SI0001SI#000357,2025-07-27 00:00:00.000,Spark40 Pro Pius,16,O,-5.0000,pcs,23590.0000,-114966.7000,.0000,.00,-5.0000,-116180.75,-114966.70,Main Location,10.0000,.0000
SI0001SI#000356,2025-07-27 00:00:00.000,Spark40 Pro Pius,16,O,-1.0000,pcs,23590.0000,-22993.3400,.0000,.00,-1.0000,-23236.15,-22993.34,Main Location,10.0000,.0000
SI0001SI#000355,2025-07-27 00:00:00.000,Spark40 Pro Pius,16,O,-6.0000,pcs,23590.0000,-137960.0400,.0000,.00,-6.0000,-139416.90,-137960.04,Main Location,10.0000,.0000
SI0001SI#000357,2025-07-27 00:00:00.000,Spark 40c (4+128),16,O,-2.0000,pcs,11790.0000,-22983.3400,.0000,.00,-2.0000,-23226.30,-22983.34,Main Location,134.0000,.0000
SI0001SI#000357,2025-07-27 00:00:00.000,Spark 40(8+256),16,O,-2.0000,pcs,15570.0000,-30360.4400,.0000,.00,-2.0000,-30672.90,-30360.44,Main Location,19.0000,.0000
SI0001SI#000358,2025-07-27 00:00:00.000,Spark 40 Pro,16,O,-2.0000,pcs,18870.0000,-36785.3600,.0000,.00,-2.0000,-37173.90,-36785.36,Main Location,49.0000,.0000
SI0001SI#000357,2025-07-27 00:00:00.000,Spark 40 Pro,16,O,-7.0000,pcs,18870.0000,-128748.7600,.0000,.00,-7.0000,-130108.65,-128748.76,Main Location,49.0000,.0000
SI0001SI#000355,2025-07-27 00:00:00.000,Spark 40 Pro,16,O,-5.0000,pcs,18870.0000,-91963.4000,.0000,.00,-5.0000,-92934.75,-91963.40,Main Location,49.0000,.0000
SI0001SI#000358,2025-07-27 00:00:00.000,Go2,16,O,-2.0000,pcs,10390.0000,-20288.2000,.0000,.00,-2.0000,-20364.40,-20288.20,Main Location,232.0000,.0000
SI0001SI#000357,2025-07-27 00:00:00.000,Go2,16,O,-5.0000,pcs,10390.0000,-50720.5000,.0000,.00,-5.0000,-51170.75,-50720.50,Main Location,232.0000,.0000
SI0001SI#000355,2025-07-27 00:00:00.000,Go2,16,O,-5.0000,pcs,10390.0000,-50720.5000,.0000,.00,-5.0000,-51170.75,-50720.50,Main Location,232.0000,.0000
SI0001SI#000358,2025-07-27 00:00:00.000,GO1 4+64,16,O,-3.0000,pcs,10425.0000,-30582.6300,.0000,.00,-3.0000,-30649.50,-30582.63,Main Location,25.0000,.0000
SI0001SI#000349,2025-07-25 00:00:00.000,Spark40 Pro Pius,16,O,-2.0000,pcs,23590.0000,-45986.6800,.0000,.00,-2.0000,-46708.20,-45986.68,Main Location,22.0000,.0000
SI0001SI#000348,2025-07-25 00:00:00.000,Spark40 Pro Pius,16,O,-4.0000,pcs,23590.0000,-91973.3600,.0000,.00,-4.0000,-92944.60,-91973.36,Main Location,22.0000,.0000
SI0001SI#000347,2025-07-25 00:00:00.000,Spark40 Pro Pius,16,O,-5.0000,pcs,23590.0000,-114966.7000,.0000,.00,-5.0000,-117950.00,-114966.70,Main Location,22.0000,.0000
SI0001SI#000346,2025-07-25 00:00:00.000,Spark40 Pro Pius,16,O,-2.0000,pcs,23590.0000,-45986.6800,.0000,.00,-2.0000,-46472.30,-45986.68,Main Location,22.0000,.0000
SI0001SI#000345,2025-07-25 00:00:00.000,Spark40 Pro Pius,16,O,-20.0000,pcs,23590.0000,-459866.8000,.0000,.00,-20.0000,-464723.00,-459866.80,Main Location,22.0000,.0000
SI0001SI#000344,2025-07-25 00:00:00.000,Spark40 Pro Pius,16,O,-15.0000,pcs,23590.0000,-344900.1000,.0000,.00,-15.0000,-348542.25,-344900.10,Main Location,22.0000,.0000
SI0001SI#000343,2025-07-25 00:00:00.000,Spark40 Pro Pius,16,O,-25.0000,pcs,23590.0000,-574833.5000,.0000,.00,-25.0000,-580903.75,-574833.50,Main Location,22.0000,.0000
PI0001PI#000048,2025-07-25 00:00:00.000,Spark40 Pro Pius,33,I,95.0000,pcs,22993.3400,2184367.3000,95.0000,2184367.30,.0000,.00,.00,Main Location,22.0000,95.0000
SI0001SI#000345,2025-07-25 00:00:00.000,Spark40 (6+128),16,O,-15.0000,pcs,13210.0000,-193123.0500,.0000,.00,-15.0000,-195177.75,-193123.05,Main Location,.0000,.0000
SI0001SI#000343,2025-07-25 00:00:00.000,Spark40 (6+128),16,O,-5.0000,pcs,13210.0000,-64374.3500,.0000,.00,-5.0000,-65059.25,-64374.35,Main Location,.0000,.0000
PI0001PI#000047,2025-07-25 00:00:00.000,Spark40 (6+128),33,I,20.0000,pcs,12874.8700,257497.4000,20.0000,257497.40,.0000,.00,.00,Main Location,.0000,20.0000
SI0001SI#000349,2025-07-25 00:00:00.000,Spark 40c (4+128),16,O,-2.0000,pcs,11790.0000,-22983.3400,.0000,.00,-2.0000,-23344.20,-22983.34,Main Location,136.0000,.0000
SI0001SI#000349,2025-07-25 00:00:00.000,Spark 40(8+256),16,O,-1.0000,pcs,15570.0000,-15180.2200,.0000,.00,-1.0000,-15414.30,-15180.22,Main Location,21.0000,.0000
SI0001SI#000349,2025-07-25 00:00:00.000,Spark 40 Pro,16,O,-2.0000,pcs,18870.0000,-36785.3600,.0000,.00,-2.0000,-37362.60,-36785.36,Main Location,63.0000,.0000
SI0001SI#000350,2025-07-25 00:00:00.000,Spark 20C 4+128,16,O,-3.0000,pcs,11320.0000,-33048.5100,.0000,.00,-3.0000,-33960.00,-33048.51,Main Location,.0000,.0000
SI0001SI#000351,2025-07-25 00:00:00.000,Live 40c,16,O,-1.0000,pcs,8780.0000,-8776.0000,.0000,.00,-1.0000,-8780.00,-8776.00,Main Location,1.0000,.0000
SI0001SI#000350,2025-07-25 00:00:00.000,Go2(3+64),16,O,-2.0000,pcs,9433.0000,-18363.6200,.0000,.00,-2.0000,-18866.00,-18363.62,Main Location,127.0000,.0000
SI0001SI#000350,2025-07-25 00:00:00.000,GO1 4+64,16,O,-1.0000,pcs,10425.0000,-10194.2100,.0000,.00,-1.0000,-10425.00,-10194.21,Main Location,28.0000,.0000
SI0001SI#000350,2025-07-25 00:00:00.000,GO1 3+64,16,O,-2.0000,pcs,9480.0000,-18545.2000,.0000,.00,-2.0000,-18960.00,-18545.20,Main Location,3.0000,.0000
SI0001SI#000342,2025-07-24 00:00:00.000,Spark 40c (4+128),16,O,-1.0000,pcs,11790.0000,-11491.6700,.0000,.00,-1.0000,-11613.15,-11491.67,Main Location,138.0000,.0000
SI0001SI#000342,2025-07-24 00:00:00.000,Spark 40(8+256),16,O,-3.0000,pcs,15570.0000,-45540.6600,.0000,.00,-3.0000,-46009.35,-45540.66,Main Location,22.0000,.0000
SI0001SI#000342,2025-07-24 00:00:00.000,Spark 40 Pro,16,O,-4.0000,pcs,18870.0000,-73570.7200,.0000,.00,-4.0000,-74347.80,-73570.72,Main Location,65.0000,.0000
SI0001SI#000341,2025-07-24 00:00:00.000,Spark 40 Pro,16,O,-2.0000,pcs,18870.0000,-36785.3600,.0000,.00,-2.0000,-37173.90,-36785.36,Main Location,65.0000,.0000
SI0001SI#000342,2025-07-24 00:00:00.000,Go2,16,O,-3.0000,pcs,10390.0000,-30432.3000,.0000,.00,-3.0000,-30702.45,-30432.30,Main Location,244.0000,.0000
SI0001SI#000338,2025-07-24 00:00:00.000,Go2,16,O,-100.0000,pcs,10145.0000,-1014410.0000,.0000,.00,-100.0000,-1014500.00,-1014410.00,Main Location,244.0000,.0000
SI0001SI#000340,2025-07-24 00:00:00.000,GO1 4+64,16,O,-1.0000,pcs,10425.0000,-10194.2100,.0000,.00,-1.0000,-10268.62,-10194.21,Main Location,29.0000,.0000
SI0001SI#000339,2025-07-24 00:00:00.000,Camon40 Pro,16,O,-3.0000,pcs,26410.0000,-77121.0000,.0000,.00,-3.0000,-78041.55,-77121.00,Main Location,.0000,.0000
SI0001SI#000337,2025-07-23 00:00:00.000,Spark 40(8+256),16,O,-1.0000,pcs,15570.0000,-15180.2200,.0000,.00,-1.0000,-15336.45,-15180.22,Main Location,25.0000,.0000
SI0001SI#000337,2025-07-23 00:00:00.000,Spark 40 Pro,16,O,-2.0000,pcs,18870.0000,-36785.3600,.0000,.00,-2.0000,-37173.90,-36785.36,Main Location,71.0000,.0000
PI0001PI#000046,2025-07-23 00:00:00.000,Live 40c,33,I,2.0000,pcs,8776.0000,17552.0000,2.0000,17552.00,.0000,.00,.00,Main Location,2.0000,2.0000
PI0001PI#000045,2025-07-23 00:00:00.000,Go2,33,I,20.0000,pcs,10144.1000,202882.0000,20.0000,202882.00,.0000,.00,.00,Main Location,347.0000,20.0000
SI0001SI#000337,2025-07-23 00:00:00.000,Go2,16,O,-1.0000,pcs,10390.0000,-10144.1000,.0000,.00,-1.0000,-10234.15,-10144.10,Main Location,347.0000,.0000
PI0001PI#000045,2025-07-23 00:00:00.000,Camon40 Pro,33,I,3.0000,pcs,25707.0000,77121.0000,3.0000,77121.00,.0000,.00,.00,Main Location,3.0000,3.0000
SI0001SI#000336,2025-07-23 00:00:00.000,Camon40 Pro,16,O,-2.0000,pcs,26410.0000,-51414.0000,.0000,.00,-2.0000,-52027.70,-51414.00,Main Location,3.0000,.0000
SI0001SI#000333,2025-07-22 00:00:00.000,Spark 40(8+256),16,O,-1.0000,pcs,15570.0000,-15180.2200,.0000,.00,-1.0000,-15336.45,-15180.22,Main Location,26.0000,.0000
SI0001SI#000332,2025-07-22 00:00:00.000,Spark 40(8+256),16,O,-10.0000,pcs,15570.0000,-151802.2000,.0000,.00,-10.0000,-153364.50,-151802.20,Main Location,26.0000,.0000
SI0001SI#000333,2025-07-22 00:00:00.000,Spark 40 Pro,16,O,-1.0000,pcs,18870.0000,-18392.6800,.0000,.00,-1.0000,-18586.95,-18392.68,Main Location,73.0000,.0000
SI0001SI#000335,2025-07-22 00:00:00.000,Live Demo 40pro+,16,O,-1.0000,pcs,17553.0000,-17553.0000,.0000,.00,-1.0000,-17553.00,-17553.00,Main Location,.0000,.0000
SI0001SI#000334,2025-07-22 00:00:00.000,Live Demo 40pro+,16,O,-1.0000,pcs,17553.0000,-17553.0000,.0000,.00,-1.0000,-17553.00,-17553.00,Main Location,.0000,.0000
PI0001PI#000044,2025-07-22 00:00:00.000,Live Demo 40pro+,33,I,2.0000,pcs,17553.0000,35106.0000,2.0000,35106.00,.0000,.00,.00,Main Location,.0000,2.0000
SI0001SI#000332,2025-07-22 00:00:00.000,Go2(3+64),16,O,-2.0000,pcs,9433.0000,-18363.6200,.0000,.00,-2.0000,-18583.01,-18363.62,Main Location,129.0000,.0000
SI0001SI#000333,2025-07-22 00:00:00.000,Go2,16,O,-2.0000,pcs,10390.0000,-20288.2000,.0000,.00,-2.0000,-20468.30,-20288.20,Main Location,328.0000,.0000
PI0001PI#000043,2025-07-22 00:00:00.000,Go2,33,I,130.0000,pcs,10144.1000,1318733.0000,130.0000,1318733.00,.0000,.00,.00,Main Location,328.0000,130.0000
SI0001SI#000332,2025-07-22 00:00:00.000,Camon40 Pro,16,O,-2.0000,pcs,26410.0000,-51414.0000,.0000,.00,-2.0000,-52027.70,-51414.00,Main Location,2.0000,.0000
SI0001SI#000331,2025-07-22 00:00:00.000,Camon40 Pro,16,O,-1.0000,pcs,26410.0000,-25707.0000,.0000,.00,-1.0000,-26013.85,-25707.00,Main Location,2.0000,.0000
SI0001SI#000330,2025-07-22 00:00:00.000,Camon40 Pro,16,O,-5.0000,pcs,26410.0000,-128535.0000,.0000,.00,-5.0000,-130069.25,-128535.00,Main Location,2.0000,.0000
SI0001SI#000329,2025-07-22 00:00:00.000,Camon40 Pro,16,O,-10.0000,pcs,26410.0000,-257070.0000,.0000,.00,-10.0000,-260138.50,-257070.00,Main Location,2.0000,.0000
SI0001SI#000328,2025-07-22 00:00:00.000,Camon40 Pro,16,O,-1.0000,pcs,26410.0000,-25707.0000,.0000,.00,-1.0000,-26013.85,-25707.00,Main Location,2.0000,.0000
PI0001PI#000043,2025-07-22 00:00:00.000,Camon40 Pro,33,I,20.0000,pcs,25707.0000,514140.0000,20.0000,514140.00,.0000,.00,.00,Main Location,2.0000,20.0000
SI0001SI#000325,2025-07-21 00:00:00.000,Spark 40c (4+128),16,O,-2.0000,pcs,11790.0000,-22983.3400,.0000,.00,-2.0000,-23226.30,-22983.34,Main Location,139.0000,.0000
SI0001SI#000320,2025-07-21 00:00:00.000,Spark 40c (4+128),16,O,-2.0000,pcs,11790.0000,-22983.3400,.0000,.00,-2.0000,-23226.30,-22983.34,Main Location,139.0000,.0000
SI0001SI#000322,2025-07-21 00:00:00.000,Spark 40 Pro,16,O,-1.0000,pcs,18870.0000,-18392.6800,.0000,.00,-1.0000,-18473.85,-18392.68,Main Location,74.0000,.0000
SI0001SI#000327,2025-07-21 00:00:00.000,Go2(3+64),16,O,-3.0000,pcs,9433.0000,-27545.4300,.0000,.00,-3.0000,-27874.52,-27545.43,Main Location,131.0000,.0000
SI0001SI#000326,2025-07-21 00:00:00.000,Go2(3+64),16,O,-4.0000,pcs,9433.0000,-36727.2400,.0000,.00,-4.0000,-37354.68,-36727.24,Main Location,131.0000,.0000
SI0001SI#000321,2025-07-21 00:00:00.000,Go2(3+64),16,O,-3.0000,pcs,9433.0000,-27545.4300,.0000,.00,-3.0000,-27874.52,-27545.43,Main Location,131.0000,.0000
SI0001SI#000319,2025-07-21 00:00:00.000,Go2(3+64),16,O,-1.0000,pcs,9433.0000,-9181.8100,.0000,.00,-1.0000,-9291.50,-9181.81,Main Location,131.0000,.0000
SI0001SI#000318,2025-07-21 00:00:00.000,Go2(3+64),16,O,-6.0000,pcs,9433.0000,-55090.8600,.0000,.00,-6.0000,-55749.03,-55090.86,Main Location,131.0000,.0000
SI0001SI#000317,2025-07-21 00:00:00.000,Go2(3+64),16,O,-6.0000,pcs,9433.0000,-55090.8600,.0000,.00,-6.0000,-55749.03,-55090.86,Main Location,131.0000,.0000
SI0001SI#000323,2025-07-21 00:00:00.000,Go2,16,O,-1.0000,pcs,10390.0000,-10144.1000,.0000,.00,-1.0000,-10234.15,-10144.10,Main Location,200.0000,.0000
SI0001SI#000318,2025-07-21 00:00:00.000,Go2,16,O,-4.0000,pcs,10390.0000,-40576.4000,.0000,.00,-4.0000,-40936.60,-40576.40,Main Location,200.0000,.0000
SI0001SI#000317,2025-07-21 00:00:00.000,Go2,16,O,-2.0000,pcs,10390.0000,-20288.2000,.0000,.00,-2.0000,-20468.30,-20288.20,Main Location,200.0000,.0000
PI0001PI#000042,2025-07-21 00:00:00.000,Go2,33,I,100.0000,pcs,10144.1000,1014410.0000,100.0000,1014410.00,.0000,.00,.00,Main Location,200.0000,100.0000
SI0001SI#000327,2025-07-21 00:00:00.000,Camon40 Pro,16,O,-7.0000,pcs,26410.0000,-179949.0000,.0000,.00,-7.0000,-184870.00,-179949.00,Main Location,1.0000,.0000
SI0001SI#000326,2025-07-21 00:00:00.000,Camon40 Pro,16,O,-3.0000,pcs,26410.0000,-77121.0000,.0000,.00,-3.0000,-78437.70,-77121.00,Main Location,1.0000,.0000
SI0001SI#000325,2025-07-21 00:00:00.000,Camon40 Pro,16,O,-15.0000,pcs,26410.0000,-385605.0000,.0000,.00,-15.0000,-390207.75,-385605.00,Main Location,1.0000,.0000
SI0001SI#000324,2025-07-21 00:00:00.000,Camon40 Pro,16,O,-10.0000,pcs,26410.0000,-257070.0000,.0000,.00,-10.0000,-260138.50,-257070.00,Main Location,1.0000,.0000
SI0001SI#000321,2025-07-21 00:00:00.000,Camon40 Pro,16,O,-3.0000,pcs,26410.0000,-77121.0000,.0000,.00,-3.0000,-78041.55,-77121.00,Main Location,1.0000,.0000
SI0001SI#000319,2025-07-21 00:00:00.000,Camon40 Pro,16,O,-2.0000,pcs,26410.0000,-51414.0000,.0000,.00,-2.0000,-52027.70,-51414.00,Main Location,1.0000,.0000
SI0001SI#000318,2025-07-21 00:00:00.000,Camon40 Pro,16,O,-5.0000,pcs,26410.0000,-128535.0000,.0000,.00,-5.0000,-130069.25,-128535.00,Main Location,1.0000,.0000
SI0001SI#000317,2025-07-21 00:00:00.000,Camon40 Pro,16,O,-4.0000,pcs,26410.0000,-102828.0000,.0000,.00,-4.0000,-104055.40,-102828.00,Main Location,1.0000,.0000
PI0001PI#000042,2025-07-21 00:00:00.000,Camon40 Pro,33,I,50.0000,pcs,25707.0000,1285350.0000,50.0000,1285350.00,.0000,.00,.00,Main Location,1.0000,50.0000
SI0001SI#000315,2025-07-20 00:00:00.000,Spark 40c (4+128),16,O,-2.0000,pcs,11790.0000,-22983.3400,.0000,.00,-2.0000,-23580.00,-22983.34,Main Location,143.0000,.0000
SI0001SI#000314,2025-07-20 00:00:00.000,Spark 40c (4+128),16,O,-3.0000,pcs,11790.0000,-34475.0100,.0000,.00,-3.0000,-34836.98,-34475.01,Main Location,143.0000,.0000
SI0001SI#000314,2025-07-20 00:00:00.000,Spark 40(8+256),16,O,-3.0000,pcs,15570.0000,-45540.6600,.0000,.00,-3.0000,-46009.35,-45540.66,Main Location,37.0000,.0000
SI0001SI#000316,2025-07-20 00:00:00.000,Spark 40 Pro,16,O,-6.0000,pcs,18870.0000,-110356.0800,.0000,.00,-6.0000,-110955.60,-110356.08,Main Location,75.0000,.0000
SI0001SI#000314,2025-07-20 00:00:00.000,Spark 40 Pro,16,O,-3.0000,pcs,18870.0000,-55178.0400,.0000,.00,-3.0000,-55760.85,-55178.04,Main Location,75.0000,.0000
SI0001SI#000314,2025-07-20 00:00:00.000,Go2,16,O,-4.0000,pcs,10390.0000,-40576.4000,.0000,.00,-4.0000,-40936.60,-40576.40,Main Location,107.0000,.0000
SI0001SI#000312,2025-07-18 00:00:00.000,Spark 40c (4+128),16,O,-3.0000,pcs,11790.0000,-34475.0100,.0000,.00,-3.0000,-34839.45,-34475.01,Main Location,148.0000,.0000
SI0001SI#000311,2025-07-18 00:00:00.000,Spark 40c (4+128),16,O,-2.0000,pcs,11790.0000,-22983.3400,.0000,.00,-2.0000,-23344.20,-22983.34,Main Location,148.0000,.0000
PI0001PI#000041,2025-07-18 00:00:00.000,Spark 40c (4+128),33,I,30.0000,pcs,11491.6700,344750.1000,30.0000,344750.10,.0000,.00,.00,Main Location,148.0000,30.0000
SI0001SI#000312,2025-07-18 00:00:00.000,Spark 40(8+256),16,O,-3.0000,pcs,15570.0000,-45540.6600,.0000,.00,-3.0000,-46009.35,-45540.66,Main Location,40.0000,.0000
SI0001SI#000311,2025-07-18 00:00:00.000,Spark 40(8+256),16,O,-1.0000,pcs,15570.0000,-15180.2200,.0000,.00,-1.0000,-15414.30,-15180.22,Main Location,40.0000,.0000
SI0001SI#000313,2025-07-18 00:00:00.000,Spark 40 Pro,16,O,-2.0000,pcs,18870.0000,-36785.3600,.0000,.00,-2.0000,-37173.90,-36785.36,Main Location,84.0000,.0000
SI0001SI#000312,2025-07-18 00:00:00.000,Spark 40 Pro,16,O,-4.0000,pcs,18870.0000,-73570.7200,.0000,.00,-4.0000,-74347.80,-73570.72,Main Location,84.0000,.0000
SI0001SI#000311,2025-07-18 00:00:00.000,Spark 40 Pro,16,O,-1.0000,pcs,18870.0000,-18392.6800,.0000,.00,-1.0000,-18681.30,-18392.68,Main Location,84.0000,.0000
PI0001PI#000041,2025-07-18 00:00:00.000,Spark 40 Pro,33,I,30.0000,pcs,18392.6800,551780.4000,30.0000,551780.40,.0000,.00,.00,Main Location,84.0000,30.0000
SI0001SI#000313,2025-07-18 00:00:00.000,Go2,16,O,-3.0000,pcs,10390.0000,-30432.3000,.0000,.00,-3.0000,-30702.45,-30432.30,Main Location,111.0000,.0000
SI0001SI#000312,2025-07-18 00:00:00.000,Go2,16,O,-2.0000,pcs,10390.0000,-20288.2000,.0000,.00,-2.0000,-20468.30,-20288.20,Main Location,111.0000,.0000
SI0001SI#000311,2025-07-18 00:00:00.000,Go2,16,O,-2.0000,pcs,10390.0000,-20288.2000,.0000,.00,-2.0000,-20572.20,-20288.20,Main Location,111.0000,.0000
PI0001PI#000040,2025-07-17 00:00:00.000,Spark 40c (4+128),33,I,70.0000,pcs,11491.6700,804416.9000,70.0000,804416.90,.0000,.00,.00,Main Location,123.0000,70.0000
SI0001SI#000309,2025-07-17 00:00:00.000,Spark 40(8+256),16,O,-10.0000,pcs,15570.0000,-151802.2000,.0000,.00,-10.0000,-154143.00,-151802.20,Main Location,44.0000,.0000
SI0001SI#000308,2025-07-17 00:00:00.000,Spark 40(8+256),16,O,-4.0000,pcs,15570.0000,-60720.8800,.0000,.00,-4.0000,-61345.80,-60720.88,Main Location,44.0000,.0000
SI0001SI#000307,2025-07-17 00:00:00.000,Spark 40(8+256),16,O,-29.0000,pcs,15570.0000,-440226.3800,.0000,.00,-29.0000,-442499.40,-440226.38,Main Location,44.0000,.0000
PI0001PI#000040,2025-07-17 00:00:00.000,Spark 40(8+256),33,I,80.0000,pcs,15180.2200,1214417.6000,80.0000,1214417.60,.0000,.00,.00,Main Location,44.0000,80.0000
SI0001SI#000309,2025-07-17 00:00:00.000,Spark 40 Pro,16,O,-5.0000,pcs,18870.0000,-91963.4000,.0000,.00,-5.0000,-93406.50,-91963.40,Main Location,61.0000,.0000
SI0001SI#000308,2025-07-17 00:00:00.000,Spark 40 Pro,16,O,-5.0000,pcs,18870.0000,-91963.4000,.0000,.00,-5.0000,-92934.75,-91963.40,Main Location,61.0000,.0000
SI0001SI#000308,2025-07-17 00:00:00.000,Go2,16,O,-2.0000,pcs,10390.0000,-20288.2000,.0000,.00,-2.0000,-20780.00,-20288.20,Main Location,118.0000,.0000
SI0001SI#000306,2025-07-16 00:00:00.000,Spark 40c (4+128),16,O,-13.0000,pcs,11790.0000,-149391.7100,.0000,.00,-13.0000,-150970.95,-149391.71,Main Location,53.0000,.0000
SI0001SI#000305,2025-07-16 00:00:00.000,Spark 40c (4+128),16,O,-4.0000,pcs,11790.0000,-45966.6800,.0000,.00,-4.0000,-46452.60,-45966.68,Main Location,53.0000,.0000
SI0001SI#000304,2025-07-16 00:00:00.000,Spark 40c (4+128),16,O,-2.0000,pcs,11790.0000,-22983.3400,.0000,.00,-2.0000,-23226.30,-22983.34,Main Location,53.0000,.0000
SI0001SI#000302,2025-07-16 00:00:00.000,Spark 40c (4+128),16,O,-20.0000,pcs,11790.0000,-229833.4000,.0000,.00,-20.0000,-231084.00,-229833.40,Main Location,53.0000,.0000
SI0001SI#000301,2025-07-16 00:00:00.000,Spark 40c (4+128),16,O,-8.0000,pcs,11790.0000,-91933.3600,.0000,.00,-8.0000,-92905.20,-91933.36,Main Location,53.0000,.0000
PI0001PI#000039,2025-07-16 00:00:00.000,Spark 40c (4+128),33,I,100.0000,pcs,11491.6700,1149167.0000,100.0000,1149167.00,.0000,.00,.00,Main Location,53.0000,100.0000
SI0001SI#000310,2025-07-16 00:00:00.000,Spark 40(8+256),16,O,-5.0000,pcs,15570.0000,-75901.1000,.0000,.00,-5.0000,-76682.25,-75901.10,Main Location,7.0000,.0000
SI0001SI#000306,2025-07-16 00:00:00.000,Spark 40(8+256),16,O,-5.0000,pcs,15570.0000,-75901.1000,.0000,.00,-5.0000,-76682.25,-75901.10,Main Location,7.0000,.0000
SI0001SI#000302,2025-07-16 00:00:00.000,Spark 40(8+256),16,O,-10.0000,pcs,15570.0000,-151802.2000,.0000,.00,-10.0000,-152586.00,-151802.20,Main Location,7.0000,.0000
SI0001SI#000301,2025-07-16 00:00:00.000,Spark 40(8+256),16,O,-21.0000,pcs,15570.0000,-318784.6200,.0000,.00,-21.0000,-322065.45,-318784.62,Main Location,7.0000,.0000
SI0001SI#000306,2025-07-16 00:00:00.000,Spark 40 Pro,16,O,-1.0000,pcs,18870.0000,-18392.6800,.0000,.00,-1.0000,-18586.95,-18392.68,Main Location,71.0000,.0000
SI0001SI#000302,2025-07-16 00:00:00.000,Spark 40 Pro,16,O,-2.0000,pcs,18870.0000,-36785.3600,.0000,.00,-2.0000,-36985.20,-36785.36,Main Location,71.0000,.0000
SI0001SI#000301,2025-07-16 00:00:00.000,Spark 40 Pro,16,O,-30.0000,pcs,18870.0000,-551780.4000,.0000,.00,-30.0000,-557608.50,-551780.40,Main Location,71.0000,.0000
PI0001PI#000039,2025-07-16 00:00:00.000,Spark 40 Pro,33,I,100.0000,pcs,18392.6800,1839268.0000,100.0000,1839268.00,.0000,.00,.00,Main Location,71.0000,100.0000
SI0001SI#000306,2025-07-16 00:00:00.000,Go2(3+64),16,O,-2.0000,pcs,9433.0000,-18363.6200,.0000,.00,-2.0000,-18583.01,-18363.62,Main Location,154.0000,.0000
PI0001PI#000039,2025-07-16 00:00:00.000,Go2(3+64),33,I,10.0000,pcs,9181.8100,91818.1000,10.0000,91818.10,.0000,.00,.00,Main Location,154.0000,10.0000
SI0001SI#000306,2025-07-16 00:00:00.000,Go2,16,O,-1.0000,pcs,10390.0000,-10144.1000,.0000,.00,-1.0000,-10234.15,-10144.10,Main Location,120.0000,.0000
SI0001SI#000303,2025-07-16 00:00:00.000,Go2,16,O,-2.0000,pcs,10390.0000,-20288.2000,.0000,.00,-2.0000,-20364.40,-20288.20,Main Location,120.0000,.0000
SI0001SI#000302,2025-07-16 00:00:00.000,Go2,16,O,-80.0000,pcs,10390.0000,-811528.0000,.0000,.00,-80.0000,-814576.00,-811528.00,Main Location,120.0000,.0000
SI0001SI#000301,2025-07-16 00:00:00.000,Go2,16,O,-34.0000,pcs,10390.0000,-344899.4000,.0000,.00,-34.0000,-347961.10,-344899.40,Main Location,120.0000,.0000
PI0001PI#000039,2025-07-16 00:00:00.000,Go2,33,I,200.0000,pcs,10144.1000,2028820.0000,200.0000,2028820.00,.0000,.00,.00,Main Location,120.0000,200.0000
SI0001SI#000303,2025-07-16 00:00:00.000,GO1 4+64,16,O,-3.0000,pcs,10425.0000,-30582.6300,.0000,.00,-3.0000,-30649.50,-30582.63,Main Location,30.0000,.0000
SI0001SI#000300,2025-07-15 00:00:00.000,Spark 40(8+256),16,O,-5.0000,pcs,15570.0000,-75901.1000,.0000,.00,-5.0000,-76682.25,-75901.10,Main Location,48.0000,.0000
SI0001SI#000299,2025-07-15 00:00:00.000,Spark 40(8+256),16,O,-22.0000,pcs,15570.0000,-333964.8400,.0000,.00,-22.0000,-337401.90,-333964.84,Main Location,48.0000,.0000
SI0001SI#000299,2025-07-15 00:00:00.000,Spark 40 Pro,16,O,-9.0000,pcs,18870.0000,-165534.1200,.0000,.00,-9.0000,-167282.55,-165534.12,Main Location,4.0000,.0000
SI0001SI#000298,2025-07-14 00:00:00.000,Spark 40(8+256),16,O,-20.0000,pcs,15570.0000,-303604.4000,.0000,.00,-20.0000,-305172.00,-303604.40,Main Location,75.0000,.0000
SI0001SI#000297,2025-07-14 00:00:00.000,Spark 40(8+256),16,O,-18.0000,pcs,15570.0000,-273243.9600,.0000,.00,-18.0000,-276056.10,-273243.96,Main Location,75.0000,.0000
SI0001SI#000296,2025-07-14 00:00:00.000,Spark 40(8+256),16,O,-3.0000,pcs,15570.0000,-45540.6600,.0000,.00,-3.0000,-46009.35,-45540.66,Main Location,75.0000,.0000
SI0001SI#000294,2025-07-14 00:00:00.000,Spark 40(8+256),16,O,-5.0000,pcs,15570.0000,-75901.1000,.0000,.00,-5.0000,-76682.25,-75901.10,Main Location,75.0000,.0000
SI0001SI#000293,2025-07-14 00:00:00.000,Spark 40(8+256),16,O,-5.0000,pcs,15570.0000,-75901.1000,.0000,.00,-5.0000,-76682.25,-75901.10,Main Location,75.0000,.0000
SI0001SI#000292,2025-07-14 00:00:00.000,Spark 40(8+256),16,O,-10.0000,pcs,15570.0000,-151802.2000,.0000,.00,-10.0000,-153364.50,-151802.20,Main Location,75.0000,.0000
SI0001SI#000291,2025-07-14 00:00:00.000,Spark 40(8+256),16,O,-2.0000,pcs,15570.0000,-30360.4400,.0000,.00,-2.0000,-30672.90,-30360.44,Main Location,75.0000,.0000
SI0001SI#000290,2025-07-14 00:00:00.000,Spark 40(8+256),16,O,-2.0000,pcs,15570.0000,-30360.4400,.0000,.00,-2.0000,-30672.90,-30360.44,Main Location,75.0000,.0000
SI0001SI#000289,2025-07-14 00:00:00.000,Spark 40(8+256),16,O,-10.0000,pcs,15570.0000,-151802.2000,.0000,.00,-10.0000,-153364.50,-151802.20,Main Location,75.0000,.0000
PI0001PI#000038,2025-07-14 00:00:00.000,Spark 40(8+256),33,I,150.0000,pcs,15180.2200,2277033.0000,150.0000,2277033.00,.0000,.00,.00,Main Location,75.0000,150.0000
SI0001SI#000295,2025-07-14 00:00:00.000,Spark 40 Pro,16,O,-6.0000,pcs,18870.0000,-110356.0800,.0000,.00,-6.0000,-111521.70,-110356.08,Main Location,13.0000,.0000
SI0001SI#000293,2025-07-14 00:00:00.000,Spark 40 Pro,16,O,-6.0000,pcs,18870.0000,-110356.0800,.0000,.00,-6.0000,-111521.70,-110356.08,Main Location,13.0000,.0000
SI0001SI#000289,2025-07-14 00:00:00.000,Spark 40 Pro,16,O,-5.0000,pcs,18870.0000,-91963.4000,.0000,.00,-5.0000,-92934.75,-91963.40,Main Location,13.0000,.0000
SI0001SI#000294,2025-07-14 00:00:00.000,Go2(3+64),16,O,-2.0000,pcs,9433.0000,-18363.6200,.0000,.00,-2.0000,-18583.01,-18363.62,Main Location,146.0000,.0000
SI0001SI#000298,2025-07-14 00:00:00.000,Go2,16,O,-20.0000,pcs,10390.0000,-202882.0000,.0000,.00,-20.0000,-203644.00,-202882.00,Main Location,37.0000,.0000
SI0001SI#000295,2025-07-14 00:00:00.000,Go2,16,O,-3.0000,pcs,10390.0000,-30432.3000,.0000,.00,-3.0000,-30702.45,-30432.30,Main Location,37.0000,.0000
SI0001SI#000294,2025-07-14 00:00:00.000,Go2,16,O,-5.0000,pcs,10390.0000,-50720.5000,.0000,.00,-5.0000,-51170.75,-50720.50,Main Location,37.0000,.0000
SI0001SI#000293,2025-07-14 00:00:00.000,Go2,16,O,-13.0000,pcs,10390.0000,-131873.3000,.0000,.00,-13.0000,-133043.95,-131873.30,Main Location,37.0000,.0000
SI0001SI#000289,2025-07-14 00:00:00.000,Go2,16,O,-10.0000,pcs,10390.0000,-101441.0000,.0000,.00,-10.0000,-102341.50,-101441.00,Main Location,37.0000,.0000
SI0001SI#000289,2025-07-14 00:00:00.000,GO1 4+64,16,O,-5.0000,pcs,10425.0000,-50971.0500,.0000,.00,-5.0000,-51343.12,-50971.05,Main Location,33.0000,.0000
SI0001SI#000289,2025-07-14 00:00:00.000,GO1 4+128,16,O,-5.0000,pcs,11845.0000,-57912.5500,.0000,.00,-5.0000,-58336.62,-57912.55,Main Location,46.0000,.0000
SI0001SI#000297,2025-07-14 00:00:00.000,Camon40 Pro,16,O,-1.0000,pcs,26410.0000,-25707.0000,.0000,.00,-1.0000,-26013.85,-25707.00,Main Location,.0000,.0000
SI0001SI#000296,2025-07-14 00:00:00.000,Camon40 Pro,16,O,-1.0000,pcs,26410.0000,-25707.0000,.0000,.00,-1.0000,-26013.85,-25707.00,Main Location,.0000,.0000
SI0001SI#000294,2025-07-14 00:00:00.000,Camon40 Pro,16,O,-3.0000,pcs,26410.0000,-77121.0000,.0000,.00,-3.0000,-78041.55,-77121.00,Main Location,.0000,.0000
SI0001SI#000292,2025-07-14 00:00:00.000,Camon40 Pro,16,O,-1.0000,pcs,26410.0000,-25707.0000,.0000,.00,-1.0000,-26013.85,-25707.00,Main Location,.0000,.0000
SI0001SI#000291,2025-07-14 00:00:00.000,Camon40 Pro,16,O,-1.0000,pcs,26410.0000,-25707.0000,.0000,.00,-1.0000,-26013.85,-25707.00,Main Location,.0000,.0000
SI0001SI#000290,2025-07-14 00:00:00.000,Camon40 Pro,16,O,-1.0000,pcs,26410.0000,-25707.0000,.0000,.00,-1.0000,-26013.85,-25707.00,Main Location,.0000,.0000
PI0001PI#000038,2025-07-14 00:00:00.000,Camon40 Pro,33,I,8.0000,pcs,25707.0000,205656.0000,8.0000,205656.00,.0000,.00,.00,Main Location,.0000,8.0000
SI0001SI#000287,2025-07-13 00:00:00.000,Spark 40 Pro,16,O,-1.0000,pcs,18870.0000,-18392.6800,.0000,.00,-1.0000,-18586.95,-18392.68,Main Location,30.0000,.0000
SI0001SI#000286,2025-07-13 00:00:00.000,Spark 40 Pro,16,O,-13.0000,pcs,18870.0000,-239104.8400,.0000,.00,-13.0000,-241630.35,-239104.84,Main Location,30.0000,.0000
SI0001SI#000288,2025-07-13 00:00:00.000,Go2,16,O,-1.0000,pcs,10390.0000,-10144.1000,.0000,.00,-1.0000,-10388.50,-10144.10,Main Location,88.0000,.0000
SI0001SI#000287,2025-07-13 00:00:00.000,Go2,16,O,-2.0000,pcs,10390.0000,-20288.2000,.0000,.00,-2.0000,-20468.30,-20288.20,Main Location,88.0000,.0000
SI0001SI#000285,2025-07-13 00:00:00.000,Go2,16,O,-2.0000,pcs,10390.0000,-20288.2000,.0000,.00,-2.0000,-20572.20,-20288.20,Main Location,88.0000,.0000
SI0001SI#000282,2025-07-11 00:00:00.000,Spark 40 Pro,16,O,-2.0000,pcs,18870.0000,-36785.3600,.0000,.00,-2.0000,-37740.00,-36785.36,Main Location,44.0000,.0000
SI0001SI#000281,2025-07-11 00:00:00.000,Spark 40 Pro,16,O,-2.0000,pcs,18870.0000,-36785.3600,.0000,.00,-2.0000,-37173.90,-36785.36,Main Location,44.0000,.0000
PI0001PI#000037,2025-07-11 00:00:00.000,Spark 40 Pro,33,I,26.0000,pcs,18392.6800,478209.6800,26.0000,478209.68,.0000,.00,.00,Main Location,44.0000,26.0000
SI0001SI#000279,2025-07-11 00:00:00.000,Spark 40 Pro,16,O,-6.0000,pcs,18870.0000,-110356.0800,.0000,.00,-6.0000,-111521.70,-110356.08,Main Location,44.0000,.0000
SI0001SI#000278,2025-07-11 00:00:00.000,Spark 40 Pro,16,O,-8.0000,pcs,18870.0000,-147141.4400,.0000,.00,-8.0000,-148695.60,-147141.44,Main Location,44.0000,.0000
SI0001SI#000277,2025-07-11 00:00:00.000,Spark 40 Pro,16,O,-5.0000,pcs,18870.0000,-91963.4000,.0000,.00,-5.0000,-92934.75,-91963.40,Main Location,44.0000,.0000
SI0001SI#000276,2025-07-11 00:00:00.000,Spark 40 Pro,16,O,-20.0000,pcs,18870.0000,-367853.6000,.0000,.00,-20.0000,-369852.00,-367853.60,Main Location,44.0000,.0000
SI0001SI#000274,2025-07-11 00:00:00.000,Spark 40 Pro,16,O,-1.0000,pcs,18870.0000,-18392.6800,.0000,.00,-1.0000,-18586.95,-18392.68,Main Location,44.0000,.0000
SI0001SI#000284,2025-07-11 00:00:00.000,Live Demo Spark 40 Pro,16,O,-1.0000,pcs,14042.0000,-14042.0000,.0000,.00,-1.0000,-14042.00,-14042.00,Main Location,.0000,.0000
SI0001SI#000283,2025-07-11 00:00:00.000,Live Demo Spark 40 Pro,16,O,-1.0000,pcs,14042.0000,-14042.0000,.0000,.00,-1.0000,-14042.00,-14042.00,Main Location,.0000,.0000
SI0001SI#000280,2025-07-11 00:00:00.000,Live Demo Spark 40 Pro,16,O,-1.0000,pcs,14042.0000,-14042.0000,.0000,.00,-1.0000,-14042.00,-14042.00,Main Location,.0000,.0000
PI0001PI#000037,2025-07-11 00:00:00.000,Live Demo Spark 40 Pro,33,I,3.0000,pcs,14042.0000,42126.0000,3.0000,42126.00,.0000,.00,.00,Main Location,.0000,3.0000
SI0001SI#000266,2025-07-11 00:00:00.000,Live Demo Spark 40,16,O,-1.0000,pcs,9830.0000,-9830.0000,.0000,.00,-1.0000,-9830.00,-9830.00,Main Location,1.0000,.0000
SI0001SI#000265,2025-07-11 00:00:00.000,Live Demo Spark 40,16,O,-1.0000,pcs,9830.0000,-9830.0000,.0000,.00,-1.0000,-9830.00,-9830.00,Main Location,1.0000,.0000
SI0001SI#000264,2025-07-11 00:00:00.000,Live Demo Spark 40,16,O,-1.0000,pcs,9830.0000,-9830.0000,.0000,.00,-1.0000,-9830.00,-9830.00,Main Location,1.0000,.0000
SI0001SI#000263,2025-07-11 00:00:00.000,Live Demo Spark 40,16,O,-1.0000,pcs,9830.0000,-9830.0000,.0000,.00,-1.0000,-9830.00,-9830.00,Main Location,1.0000,.0000
PI0001PI#000036,2025-07-11 00:00:00.000,Live Demo Spark 40,33,I,5.0000,pcs,9830.0000,49150.0000,5.0000,49150.00,.0000,.00,.00,Main Location,1.0000,5.0000
SI0001SI#000279,2025-07-11 00:00:00.000,Go2(3+64),16,O,-3.0000,pcs,9433.0000,-27545.4300,.0000,.00,-3.0000,-27874.52,-27545.43,Main Location,148.0000,.0000
SI0001SI#000282,2025-07-11 00:00:00.000,Go2,16,O,-3.0000,pcs,10390.0000,-30432.3000,.0000,.00,-3.0000,-31170.00,-30432.30,Main Location,93.0000,.0000
SI0001SI#000279,2025-07-11 00:00:00.000,Go2,16,O,-3.0000,pcs,10390.0000,-30432.3000,.0000,.00,-3.0000,-30702.45,-30432.30,Main Location,93.0000,.0000
SI0001SI#000278,2025-07-11 00:00:00.000,Go2,16,O,-6.0000,pcs,10390.0000,-60864.6000,.0000,.00,-6.0000,-61404.90,-60864.60,Main Location,93.0000,.0000
SI0001SI#000277,2025-07-11 00:00:00.000,Go2,16,O,-6.0000,pcs,10390.0000,-60864.6000,.0000,.00,-6.0000,-61404.90,-60864.60,Main Location,93.0000,.0000
SI0001SI#000275,2025-07-11 00:00:00.000,Go2,16,O,-6.0000,pcs,10390.0000,-60864.6000,.0000,.00,-6.0000,-61404.90,-60864.60,Main Location,93.0000,.0000
SI0001SI#000274,2025-07-11 00:00:00.000,Go2,16,O,-2.0000,pcs,10390.0000,-20288.2000,.0000,.00,-2.0000,-20468.30,-20288.20,Main Location,93.0000,.0000
SI0001SI#000273,2025-07-10 00:00:00.000,Spark40 (6+128),16,O,-14.0000,pcs,13210.0000,-180248.1800,.0000,.00,-14.0000,-182165.90,-180248.18,Main Location,.0000,.0000
SI0001SI#000272,2025-07-10 00:00:00.000,Spark40 (6+128),16,O,-3.0000,pcs,13210.0000,-38624.6100,.0000,.00,-3.0000,-39233.70,-38624.61,Main Location,.0000,.0000
SI0001SI#000270,2025-07-10 00:00:00.000,Spark40 (6+128),16,O,-2.0000,pcs,13210.0000,-25749.7400,.0000,.00,-2.0000,-26420.00,-25749.74,Main Location,.0000,.0000
SI0001SI#000268,2025-07-10 00:00:00.000,Spark40 (6+128),16,O,-6.0000,pcs,13210.0000,-77249.2200,.0000,.00,-6.0000,-78071.10,-77249.22,Main Location,.0000,.0000
SI0001SI#000273,2025-07-10 00:00:00.000,Spark 40 Pro,16,O,-27.0000,pcs,18870.0000,-496602.3600,.0000,.00,-27.0000,-501847.65,-496602.36,Main Location,62.0000,.0000
SI0001SI#000272,2025-07-10 00:00:00.000,Spark 40 Pro,16,O,-3.0000,pcs,18870.0000,-55178.0400,.0000,.00,-3.0000,-56043.90,-55178.04,Main Location,62.0000,.0000
SI0001SI#000271,2025-07-10 00:00:00.000,Spark 40 Pro,16,O,-3.0000,pcs,18870.0000,-55178.0400,.0000,.00,-3.0000,-55760.85,-55178.04,Main Location,62.0000,.0000
SI0001SI#000270,2025-07-10 00:00:00.000,Spark 40 Pro,16,O,-4.0000,pcs,18870.0000,-73570.7200,.0000,.00,-4.0000,-74347.80,-73570.72,Main Location,62.0000,.0000
SI0001SI#000269,2025-07-10 00:00:00.000,Spark 40 Pro,16,O,-2.0000,pcs,18870.0000,-36785.3600,.0000,.00,-2.0000,-37173.90,-36785.36,Main Location,62.0000,.0000
SI0001SI#000268,2025-07-10 00:00:00.000,Spark 40 Pro,16,O,-5.0000,pcs,18870.0000,-91963.4000,.0000,.00,-5.0000,-92934.75,-91963.40,Main Location,62.0000,.0000
SI0001SI#000267,2025-07-10 00:00:00.000,Spark 40 Pro,16,O,-6.0000,pcs,18870.0000,-110356.0800,.0000,.00,-6.0000,-111521.70,-110356.08,Main Location,62.0000,.0000
PI0001PI#000034,2025-07-10 00:00:00.000,Spark 40 Pro,33,I,112.0000,pcs,18392.6800,2059980.1600,112.0000,2059980.16,.0000,.00,.00,Main Location,62.0000,112.0000
PI0001PI#000034,2025-07-10 00:00:00.000,Go2(3+64),33,I,20.0000,pcs,9181.8100,183636.2000,20.0000,183636.20,.0000,.00,.00,Main Location,151.0000,20.0000
SI0001SI#000273,2025-07-10 00:00:00.000,Go2,16,O,-20.0000,pcs,10390.0000,-202882.0000,.0000,.00,-20.0000,-204683.00,-202882.00,Main Location,119.0000,.0000
SI0001SI#000272,2025-07-10 00:00:00.000,Go2,16,O,-2.0000,pcs,10390.0000,-20288.2000,.0000,.00,-2.0000,-20572.20,-20288.20,Main Location,119.0000,.0000
SI0001SI#000270,2025-07-10 00:00:00.000,Go2,16,O,-3.0000,pcs,10390.0000,-30432.3000,.0000,.00,-3.0000,-30702.45,-30432.30,Main Location,119.0000,.0000
SI0001SI#000268,2025-07-10 00:00:00.000,Go2,16,O,-1.0000,pcs,10390.0000,-10144.1000,.0000,.00,-1.0000,-10234.15,-10144.10,Main Location,119.0000,.0000
SI0001SI#000259,2025-07-09 00:00:00.000,Spark40 (6+128),16,O,-1.0000,pcs,13210.0000,-12874.8700,.0000,.00,-1.0000,-12945.80,-12874.87,Main Location,25.0000,.0000
SI0001SI#000258,2025-07-09 00:00:00.000,Spark40 (6+128),16,O,-1.0000,pcs,13210.0000,-12874.8700,.0000,.00,-1.0000,-13210.00,-12874.87,Main Location,25.0000,.0000
SI0001SI#000255,2025-07-09 00:00:00.000,Spark40 (6+128),16,O,-3.0000,pcs,13210.0000,-38624.6100,.0000,.00,-3.0000,-39630.00,-38624.61,Main Location,25.0000,.0000
SI0001SI#000254,2025-07-09 00:00:00.000,Spark40 (6+128),16,O,-2.0000,pcs,13210.0000,-25749.7400,.0000,.00,-2.0000,-26023.70,-25749.74,Main Location,25.0000,.0000
SI0001SI#000253,2025-07-09 00:00:00.000,Go2(3+64),16,O,-2.0000,pcs,9433.0000,-18363.6200,.0000,.00,-2.0000,-18583.01,-18363.62,Main Location,131.0000,.0000
SI0001SI#000261,2025-07-09 00:00:00.000,Go2,16,O,-1.0000,pcs,10390.0000,-10144.1000,.0000,.00,-1.0000,-10233.62,-10144.10,Main Location,145.0000,.0000
SI0001SI#000260,2025-07-09 00:00:00.000,Go2,16,O,-11.0000,pcs,10390.0000,-111585.1000,.0000,.00,-11.0000,-112575.65,-111585.10,Main Location,145.0000,.0000
SI0001SI#000259,2025-07-09 00:00:00.000,Go2,16,O,-31.0000,pcs,10390.0000,-314467.1000,.0000,.00,-31.0000,-315648.20,-314467.10,Main Location,145.0000,.0000
SI0001SI#000257,2025-07-09 00:00:00.000,Go2,16,O,-2.0000,pcs,10390.0000,-20288.2000,.0000,.00,-2.0000,-20780.00,-20288.20,Main Location,145.0000,.0000
SI0001SI#000256,2025-07-09 00:00:00.000,Go2,16,O,-1.0000,pcs,10390.0000,-10144.1000,.0000,.00,-1.0000,-10234.15,-10144.10,Main Location,145.0000,.0000
SI0001SI#000255,2025-07-09 00:00:00.000,Go2,16,O,-2.0000,pcs,10390.0000,-20288.2000,.0000,.00,-2.0000,-20780.00,-20288.20,Main Location,145.0000,.0000
SI0001SI#000252,2025-07-09 00:00:00.000,Go2,16,O,-1.0000,pcs,10390.0000,-10144.1000,.0000,.00,-1.0000,-10234.15,-10144.10,Main Location,145.0000,.0000
SI0001SI#000261,2025-07-09 00:00:00.000,GO1 4+64,16,O,-1.0000,pcs,10425.0000,-10194.2100,.0000,.00,-1.0000,-10268.62,-10194.21,Main Location,38.0000,.0000
SI0001SI#000251,2025-07-08 00:00:00.000,Spark40 (6+128),16,O,-70.0000,pcs,13210.0000,-901240.9000,.0000,.00,-70.0000,-906206.00,-901240.90,Main Location,32.0000,.0000
SI0001SI#000249,2025-07-08 00:00:00.000,Spark40 (6+128),16,O,-4.0000,pcs,13210.0000,-51499.4800,.0000,.00,-4.0000,-52047.40,-51499.48,Main Location,32.0000,.0000
SI0001SI#000250,2025-07-08 00:00:00.000,Go2,16,O,-1.0000,pcs,10390.0000,-10144.1000,.0000,.00,-1.0000,-10390.00,-10144.10,Main Location,194.0000,.0000
SI0001SI#000249,2025-07-08 00:00:00.000,Go2,16,O,-4.0000,pcs,10390.0000,-40576.4000,.0000,.00,-4.0000,-40936.60,-40576.40,Main Location,194.0000,.0000
PI0001PI#000033,2025-07-08 00:00:00.000,Go2,33,I,100.0000,pcs,10144.1000,1014410.0000,100.0000,1014410.00,.0000,.00,.00,Main Location,194.0000,100.0000
SI0001SI#000248,2025-07-07 00:00:00.000,Spark40 (6+128),16,O,-3.0000,pcs,13210.0000,-38624.6100,.0000,.00,-3.0000,-39035.55,-38624.61,Main Location,106.0000,.0000
SI0001SI#000248,2025-07-07 00:00:00.000,Go2(3+64),16,O,-1.0000,pcs,9433.0000,-9181.8100,.0000,.00,-1.0000,-9291.50,-9181.81,Main Location,133.0000,.0000
SI0001SI#000246,2025-07-07 00:00:00.000,Go2(3+64),16,O,-1.0000,pcs,9433.0000,-9181.8100,.0000,.00,-1.0000,-9291.50,-9181.81,Main Location,133.0000,.0000
SI0001SI#000248,2025-07-07 00:00:00.000,Go2,16,O,-3.0000,pcs,10390.0000,-30432.3000,.0000,.00,-3.0000,-30702.45,-30432.30,Main Location,99.0000,.0000
SI0001SI#000247,2025-07-07 00:00:00.000,Go2,16,O,-2.0000,pcs,10390.0000,-20288.2000,.0000,.00,-2.0000,-20468.30,-20288.20,Main Location,99.0000,.0000
SI0001SI#000245,2025-07-06 00:00:00.000,Spark40 (6+128),16,O,-16.0000,pcs,13210.0000,-205997.9200,.0000,.00,-16.0000,-208189.60,-205997.92,Main Location,109.0000,.0000
SI0001SI#000244,2025-07-06 00:00:00.000,Spark40 (6+128),16,O,-6.0000,pcs,13210.0000,-77249.2200,.0000,.00,-6.0000,-78071.10,-77249.22,Main Location,109.0000,.0000
SI0001SI#000243,2025-07-06 00:00:00.000,Spark40 (6+128),16,O,-9.0000,pcs,13210.0000,-115873.8300,.0000,.00,-9.0000,-117106.65,-115873.83,Main Location,109.0000,.0000
SI0001SI#000242,2025-07-06 00:00:00.000,Spark40 (6+128),16,O,-9.0000,pcs,13210.0000,-115873.8300,.0000,.00,-9.0000,-117106.65,-115873.83,Main Location,109.0000,.0000
SI0001SI#000241,2025-07-06 00:00:00.000,Spark40 (6+128),16,O,-10.0000,pcs,13210.0000,-128748.7000,.0000,.00,-10.0000,-130118.50,-128748.70,Main Location,109.0000,.0000
SI0001SI#000240,2025-07-06 00:00:00.000,Spark40 (6+128),16,O,-9.0000,pcs,13210.0000,-115873.8300,.0000,.00,-9.0000,-117106.65,-115873.83,Main Location,109.0000,.0000
SI0001SI#000238,2025-07-06 00:00:00.000,Spark40 (6+128),16,O,-28.0000,pcs,13210.0000,-360496.3600,.0000,.00,-28.0000,-364331.80,-360496.36,Main Location,109.0000,.0000
SI0001SI#000237,2025-07-06 00:00:00.000,Spark40 (6+128),16,O,-4.0000,pcs,13210.0000,-51499.4800,.0000,.00,-4.0000,-52311.60,-51499.48,Main Location,109.0000,.0000
PI0001PI#000032,2025-07-06 00:00:00.000,Spark40 (6+128),33,I,200.0000,pcs,12874.8700,2574974.0000,200.0000,2574974.00,.0000,.00,.00,Main Location,109.0000,200.0000
SI0001SI#000262,2025-07-06 00:00:00.000,Go2,16,O,-3.0000,pcs,10390.0000,-30432.3000,.0000,.00,-3.0000,-30702.45,-30432.30,Main Location,104.0000,.0000
SI0001SI#000245,2025-07-06 00:00:00.000,Go2,16,O,-7.0000,pcs,10390.0000,-71008.7000,.0000,.00,-7.0000,-71639.05,-71008.70,Main Location,104.0000,.0000
SI0001SI#000243,2025-07-06 00:00:00.000,Go2,16,O,-5.0000,pcs,10390.0000,-50720.5000,.0000,.00,-5.0000,-51170.75,-50720.50,Main Location,104.0000,.0000
SI0001SI#000242,2025-07-06 00:00:00.000,Go2,16,O,-2.0000,pcs,10390.0000,-20288.2000,.0000,.00,-2.0000,-20468.30,-20288.20,Main Location,104.0000,.0000
SI0001SI#000239,2025-07-06 00:00:00.000,Go2,16,O,-1.0000,pcs,10390.0000,-10144.1000,.0000,.00,-1.0000,-10234.15,-10144.10,Main Location,104.0000,.0000
SI0001SI#000238,2025-07-06 00:00:00.000,Go2,16,O,-10.0000,pcs,10390.0000,-101441.0000,.0000,.00,-10.0000,-102341.50,-101441.00,Main Location,104.0000,.0000
SI0001SI#000230,2025-07-04 00:00:00.000,Go2(3+64),16,O,-2.0000,pcs,9433.0000,-18363.6200,.0000,.00,-2.0000,-18583.01,-18363.62,Main Location,135.0000,.0000
SI0001SI#000235,2025-07-04 00:00:00.000,Go2,16,O,-30.0000,pcs,10390.0000,-304323.0000,.0000,.00,-30.0000,-305466.00,-304323.00,Main Location,132.0000,.0000
SI0001SI#000234,2025-07-04 00:00:00.000,Go2,16,O,-101.0000,pcs,10390.0000,-1024554.1000,.0000,.00,-101.0000,-1025254.03,-1024554.10,Main Location,132.0000,.0000
SI0001SI#000233,2025-07-04 00:00:00.000,Go2,16,O,-10.0000,pcs,10390.0000,-101441.0000,.0000,.00,-10.0000,-102341.50,-101441.00,Main Location,132.0000,.0000
SI0001SI#000232,2025-07-04 00:00:00.000,Go2,16,O,-4.0000,pcs,10390.0000,-40576.4000,.0000,.00,-4.0000,-40936.60,-40576.40,Main Location,132.0000,.0000
SI0001SI#000231,2025-07-04 00:00:00.000,Go2,16,O,-5.0000,pcs,10390.0000,-50720.5000,.0000,.00,-5.0000,-51170.75,-50720.50,Main Location,132.0000,.0000
SI0001SI#000230,2025-07-04 00:00:00.000,Go2,16,O,-2.0000,pcs,10390.0000,-20288.2000,.0000,.00,-2.0000,-20468.30,-20288.20,Main Location,132.0000,.0000
SI0001SI#000233,2025-07-04 00:00:00.000,GO1 4+64,16,O,-30.0000,pcs,10425.0000,-305826.3000,.0000,.00,-30.0000,-308058.75,-305826.30,Main Location,39.0000,.0000
SI0001SI#000233,2025-07-04 00:00:00.000,GO1 4+128,16,O,-10.0000,pcs,11845.0000,-115825.1000,.0000,.00,-10.0000,-116673.25,-115825.10,Main Location,51.0000,.0000
SI0001SI#000233,2025-07-04 00:00:00.000,GO1 3+64,16,O,-15.0000,pcs,9480.0000,-139089.0000,.0000,.00,-15.0000,-140067.00,-139089.00,Main Location,5.0000,.0000
SI0001SI#000236,2025-07-04 00:00:00.000,Camon 40 Pro 5G,16,O,-1.0000,pcs,33020.0000,-32164.0000,.0000,.00,-1.0000,-32524.70,-32164.00,Main Location,.0000,.0000
SI0001SI#000226,2025-07-03 00:00:00.000,Go2,16,O,-2.0000,pcs,10390.0000,-20288.2000,.0000,.00,-2.0000,-20468.30,-20288.20,Main Location,284.0000,.0000
SI0001SI#000229,2025-07-03 00:00:00.000,Camon 40 Pro 5G,16,O,-1.0000,pcs,33020.0000,-32164.0000,.0000,.00,-1.0000,-32524.70,-32164.00,Main Location,1.0000,.0000
SI0001SI#000228,2025-07-03 00:00:00.000,Camon 40 Pro 5G,16,O,-1.0000,pcs,33020.0000,-32164.0000,.0000,.00,-1.0000,-32524.70,-32164.00,Main Location,1.0000,.0000
SI0001SI#000227,2025-07-03 00:00:00.000,Camon 40 Pro 5G,16,O,-1.0000,pcs,33020.0000,-32164.0000,.0000,.00,-1.0000,-32524.70,-32164.00,Main Location,1.0000,.0000
SI0001SI#000226,2025-07-03 00:00:00.000,Camon 40 Pro 5G,16,O,-1.0000,pcs,33020.0000,-32164.0000,.0000,.00,-1.0000,-32524.70,-32164.00,Main Location,1.0000,.0000
PI0001PI#000031,2025-07-03 00:00:00.000,Camon 40 Pro 5G,33,I,5.0000,pcs,32164.0000,160820.0000,5.0000,160820.00,.0000,.00,.00,Main Location,1.0000,5.0000
SI0001SI#000225,2025-07-02 00:00:00.000,Go2,16,O,-1.0000,pcs,10390.0000,-10144.1000,.0000,.00,-1.0000,-10234.15,-10144.10,Main Location,286.0000,.0000
SI0001SI#000223,2025-07-01 00:00:00.000,Go2,16,O,-1.0000,pcs,10390.0000,-10144.1000,.0000,.00,-1.0000,-10234.15,-10144.10,Main Location,287.0000,.0000
SI0001SI#000223,2025-07-01 00:00:00.000,Camon40 Pro,16,O,-2.0000,pcs,26410.0000,-51414.0000,.0000,.00,-2.0000,-52027.70,-51414.00,Main Location,.0000,.0000
SI0001SI#000222,2025-07-01 00:00:00.000,Camon40 Pro,16,O,-6.0000,pcs,26410.0000,-154242.0000,.0000,.00,-6.0000,-156083.10,-154242.00,Main Location,.0000,.0000
SI0001SI#000221,2025-07-01 00:00:00.000,Camon40 Pro,16,O,-15.0000,pcs,26410.0000,-385605.0000,.0000,.00,-15.0000,-390207.75,-385605.00,Main Location,.0000,.0000
SI0001SI#000224,2025-07-01 00:00:00.000,Camon40 8+256,16,O,-2.0000,pcs,22640.0000,-44083.8000,.0000,.00,-2.0000,-44600.80,-44083.80,Main Location,.0000,.0000
SI0001SI#000221,2025-07-01 00:00:00.000,Camon40 8+256,16,O,-8.0000,pcs,22640.0000,-176335.2000,.0000,.00,-8.0000,-178403.20,-176335.20,Main Location,.0000,.0000
SI0001SI#000216,2025-06-30 00:00:00.000,Go2(3+64),16,O,-3.0000,pcs,9433.0000,-27545.4300,.0000,.00,-3.0000,-27874.52,-27545.43,Main Location,137.0000,.0000
SI0001SI#000219,2025-06-30 00:00:00.000,Go2,16,O,-1.0000,pcs,10390.0000,-10144.1000,.0000,.00,-1.0000,-10234.15,-10144.10,Main Location,288.0000,.0000
SI0001SI#000216,2025-06-30 00:00:00.000,Go2,16,O,-3.0000,pcs,10390.0000,-30432.3000,.0000,.00,-3.0000,-30702.45,-30432.30,Main Location,288.0000,.0000
SI0001SI#000219,2025-06-30 00:00:00.000,GO1 4+64,16,O,-2.0000,pcs,10425.0000,-20388.4200,.0000,.00,-2.0000,-20537.25,-20388.42,Main Location,69.0000,.0000
SI0001SI#000215,2025-06-30 00:00:00.000,GO1 4+64,16,O,-10.0000,pcs,10425.0000,-101942.1000,.0000,.00,-10.0000,-102686.25,-101942.10,Main Location,69.0000,.0000
SI0001SI#000216,2025-06-30 00:00:00.000,GO1 4+128,16,O,-4.0000,pcs,11845.0000,-46330.0400,.0000,.00,-4.0000,-46669.30,-46330.04,Main Location,61.0000,.0000
PI0001PI#000030,2025-06-30 00:00:00.000,Camon40 Pro,33,I,23.0000,pcs,25707.0000,591261.0000,23.0000,591261.00,.0000,.00,.00,Main Location,23.0000,23.0000
SI0001SI#000220,2025-06-30 00:00:00.000,Camon40 Pro,16,O,-3.0000,pcs,26410.0000,-77121.0000,.0000,.00,-3.0000,-78041.55,-77121.00,Main Location,23.0000,.0000
SI0001SI#000219,2025-06-30 00:00:00.000,Camon40 Pro,16,O,-4.0000,pcs,26410.0000,-102828.0000,.0000,.00,-4.0000,-104055.40,-102828.00,Main Location,23.0000,.0000
SI0001SI#000218,2025-06-30 00:00:00.000,Camon40 Pro,16,O,-2.0000,pcs,26410.0000,-51414.0000,.0000,.00,-2.0000,-52027.70,-51414.00,Main Location,23.0000,.0000
SI0001SI#000217,2025-06-30 00:00:00.000,Camon40 Pro,16,O,-1.0000,pcs,26410.0000,-25707.0000,.0000,.00,-1.0000,-26013.85,-25707.00,Main Location,23.0000,.0000
PI0001PI#000029,2025-06-30 00:00:00.000,Camon40 Pro,33,I,10.0000,pcs,25707.0000,257070.0000,10.0000,257070.00,.0000,.00,.00,Main Location,23.0000,10.0000
PI0001PI#000030,2025-06-30 00:00:00.000,Camon40 8+256,33,I,10.0000,pcs,22041.9000,220419.0000,10.0000,220419.00,.0000,.00,.00,Main Location,10.0000,10.0000
SI0001SI#000220,2025-06-30 00:00:00.000,Camon40 8+256,16,O,-3.0000,pcs,22640.0000,-66125.7000,.0000,.00,-3.0000,-66901.20,-66125.70,Main Location,10.0000,.0000
SI0001SI#000212,2025-06-29 00:00:00.000,Go2(3+64),16,O,-1.0000,pcs,9433.0000,-9181.8100,.0000,.00,-1.0000,-9291.50,-9181.81,Main Location,140.0000,.0000
SI0001SI#000210,2025-06-29 00:00:00.000,Go2(3+64),16,O,-1.0000,pcs,9433.0000,-9181.8100,.0000,.00,-1.0000,-9291.50,-9181.81,Main Location,140.0000,.0000
SI0001SI#000212,2025-06-29 00:00:00.000,Go2,16,O,-1.0000,pcs,10390.0000,-10144.1000,.0000,.00,-1.0000,-10234.15,-10144.10,Main Location,292.0000,.0000
SI0001SI#000211,2025-06-29 00:00:00.000,Go2,16,O,-1.0000,pcs,10390.0000,-10144.1000,.0000,.00,-1.0000,-10234.15,-10144.10,Main Location,292.0000,.0000
SI0001SI#000210,2025-06-29 00:00:00.000,Go2,16,O,-2.0000,pcs,10390.0000,-20288.2000,.0000,.00,-2.0000,-20468.30,-20288.20,Main Location,292.0000,.0000
SI0001SI#000214,2025-06-29 00:00:00.000,Camon40 8+256,16,O,-3.0000,pcs,22640.0000,-66125.7000,.0000,.00,-3.0000,-66901.20,-66125.70,Main Location,3.0000,.0000
SI0001SI#000213,2025-06-29 00:00:00.000,Camon40 8+256,16,O,-1.0000,pcs,22640.0000,-22041.9000,.0000,.00,-1.0000,-22300.40,-22041.90,Main Location,3.0000,.0000
SI0001SI#000210,2025-06-29 00:00:00.000,Camon40 8+256,16,O,-3.0000,pcs,22640.0000,-66125.7000,.0000,.00,-3.0000,-66901.20,-66125.70,Main Location,3.0000,.0000
SI0001SI#000209,2025-06-27 00:00:00.000,Go2(3+64),16,O,-1.0000,pcs,9433.0000,-9181.8100,.0000,.00,-1.0000,-9291.50,-9181.81,Main Location,142.0000,.0000
SI0001SI#000205,2025-06-27 00:00:00.000,Go2(3+64),16,O,-4.0000,pcs,9433.0000,-36727.2400,.0000,.00,-4.0000,-37166.02,-36727.24,Main Location,142.0000,.0000
SI0001SI#000209,2025-06-27 00:00:00.000,Go2,16,O,-1.0000,pcs,10390.0000,-10144.1000,.0000,.00,-1.0000,-10234.15,-10144.10,Main Location,296.0000,.0000
SI0001SI#000207,2025-06-27 00:00:00.000,Go2,16,O,-2.0000,pcs,10390.0000,-20288.2000,.0000,.00,-2.0000,-20468.30,-20288.20,Main Location,296.0000,.0000
SI0001SI#000205,2025-06-27 00:00:00.000,Go2,16,O,-6.0000,pcs,10390.0000,-60864.6000,.0000,.00,-6.0000,-61404.90,-60864.60,Main Location,296.0000,.0000
SI0001SI#000209,2025-06-27 00:00:00.000,Camon40 Pro,16,O,-1.0000,pcs,26410.0000,-25707.0000,.0000,.00,-1.0000,-26013.85,-25707.00,Main Location,.0000,.0000
SI0001SI#000207,2025-06-27 00:00:00.000,Camon40 Pro,16,O,-4.0000,pcs,26410.0000,-102828.0000,.0000,.00,-4.0000,-104055.40,-102828.00,Main Location,.0000,.0000
PI0001PI#000028,2025-06-27 00:00:00.000,Camon40 Pro,33,I,5.0000,pcs,25707.0000,128535.0000,5.0000,128535.00,.0000,.00,.00,Main Location,.0000,5.0000
SI0001SI#000209,2025-06-27 00:00:00.000,Camon40 8+256,16,O,-3.0000,pcs,22640.0000,-66125.7000,.0000,.00,-3.0000,-66901.20,-66125.70,Main Location,10.0000,.0000
SI0001SI#000208,2025-06-27 00:00:00.000,Camon40 8+256,16,O,-2.0000,pcs,22640.0000,-44083.8000,.0000,.00,-2.0000,-44600.80,-44083.80,Main Location,10.0000,.0000
SI0001SI#000206,2025-06-27 00:00:00.000,Camon40 8+256,16,O,-3.0000,pcs,22640.0000,-66125.7000,.0000,.00,-3.0000,-66901.20,-66125.70,Main Location,10.0000,.0000
SI0001SI#000204,2025-06-27 00:00:00.000,Camon40 8+256,16,O,-10.0000,pcs,22640.0000,-220419.0000,.0000,.00,-10.0000,-223004.00,-220419.00,Main Location,10.0000,.0000
SI0001SI#000203,2025-06-26 00:00:00.000,Live Demo Go2,16,O,-1.0000,pcs,7000.0000,-7000.0000,.0000,.00,-1.0000,-7000.00,-7000.00,Main Location,1.0000,.0000
SI0001SI#000202,2025-06-26 00:00:00.000,Live Demo Go2,16,O,-1.0000,pcs,7000.0000,-7000.0000,.0000,.00,-1.0000,-7000.00,-7000.00,Main Location,1.0000,.0000
SI0001SI#000201,2025-06-26 00:00:00.000,Live Demo Go2,16,O,-1.0000,pcs,7000.0000,-7000.0000,.0000,.00,-1.0000,-7000.00,-7000.00,Main Location,1.0000,.0000
SI0001SI#000200,2025-06-26 00:00:00.000,Live Demo Go2,16,O,-1.0000,pcs,7000.0000,-7000.0000,.0000,.00,-1.0000,-7000.00,-7000.00,Main Location,1.0000,.0000
PI0001PI#000027,2025-06-26 00:00:00.000,Live Demo Go2,33,I,5.0000,pcs,7000.0000,35000.0000,5.0000,35000.00,.0000,.00,.00,Main Location,1.0000,5.0000
PI0001PI#000026,2025-06-26 00:00:00.000,Go2(3+64),33,I,90.0000,pcs,9181.8100,826362.9000,90.0000,826362.90,.0000,.00,.00,Main Location,147.0000,90.0000
PI0001PI#000026,2025-06-26 00:00:00.000,Go2,33,I,164.0000,pcs,10144.1000,1663632.4000,164.0000,1663632.40,.0000,.00,.00,Main Location,305.0000,164.0000
SI0001SI#000196,2025-06-26 00:00:00.000,GO1 4+128,16,O,-1.0000,pcs,11845.0000,-11582.5100,.0000,.00,-1.0000,-11667.32,-11582.51,Main Location,65.0000,.0000
SI0001SI#000199,2025-06-26 00:00:00.000,Camon40 8+256,16,O,-20.0000,pcs,22640.0000,-440838.0000,.0000,.00,-20.0000,-446008.00,-440838.00,Main Location,28.0000,.0000
SI0001SI#000198,2025-06-26 00:00:00.000,Camon40 8+256,16,O,-1.0000,pcs,22640.0000,-22041.9000,.0000,.00,-1.0000,-22300.40,-22041.90,Main Location,28.0000,.0000
SI0001SI#000197,2025-06-26 00:00:00.000,Camon40 8+256,16,O,-5.0000,pcs,22640.0000,-110209.5000,.0000,.00,-5.0000,-111502.00,-110209.50,Main Location,28.0000,.0000
SI0001SI#000195,2025-06-26 00:00:00.000,Camon40 8+256,16,O,-3.0000,pcs,22640.0000,-66125.7000,.0000,.00,-3.0000,-66901.20,-66125.70,Main Location,28.0000,.0000
PI0001PI#000026,2025-06-26 00:00:00.000,Camon40 8+256,33,I,57.0000,pcs,22041.9000,1256388.3000,57.0000,1256388.30,.0000,.00,.00,Main Location,28.0000,57.0000
PI0001PI#000025,2025-06-25 00:00:00.000,Go2,33,I,40.0000,pcs,10144.1000,405764.0000,40.0000,405764.00,.0000,.00,.00,Main Location,141.0000,40.0000
SI0001SI#000194,2025-06-25 00:00:00.000,GO1 4+64,16,O,-5.0000,pcs,10425.0000,-50971.0500,.0000,.00,-5.0000,-51343.12,-50971.05,Main Location,81.0000,.0000
SI0001SI#000193,2025-06-25 00:00:00.000,Camon40 8+256,16,O,-30.0000,pcs,22640.0000,-661257.0000,.0000,.00,-30.0000,-669021.00,-661257.00,Main Location,.0000,.0000
PI0001PI#000025,2025-06-25 00:00:00.000,Camon40 8+256,33,I,30.0000,pcs,22041.9000,661257.0000,30.0000,661257.00,.0000,.00,.00,Main Location,.0000,30.0000
SI0001SI#000187,2025-06-24 00:00:00.000,Go2,16,O,-5.0000,pcs,10390.0000,-50720.5000,.0000,.00,-5.0000,-51170.75,-50720.50,Main Location,101.0000,.0000
SI0001SI#000186,2025-06-24 00:00:00.000,Go2,16,O,-20.0000,pcs,10390.0000,-202882.0000,.0000,.00,-20.0000,-204683.00,-202882.00,Main Location,101.0000,.0000
SI0001SI#000188,2025-06-24 00:00:00.000,GO1 4+64,16,O,-1.0000,pcs,10425.0000,-10194.2100,.0000,.00,-1.0000,-10268.62,-10194.21,Main Location,86.0000,.0000
SI0001SI#000187,2025-06-24 00:00:00.000,GO1 4+64,16,O,-5.0000,pcs,10425.0000,-50971.0500,.0000,.00,-5.0000,-51343.12,-50971.05,Main Location,86.0000,.0000
SI0001SI#000186,2025-06-24 00:00:00.000,GO1 4+64,16,O,-5.0000,pcs,10425.0000,-50971.0500,.0000,.00,-5.0000,-51343.12,-50971.05,Main Location,86.0000,.0000
SI0001SI#000190,2025-06-24 00:00:00.000,Camon40 8+256,16,O,-5.0000,pcs,22620.0000,-110209.5000,.0000,.00,-5.0000,-111403.50,-110209.50,Main Location,.0000,.0000
SI0001SI#000189,2025-06-24 00:00:00.000,Camon40 8+256,16,O,-10.0000,pcs,22620.0000,-220419.0000,.0000,.00,-10.0000,-222807.00,-220419.00,Main Location,.0000,.0000
SI0001SI#000187,2025-06-24 00:00:00.000,Camon40 8+256,16,O,-1.0000,pcs,22620.0000,-22041.9000,.0000,.00,-1.0000,-22280.70,-22041.90,Main Location,.0000,.0000
PI0001PI#000024,2025-06-24 00:00:00.000,Camon40 8+256,33,I,15.0000,pcs,22041.9000,330628.5000,15.0000,330628.50,.0000,.00,.00,Main Location,.0000,15.0000
SI0001SI#000179,2025-06-23 00:00:00.000,Go2,16,O,-1.0000,pcs,10390.0000,-10144.1000,.0000,.00,-1.0000,-10234.15,-10144.10,Main Location,126.0000,.0000
PI0001PI#000023,2025-06-23 00:00:00.000,Go2,33,I,20.0000,pcs,10144.1000,202882.0000,20.0000,202882.00,.0000,.00,.00,Main Location,126.0000,20.0000
SI0001SI#000184,2025-06-23 00:00:00.000,GO1 4+64,16,O,-7.0000,pcs,10425.0000,-71359.4700,.0000,.00,-7.0000,-71880.38,-71359.47,Main Location,97.0000,.0000
SI0001SI#000180,2025-06-23 00:00:00.000,GO1 4+64,16,O,-3.0000,pcs,10425.0000,-30582.6300,.0000,.00,-3.0000,-30805.88,-30582.63,Main Location,97.0000,.0000
SI0001SI#000185,2025-06-23 00:00:00.000,Camon40 8+256,16,O,-5.0000,pcs,22620.0000,-110209.5000,.0000,.00,-5.0000,-111403.50,-110209.50,Main Location,1.0000,.0000
SI0001SI#000184,2025-06-23 00:00:00.000,Camon40 8+256,16,O,-3.0000,pcs,22620.0000,-66125.7000,.0000,.00,-3.0000,-66842.10,-66125.70,Main Location,1.0000,.0000
SI0001SI#000183,2025-06-23 00:00:00.000,Camon40 8+256,16,O,-2.0000,pcs,22620.0000,-44083.8000,.0000,.00,-2.0000,-44561.40,-44083.80,Main Location,1.0000,.0000
SI0001SI#000182,2025-06-23 00:00:00.000,Camon40 8+256,16,O,-2.0000,pcs,22620.0000,-44083.8000,.0000,.00,-2.0000,-44561.40,-44083.80,Main Location,1.0000,.0000
SI0001SI#000181,2025-06-23 00:00:00.000,Camon40 8+256,16,O,-2.0000,pcs,22620.0000,-44083.8000,.0000,.00,-2.0000,-44561.40,-44083.80,Main Location,1.0000,.0000
PI0001PI#000023,2025-06-23 00:00:00.000,Camon40 8+256,33,I,15.0000,pcs,22041.9000,330628.5000,15.0000,330628.50,.0000,.00,.00,Main Location,1.0000,15.0000
SI0001SI#000178,2025-06-22 00:00:00.000,GO1 4+64,16,O,-19.0000,pcs,10425.0000,-193689.9900,.0000,.00,-19.0000,-195103.88,-193689.99,Main Location,107.0000,.0000
SI0001SI#000177,2025-06-22 00:00:00.000,GO1 4+64,16,O,-2.0000,pcs,10425.0000,-20388.4200,.0000,.00,-2.0000,-20537.25,-20388.42,Main Location,107.0000,.0000
SI0001SI#000176,2025-06-22 00:00:00.000,GO1 4+64,16,O,-5.0000,pcs,10425.0000,-50971.0500,.0000,.00,-5.0000,-51343.12,-50971.05,Main Location,107.0000,.0000
SI0001SI#000175,2025-06-20 00:00:00.000,Spark 30C 6+128,16,O,-3.0000,pcs,13270.0000,-38927.4600,.0000,.00,-3.0000,-39212.85,-38927.46,Main Location,.0000,.0000
SI0001SI#000173,2025-06-20 00:00:00.000,Spark 30C 6+128,16,O,-2.0000,pcs,13270.0000,-25951.6400,.0000,.00,-2.0000,-26141.90,-25951.64,Main Location,.0000,.0000
SI0001SI#000172,2025-06-20 00:00:00.000,Spark 30C 6+128,16,O,-5.0000,pcs,13270.0000,-64879.1000,.0000,.00,-5.0000,-65354.75,-64879.10,Main Location,.0000,.0000
PI0001PI#000022,2025-06-20 00:00:00.000,Spark 30C 6+128,33,I,8.0000,pcs,12975.8200,103806.5600,8.0000,103806.56,.0000,.00,.00,Main Location,.0000,8.0000
PI0001PI#000022,2025-06-20 00:00:00.000,Go2(3+64),33,I,50.0000,pcs,9181.8100,459090.5000,50.0000,459090.50,.0000,.00,.00,Main Location,57.0000,50.0000
SI0001SI#000191,2025-06-20 00:00:00.000,Go2,16,O,-2.0000,pcs,10390.0000,-20288.2000,.0000,.00,-2.0000,-20468.30,-20288.20,Main Location,107.0000,.0000
PI0001PI#000022,2025-06-20 00:00:00.000,Go2,33,I,95.0000,pcs,10144.1000,963689.5000,95.0000,963689.50,.0000,.00,.00,Main Location,107.0000,95.0000
SI0001SI#000192,2025-06-20 00:00:00.000,GO1 4+64,16,O,-6.0000,pcs,10425.0000,-61165.2600,.0000,.00,-6.0000,-61611.75,-61165.26,Main Location,133.0000,.0000
SI0001SI#000191,2025-06-20 00:00:00.000,GO1 4+64,16,O,-2.0000,pcs,10425.0000,-20388.4200,.0000,.00,-2.0000,-20537.25,-20388.42,Main Location,133.0000,.0000
SI0001SI#000174,2025-06-20 00:00:00.000,GO1 4+64,16,O,-10.0000,pcs,10425.0000,-101942.1000,.0000,.00,-10.0000,-102165.00,-101942.10,Main Location,133.0000,.0000
SI0001SI#000175,2025-06-20 00:00:00.000,GO1 4+128,16,O,-10.0000,pcs,11845.0000,-115825.1000,.0000,.00,-10.0000,-116673.25,-115825.10,Main Location,66.0000,.0000
SI0001SI#000175,2025-06-20 00:00:00.000,Camon40 Pro,16,O,-1.0000,pcs,26410.0000,-25707.0000,.0000,.00,-1.0000,-26013.85,-25707.00,Main Location,.0000,.0000
SI0001SI#000171,2025-06-19 00:00:00.000,Spark 30 8+128,16,O,-1.0000,pcs,16970.0000,-16509.2100,.0000,.00,-1.0000,-16715.45,-16509.21,Main Location,.0000,.0000
SI0001SI#000170,2025-06-19 00:00:00.000,Go2(3+64),16,O,-3.0000,pcs,9433.0000,-27545.4300,.0000,.00,-3.0000,-27874.52,-27545.43,Main Location,7.0000,.0000
SI0001SI#000170,2025-06-19 00:00:00.000,Go2,16,O,-3.0000,pcs,10425.0000,-30432.3000,.0000,.00,-3.0000,-30805.88,-30432.30,Main Location,14.0000,.0000
SI0001SI#000169,2025-06-19 00:00:00.000,Go2,16,O,-1.0000,pcs,10390.0000,-10144.1000,.0000,.00,-1.0000,-10234.15,-10144.10,Main Location,14.0000,.0000
SI0001SI#000170,2025-06-19 00:00:00.000,GO1 4+64,16,O,-5.0000,pcs,10425.0000,-50971.0500,.0000,.00,-5.0000,-51343.12,-50971.05,Main Location,151.0000,.0000
SI0001SI#000168,2025-06-19 00:00:00.000,GO1 4+64,16,O,-1.0000,pcs,10425.0000,-10194.2100,.0000,.00,-1.0000,-10268.62,-10194.21,Main Location,151.0000,.0000
PI0001PI#000021,2025-06-19 00:00:00.000,GO1 4+64,33,I,20.0000,pcs,10194.2100,203884.2000,20.0000,203884.20,.0000,.00,.00,Main Location,151.0000,20.0000
SI0001SI#000165,2025-06-18 00:00:00.000,Spark 30C 6+128,16,O,-4.0000,pcs,13270.0000,-51903.2800,.0000,.00,-4.0000,-52283.80,-51903.28,Main Location,2.0000,.0000
SI0001SI#000165,2025-06-18 00:00:00.000,Spark 30 8+128,16,O,-1.0000,pcs,16970.0000,-16509.2100,.0000,.00,-1.0000,-16715.45,-16509.21,Main Location,1.0000,.0000
SI0001SI#000165,2025-06-18 00:00:00.000,Go2,16,O,-1.0000,pcs,10390.0000,-10144.1000,.0000,.00,-1.0000,-10234.15,-10144.10,Main Location,18.0000,.0000
SI0001SI#000164,2025-06-18 00:00:00.000,Go2,16,O,-2.0000,pcs,10390.0000,-20288.2000,.0000,.00,-2.0000,-20468.30,-20288.20,Main Location,18.0000,.0000
PI0001PI#000020,2025-06-18 00:00:00.000,Go2,33,I,20.0000,pcs,10144.1000,202882.0000,20.0000,202882.00,.0000,.00,.00,Main Location,18.0000,20.0000
SI0001SI#000166,2025-06-18 00:00:00.000,GO1 4+64,16,O,-51.0000,pcs,10425.0000,-519904.7100,.0000,.00,-51.0000,-521041.50,-519904.71,Main Location,137.0000,.0000
SI0001SI#000165,2025-06-18 00:00:00.000,GO1 4+64,16,O,-2.0000,pcs,10425.0000,-20388.4200,.0000,.00,-2.0000,-20537.25,-20388.42,Main Location,137.0000,.0000
PI0001PI#000020,2025-06-18 00:00:00.000,GO1 4+64,33,I,50.0000,pcs,10194.2100,509710.5000,50.0000,509710.50,.0000,.00,.00,Main Location,137.0000,50.0000
SI0001SI#000167,2025-06-18 00:00:00.000,GO1 4+128,16,O,-5.0000,pcs,11845.0000,-57912.5500,.0000,.00,-5.0000,-58336.62,-57912.55,Main Location,76.0000,.0000
SI0001SI#000164,2025-06-18 00:00:00.000,GO1 4+128,16,O,-1.0000,pcs,11845.0000,-11582.5100,.0000,.00,-1.0000,-11667.32,-11582.51,Main Location,76.0000,.0000
SI0001SI#000167,2025-06-18 00:00:00.000,Camon40 Pro,16,O,-4.0000,pcs,26410.0000,-102828.0000,.0000,.00,-4.0000,-104055.40,-102828.00,Main Location,1.0000,.0000
SI0001SI#000166,2025-06-18 00:00:00.000,Camon40 Pro,16,O,-5.0000,pcs,26410.0000,-128535.0000,.0000,.00,-5.0000,-130069.25,-128535.00,Main Location,1.0000,.0000
PI0001PI#000020,2025-06-18 00:00:00.000,Camon40 Pro,33,I,10.0000,pcs,25707.0000,257070.0000,10.0000,257070.00,.0000,.00,.00,Main Location,1.0000,10.0000
SI0001SI#000163,2025-06-17 00:00:00.000,Spark 30C 6+128,16,O,-4.0000,pcs,13270.0000,-51903.2800,.0000,.00,-4.0000,-52283.80,-51903.28,Main Location,6.0000,.0000
SI0001SI#000161,2025-06-17 00:00:00.000,Spark 30C 6+128,16,O,-5.0000,pcs,13270.0000,-64879.1000,.0000,.00,-5.0000,-65354.75,-64879.10,Main Location,6.0000,.0000
SI0001SI#000159,2025-06-17 00:00:00.000,Spark 30C 6+128,16,O,-20.0000,pcs,13270.0000,-259516.4000,.0000,.00,-20.0000,-261419.00,-259516.40,Main Location,6.0000,.0000
SI0001SI#000163,2025-06-17 00:00:00.000,Spark 30 8+128,16,O,-1.0000,pcs,16970.0000,-16509.2100,.0000,.00,-1.0000,-16715.45,-16509.21,Main Location,2.0000,.0000
SI0001SI#000160,2025-06-17 00:00:00.000,Spark 30 8+128,16,O,-1.0000,pcs,16970.0000,-16509.2100,.0000,.00,-1.0000,-16715.45,-16509.21,Main Location,2.0000,.0000
PI0001PI#000019,2025-06-17 00:00:00.000,Go2(3+64),33,I,10.0000,pcs,9181.8100,91818.1000,10.0000,91818.10,.0000,.00,.00,Main Location,10.0000,10.0000
SI0001SI#000163,2025-06-17 00:00:00.000,Go2,16,O,-1.0000,pcs,10390.0000,-10144.1000,.0000,.00,-1.0000,-10234.15,-10144.10,Main Location,1.0000,.0000
SI0001SI#000161,2025-06-17 00:00:00.000,Go2,16,O,-3.0000,pcs,10390.0000,-30432.3000,.0000,.00,-3.0000,-30702.45,-30432.30,Main Location,1.0000,.0000
SI0001SI#000163,2025-06-17 00:00:00.000,GO1 4+64,16,O,-3.0000,pcs,10425.0000,-30582.6300,.0000,.00,-3.0000,-30805.88,-30582.63,Main Location,140.0000,.0000
SI0001SI#000162,2025-06-17 00:00:00.000,GO1 4+64,16,O,-50.0000,pcs,10425.0000,-509710.5000,.0000,.00,-50.0000,-513431.25,-509710.50,Main Location,140.0000,.0000
SI0001SI#000160,2025-06-17 00:00:00.000,GO1 4+64,16,O,-5.0000,pcs,10425.0000,-50971.0500,.0000,.00,-5.0000,-51343.12,-50971.05,Main Location,140.0000,.0000
SI0001SI#000160,2025-06-17 00:00:00.000,GO1 4+128,16,O,-2.0000,pcs,11845.0000,-23165.0200,.0000,.00,-2.0000,-23334.65,-23165.02,Main Location,82.0000,.0000
SI0001SI#000162,2025-06-17 00:00:00.000,Camon40 Pro,16,O,-5.0000,pcs,26410.0000,-128535.0000,.0000,.00,-5.0000,-130069.25,-128535.00,Main Location,.0000,.0000
SI0001SI#000161,2025-06-17 00:00:00.000,Camon40 Pro,16,O,-6.0000,pcs,26410.0000,-154242.0000,.0000,.00,-6.0000,-156083.10,-154242.00,Main Location,.0000,.0000
SI0001SI#000160,2025-06-17 00:00:00.000,Camon40 Pro,16,O,-3.0000,pcs,26410.0000,-77121.0000,.0000,.00,-3.0000,-78041.55,-77121.00,Main Location,.0000,.0000
PI0001PI#000019,2025-06-17 00:00:00.000,Camon40 Pro,33,I,14.0000,pcs,25707.0000,359898.0000,14.0000,359898.00,.0000,.00,.00,Main Location,.0000,14.0000
SI0001SI#000154,2025-06-16 00:00:00.000,Spark 30C 6+128,16,O,-2.0000,pcs,13270.0000,-25951.6400,.0000,.00,-2.0000,-26141.90,-25951.64,Main Location,35.0000,.0000
SI0001SI#000153,2025-06-16 00:00:00.000,Spark 30C 6+128,16,O,-1.0000,pcs,13270.0000,-12975.8200,.0000,.00,-1.0000,-13070.95,-12975.82,Main Location,35.0000,.0000
SI0001SI#000150,2025-06-16 00:00:00.000,Spark 30C 6+128,16,O,-2.0000,pcs,13270.0000,-25951.6400,.0000,.00,-2.0000,-26141.90,-25951.64,Main Location,35.0000,.0000
SI0001SI#000149,2025-06-16 00:00:00.000,Spark 30 8+128,16,O,-1.0000,pcs,16970.0000,-16509.2100,.0000,.00,-1.0000,-16715.45,-16509.21,Main Location,4.0000,.0000
SI0001SI#000154,2025-06-16 00:00:00.000,Go2,16,O,-2.0000,pcs,10390.0000,-20288.2000,.0000,.00,-2.0000,-20468.30,-20288.20,Main Location,5.0000,.0000
SI0001SI#000153,2025-06-16 00:00:00.000,Go2,16,O,-1.0000,pcs,10390.0000,-10144.1000,.0000,.00,-1.0000,-10234.15,-10144.10,Main Location,5.0000,.0000
SI0001SI#000156,2025-06-16 00:00:00.000,GO1 4+64,16,O,-51.0000,pcs,10425.0000,-519904.7100,.0000,.00,-51.0000,-523699.88,-519904.71,Main Location,198.0000,.0000
SI0001SI#000153,2025-06-16 00:00:00.000,GO1 4+64,16,O,-2.0000,pcs,10425.0000,-20388.4200,.0000,.00,-2.0000,-20537.25,-20388.42,Main Location,198.0000,.0000
SI0001SI#000150,2025-06-16 00:00:00.000,GO1 4+64,16,O,-3.0000,pcs,10425.0000,-30582.6300,.0000,.00,-3.0000,-30805.88,-30582.63,Main Location,198.0000,.0000
SI0001SI#000154,2025-06-16 00:00:00.000,Camon40 Pro,16,O,-1.0000,pcs,26410.0000,-25707.0000,.0000,.00,-1.0000,-26013.85,-25707.00,Main Location,.0000,.0000
SI0001SI#000158,2025-06-16 00:00:00.000,Camon40 Pro,16,O,-1.0000,pcs,26410.0000,-25707.0000,.0000,.00,-1.0000,-26013.85,-25707.00,Main Location,.0000,.0000
SI0001SI#000157,2025-06-16 00:00:00.000,Camon40 Pro,16,O,-17.0000,pcs,26410.0000,-437019.0000,.0000,.00,-17.0000,-442235.45,-437019.00,Main Location,.0000,.0000
SI0001SI#000155,2025-06-16 00:00:00.000,Camon40 Pro,16,O,-4.0000,pcs,26410.0000,-102828.0000,.0000,.00,-4.0000,-104055.40,-102828.00,Main Location,.0000,.0000
SI0001SI#000152,2025-06-16 00:00:00.000,Camon40 Pro,16,O,-2.0000,pcs,26410.0000,-51414.0000,.0000,.00,-2.0000,-52027.70,-51414.00,Main Location,.0000,.0000
SI0001SI#000151,2025-06-16 00:00:00.000,Camon40 Pro,16,O,-1.0000,pcs,26410.0000,-25707.0000,.0000,.00,-1.0000,-26013.85,-25707.00,Main Location,.0000,.0000
PI0001PI#000018,2025-06-16 00:00:00.000,Camon40 Pro,33,I,26.0000,pcs,25707.0000,668382.0000,26.0000,668382.00,.0000,.00,.00,Main Location,.0000,26.0000
SI0001SI#000157,2025-06-16 00:00:00.000,Camon40 8+256,16,O,-5.0000,pcs,22640.0000,-110209.5000,.0000,.00,-5.0000,-111502.00,-110209.50,Main Location,.0000,.0000
PI0001PI#000018,2025-06-16 00:00:00.000,Camon40 8+256,33,I,5.0000,pcs,22041.9000,110209.5000,5.0000,110209.50,.0000,.00,.00,Main Location,.0000,5.0000
SI0001SI#000148,2025-06-15 00:00:00.000,Spark 30C 6+128,16,O,-4.0000,pcs,13270.0000,-51903.2800,.0000,.00,-4.0000,-52283.80,-51903.28,Main Location,40.0000,.0000
SI0001SI#000147,2025-06-15 00:00:00.000,Spark 30C 6+128,16,O,-5.0000,pcs,13270.0000,-64879.1000,.0000,.00,-5.0000,-65354.75,-64879.10,Main Location,40.0000,.0000
SI0001SI#000148,2025-06-15 00:00:00.000,Spark 30 8+128,16,O,-1.0000,pcs,16970.0000,-16509.2100,.0000,.00,-1.0000,-16715.45,-16509.21,Main Location,5.0000,.0000
SI0001SI#000148,2025-06-15 00:00:00.000,Go2,16,O,-2.0000,pcs,10390.0000,-20288.2000,.0000,.00,-2.0000,-20468.30,-20288.20,Main Location,8.0000,.0000
SI0001SI#000147,2025-06-15 00:00:00.000,Go2,16,O,-1.0000,pcs,10390.0000,-10144.1000,.0000,.00,-1.0000,-10234.15,-10144.10,Main Location,8.0000,.0000
SI0001SI#000147,2025-06-15 00:00:00.000,GO1 4+64,16,O,-6.0000,pcs,10425.0000,-61165.2600,.0000,.00,-6.0000,-61611.75,-61165.26,Main Location,254.0000,.0000
SI0001SI#000148,2025-06-15 00:00:00.000,GO1 4+128,16,O,-3.0000,pcs,11845.0000,-34747.5300,.0000,.00,-3.0000,-35001.98,-34747.53,Main Location,84.0000,.0000
SI0001SI#000147,2025-06-15 00:00:00.000,GO1 4+128,16,O,-5.0000,pcs,11845.0000,-57912.5500,.0000,.00,-5.0000,-58336.62,-57912.55,Main Location,84.0000,.0000
SI0001SI#000148,2025-06-15 00:00:00.000,GO1 3+64,16,O,-1.0000,pcs,9480.0000,-9272.6000,.0000,.00,-1.0000,-9337.80,-9272.60,Main Location,20.0000,.0000
SI0001SI#000138,2025-06-05 00:00:00.000,Spark 30C 6+128,16,O,-2.0000,pcs,13270.0000,-25951.6400,.0000,.00,-2.0000,-26141.90,-25951.64,Main Location,49.0000,.0000
SI0001SI#000145,2025-06-05 00:00:00.000,Spark 30C 6+128,16,O,-2.0000,pcs,13270.0000,-25951.6400,.0000,.00,-2.0000,-26141.90,-25951.64,Main Location,49.0000,.0000
SI0001SI#000143,2025-06-05 00:00:00.000,Spark 30C 6+128,16,O,-8.0000,pcs,13270.0000,-103806.5600,.0000,.00,-8.0000,-104567.60,-103806.56,Main Location,49.0000,.0000
SI0001SI#000142,2025-06-05 00:00:00.000,Spark 30C 6+128,16,O,-20.0000,pcs,13270.0000,-259516.4000,.0000,.00,-20.0000,-261419.00,-259516.40,Main Location,49.0000,.0000
SI0001SI#000140,2025-06-05 00:00:00.000,Spark 30C 6+128,16,O,-16.0000,pcs,13270.0000,-207613.1200,.0000,.00,-16.0000,-209135.20,-207613.12,Main Location,49.0000,.0000
SI0001SI#000139,2025-06-05 00:00:00.000,Spark 30C 6+128,16,O,-5.0000,pcs,13270.0000,-64879.1000,.0000,.00,-5.0000,-65354.75,-64879.10,Main Location,49.0000,.0000
PI0001PI#000017,2025-06-05 00:00:00.000,Spark 30C 6+128,33,I,100.0000,pcs,12975.8200,1297582.0000,100.0000,1297582.00,.0000,.00,.00,Main Location,49.0000,100.0000
SI0001SI#000140,2025-06-05 00:00:00.000,Spark 30 8+128,16,O,-1.0000,pcs,16970.0000,-16509.2100,.0000,.00,-1.0000,-16715.45,-16509.21,Main Location,6.0000,.0000
SI0001SI#000139,2025-06-05 00:00:00.000,Spark 30 8+128,16,O,-1.0000,pcs,16970.0000,-16509.2100,.0000,.00,-1.0000,-16715.45,-16509.21,Main Location,6.0000,.0000
SI0001SI#000138,2025-06-05 00:00:00.000,Go2,16,O,-3.0000,pcs,10390.0000,-30432.3000,.0000,.00,-3.0000,-30702.45,-30432.30,Main Location,11.0000,.0000
SI0001SI#000144,2025-06-05 00:00:00.000,Go2,16,O,-4.0000,pcs,10390.0000,-40576.4000,.0000,.00,-4.0000,-40936.60,-40576.40,Main Location,11.0000,.0000
SI0001SI#000142,2025-06-05 00:00:00.000,Go2,16,O,-20.0000,pcs,10390.0000,-202882.0000,.0000,.00,-20.0000,-204683.00,-202882.00,Main Location,11.0000,.0000
SI0001SI#000140,2025-06-05 00:00:00.000,Go2,16,O,-5.0000,pcs,10390.0000,-50720.5000,.0000,.00,-5.0000,-51170.75,-50720.50,Main Location,11.0000,.0000
SI0001SI#000139,2025-06-05 00:00:00.000,Go2,16,O,-7.0000,pcs,10390.0000,-71008.7000,.0000,.00,-7.0000,-71639.05,-71008.70,Main Location,11.0000,.0000
PI0001PI#000017,2025-06-05 00:00:00.000,Go2,33,I,50.0000,pcs,10144.1000,507205.0000,50.0000,507205.00,.0000,.00,.00,Main Location,11.0000,50.0000
SI0001SI#000146,2025-06-05 00:00:00.000,GO1 4+64,16,O,-60.0000,pcs,10425.0000,-611652.6000,.0000,.00,-60.0000,-612990.00,-611652.60,Main Location,260.0000,.0000
SI0001SI#000145,2025-06-05 00:00:00.000,GO1 4+64,16,O,-10.0000,pcs,10425.0000,-101942.1000,.0000,.00,-10.0000,-102686.25,-101942.10,Main Location,260.0000,.0000
SI0001SI#000143,2025-06-05 00:00:00.000,GO1 4+64,16,O,-6.0000,pcs,10425.0000,-61165.2600,.0000,.00,-6.0000,-61611.75,-61165.26,Main Location,260.0000,.0000
SI0001SI#000142,2025-06-05 00:00:00.000,GO1 4+64,16,O,-50.0000,pcs,10425.0000,-509710.5000,.0000,.00,-50.0000,-513431.25,-509710.50,Main Location,260.0000,.0000
SI0001SI#000141,2025-06-05 00:00:00.000,GO1 4+64,16,O,-10.0000,pcs,10425.0000,-101942.1000,.0000,.00,-10.0000,-102686.25,-101942.10,Main Location,260.0000,.0000
SI0001SI#000140,2025-06-05 00:00:00.000,GO1 4+64,16,O,-6.0000,pcs,10425.0000,-61165.2600,.0000,.00,-6.0000,-61611.75,-61165.26,Main Location,260.0000,.0000
SI0001SI#000144,2025-06-05 00:00:00.000,GO1 4+128,16,O,-1.0000,pcs,11845.0000,-11582.5100,.0000,.00,-1.0000,-11667.32,-11582.51,Main Location,92.0000,.0000
SI0001SI#000139,2025-06-05 00:00:00.000,GO1 4+128,16,O,-4.0000,pcs,11845.0000,-46330.0400,.0000,.00,-4.0000,-46669.30,-46330.04,Main Location,92.0000,.0000
SI0001SI#000139,2025-06-05 00:00:00.000,GO1 3+64,16,O,-2.0000,pcs,9480.0000,-18545.2000,.0000,.00,-2.0000,-18675.60,-18545.20,Main Location,21.0000,.0000
SI0001SI#000136,2025-06-04 00:00:00.000,Spark 30 8+128,16,O,-1.0000,pcs,16970.0000,-16509.2100,.0000,.00,-1.0000,-16715.45,-16509.21,Main Location,8.0000,.0000
SI0001SI#000134,2025-06-04 00:00:00.000,Spark 30 8+128,16,O,-1.0000,pcs,16970.0000,-16509.2100,.0000,.00,-1.0000,-16715.45,-16509.21,Main Location,8.0000,.0000
SI0001SI#000135,2025-06-04 00:00:00.000,GO1 4+64,16,O,-10.0000,pcs,10425.0000,-101942.1000,.0000,.00,-10.0000,-102686.25,-101942.10,Main Location,402.0000,.0000
SI0001SI#000134,2025-06-04 00:00:00.000,GO1 4+64,16,O,-2.0000,pcs,10425.0000,-20388.4200,.0000,.00,-2.0000,-20537.25,-20388.42,Main Location,402.0000,.0000
SI0001SI#000134,2025-06-04 00:00:00.000,GO1 3+64,16,O,-1.0000,pcs,9480.0000,-9272.6000,.0000,.00,-1.0000,-9337.80,-9272.60,Main Location,23.0000,.0000
SI0001SI#000137,2025-06-03 00:00:00.000,Spark30 Pro,16,O,-1.0000,pcs,18870.0000,-18366.6700,.0000,.00,-1.0000,-18586.95,-18366.67,Main Location,1.0000,.0000
SI0001SI#000130,2025-06-03 00:00:00.000,Spark30 Pro,16,O,-1.0000,pcs,18870.0000,-18366.6700,.0000,.00,-1.0000,-18586.95,-18366.67,Main Location,1.0000,.0000
SI0001SI#000128,2025-06-03 00:00:00.000,Spark30 Pro,16,O,-1.0000,pcs,18870.0000,-18366.6700,.0000,.00,-1.0000,-18615.45,-18366.67,Main Location,1.0000,.0000
SI0001SI#000129,2025-06-03 00:00:00.000,Spark 30 8+128,16,O,-2.0000,pcs,16970.0000,-33018.4200,.0000,.00,-2.0000,-33430.90,-33018.42,Main Location,10.0000,.0000
SI0001SI#000133,2025-06-03 00:00:00.000,GO1 4+64,16,O,-2.0000,pcs,10425.0000,-20388.4200,.0000,.00,-2.0000,-20537.25,-20388.42,Main Location,414.0000,.0000
SI0001SI#000132,2025-06-03 00:00:00.000,GO1 4+64,16,O,-10.0000,pcs,10425.0000,-101942.1000,.0000,.00,-10.0000,-102686.25,-101942.10,Main Location,414.0000,.0000
SI0001SI#000131,2025-06-03 00:00:00.000,GO1 4+64,16,O,-10.0000,pcs,10425.0000,-101942.1000,.0000,.00,-10.0000,-102686.25,-101942.10,Main Location,414.0000,.0000
SI0001SI#000130,2025-06-03 00:00:00.000,GO1 4+64,16,O,-3.0000,pcs,10425.0000,-30582.6300,.0000,.00,-3.0000,-30805.88,-30582.63,Main Location,414.0000,.0000
SI0001SI#000129,2025-06-03 00:00:00.000,GO1 4+64,16,O,-6.0000,pcs,10425.0000,-61165.2600,.0000,.00,-6.0000,-61611.75,-61165.26,Main Location,414.0000,.0000
SI0001SI#000128,2025-06-03 00:00:00.000,GO1 4+64,16,O,-2.0000,pcs,10425.0000,-20388.4200,.0000,.00,-2.0000,-20537.25,-20388.42,Main Location,414.0000,.0000
SI0001SI#000131,2025-06-03 00:00:00.000,GO1 4+128,16,O,-5.0000,pcs,11845.0000,-57912.5500,.0000,.00,-5.0000,-58336.62,-57912.55,Main Location,97.0000,.0000
SI0001SI#000128,2025-06-03 00:00:00.000,GO1 4+128,16,O,-3.0000,pcs,11845.0000,-34747.5300,.0000,.00,-3.0000,-35001.98,-34747.53,Main Location,97.0000,.0000
SI0001SI#000127,2025-06-02 00:00:00.000,GO1 4+64,16,O,-42.0000,pcs,10425.0000,-428156.8200,.0000,.00,-42.0000,-427910.80,-428156.82,Main Location,447.0000,.0000
SI0001SI#000124,2025-06-01 00:00:00.000,Spark 30C 6+128,16,O,-1.0000,pcs,13270.0000,-12975.8200,.0000,.00,-1.0000,-13070.95,-12975.82,Main Location,2.0000,.0000
SI0001SI#000126,2025-06-01 00:00:00.000,GO1 4+64,16,O,-20.0000,pcs,10425.0000,-203884.2000,.0000,.00,-20.0000,-203767.05,-203884.20,Main Location,489.0000,.0000
SI0001SI#000125,2025-06-01 00:00:00.000,GO1 4+64,16,O,-7.0000,pcs,10425.0000,-71359.4700,.0000,.00,-7.0000,-71880.38,-71359.47,Main Location,489.0000,.0000
SR0001SR#000005,2025-05-31 00:00:00.000,Spark 30C 6+128,13,I,1.0000,pcs,.0000,12975.8200,1.0000,12975.82,.0000,.00,.00,Main Location,3.0000,1.0000
SR0001SR#000003,2025-05-31 00:00:00.000,Spark 30C 6+128,13,I,1.0000,pcs,.0000,12975.8200,1.0000,12975.82,.0000,.00,.00,Main Location,3.0000,1.0000
SI0001SI#000122,2025-05-31 00:00:00.000,Spark 30C 6+128,16,O,-1.0000,pcs,13270.0000,-12975.8200,.0000,.00,-1.0000,-13070.95,-12975.82,Main Location,3.0000,.0000
SR0001SR#000004,2025-05-31 00:00:00.000,Spark 30 8+128,13,I,1.0000,pcs,.0000,16509.2100,1.0000,16509.21,.0000,.00,.00,Main Location,12.0000,1.0000
SI0001SI#000121,2025-05-31 00:00:00.000,GO1 4+64,16,O,-1.0000,pcs,10425.0000,-10194.2100,.0000,.00,-1.0000,-10268.62,-10194.21,Main Location,516.0000,.0000
SR0001SR#000003,2025-05-31 00:00:00.000,GO1 4+128,13,I,1.0000,pcs,.0000,11582.5100,1.0000,11582.51,.0000,.00,.00,Main Location,105.0000,1.0000
SI0001SI#000119,2025-05-30 00:00:00.000,Spark30 Pro,16,O,-1.0000,pcs,18870.0000,-18366.6700,.0000,.00,-1.0000,-18586.95,-18366.67,Main Location,4.0000,.0000
SI0001SI#000120,2025-05-30 00:00:00.000,Spark 30C 6+128,16,O,-2.0000,pcs,13270.0000,-25951.6400,.0000,.00,-2.0000,-26141.90,-25951.64,Main Location,2.0000,.0000
SI0001SI#000118,2025-05-30 00:00:00.000,Spark 30C 6+128,16,O,-1.0000,pcs,13270.0000,-12975.8200,.0000,.00,-1.0000,-13070.95,-12975.82,Main Location,2.0000,.0000
SI0001SI#000118,2025-05-30 00:00:00.000,GO1 4+64,16,O,-5.0000,pcs,10425.0000,-50971.0500,.0000,.00,-5.0000,-51343.12,-50971.05,Main Location,517.0000,.0000
SR0001SR#000002,2025-05-30 00:00:00.000,GO1 4+128,13,I,1.0000,pcs,.0000,11582.5100,1.0000,11582.51,.0000,.00,.00,Main Location,104.0000,1.0000
SI0001SI#000115,2025-05-29 00:00:00.000,Spark 30C 6+128,16,O,-5.0000,pcs,13270.0000,-64879.1000,.0000,.00,-5.0000,-65354.75,-64879.10,Main Location,5.0000,.0000
SI0001SI#000115,2025-05-29 00:00:00.000,GO1 4+64,16,O,-3.0000,pcs,10425.0000,-30582.6300,.0000,.00,-3.0000,-30805.88,-30582.63,Main Location,522.0000,.0000
SI0001SI#000117,2025-05-29 00:00:00.000,Camon40 Pro,16,O,-10.0000,pcs,26410.0000,-257070.0000,.0000,.00,-10.0000,-260138.50,-257070.00,Main Location,.0000,.0000
SI0001SI#000115,2025-05-29 00:00:00.000,Camon40 Pro,16,O,-5.0000,pcs,26410.0000,-128535.0000,.0000,.00,-5.0000,-130069.25,-128535.00,Main Location,.0000,.0000
SI0001SI#000116,2025-05-29 00:00:00.000,Camon40 8+256,16,O,-10.0000,pcs,22640.0000,-220419.0000,.0000,.00,-10.0000,-223004.00,-220419.00,Main Location,.0000,.0000
SI0001SI#000112,2025-05-28 00:00:00.000,Spark30 Pro,16,O,-1.0000,pcs,18870.0000,-18366.6700,.0000,.00,-1.0000,-18586.95,-18366.67,Main Location,5.0000,.0000
SI0001SI#000114,2025-05-28 00:00:00.000,Spark 30C 6+128,16,O,-5.0000,pcs,13270.0000,-64879.1000,.0000,.00,-5.0000,-65354.75,-64879.10,Main Location,10.0000,.0000
SR0001SR#000001,2025-05-28 00:00:00.000,GO1 4+64,13,I,2.0000,pcs,.0000,20388.4200,2.0000,20388.42,.0000,.00,.00,Main Location,525.0000,2.0000
SR0001SR#000001,2025-05-28 00:00:00.000,GO1 4+128,13,I,1.0000,pcs,.0000,11582.5100,1.0000,11582.51,.0000,.00,.00,Main Location,103.0000,1.0000
PI0001PI#000016,2025-05-28 00:00:00.000,GO1 4+128,33,I,15.0000,pcs,11582.5100,173737.6500,15.0000,173737.65,.0000,.00,.00,Main Location,103.0000,15.0000
PI0001PI#000016,2025-05-28 00:00:00.000,Camon40 Pro,33,I,15.0000,pcs,25707.0000,385605.0000,15.0000,385605.00,.0000,.00,.00,Main Location,15.0000,15.0000
SI0001SI#000113,2025-05-28 00:00:00.000,Camon40 8+256,16,O,-2.0000,pcs,22640.0000,-44083.8000,.0000,.00,-2.0000,-44600.80,-44083.80,Main Location,10.0000,.0000
PI0001PI#000016,2025-05-28 00:00:00.000,Camon40 8+256,33,I,10.0000,pcs,22041.9000,220419.0000,10.0000,220419.00,.0000,.00,.00,Main Location,10.0000,10.0000
SI0001SI#000110,2025-05-27 00:00:00.000,Spark 30C 6+128,16,O,-1.0000,pcs,13270.0000,-12975.8200,.0000,.00,-1.0000,-13070.95,-12975.82,Main Location,15.0000,.0000
SI0001SI#000109,2025-05-27 00:00:00.000,Spark 30C 6+128,16,O,-3.0000,pcs,13270.0000,-38927.4600,.0000,.00,-3.0000,-39212.85,-38927.46,Main Location,15.0000,.0000
SI0001SI#000106,2025-05-27 00:00:00.000,Spark 30C 6+128,16,O,-1.0000,pcs,13270.0000,-12975.8200,.0000,.00,-1.0000,-13070.95,-12975.82,Main Location,15.0000,.0000
SI0001SI#000105,2025-05-27 00:00:00.000,Spark 30C 6+128,16,O,-1.0000,pcs,13270.0000,-12975.8200,.0000,.00,-1.0000,-13070.95,-12975.82,Main Location,15.0000,.0000
PI0001PI#000014,2025-05-27 00:00:00.000,Spark 30C 6+128,33,I,10.0000,pcs,12975.8200,129758.2000,10.0000,129758.20,.0000,.00,.00,Main Location,15.0000,10.0000
SI0001SI#000111,2025-05-27 00:00:00.000,GO1 4+64,16,O,-40.0000,pcs,10194.0000,-407768.4000,.0000,.00,-40.0000,-407760.00,-407768.40,Main Location,523.0000,.0000
SI0001SI#000107,2025-05-27 00:00:00.000,Camon40 8+256,16,O,-2.0000,pcs,22640.0000,-44083.8000,.0000,.00,-2.0000,-44600.80,-44083.80,Main Location,2.0000,.0000
SI0001SI#000110,2025-05-27 00:00:00.000,Camon40 8+256,16,O,-5.0000,pcs,22640.0000,-110209.5000,.0000,.00,-5.0000,-111502.00,-110209.50,Main Location,2.0000,.0000
SI0001SI#000108,2025-05-27 00:00:00.000,Camon40 8+256,16,O,-3.0000,pcs,22640.0000,-66125.7000,.0000,.00,-3.0000,-66901.20,-66125.70,Main Location,2.0000,.0000
SI0001SI#000104,2025-05-27 00:00:00.000,Camon40 8+256,16,O,-3.0000,pcs,22640.0000,-66125.7000,.0000,.00,-3.0000,-66901.20,-66125.70,Main Location,2.0000,.0000
PI0001PI#000015,2025-05-27 00:00:00.000,Camon40 8+256,33,I,15.0000,pcs,22041.9000,330628.5000,15.0000,330628.50,.0000,.00,.00,Main Location,2.0000,15.0000
SI0001SI#000103,2025-05-26 00:00:00.000,Spark 30C 6+128,16,O,-10.0000,pcs,13270.0000,-129758.2000,.0000,.00,-10.0000,-130709.50,-129758.20,Main Location,11.0000,.0000
PI0001PI#000013,2025-05-26 00:00:00.000,Spark 30C 6+128,33,I,20.0000,pcs,12975.8200,259516.4000,20.0000,259516.40,.0000,.00,.00,Main Location,11.0000,20.0000
SI0001SI#000102,2025-05-26 00:00:00.000,Spark 30C 6+128,16,O,-1.0000,pcs,13270.0000,-12975.8200,.0000,.00,-1.0000,-13070.95,-12975.82,Main Location,11.0000,.0000
SI0001SI#000099,2025-05-25 00:00:00.000,Spark30 Pro,16,O,-2.0000,pcs,18870.0000,-36733.3400,.0000,.00,-2.0000,-37173.90,-36733.34,Main Location,6.0000,.0000
SI0001SI#000095,2025-05-25 00:00:00.000,Spark30 Pro,16,O,-2.0000,pcs,18870.0000,-36733.3400,.0000,.00,-2.0000,-37173.90,-36733.34,Main Location,6.0000,.0000
SI0001SI#000098,2025-05-25 00:00:00.000,Spark 30C 6+128,16,O,-3.0000,pcs,13270.0000,-38927.4600,.0000,.00,-3.0000,-39212.85,-38927.46,Main Location,2.0000,.0000
SI0001SI#000095,2025-05-25 00:00:00.000,Spark 30C 6+128,16,O,-5.0000,pcs,13270.0000,-64879.1000,.0000,.00,-5.0000,-65354.75,-64879.10,Main Location,2.0000,.0000
SI0001SI#000094,2025-05-25 00:00:00.000,Spark 30C 6+128,16,O,-1.0000,pcs,13270.0000,-12975.8200,.0000,.00,-1.0000,-13070.95,-12975.82,Main Location,2.0000,.0000
SI0001SI#000097,2025-05-25 00:00:00.000,Spark 30 8+128,16,O,-1.0000,pcs,16970.0000,-16509.2100,.0000,.00,-1.0000,-16715.45,-16509.21,Main Location,11.0000,.0000
PI0001PI#000012,2025-05-25 00:00:00.000,Spark 30 8+128,33,I,5.0000,pcs,16509.2100,82546.0500,5.0000,82546.05,.0000,.00,.00,Main Location,11.0000,5.0000
SI0001SI#000101,2025-05-25 00:00:00.000,GO1 4+64,16,O,-9.0000,pcs,10425.0000,-91747.8900,.0000,.00,-9.0000,-92417.62,-91747.89,Main Location,563.0000,.0000
SI0001SI#000100,2025-05-25 00:00:00.000,GO1 4+64,16,O,-61.0000,pcs,10194.0000,-621846.8100,.0000,.00,-61.0000,-621834.00,-621846.81,Main Location,563.0000,.0000
SI0001SI#000094,2025-05-25 00:00:00.000,GO1 4+64,16,O,-2.0000,pcs,10425.0000,-20388.4200,.0000,.00,-2.0000,-20537.25,-20388.42,Main Location,563.0000,.0000
SI0001SI#000098,2025-05-25 00:00:00.000,GO1 4+128,16,O,-1.0000,pcs,11845.0000,-11582.5100,.0000,.00,-1.0000,-11448.85,-11582.51,Main Location,87.0000,.0000
SI0001SI#000101,2025-05-25 00:00:00.000,GO1 4+128,16,O,-5.0000,pcs,11845.0000,-57912.5500,.0000,.00,-5.0000,-58336.62,-57912.55,Main Location,87.0000,.0000
SI0001SI#000095,2025-05-25 00:00:00.000,GO1 3+64,16,O,-2.0000,pcs,9480.0000,-18545.2000,.0000,.00,-2.0000,-18675.60,-18545.20,Main Location,24.0000,.0000
SI0001SI#000101,2025-05-25 00:00:00.000,Camon40 Pro,16,O,-1.0000,pcs,26410.0000,-25707.0000,.0000,.00,-1.0000,-26013.85,-25707.00,Main Location,.0000,.0000
SI0001SI#000099,2025-05-25 00:00:00.000,Camon40 Pro,16,O,-7.0000,pcs,26410.0000,-179949.0000,.0000,.00,-7.0000,-182096.95,-179949.00,Main Location,.0000,.0000
SI0001SI#000097,2025-05-25 00:00:00.000,Camon40 Pro,16,O,-2.0000,pcs,26410.0000,-51414.0000,.0000,.00,-2.0000,-52027.70,-51414.00,Main Location,.0000,.0000
SI0001SI#000096,2025-05-25 00:00:00.000,Camon40 Pro,16,O,-5.0000,pcs,26410.0000,-128535.0000,.0000,.00,-5.0000,-130069.25,-128535.00,Main Location,.0000,.0000
PI0001PI#000012,2025-05-25 00:00:00.000,Camon40 Pro,33,I,15.0000,pcs,25707.0000,385605.0000,15.0000,385605.00,.0000,.00,.00,Main Location,.0000,15.0000
SI0001SI#000098,2025-05-25 00:00:00.000,Camon 40(8+128),16,O,-1.0000,pcs,21220.0000,-20653.6800,.0000,.00,-1.0000,-20901.70,-20653.68,Main Location,.0000,.0000
SI0001SI#000092,2025-05-23 00:00:00.000,Spark30 Pro,16,O,-1.0000,pcs,18870.0000,-18366.6700,.0000,.00,-1.0000,-18586.95,-18366.67,Main Location,10.0000,.0000
SI0001SI#000093,2025-05-23 00:00:00.000,Spark 30C 6+128,16,O,-4.0000,pcs,13270.0000,-51903.2800,.0000,.00,-4.0000,-52283.80,-51903.28,Main Location,11.0000,.0000
SI0001SI#000091,2025-05-23 00:00:00.000,Spark 30C 6+128,16,O,-4.0000,pcs,13270.0000,-51903.2800,.0000,.00,-4.0000,-52283.80,-51903.28,Main Location,11.0000,.0000
SI0001SI#000090,2025-05-23 00:00:00.000,Spark 30C 6+128,16,O,-5.0000,pcs,12975.0000,-64879.1000,.0000,.00,-5.0000,-64875.00,-64879.10,Main Location,11.0000,.0000
SI0001SI#000093,2025-05-23 00:00:00.000,GO1 4+64,16,O,-4.0000,pcs,10425.0000,-40776.8400,.0000,.00,-4.0000,-41074.50,-40776.84,Main Location,635.0000,.0000
SI0001SI#000091,2025-05-23 00:00:00.000,GO1 4+64,16,O,-5.0000,pcs,10425.0000,-50971.0500,.0000,.00,-5.0000,-51343.12,-50971.05,Main Location,635.0000,.0000
SI0001SI#000089,2025-05-23 00:00:00.000,GO1 4+64,16,O,-100.0000,pcs,10194.0000,-1019421.0000,.0000,.00,-100.0000,-1019400.00,-1019421.00,Main Location,635.0000,.0000
PI0001PI#000011,2025-05-23 00:00:00.000,GO1 4+64,33,I,390.0000,pcs,10194.2100,3975741.9000,390.0000,3975741.90,.0000,.00,.00,Main Location,635.0000,390.0000
SI0001SI#000092,2025-05-23 00:00:00.000,GO1 3+64,16,O,-1.0000,pcs,9480.0000,-9272.6000,.0000,.00,-1.0000,-9337.80,-9272.60,Main Location,26.0000,.0000
SI0001SI#000093,2025-05-23 00:00:00.000,Camon 40(8+128),16,O,-2.0000,pcs,21220.0000,-41307.3600,.0000,.00,-2.0000,-41803.40,-41307.36,Main Location,1.0000,.0000
SI0001SI#000085,2025-05-22 00:00:00.000,Spark 30C 6+128,16,O,-1.0000,pcs,13270.0000,-12975.8200,.0000,.00,-1.0000,-13070.95,-12975.82,Main Location,24.0000,.0000
PI0001PI#000010,2025-05-22 00:00:00.000,Spark 30C 6+128,33,I,20.0000,pcs,12975.8200,259516.4000,20.0000,259516.40,.0000,.00,.00,Main Location,24.0000,20.0000
PI0001PI#000010,2025-05-22 00:00:00.000,GO1 4+64,33,I,20.0000,pcs,10194.2100,203884.2000,20.0000,203884.20,.0000,.00,.00,Main Location,354.0000,20.0000
SI0001SI#000088,2025-05-22 00:00:00.000,Camon40 Pro,16,O,-5.0000,pcs,26410.0000,-128535.0000,.0000,.00,-5.0000,-130069.25,-128535.00,Main Location,.0000,.0000
SI0001SI#000086,2025-05-22 00:00:00.000,Camon40 Pro,16,O,-15.0000,pcs,26410.0000,-385605.0000,.0000,.00,-15.0000,-390207.75,-385605.00,Main Location,.0000,.0000
PI0001PI#000010,2025-05-22 00:00:00.000,Camon40 Pro,33,I,20.0000,pcs,25707.0000,514140.0000,20.0000,514140.00,.0000,.00,.00,Main Location,.0000,20.0000
SI0001SI#000088,2025-05-22 00:00:00.000,Camon 40(8+128),16,O,-5.0000,pcs,21220.0000,-103268.4000,.0000,.00,-5.0000,-104508.50,-103268.40,Main Location,3.0000,.0000
SI0001SI#000087,2025-05-22 00:00:00.000,Camon 40(8+128),16,O,-1.0000,pcs,21220.0000,-20653.6800,.0000,.00,-1.0000,-20901.70,-20653.68,Main Location,3.0000,.0000
SI0001SI#000083,2025-05-21 00:00:00.000,Spark 30C 6+128,16,O,-1.0000,pcs,13270.0000,-12975.8200,.0000,.00,-1.0000,-13070.95,-12975.82,Main Location,5.0000,.0000
SI0001SI#000082,2025-05-21 00:00:00.000,Spark 30C 6+128,16,O,-2.0000,pcs,13270.0000,-25951.6400,.0000,.00,-2.0000,-26141.90,-25951.64,Main Location,5.0000,.0000
SI0001SI#000083,2025-05-21 00:00:00.000,GO1 4+64,16,O,-2.0000,pcs,10425.0000,-20388.4200,.0000,.00,-2.0000,-20537.25,-20388.42,Main Location,334.0000,.0000
SI0001SI#000082,2025-05-21 00:00:00.000,GO1 4+64,16,O,-2.0000,pcs,10425.0000,-20388.4200,.0000,.00,-2.0000,-20537.25,-20388.42,Main Location,334.0000,.0000
SI0001SI#000081,2025-05-21 00:00:00.000,GO1 4+64,16,O,-45.0000,pcs,10194.2100,-458739.4500,.0000,.00,-45.0000,-458739.45,-458739.45,Main Location,334.0000,.0000
SI0001SI#000084,2025-05-21 00:00:00.000,Camon 40(8+128),16,O,-5.0000,pcs,21220.0000,-103268.4000,.0000,.00,-5.0000,-104508.50,-103268.40,Main Location,9.0000,.0000
SI0001SI#000083,2025-05-21 00:00:00.000,Camon 40(8+128),16,O,-2.0000,pcs,21220.0000,-41307.3600,.0000,.00,-2.0000,-41803.40,-41307.36,Main Location,9.0000,.0000
PI0001PI#000009,2025-05-21 00:00:00.000,Camon 40(8+128),33,I,15.0000,pcs,20653.6800,309805.2000,15.0000,309805.20,.0000,.00,.00,Main Location,9.0000,15.0000
SI0001SI#000079,2025-05-20 00:00:00.000,Spark30 Pro,16,O,-1.0000,pcs,18870.0000,-18366.6700,.0000,.00,-1.0000,-18586.95,-18366.67,Main Location,11.0000,.0000
SI0001SI#000080,2025-05-20 00:00:00.000,Spark 30C 6+128,16,O,-1.0000,pcs,13270.0000,-12975.8200,.0000,.00,-1.0000,-13070.95,-12975.82,Main Location,8.0000,.0000
SI0001SI#000079,2025-05-20 00:00:00.000,Spark 30C 6+128,16,O,-2.0000,pcs,13270.0000,-25951.6400,.0000,.00,-2.0000,-26141.90,-25951.64,Main Location,8.0000,.0000
SI0001SI#000077,2025-05-20 00:00:00.000,Spark 30C 6+128,16,O,-4.0000,pcs,13270.0000,-51903.2800,.0000,.00,-4.0000,-52283.80,-51903.28,Main Location,8.0000,.0000
SI0001SI#000080,2025-05-20 00:00:00.000,GO1 4+64,16,O,-1.0000,pcs,10425.0000,-10194.2100,.0000,.00,-1.0000,-10268.62,-10194.21,Main Location,383.0000,.0000
SI0001SI#000079,2025-05-20 00:00:00.000,GO1 4+64,16,O,-2.0000,pcs,10425.0000,-20388.4200,.0000,.00,-2.0000,-20537.25,-20388.42,Main Location,383.0000,.0000
SI0001SI#000077,2025-05-20 00:00:00.000,GO1 4+64,16,O,-4.0000,pcs,10425.0000,-40776.8400,.0000,.00,-4.0000,-41074.50,-40776.84,Main Location,383.0000,.0000
SI0001SI#000079,2025-05-20 00:00:00.000,GO1 4+128,16,O,-2.0000,pcs,11845.0000,-23165.0200,.0000,.00,-2.0000,-23334.65,-23165.02,Main Location,93.0000,.0000
SI0001SI#000077,2025-05-20 00:00:00.000,GO1 4+128,16,O,-2.0000,pcs,11845.0000,-23165.0200,.0000,.00,-2.0000,-23334.65,-23165.02,Main Location,93.0000,.0000
SI0001SI#000079,2025-05-20 00:00:00.000,Camon 40(8+128),16,O,-1.0000,pcs,21220.0000,-20653.6800,.0000,.00,-1.0000,-20901.70,-20653.68,Main Location,1.0000,.0000
SI0001SI#000078,2025-05-20 00:00:00.000,Camon 40(8+128),16,O,-2.0000,pcs,21220.0000,-41307.3600,.0000,.00,-2.0000,-41803.40,-41307.36,Main Location,1.0000,.0000
PI0001PI#000008,2025-05-19 00:00:00.000,Spark30 Pro,33,I,10.0000,pcs,18366.6700,183666.7000,10.0000,183666.70,.0000,.00,.00,Main Location,12.0000,10.0000
SI0001SI#000074,2025-05-19 00:00:00.000,Spark 30C 6+128,16,O,-5.0000,pcs,13270.0000,-64879.1000,.0000,.00,-5.0000,-65354.75,-64879.10,Main Location,15.0000,.0000
SI0001SI#000071,2025-05-19 00:00:00.000,Spark 30C 6+128,16,O,-5.0000,pcs,13270.0000,-64879.1000,.0000,.00,-5.0000,-65354.75,-64879.10,Main Location,15.0000,.0000
SI0001SI#000076,2025-05-19 00:00:00.000,GO1 4+64,16,O,-1.0000,pcs,10425.0000,-10194.2100,.0000,.00,-1.0000,-10268.62,-10194.21,Main Location,390.0000,.0000
SI0001SI#000071,2025-05-19 00:00:00.000,GO1 4+128,16,O,-10.0000,pcs,11845.0000,-115825.1000,.0000,.00,-10.0000,-116673.25,-115825.10,Main Location,97.0000,.0000
SI0001SI#000076,2025-05-19 00:00:00.000,Camon 40(8+128),16,O,-3.0000,pcs,21220.0000,-61961.0400,.0000,.00,-3.0000,-62705.10,-61961.04,Main Location,4.0000,.0000
SI0001SI#000075,2025-05-19 00:00:00.000,Camon 40(8+128),16,O,-1.0000,pcs,21220.0000,-20653.6800,.0000,.00,-1.0000,-20901.70,-20653.68,Main Location,4.0000,.0000
SI0001SI#000074,2025-05-19 00:00:00.000,Camon 40(8+128),16,O,-2.0000,pcs,21220.0000,-41307.3600,.0000,.00,-2.0000,-41803.40,-41307.36,Main Location,4.0000,.0000
SI0001SI#000073,2025-05-19 00:00:00.000,Camon 40(8+128),16,O,-3.0000,pcs,21220.0000,-61961.0400,.0000,.00,-3.0000,-62705.10,-61961.04,Main Location,4.0000,.0000
SI0001SI#000072,2025-05-19 00:00:00.000,Camon 40(8+128),16,O,-1.0000,pcs,21220.0000,-20653.6800,.0000,.00,-1.0000,-20901.70,-20653.68,Main Location,4.0000,.0000
PI0001PI#000008,2025-05-19 00:00:00.000,Camon 40(8+128),33,I,14.0000,pcs,20653.6800,289151.5200,14.0000,289151.52,.0000,.00,.00,Main Location,4.0000,14.0000
SI0001SI#000068,2025-05-18 00:00:00.000,Spark30 Pro,16,O,-1.0000,pcs,18870.0000,-18366.6700,.0000,.00,-1.0000,-18586.95,-18366.67,Main Location,2.0000,.0000
SI0001SI#000070,2025-05-18 00:00:00.000,Spark 30C 6+128,16,O,-2.0000,pcs,13270.0000,-25951.6400,.0000,.00,-2.0000,-26141.90,-25951.64,Main Location,25.0000,.0000
SI0001SI#000069,2025-05-18 00:00:00.000,Spark 30C 6+128,16,O,-1.0000,pcs,13270.0000,-12975.8200,.0000,.00,-1.0000,-13070.95,-12975.82,Main Location,25.0000,.0000
SI0001SI#000068,2025-05-18 00:00:00.000,Spark 30C 6+128,16,O,-11.0000,pcs,13270.0000,-142734.0200,.0000,.00,-11.0000,-143780.45,-142734.02,Main Location,25.0000,.0000
SI0001SI#000068,2025-05-18 00:00:00.000,Spark 20C 4+128,16,O,-1.0000,pcs,11320.0000,-11016.1700,.0000,.00,-1.0000,-11150.20,-11016.17,Main Location,3.0000,.0000
SI0001SI#000070,2025-05-18 00:00:00.000,GO1 4+64,16,O,-1.0000,pcs,10425.0000,-10194.2100,.0000,.00,-1.0000,-10268.62,-10194.21,Main Location,391.0000,.0000
SI0001SI#000068,2025-05-18 00:00:00.000,GO1 4+64,16,O,-1.0000,pcs,10425.0000,-10194.2100,.0000,.00,-1.0000,-10268.62,-10194.21,Main Location,391.0000,.0000
PI0001PI#000007,2025-05-18 00:00:00.000,GO1 4+64,33,I,200.0000,pcs,10194.2100,2038842.0000,200.0000,2038842.00,.0000,.00,.00,Main Location,391.0000,200.0000
SI0001SI#000070,2025-05-18 00:00:00.000,GO1 4+128,16,O,-2.0000,pcs,11845.0000,-23165.0200,.0000,.00,-2.0000,-23334.65,-23165.02,Main Location,107.0000,.0000
SI0001SI#000063,2025-05-16 00:00:00.000,Spark 30C 6+128,16,O,-8.0000,pcs,13270.0000,-103806.5600,.0000,.00,-8.0000,-104567.60,-103806.56,Main Location,39.0000,.0000
SI0001SI#000063,2025-05-16 00:00:00.000,GO1 4+64,16,O,-4.0000,pcs,10425.0000,-40776.8400,.0000,.00,-4.0000,-41074.50,-40776.84,Main Location,193.0000,.0000
SI0001SI#000062,2025-05-16 00:00:00.000,GO1 4+64,16,O,-6.0000,pcs,10425.0000,-61165.2600,.0000,.00,-6.0000,-61611.75,-61165.26,Main Location,193.0000,.0000
SI0001SI#000061,2025-05-16 00:00:00.000,GO1 4+64,16,O,-3.0000,pcs,10425.0000,-30582.6300,.0000,.00,-3.0000,-30805.88,-30582.63,Main Location,193.0000,.0000
SI0001SI#000060,2025-05-16 00:00:00.000,GO1 4+64,16,O,-3.0000,pcs,10425.0000,-30582.6300,.0000,.00,-3.0000,-30799.62,-30582.63,Main Location,193.0000,.0000
SI0001SI#000059,2025-05-16 00:00:00.000,GO1 4+64,16,O,-2.0000,pcs,10425.0000,-20388.4200,.0000,.00,-2.0000,-20537.25,-20388.42,Main Location,193.0000,.0000
SI0001SI#000058,2025-05-16 00:00:00.000,GO1 4+64,16,O,-10.0000,pcs,10425.0000,-101942.1000,.0000,.00,-10.0000,-102686.25,-101942.10,Main Location,193.0000,.0000
PI0001PI#000006,2025-05-16 00:00:00.000,GO1 4+64,33,I,50.0000,pcs,10194.2100,509710.5000,50.0000,509710.50,.0000,.00,.00,Main Location,193.0000,50.0000
SI0001SI#000059,2025-05-16 00:00:00.000,GO1 4+128,16,O,-1.0000,pcs,11845.0000,-11582.5100,.0000,.00,-1.0000,-11667.32,-11582.51,Main Location,109.0000,.0000
SI0001SI#000064,2025-05-16 00:00:00.000,Camon40 Pro,16,O,-6.0000,pcs,26410.0000,-154242.0000,.0000,.00,-6.0000,-156083.10,-154242.00,Main Location,.0000,.0000
SI0001SI#000062,2025-05-16 00:00:00.000,Camon40 Pro,16,O,-2.0000,pcs,26410.0000,-51414.0000,.0000,.00,-2.0000,-52027.70,-51414.00,Main Location,.0000,.0000
SI0001SI#000061,2025-05-16 00:00:00.000,Camon40 Pro,16,O,-1.0000,pcs,26410.0000,-25707.0000,.0000,.00,-1.0000,-26013.85,-25707.00,Main Location,.0000,.0000
SI0001SI#000060,2025-05-16 00:00:00.000,Camon40 Pro,16,O,-1.0000,pcs,26410.0000,-25707.0000,.0000,.00,-1.0000,-26013.85,-25707.00,Main Location,.0000,.0000
PI0001PI#000006,2025-05-16 00:00:00.000,Camon40 Pro,33,I,10.0000,pcs,25707.0000,257070.0000,10.0000,257070.00,.0000,.00,.00,Main Location,.0000,10.0000
SI0001SI#000057,2025-05-15 00:00:00.000,Spark30 Pro,16,O,-3.0000,pcs,18870.0000,-55100.0100,.0000,.00,-3.0000,-55760.85,-55100.01,Main Location,3.0000,.0000
SI0001SI#000053,2025-05-15 00:00:00.000,Spark30 Pro,16,O,-5.0000,pcs,18870.0000,-91833.3500,.0000,.00,-5.0000,-92934.75,-91833.35,Main Location,3.0000,.0000
SI0001SI#000053,2025-05-15 00:00:00.000,Spark 30C 6+128,16,O,-2.0000,pcs,13270.0000,-25951.6400,.0000,.00,-2.0000,-26141.90,-25951.64,Main Location,47.0000,.0000
SI0001SI#000055,2025-05-15 00:00:00.000,Spark 30C 6+128,16,O,-2.0000,pcs,13270.0000,-25951.6400,.0000,.00,-2.0000,-26141.90,-25951.64,Main Location,47.0000,.0000
SI0001SI#000050,2025-05-15 00:00:00.000,Spark 30C 6+128,16,O,-5.0000,pcs,13270.0000,-64879.1000,.0000,.00,-5.0000,-65354.75,-64879.10,Main Location,47.0000,.0000
SI0001SI#000055,2025-05-15 00:00:00.000,Spark 30 8+128,16,O,-1.0000,pcs,16970.0000,-16509.2100,.0000,.00,-1.0000,-16715.45,-16509.21,Main Location,7.0000,.0000
SI0001SI#000123,2025-05-15 00:00:00.000,One Plus C4 Light,16,O,-1.0000,pcs,23430.0000,-22830.0000,.0000,.00,-1.0000,-23430.00,-22830.00,Main Location,1.0000,.0000
SI0001SI#000053,2025-05-15 00:00:00.000,GO1 4+64,16,O,-2.0000,pcs,10425.0000,-20388.4200,.0000,.00,-2.0000,-20537.25,-20388.42,Main Location,171.0000,.0000
SI0001SI#000056,2025-05-15 00:00:00.000,GO1 4+64,16,O,-40.0000,pcs,10425.0000,-407768.4000,.0000,.00,-40.0000,-410745.00,-407768.40,Main Location,171.0000,.0000
SI0001SI#000055,2025-05-15 00:00:00.000,GO1 4+64,16,O,-1.0000,pcs,10425.0000,-10194.2100,.0000,.00,-1.0000,-10268.62,-10194.21,Main Location,171.0000,.0000
SI0001SI#000052,2025-05-15 00:00:00.000,GO1 4+64,16,O,-2.0000,pcs,10425.0000,-20388.4200,.0000,.00,-2.0000,-20537.25,-20388.42,Main Location,171.0000,.0000
PI0001PI#000005,2025-05-15 00:00:00.000,GO1 4+64,33,I,50.0000,pcs,10194.2100,509710.5000,50.0000,509710.50,.0000,.00,.00,Main Location,171.0000,50.0000
SI0001SI#000050,2025-05-15 00:00:00.000,GO1 4+64,16,O,-5.0000,pcs,10425.0000,-50971.0500,.0000,.00,-5.0000,-51343.12,-50971.05,Main Location,171.0000,.0000
SI0001SI#000050,2025-05-15 00:00:00.000,GO1 4+128,16,O,-5.0000,pcs,11845.0000,-57912.5500,.0000,.00,-5.0000,-58336.62,-57912.55,Main Location,110.0000,.0000
SI0001SI#000053,2025-05-15 00:00:00.000,Camon40 Pro,16,O,-3.0000,pcs,26410.0000,-77121.0000,.0000,.00,-3.0000,-78041.55,-77121.00,Main Location,.0000,.0000
SI0001SI#000056,2025-05-15 00:00:00.000,Camon40 Pro,16,O,-10.0000,pcs,26410.0000,-257070.0000,.0000,.00,-10.0000,-260138.50,-257070.00,Main Location,.0000,.0000
SI0001SI#000052,2025-05-15 00:00:00.000,Camon40 Pro,16,O,-1.0000,pcs,26410.0000,-25707.0000,.0000,.00,-1.0000,-26013.85,-25707.00,Main Location,.0000,.0000
SI0001SI#000051,2025-05-15 00:00:00.000,Camon40 Pro,16,O,-6.0000,pcs,26410.0000,-154242.0000,.0000,.00,-6.0000,-156083.10,-154242.00,Main Location,.0000,.0000
PI0001PI#000005,2025-05-15 00:00:00.000,Camon40 Pro,33,I,20.0000,pcs,25707.0000,514140.0000,20.0000,514140.00,.0000,.00,.00,Main Location,.0000,20.0000
SI0001SI#000054,2025-05-15 00:00:00.000,Camon30S 8+256,16,O,-1.0000,pcs,26410.0000,-25701.0500,.0000,.00,-1.0000,-26013.85,-25701.05,Main Location,.0000,.0000
SI0001SI#000035,2025-05-14 00:00:00.000,Spark30 Pro,16,O,-1.0000,pcs,18870.0000,-18366.6700,.0000,.00,-1.0000,-18586.95,-18366.67,Main Location,11.0000,.0000
SI0001SI#000047,2025-05-14 00:00:00.000,Spark 30C 6+128,16,O,-2.0000,pcs,13270.0000,-25951.6400,.0000,.00,-2.0000,-26136.59,-25951.64,Main Location,56.0000,.0000
SI0001SI#000046,2025-05-14 00:00:00.000,Spark 30C 6+128,16,O,-1.0000,pcs,13270.0000,-12975.8200,.0000,.00,-1.0000,-13070.95,-12975.82,Main Location,56.0000,.0000
SI0001SI#000036,2025-05-14 00:00:00.000,Spark 30C 6+128,16,O,-3.0000,pcs,13270.0000,-38927.4600,.0000,.00,-3.0000,-39212.85,-38927.46,Main Location,56.0000,.0000
PI0001PI#000004,2025-05-14 00:00:00.000,Spark 30C 6+128,33,I,20.0000,pcs,12975.8200,259516.4000,20.0000,259516.40,.0000,.00,.00,Main Location,56.0000,20.0000
SI0001SI#000036,2025-05-14 00:00:00.000,GO1 4+64,16,O,-10.0000,pcs,10425.0000,-101942.1000,.0000,.00,-10.0000,-102686.25,-101942.10,Main Location,171.0000,.0000
SI0001SI#000035,2025-05-14 00:00:00.000,GO1 4+64,16,O,-3.0000,pcs,10425.0000,-30582.6300,.0000,.00,-3.0000,-30805.88,-30582.63,Main Location,171.0000,.0000
SI0001SI#000047,2025-05-14 00:00:00.000,GO1 4+128,16,O,-1.0000,pcs,11845.0000,-11582.5100,.0000,.00,-1.0000,-11667.32,-11582.51,Main Location,115.0000,.0000
SI0001SI#000035,2025-05-14 00:00:00.000,GO1 4+128,16,O,-2.0000,pcs,11845.0000,-23165.0200,.0000,.00,-2.0000,-23334.65,-23165.02,Main Location,115.0000,.0000
SI0001SI#000049,2025-05-14 00:00:00.000,Camon40 Pro,16,O,-7.0000,pcs,26410.0000,-179949.0000,.0000,.00,-7.0000,-182059.98,-179949.00,Main Location,.0000,.0000
SI0001SI#000048,2025-05-14 00:00:00.000,Camon40 Pro,16,O,-3.0000,pcs,26410.0000,-77121.0000,.0000,.00,-3.0000,-78041.55,-77121.00,Main Location,.0000,.0000
SI0001SI#000047,2025-05-14 00:00:00.000,Camon40 Pro,16,O,-2.0000,pcs,26410.0000,-51414.0000,.0000,.00,-2.0000,-52027.70,-51414.00,Main Location,.0000,.0000
SI0001SI#000035,2025-05-14 00:00:00.000,Camon40 Pro,16,O,-6.0000,pcs,26410.0000,-154242.0000,.0000,.00,-6.0000,-156083.10,-154242.00,Main Location,.0000,.0000
PI0001PI#000004,2025-05-14 00:00:00.000,Camon40 Pro,33,I,18.0000,pcs,25707.0000,462726.0000,18.0000,462726.00,.0000,.00,.00,Main Location,.0000,18.0000
SI0001SI#000034,2025-05-13 00:00:00.000,Spark30 Pro,16,O,-5.0000,pcs,18870.0000,-91833.3500,.0000,.00,-5.0000,-92934.75,-91833.35,Main Location,12.0000,.0000
SI0001SI#000034,2025-05-13 00:00:00.000,Spark 30C 6+128,16,O,-20.0000,pcs,13270.0000,-259516.4000,.0000,.00,-20.0000,-261419.00,-259516.40,Main Location,42.0000,.0000
SI0001SI#000027,2025-05-13 00:00:00.000,Spark 30C 6+128,16,O,-1.0000,pcs,13270.0000,-12975.8200,.0000,.00,-1.0000,-13070.95,-12975.82,Main Location,42.0000,.0000
SI0001SI#000034,2025-05-13 00:00:00.000,GO1 4+64,16,O,-5.0000,pcs,10425.0000,-50971.0500,.0000,.00,-5.0000,-51343.12,-50971.05,Main Location,184.0000,.0000
SI0001SI#000027,2025-05-13 00:00:00.000,GO1 4+64,16,O,-3.0000,pcs,10425.0000,-30582.6300,.0000,.00,-3.0000,-30805.88,-30582.63,Main Location,184.0000,.0000
SI0001SI#000034,2025-05-13 00:00:00.000,GO1 4+128,16,O,-2.0000,pcs,11845.0000,-23165.0200,.0000,.00,-2.0000,-23334.65,-23165.02,Main Location,118.0000,.0000
SI0001SI#000027,2025-05-13 00:00:00.000,Camon40 8+256,16,O,-1.0000,pcs,22640.0000,-22041.9000,.0000,.00,-1.0000,-22300.40,-22041.90,Main Location,.0000,.0000
PI0001PI#000003,2025-05-12 00:00:00.000,Spark30 Pro,33,I,10.0000,pcs,18366.6700,183666.7000,10.0000,183666.70,.0000,.00,.00,Main Location,17.0000,10.0000
PI0001PI#000003,2025-05-12 00:00:00.000,Spark 30C 6+128,33,I,60.0000,pcs,12975.8200,778549.2000,60.0000,778549.20,.0000,.00,.00,Main Location,63.0000,60.0000
PI0001PI#000003,2025-05-12 00:00:00.000,GO1 4+64,33,I,40.0000,pcs,10194.2100,407768.4000,40.0000,407768.40,.0000,.00,.00,Main Location,192.0000,40.0000
SI0001SI#000033,2025-05-12 00:00:00.000,GO1 4+64,16,O,-15.0000,pcs,10425.0000,-152913.1500,.0000,.00,-15.0000,-154029.38,-152913.15,Main Location,192.0000,.0000
SI0001SI#000033,2025-05-12 00:00:00.000,GO1 4+128,16,O,-1.0000,pcs,11845.0000,-11582.5100,.0000,.00,-1.0000,-11667.32,-11582.51,Main Location,120.0000,.0000
SI0001SI#000006,2025-05-11 00:00:00.000,Spark 20C 4+128,16,O,-1.0000,pcs,11320.0000,-11016.1700,.0000,.00,-1.0000,-11150.20,-11016.17,Main Location,4.0000,.0000
SI0001SI#000006,2025-05-11 00:00:00.000,GO1 4+64,16,O,-10.0000,pcs,10425.0000,-101942.1000,.0000,.00,-10.0000,-102686.25,-101942.10,Main Location,167.0000,.0000
SI0001SI#000005,2025-05-11 00:00:00.000,GO1 4+64,16,O,-10.0000,pcs,10425.0000,-101942.1000,.0000,.00,-10.0000,-102686.25,-101942.10,Main Location,167.0000,.0000
SI0001SI#000004,2025-05-11 00:00:00.000,GO1 4+64,16,O,-30.0000,pcs,10425.0000,-305826.3000,.0000,.00,-30.0000,-308058.75,-305826.30,Main Location,167.0000,.0000
SI0001SI#000003,2025-05-11 00:00:00.000,GO1 4+64,16,O,-1.0000,pcs,10425.0000,-10194.2100,.0000,.00,-1.0000,-10320.75,-10194.21,Main Location,167.0000,.0000
SI0001SI#000002,2025-05-11 00:00:00.000,GO1 4+64,16,O,-2.0000,pcs,10425.0000,-20388.4200,.0000,.00,-2.0000,-20537.25,-20388.42,Main Location,167.0000,.0000
SI0001SI#000001,2025-05-11 00:00:00.000,GO1 4+64,16,O,-8.0000,pcs,10425.0000,-81553.6800,.0000,.00,-8.0000,-82149.00,-81553.68,Main Location,167.0000,.0000
SI0001SI#000006,2025-05-11 00:00:00.000,GO1 4+128,16,O,-5.0000,pcs,11845.0000,-57912.5500,.0000,.00,-5.0000,-58336.62,-57912.55,Main Location,121.0000,.0000
SI0001SI#000002,2025-05-11 00:00:00.000,GO1 4+128,16,O,-2.0000,pcs,11845.0000,-23165.0200,.0000,.00,-2.0000,-23334.65,-23165.02,Main Location,121.0000,.0000
SI0001SI#000001,2025-05-11 00:00:00.000,GO1 4+128,16,O,-2.0000,pcs,11845.0000,-23165.0200,.0000,.00,-2.0000,-23334.65,-23165.02,Main Location,121.0000,.0000
SI0001SI#000006,2025-05-11 00:00:00.000,Camon30S 8+256,16,O,-3.0000,pcs,26410.0000,-77103.1500,.0000,.00,-3.0000,-78041.55,-77103.15,Main Location,1.0000,.0000
SI0001SI#000041,2025-05-09 00:00:00.000,Spark30 Pro,16,O,-1.0000,pcs,18870.0000,-18366.6700,.0000,.00,-1.0000,-18870.00,-18366.67,Main Location,7.0000,.0000
SI0001SI#000045,2025-05-09 00:00:00.000,Spark 30C 6+128,16,O,-10.0000,pcs,13270.0000,-129758.2000,.0000,.00,-10.0000,-130709.50,-129758.20,Main Location,3.0000,.0000
SI0001SI#000043,2025-05-09 00:00:00.000,Spark 30C 6+128,16,O,-2.0000,pcs,13270.0000,-25951.6400,.0000,.00,-2.0000,-26141.90,-25951.64,Main Location,3.0000,.0000
SI0001SI#000038,2025-05-09 00:00:00.000,Spark 30C 6+128,16,O,-1.0000,pcs,13270.0000,-12975.8200,.0000,.00,-1.0000,-13270.00,-12975.82,Main Location,3.0000,.0000
SI0001SI#000032,2025-05-09 00:00:00.000,Spark 30C 6+128,16,O,-12.0000,pcs,13270.0000,-155709.8400,.0000,.00,-12.0000,-156851.40,-155709.84,Main Location,3.0000,.0000
SI0001SI#000031,2025-05-09 00:00:00.000,Spark 30C 6+128,16,O,-4.0000,pcs,13270.0000,-51903.2800,.0000,.00,-4.0000,-52283.80,-51903.28,Main Location,3.0000,.0000
SI0001SI#000030,2025-05-09 00:00:00.000,Spark 30C 6+128,16,O,-2.0000,pcs,13270.0000,-25951.6400,.0000,.00,-2.0000,-26141.90,-25951.64,Main Location,3.0000,.0000
PI0001PI#000002,2025-05-09 00:00:00.000,Spark 30C 6+128,33,I,19.0000,pcs,12975.8200,246540.5800,19.0000,246540.58,.0000,.00,.00,Main Location,3.0000,19.0000
SI0001SI#000045,2025-05-09 00:00:00.000,GO1 4+64,16,O,-20.0000,pcs,10425.0000,-203884.2000,.0000,.00,-20.0000,-205372.50,-203884.20,Main Location,228.0000,.0000
SI0001SI#000042,2025-05-09 00:00:00.000,GO1 4+64,16,O,-2.0000,pcs,10425.0000,-20388.4200,.0000,.00,-2.0000,-20537.25,-20388.42,Main Location,228.0000,.0000
SI0001SI#000040,2025-05-09 00:00:00.000,GO1 4+64,16,O,-1.0000,pcs,10425.0000,-10194.2100,.0000,.00,-1.0000,-10425.00,-10194.21,Main Location,228.0000,.0000
SI0001SI#000039,2025-05-09 00:00:00.000,GO1 4+64,16,O,-1.0000,pcs,10425.0000,-10194.2100,.0000,.00,-1.0000,-10268.62,-10194.21,Main Location,228.0000,.0000
SI0001SI#000038,2025-05-09 00:00:00.000,GO1 4+64,16,O,-1.0000,pcs,10425.0000,-10194.2100,.0000,.00,-1.0000,-10425.00,-10194.21,Main Location,228.0000,.0000
SI0001SI#000032,2025-05-09 00:00:00.000,GO1 4+64,16,O,-13.0000,pcs,10425.0000,-132524.7300,.0000,.00,-13.0000,-133492.12,-132524.73,Main Location,228.0000,.0000
SI0001SI#000030,2025-05-09 00:00:00.000,GO1 4+64,16,O,-1.0000,pcs,10425.0000,-10194.2100,.0000,.00,-1.0000,-10268.62,-10194.21,Main Location,228.0000,.0000
PI0001PI#000002,2025-05-09 00:00:00.000,GO1 4+64,33,I,50.0000,pcs,10194.2100,509710.5000,50.0000,509710.50,.0000,.00,.00,Main Location,228.0000,50.0000
SI0001SI#000043,2025-05-09 00:00:00.000,GO1 4+128,16,O,-2.0000,pcs,11845.0000,-23165.0200,.0000,.00,-2.0000,-23334.65,-23165.02,Main Location,130.0000,.0000
SI0001SI#000039,2025-05-09 00:00:00.000,GO1 4+128,16,O,-1.0000,pcs,11845.0000,-11582.5100,.0000,.00,-1.0000,-11667.32,-11582.51,Main Location,130.0000,.0000
SI0001SI#000032,2025-05-09 00:00:00.000,GO1 4+128,16,O,-3.0000,pcs,11845.0000,-34747.5300,.0000,.00,-3.0000,-35001.98,-34747.53,Main Location,130.0000,.0000
SI0001SI#000031,2025-05-09 00:00:00.000,GO1 4+128,16,O,-5.0000,pcs,11845.0000,-57912.5500,.0000,.00,-5.0000,-58336.62,-57912.55,Main Location,130.0000,.0000
SI0001SI#000030,2025-05-09 00:00:00.000,GO1 4+128,16,O,-1.0000,pcs,11845.0000,-11582.5100,.0000,.00,-1.0000,-11667.32,-11582.51,Main Location,130.0000,.0000
SI0001SI#000044,2025-05-09 00:00:00.000,Camon40 8+256,16,O,-2.0000,pcs,22640.0000,-44083.8000,.0000,.00,-2.0000,-44600.80,-44083.80,Main Location,1.0000,.0000
SI0001SI#000043,2025-05-09 00:00:00.000,Camon40 8+256,16,O,-1.0000,pcs,22640.0000,-22041.9000,.0000,.00,-1.0000,-22300.40,-22041.90,Main Location,1.0000,.0000
SI0001SI#000032,2025-05-09 00:00:00.000,Camon40 8+256,16,O,-3.0000,pcs,22640.0000,-66125.7000,.0000,.00,-3.0000,-66901.20,-66125.70,Main Location,1.0000,.0000
SI0001SI#000029,2025-05-09 00:00:00.000,Camon40 8+256,16,O,-1.0000,pcs,22640.0000,-22041.9000,.0000,.00,-1.0000,-22413.60,-22041.90,Main Location,1.0000,.0000
SI0001SI#000038,2025-05-09 00:00:00.000,Camon30S 8+256,16,O,-1.0000,pcs,26410.0000,-25701.0500,.0000,.00,-1.0000,-26410.00,-25701.05,Main Location,4.0000,.0000
SI0001SI#000032,2025-05-09 00:00:00.000,Camon30S 8+256,16,O,-1.0000,pcs,26410.0000,-25701.0500,.0000,.00,-1.0000,-26013.85,-25701.05,Main Location,4.0000,.0000
SI0001SI#000028,2025-05-08 00:00:00.000,Spark30 Pro,16,O,-1.0000,pcs,18870.0000,-18366.6700,.0000,.00,-1.0000,-18586.95,-18366.67,Main Location,8.0000,.0000
SI0001SI#000025,2025-05-08 00:00:00.000,Spark30 Pro,16,O,-1.0000,pcs,18870.0000,-18366.6700,.0000,.00,-1.0000,-18586.95,-18366.67,Main Location,8.0000,.0000
SI0001SI#000024,2025-05-08 00:00:00.000,Spark30 Pro,16,O,-1.0000,pcs,18870.0000,-18366.6700,.0000,.00,-1.0000,-18586.95,-18366.67,Main Location,8.0000,.0000
SI0001SI#000025,2025-05-08 00:00:00.000,Spark 30C 6+128,16,O,-3.0000,pcs,13270.0000,-38927.4600,.0000,.00,-3.0000,-39212.85,-38927.46,Main Location,15.0000,.0000
SI0001SI#000024,2025-05-08 00:00:00.000,Spark 30C 6+128,16,O,-3.0000,pcs,13270.0000,-38927.4600,.0000,.00,-3.0000,-39212.85,-38927.46,Main Location,15.0000,.0000
SI0001SI#000024,2025-05-08 00:00:00.000,Spark 30 8+128,16,O,-1.0000,pcs,16970.0000,-16509.2100,.0000,.00,-1.0000,-16715.45,-16509.21,Main Location,8.0000,.0000
SI0001SI#000026,2025-05-08 00:00:00.000,GO1 4+64,16,O,-2.0000,pcs,10425.0000,-20388.4200,.0000,.00,-2.0000,-20537.25,-20388.42,Main Location,217.0000,.0000
SI0001SI#000025,2025-05-08 00:00:00.000,GO1 4+64,16,O,-8.0000,pcs,10425.0000,-81553.6800,.0000,.00,-8.0000,-82149.00,-81553.68,Main Location,217.0000,.0000
SI0001SI#000024,2025-05-08 00:00:00.000,GO1 4+64,16,O,-2.0000,pcs,10425.0000,-20388.4200,.0000,.00,-2.0000,-20537.25,-20388.42,Main Location,217.0000,.0000
SI0001SI#000024,2025-05-08 00:00:00.000,GO1 4+128,16,O,-2.0000,pcs,11845.0000,-23165.0200,.0000,.00,-2.0000,-23334.65,-23165.02,Main Location,142.0000,.0000
SI0001SI#000025,2025-05-08 00:00:00.000,Camon40 8+256,16,O,-1.0000,pcs,22640.0000,-22041.9000,.0000,.00,-1.0000,-22300.40,-22041.90,Main Location,8.0000,.0000
SI0001SI#000024,2025-05-08 00:00:00.000,Camon40 8+256,16,O,-1.0000,pcs,22640.0000,-22041.9000,.0000,.00,-1.0000,-22300.40,-22041.90,Main Location,8.0000,.0000
SI0001SI#000022,2025-05-07 00:00:00.000,Spark 30C 6+128,16,O,-4.0000,pcs,13270.0000,-51903.2800,.0000,.00,-4.0000,-52283.80,-51903.28,Main Location,21.0000,.0000
SI0001SI#000020,2025-05-07 00:00:00.000,Spark 30C 6+128,16,O,-1.0000,pcs,13270.0000,-12975.8200,.0000,.00,-1.0000,-13070.95,-12975.82,Main Location,21.0000,.0000
PI0001PI#000001,2025-05-07 00:00:00.000,Spark 30C 6+128,33,I,20.0000,pcs,12975.8200,259516.4000,20.0000,259516.40,.0000,.00,.00,Main Location,21.0000,20.0000
SI0001SI#000022,2025-05-07 00:00:00.000,GO1 4+64,16,O,-3.0000,pcs,10425.0000,-30582.6300,.0000,.00,-3.0000,-30805.88,-30582.63,Main Location,229.0000,.0000
SI0001SI#000021,2025-05-07 00:00:00.000,GO1 4+64,16,O,-2.0000,pcs,10425.0000,-20388.4200,.0000,.00,-2.0000,-20537.25,-20388.42,Main Location,229.0000,.0000
SI0001SI#000022,2025-05-07 00:00:00.000,GO1 4+128,16,O,-1.0000,pcs,11845.0000,-11582.5100,.0000,.00,-1.0000,-11667.32,-11582.51,Main Location,144.0000,.0000
SI0001SI#000021,2025-05-07 00:00:00.000,GO1 4+128,16,O,-3.0000,pcs,11845.0000,-34747.5300,.0000,.00,-3.0000,-35001.98,-34747.53,Main Location,144.0000,.0000
SI0001SI#000023,2025-05-07 00:00:00.000,Camon40 8+256,16,O,-1.0000,pcs,22640.0000,-22041.9000,.0000,.00,-1.0000,-22300.40,-22041.90,Main Location,10.0000,.0000
SI0001SI#000022,2025-05-07 00:00:00.000,Camon40 8+256,16,O,-1.0000,pcs,22640.0000,-22041.9000,.0000,.00,-1.0000,-22300.40,-22041.90,Main Location,10.0000,.0000
SI0001SI#000020,2025-05-07 00:00:00.000,Camon40 8+256,16,O,-1.0000,pcs,22640.0000,-22041.9000,.0000,.00,-1.0000,-22300.40,-22041.90,Main Location,10.0000,.0000
SI0001SI#000020,2025-05-07 00:00:00.000,Camon30S 8+256,16,O,-2.0000,pcs,26410.0000,-51402.1000,.0000,.00,-2.0000,-52027.70,-51402.10,Main Location,6.0000,.0000
SI0001SI#000019,2025-05-06 00:00:00.000,Spark 30C 6+128,16,O,-2.0000,pcs,13270.0000,-25951.6400,.0000,.00,-2.0000,-26141.90,-25951.64,Main Location,6.0000,.0000
SI0001SI#000017,2025-05-06 00:00:00.000,Spark 30C 6+128,16,O,-2.0000,pcs,13270.0000,-25951.6400,.0000,.00,-2.0000,-26141.90,-25951.64,Main Location,6.0000,.0000
SI0001SI#000017,2025-05-06 00:00:00.000,GO1 4+64,16,O,-1.0000,pcs,10425.0000,-10194.2100,.0000,.00,-1.0000,-10268.62,-10194.21,Main Location,234.0000,.0000
SI0001SI#000017,2025-05-06 00:00:00.000,GO1 4+128,16,O,-1.0000,pcs,11845.0000,-11582.5100,.0000,.00,-1.0000,-11667.32,-11582.51,Main Location,148.0000,.0000
SI0001SI#000018,2025-05-06 00:00:00.000,Camon40 8+256,16,O,-1.0000,pcs,22640.0000,-22041.9000,.0000,.00,-1.0000,-22300.40,-22041.90,Main Location,13.0000,.0000
SI0001SI#000015,2025-05-05 00:00:00.000,Spark 30C 6+128,16,O,-1.0000,pcs,13270.0000,-12975.8200,.0000,.00,-1.0000,-13070.95,-12975.82,Main Location,10.0000,.0000
SI0001SI#000014,2025-05-05 00:00:00.000,Spark 30C 6+128,16,O,-9.0000,pcs,13270.0000,-116782.3800,.0000,.00,-9.0000,-117638.55,-116782.38,Main Location,10.0000,.0000
SI0001SI#000016,2025-05-05 00:00:00.000,GO1 4+64,16,O,-10.0000,pcs,10425.0000,-101942.1000,.0000,.00,-10.0000,-102686.25,-101942.10,Main Location,235.0000,.0000
SI0001SI#000016,2025-05-05 00:00:00.000,GO1 4+128,16,O,-10.0000,pcs,11845.0000,-115825.1000,.0000,.00,-10.0000,-116673.25,-115825.10,Main Location,149.0000,.0000
SI0001SI#000014,2025-05-05 00:00:00.000,Camon40 8+256,16,O,-1.0000,pcs,22640.0000,-22041.9000,.0000,.00,-1.0000,-22300.40,-22041.90,Main Location,14.0000,.0000
SI0001SI#000013,2025-05-04 00:00:00.000,Spark30 Pro,16,O,-1.0000,pcs,18870.0000,-18366.6700,.0000,.00,-1.0000,-18586.95,-18366.67,Main Location,11.0000,.0000
SI0001SI#000013,2025-05-04 00:00:00.000,Spark 30C 6+128,16,O,-3.0000,pcs,13270.0000,-38927.4600,.0000,.00,-3.0000,-39212.85,-38927.46,Main Location,20.0000,.0000
SI0001SI#000012,2025-05-04 00:00:00.000,Spark 30C 6+128,16,O,-3.0000,pcs,13270.0000,-38927.4600,.0000,.00,-3.0000,-39212.85,-38927.46,Main Location,20.0000,.0000
SI0001SI#000013,2025-05-04 00:00:00.000,Spark 30 8+128,16,O,-1.0000,pcs,16970.0000,-16509.2100,.0000,.00,-1.0000,-16715.45,-16509.21,Main Location,9.0000,.0000
SI0001SI#000013,2025-05-04 00:00:00.000,GO1 4+64,16,O,-5.0000,pcs,10425.0000,-50971.0500,.0000,.00,-5.0000,-51343.12,-50971.05,Main Location,245.0000,.0000
SI0001SI#000012,2025-05-04 00:00:00.000,GO1 4+64,16,O,-2.0000,pcs,10425.0000,-20388.4200,.0000,.00,-2.0000,-20537.25,-20388.42,Main Location,245.0000,.0000
SI0001SI#000013,2025-05-04 00:00:00.000,Camon40 8+256,16,O,-3.0000,pcs,22640.0000,-66125.7000,.0000,.00,-3.0000,-66901.20,-66125.70,Main Location,15.0000,.0000
SI0001SI#000007,2025-05-02 00:00:00.000,Spark30 Pro,16,O,-1.0000,pcs,18870.0000,-18366.6700,.0000,.00,-1.0000,-18586.95,-18366.67,Main Location,12.0000,.0000
SI0001SI#000011,2025-05-02 00:00:00.000,Spark 30C 6+128,16,O,-2.0000,pcs,13270.0000,-25951.6400,.0000,.00,-2.0000,-26141.90,-25951.64,Main Location,26.0000,.0000
SI0001SI#000009,2025-05-02 00:00:00.000,Spark 30C 6+128,16,O,-10.0000,pcs,13270.0000,-129758.2000,.0000,.00,-10.0000,-130709.50,-129758.20,Main Location,26.0000,.0000
SI0001SI#000008,2025-05-02 00:00:00.000,Spark 30C 6+128,16,O,-3.0000,pcs,13270.0000,-38927.4600,.0000,.00,-3.0000,-39212.85,-38927.46,Main Location,26.0000,.0000
SI0001SI#000007,2025-05-02 00:00:00.000,Spark 30C 6+128,16,O,-4.0000,pcs,13270.0000,-51903.2800,.0000,.00,-4.0000,-52283.80,-51903.28,Main Location,26.0000,.0000
SI0001SI#000007,2025-05-02 00:00:00.000,Spark 30 8+128,16,O,-1.0000,pcs,16970.0000,-16509.2100,.0000,.00,-1.0000,-16715.45,-16509.21,Main Location,10.0000,.0000
SI0001SI#000009,2025-05-02 00:00:00.000,GO1 4+64,16,O,-15.0000,pcs,10425.0000,-152913.1500,.0000,.00,-15.0000,-154029.38,-152913.15,Main Location,252.0000,.0000
SI0001SI#000008,2025-05-02 00:00:00.000,GO1 4+64,16,O,-1.0000,pcs,10425.0000,-10194.2100,.0000,.00,-1.0000,-10268.62,-10194.21,Main Location,252.0000,.0000
SI0001SI#000009,2025-05-02 00:00:00.000,GO1 4+128,16,O,-15.0000,pcs,11845.0000,-173737.6500,.0000,.00,-15.0000,-175009.88,-173737.65,Main Location,159.0000,.0000
SI0001SI#000007,2025-05-02 00:00:00.000,GO1 4+128,16,O,-3.0000,pcs,11845.0000,-34747.5300,.0000,.00,-3.0000,-35001.98,-34747.53,Main Location,159.0000,.0000
SI0001SI#000007,2025-05-02 00:00:00.000,GO1 3+64,16,O,-2.0000,pcs,9480.0000,-18545.2000,.0000,.00,-2.0000,-18675.60,-18545.20,Main Location,27.0000,.0000
SI0001SI#000010,2025-05-02 00:00:00.000,Camon40 8+256,16,O,-3.0000,pcs,22640.0000,-66125.7000,.0000,.00,-3.0000,-66901.20,-66125.70,Main Location,18.0000,.0000
SI0001SI#000008,2025-05-02 00:00:00.000,Camon40 8+256,16,O,-5.0000,pcs,22640.0000,-110209.5000,.0000,.00,-5.0000,-111502.00,-110209.50,Main Location,18.0000,.0000
SI0001SI#000007,2025-05-02 00:00:00.000,Camon40 8+256,16,O,-3.0000,pcs,22640.0000,-66125.7000,.0000,.00,-3.0000,-66901.20,-66125.70,Main Location,18.0000,.0000
SI0001SI#000010,2025-05-02 00:00:00.000,Camon30S 8+256,16,O,-2.0000,pcs,26410.0000,-51402.1000,.0000,.00,-2.0000,-52027.70,-51402.10,Main Location,8.0000,.0000
OP000139-OPN11,1900-01-01 00:00:00.000,Tablet Megapad 4+128,0,NULL,.0000,NULL,.0000,.0000,.0000,.00,.0000,.00,.00,Main Location,.0000,.0000
OP000155-OPN11,1900-01-01 00:00:00.000,Spark50 Pro Luiv Demo,0,NULL,.0000,NULL,.0000,.0000,.0000,.00,.0000,.00,.00,Main Location,.0000,.0000
OP000156-OPN11,1900-01-01 00:00:00.000,Spark50 Pro (4-128),0,NULL,.0000,NULL,.0000,.0000,.0000,.00,.0000,.00,.00,Main Location,.0000,.0000
OP000128-OPN11,1900-01-01 00:00:00.000,Spark40 Pro Pius,0,NULL,.0000,NULL,.0000,.0000,.0000,.00,.0000,.00,.00,Main Location,.0000,.0000
OP000120-OPN11,1900-01-01 00:00:00.000,Spark40 (6+128),0,NULL,.0000,NULL,.0000,.0000,.0000,.00,.0000,.00,.00,Main Location,.0000,.0000
OP00018-OPN11,1900-01-01 00:00:00.000,Spark30 Pro,0,NULL,13.0000,NULL,18366.6700,238766.7100,.0000,.00,.0000,.00,.00,Main Location,13.0000,.0000
OP000160-OPN11,1900-01-01 00:00:00.000,Spark 50c (4+64),0,NULL,.0000,NULL,.0000,.0000,.0000,.00,.0000,.00,.00,Main Location,.0000,.0000
OP000161-OPN11,1900-01-01 00:00:00.000,Spark 50c (4+128),0,NULL,.0000,NULL,.0000,.0000,.0000,.00,.0000,.00,.00,Main Location,.0000,.0000
OP000154-OPN11,1900-01-01 00:00:00.000,Spark 50 Pro (6-128),0,NULL,.0000,NULL,.0000,.0000,.0000,.00,.0000,.00,.00,Main Location,.0000,.0000
OP000150-OPN11,1900-01-01 00:00:00.000,Spark 50 5G (6+128),0,NULL,.0000,NULL,.0000,.0000,.0000,.00,.0000,.00,.00,Main Location,.0000,.0000
OP000149-OPN11,1900-01-01 00:00:00.000,Spark 50 (6+128),0,NULL,.0000,NULL,.0000,.0000,.0000,.00,.0000,.00,.00,Main Location,.0000,.0000
OP000148-OPN11,1900-01-01 00:00:00.000,Spark 50 (4+128),0,NULL,.0000,NULL,.0000,.0000,.0000,.00,.0000,.00,.00,Main Location,.0000,.0000
OP000125-OPN11,1900-01-01 00:00:00.000,Spark 40c (4+128),0,NULL,.0000,NULL,.0000,.0000,.0000,.00,.0000,.00,.00,Main Location,.0000,.0000
OP000124-OPN11,1900-01-01 00:00:00.000,Spark 40(8+256),0,NULL,.0000,NULL,.0000,.0000,.0000,.00,.0000,.00,.00,Main Location,.0000,.0000
OP000121-OPN11,1900-01-01 00:00:00.000,Spark 40 Pro,0,NULL,.0000,NULL,.0000,.0000,.0000,.00,.0000,.00,.00,Main Location,.0000,.0000
OP000134-OPN11,1900-01-01 00:00:00.000,Spark 40 5G,0,NULL,.0000,NULL,.0000,.0000,.0000,.00,.0000,.00,.00,Main Location,.0000,.0000
OP00017-OPN11,1900-01-01 00:00:00.000,Spark 30C 8+256,0,NULL,.0000,NULL,.0000,.0000,.0000,.00,.0000,.00,.00,Main Location,.0000,.0000
OP00016-OPN11,1900-01-01 00:00:00.000,Spark 30C 6+128,0,NULL,45.0000,NULL,12975.8200,583911.9000,.0000,.00,.0000,.00,.00,Main Location,45.0000,.0000
OP00015-OPN11,1900-01-01 00:00:00.000,Spark 30 8+128,0,NULL,11.0000,NULL,16509.2100,181601.3100,.0000,.00,.0000,.00,.00,Main Location,11.0000,.0000
OP00014-OPN11,1900-01-01 00:00:00.000,Spark 20C 4+128,0,NULL,5.0000,NULL,11016.1700,55080.8500,.0000,.00,.0000,.00,.00,Main Location,5.0000,.0000
OP000162-OPN11,1900-01-01 00:00:00.000,SP 50 4G(8-256),0,NULL,.0000,NULL,.0000,.0000,.0000,.00,.0000,.00,.00,Main Location,.0000,.0000
OP000129-OPN11,1900-01-01 00:00:00.000,Pova Slim,0,NULL,.0000,NULL,.0000,.0000,.0000,.00,.0000,.00,.00,Main Location,.0000,.0000
OP000153-OPN11,1900-01-01 00:00:00.000,Pova Curve 2 (8+128),0,NULL,.0000,NULL,.0000,.0000,.0000,.00,.0000,.00,.00,Main Location,.0000,.0000
OP000145-OPN11,1900-01-01 00:00:00.000,Pova Curve 2,0,NULL,.0000,NULL,.0000,.0000,.0000,.00,.0000,.00,.00,Main Location,.0000,.0000
OP000133-OPN11,1900-01-01 00:00:00.000,Pova Carve,0,NULL,.0000,NULL,.0000,.0000,.0000,.00,.0000,.00,.00,Main Location,.0000,.0000
OP000130-OPN11,1900-01-01 00:00:00.000,Pova 7 Pro,0,NULL,.0000,NULL,.0000,.0000,.0000,.00,.0000,.00,.00,Main Location,.0000,.0000
OP000113-OPN11,1900-01-01 00:00:00.000,One Plus C4 Light,0,NULL,2.0000,NULL,22830.0000,45660.0000,.0000,.00,.0000,.00,.00,Main Location,2.0000,.0000
OP000115-OPN11,1900-01-01 00:00:00.000,N30 SE,0,NULL,1.0000,NULL,14750.0000,14750.0000,.0000,.00,.0000,.00,.00,Main Location,1.0000,.0000
OP000151-OPN11,1900-01-01 00:00:00.000,Live Demo Spark 50 5G,0,NULL,.0000,NULL,.0000,.0000,.0000,.00,.0000,.00,.00,Main Location,.0000,.0000
OP000152-OPN11,1900-01-01 00:00:00.000,Live Demo Spark 50 (4+128),0,NULL,.0000,NULL,.0000,.0000,.0000,.00,.0000,.00,.00,Main Location,.0000,.0000
OP000123-OPN11,1900-01-01 00:00:00.000,Live Demo Spark 40 Pro,0,NULL,.0000,NULL,.0000,.0000,.0000,.00,.0000,.00,.00,Main Location,.0000,.0000
OP000136-OPN11,1900-01-01 00:00:00.000,Live Demo Spark 40 5G,0,NULL,.0000,NULL,.0000,.0000,.0000,.00,.0000,.00,.00,Main Location,.0000,.0000
OP000122-OPN11,1900-01-01 00:00:00.000,Live Demo Spark 40,0,NULL,.0000,NULL,.0000,.0000,.0000,.00,.0000,.00,.00,Main Location,.0000,.0000
OP000132-OPN11,1900-01-01 00:00:00.000,Live DEMO Pova Silm,0,NULL,.0000,NULL,.0000,.0000,.0000,.00,.0000,.00,.00,Main Location,.0000,.0000
OP000144-OPN11,1900-01-01 00:00:00.000,LIVE DEMO Pova Curve 2,0,NULL,.0000,NULL,.0000,.0000,.0000,.00,.0000,.00,.00,Main Location,.0000,.0000
OP000135-OPN11,1900-01-01 00:00:00.000,Live Demo Pova Cave,0,NULL,.0000,NULL,.0000,.0000,.0000,.00,.0000,.00,.00,Main Location,.0000,.0000
OP000131-OPN11,1900-01-01 00:00:00.000,Live Demo Pova 7,0,NULL,.0000,NULL,.0000,.0000,.0000,.00,.0000,.00,.00,Main Location,.0000,.0000
OP000142-OPN11,1900-01-01 00:00:00.000,Live Demo Go3,0,NULL,.0000,NULL,.0000,.0000,.0000,.00,.0000,.00,.00,Main Location,.0000,.0000
OP000118-OPN11,1900-01-01 00:00:00.000,Live Demo Go2,0,NULL,.0000,NULL,.0000,.0000,.0000,.00,.0000,.00,.00,Main Location,.0000,.0000
OP000143-OPN11,1900-01-01 00:00:00.000,Live Demo Camon 50,0,NULL,.0000,NULL,.0000,.0000,.0000,.00,.0000,.00,.00,Main Location,.0000,.0000
OP000126-OPN11,1900-01-01 00:00:00.000,Live Demo 40pro+,0,NULL,.0000,NULL,.0000,.0000,.0000,.00,.0000,.00,.00,Main Location,.0000,.0000
OP000127-OPN11,1900-01-01 00:00:00.000,Live 40c,0,NULL,.0000,NULL,.0000,.0000,.0000,.00,.0000,.00,.00,Main Location,.0000,.0000
OP000117-OPN11,1900-01-01 00:00:00.000,Go2(3+64),0,NULL,.0000,NULL,.0000,.0000,.0000,.00,.0000,.00,.00,Main Location,.0000,.0000
OP000116-OPN11,1900-01-01 00:00:00.000,Go2,0,NULL,.0000,NULL,.0000,.0000,.0000,.00,.0000,.00,.00,Main Location,.0000,.0000
OP00012-OPN11,1900-01-01 00:00:00.000,GO1 4+64,0,NULL,268.0000,NULL,10194.2100,2732048.2800,.0000,.00,.0000,.00,.00,Main Location,268.0000,.0000
OP00013-OPN11,1900-01-01 00:00:00.000,GO1 4+128,0,NULL,177.0000,NULL,11582.5100,2050104.2700,.0000,.00,.0000,.00,.00,Main Location,177.0000,.0000
OP00011-OPN11,1900-01-01 00:00:00.000,GO1 3+64,0,NULL,29.0000,NULL,9272.6000,268905.4000,.0000,.00,.0000,.00,.00,Main Location,29.0000,.0000
OP000137-OPN11,1900-01-01 00:00:00.000,Go 3 (4+64),0,NULL,.0000,NULL,.0000,.0000,.0000,.00,.0000,.00,.00,Main Location,.0000,.0000
OP000138-OPN11,1900-01-01 00:00:00.000,Go 3 (4+128),0,NULL,.0000,NULL,.0000,.0000,.0000,.00,.0000,.00,.00,Main Location,.0000,.0000
OP000112-OPN11,1900-01-01 00:00:00.000,Camon40 Pro,0,NULL,.0000,NULL,.0000,.0000,.0000,.00,.0000,.00,.00,Main Location,.0000,.0000
OP000111-OPN11,1900-01-01 00:00:00.000,Camon40 8+256,0,NULL,29.0000,NULL,22041.9000,639215.1000,.0000,.00,.0000,.00,.00,Main Location,29.0000,.0000
OP000110-OPN11,1900-01-01 00:00:00.000,Camon30S 8+256,0,NULL,10.0000,NULL,25701.0500,257010.5000,.0000,.00,.0000,.00,.00,Main Location,10.0000,.0000
OP00019-OPN11,1900-01-01 00:00:00.000,Camon30 12+256,0,NULL,2.0000,NULL,27535.0000,55070.0000,.0000,.00,.0000,.00,.00,Main Location,2.0000,.0000
OP000159-OPN11,1900-01-01 00:00:00.000,Camon Slim (8-256),0,NULL,.0000,NULL,.0000,.0000,.0000,.00,.0000,.00,.00,Main Location,.0000,.0000
OP000158-OPN11,1900-01-01 00:00:00.000,Camon Air (8-256),0,NULL,.0000,NULL,.0000,.0000,.0000,.00,.0000,.00,.00,Main Location,.0000,.0000
OP000157-OPN11,1900-01-01 00:00:00.000,Camon Air (8-128),0,NULL,.0000,NULL,.0000,.0000,.0000,.00,.0000,.00,.00,Main Location,.0000,.0000
OP000146-OPN11,1900-01-01 00:00:00.000,Camon 50 Ultra (8+256),0,NULL,.0000,NULL,.0000,.0000,.0000,.00,.0000,.00,.00,Main Location,.0000,.0000
OP000147-OPN11,1900-01-01 00:00:00.000,Camon 50 Ultra (12+256),0,NULL,.0000,NULL,.0000,.0000,.0000,.00,.0000,.00,.00,Main Location,.0000,.0000
OP000141-OPN11,1900-01-01 00:00:00.000,Camon 50 (8+256),0,NULL,.0000,NULL,.0000,.0000,.0000,.00,.0000,.00,.00,Main Location,.0000,.0000
OP000140-OPN11,1900-01-01 00:00:00.000,Camon 50 (8+128),0,NULL,.0000,NULL,.0000,.0000,.0000,.00,.0000,.00,.00,Main Location,.0000,.0000
OP000114-OPN11,1900-01-01 00:00:00.000,Camon 40(8+128),0,NULL,.0000,NULL,.0000,.0000,.0000,.00,.0000,.00,.00,Main Location,.0000,.0000
OP000119-OPN11,1900-01-01 00:00:00.000,Camon 40 Pro 5G,0,NULL,.0000,NULL,.0000,.0000,.0000,.00,.0000,.00,.00,Main Location,.0000,.0000
